ID,영역,진입경로,준비와조작,기대결과,실행담당,상태,로컬참고,Codex판정,사용자교차판정,증거,이번범위,범위사유,최종대조일,SRTL보완_2026-10-04,실제잔여,후속담당,현재실행구분,현재실행범위
ALARM-001,ALARM,다음알람 > 현재 알람 카드 (등록 목록은 읽기 전용),미래 고정 1개 준비 → 종류 소리+진동→진동→무음 변경 후 재진입,DB 종류와 표시 일치; 고정만 set_type 예외; 원터치 칸 원본은 별개,USB,PASS,custom_alarm_service_test; g1_override_state_test; full_audit_critical_test,PASS: r2_next_fixed_type_1/2/3.vm.json; 실제 UI 변경 및 Native 갱신 유지,,build/usb_audit_2026-09-30/ (r2_ 접두어),필수·중요,기존 기능이라도 알람·갱신·복원·Firebase 위험이 큼,2026-10-04,,없음(기존 증거 범위),재실행하지 않음,완료,기존 판정·증거 유지; 반복 실행하지 않음
ALARM-002,ALARM,다음알람 > 현재 알람 카드 (등록 목록은 읽기 전용),미래 고정 1개 준비 → 울리기 전 개별 삭제 후 자정 갱신,DB/OS 예약 제거·취소 이력 보존; 고정 skip 유지; 원터치라면 대체 고정 재계산,USB,부분 확인,custom_alarm_service_test; g1_override_state_test; full_audit_critical_test,부분 확인: r2 개별삭제 DB/OS·Native 강제갱신 통과. 실제 자정 트리거는 아직 미확인,,build/usb_audit_2026-09-30/ (r2_ 접두어),일반사용 대표검증,기존 기능이라도 알람·갱신·복원·Firebase 위험이 큼,2026-10-04,,해당 카드/날짜상세에서 종류별 개별 삭제→실제 자정 트리거 연결 동선,자연 자정 또는 별도 날짜환경 대기. 현재 시계는 바꾸지 않음; 삭제/강제갱신/부활방지 기존 검증 완료.,조건대기·대표검증,일반 날짜 전환 후 삭제한 알람이 부활하지 않는지 대표 1건. 종류/화면별 반복 제외; 자연 자정 또는 적합한 별도 기기에서 확인. 현재 남은 조건: 자연 자정 또는 별도 날짜환경 대기. 현재 시계는 바꾸지 않음; 삭제/강제갱신/부활방지 기존 검증 완료.
ALARM-003,ALARM,다음알람 > 현재 알람 카드 (등록 목록은 읽기 전용),미래 고정 1개 준비 → 삭제 확인창 취소 후 재진입,원본·OS 예약·이력이 변경되지 않음,USB,해당 없음,custom_alarm_service_test; g1_override_state_test; full_audit_critical_test,해당 없음: 실제 소스/화면 확인: 다음알람 고정 삭제는 확인창 없음; 날짜 상세 알람목록은 fixed만 표시. 존재하지 않는 경로를 PASS로 집계하지 않음,,build/usb_audit_2026-09-30/ (r2_ 접두어),필수·중요,기존 기능이라도 알람·갱신·복원·Firebase 위험이 큼,2026-10-04,,없음(기존 증거 범위),재실행하지 않음,기존 제외,기존 판정·증거 유지; 반복 실행하지 않음
ALARM-004,ALARM,다음알람 > 현재 알람 카드 (등록 목록은 읽기 전용),미래 고정 1개 준비 → 같은 삭제 버튼 빠르게 두 번 누르기,다른 ID는 유지; 중복 종료 이력·중복 대체 예약 없음,USB,PASS,custom_alarm_service_test; g1_override_state_test; full_audit_critical_test,PASS: r2_next_fixed_double_delete.vm.json; 연타 시 다음 ID 유지·취소 이력1,,build/usb_audit_2026-09-30/ (r2_ 접두어),필수·중요,기존 기능이라도 알람·갱신·복원·Firebase 위험이 큼,2026-10-04,,없음(기존 증거 범위),재실행하지 않음,완료,기존 판정·증거 유지; 반복 실행하지 않음
ALARM-005,ALARM,다음알람 > 현재 알람 카드 (등록 목록은 읽기 전용),미래 원터치 1개 준비 → 종류 소리+진동→진동→무음 변경 후 재진입,DB 종류와 표시 일치; 고정만 set_type 예외; 원터치 칸 원본은 별개,USB,PASS,custom_alarm_service_test; g1_override_state_test; full_audit_critical_test,"PASS: 2026-10-02 실제 다음알람 원터치 종류2→3→1 및 매번 탭 재진입. DB/표시 일치, 원래 알람·원터치 설정·고정 예외 유지. next_flow_type_*",,build/usb_audit_2026-10-02/ (비공개); docs/next_version/USB_재검증_2026-10-02.txt,필수·중요,기존 기능이라도 알람·갱신·복원·Firebase 위험이 큼,2026-10-04,,없음(기존 증거 범위),재실행하지 않음,완료,기존 판정·증거 유지; 반복 실행하지 않음
ALARM-006,ALARM,다음알람 > 현재 알람 카드 (등록 목록은 읽기 전용),미래 원터치 1개 준비 → 울리기 전 개별 삭제 후 자정 갱신,DB/OS 예약 제거·취소 이력 보존; 고정 skip 유지; 원터치라면 대체 고정 재계산,USB,부분 확인,custom_alarm_service_test; g1_override_state_test; full_audit_critical_test,부분 확인: 다음알람 현재 카드에서 원터치 종류1→2→3 및 삭제 취소·확인·연타 확인; 각 행의 갱신/재진입 전체조건 대조 필요,,build/usb_audit_2026-09-30/private UI·DB 증거,추가시험 제외(사용자 지시 2026-10-04),기존 삭제·갱신 증거와 대표 자정 1건 활용; 종류/화면별 중복 확장 제외,2026-10-04,,해당 카드/날짜상세에서 종류별 개별 삭제→실제 자정 트리거 연결 동선,자동 재개하지 않음,실행 제외·목록 보존,기존 삭제·갱신 증거와 대표 자정 1건 활용; 종류/화면별 중복 확장 제외
ALARM-007,ALARM,다음알람 > 현재 알람 카드 (등록 목록은 읽기 전용),미래 원터치 1개 준비 → 삭제 확인창 취소 후 재진입,원본·OS 예약·이력이 변경되지 않음,USB,PASS,custom_alarm_service_test; g1_override_state_test; full_audit_critical_test,"PASS: 2026-10-02 실제 원터치 삭제 확인 취소→재진입. DB/전체이력/예외/설정 동일, DBOS2 일치. next_flow_cancel_*",,build/usb_audit_2026-10-02/ (비공개); docs/next_version/USB_재검증_2026-10-02.txt,필수·중요,기존 기능이라도 알람·갱신·복원·Firebase 위험이 큼,2026-10-04,,없음(기존 증거 범위),재실행하지 않음,완료,기존 판정·증거 유지; 반복 실행하지 않음
ALARM-008,ALARM,다음알람 > 현재 알람 카드 (등록 목록은 읽기 전용),미래 원터치 1개 준비 → 같은 삭제 버튼 빠르게 두 번 누르기,다른 ID는 유지; 중복 종료 이력·중복 대체 예약 없음,USB,PASS,custom_alarm_service_test; g1_override_state_test; full_audit_critical_test,"PASS: 2026-10-02 실제 원터치 삭제 확인 버튼 연타. 대상만 삭제, 이력1, 원래 알람 보존 DBOS1. next_flow_deleted/final_os",,build/usb_audit_2026-10-02/ (비공개); docs/next_version/USB_재검증_2026-10-02.txt,필수·중요,기존 기능이라도 알람·갱신·복원·Firebase 위험이 큼,2026-10-04,,없음(기존 증거 범위),재실행하지 않음,완료,기존 판정·증거 유지; 반복 실행하지 않음
ALARM-009,ALARM,다음알람 > 현재 알람 카드 (등록 목록은 읽기 전용),미래 스누즈 1개 준비 → 종류 소리+진동→진동→무음 변경 후 재진입,DB 종류와 표시 일치; 고정만 set_type 예외; 원터치 칸 원본은 별개,USB,PASS,custom_alarm_service_test; g1_override_state_test; full_audit_critical_test,PASS: r2_next_snooze_type_1/2/3.vm.json; 실제 +5m 스누즈 UI 변경,,build/usb_audit_2026-09-30/ (r2_ 접두어),필수·중요,기존 기능이라도 알람·갱신·복원·Firebase 위험이 큼,2026-10-04,,없음(기존 증거 범위),재실행하지 않음,완료,기존 판정·증거 유지; 반복 실행하지 않음
ALARM-010,ALARM,다음알람 > 현재 알람 카드 (등록 목록은 읽기 전용),미래 스누즈 1개 준비 → 울리기 전 개별 삭제 후 자정 갱신,DB/OS 예약 제거·취소 이력 보존; 고정 skip 유지; 원터치라면 대체 고정 재계산,USB,부분 확인,custom_alarm_service_test; g1_override_state_test; full_audit_critical_test,부분 확인: r2 개별삭제 DB/OS·Native 강제갱신 통과. 실제 자정 트리거는 아직 미확인,,build/usb_audit_2026-09-30/ (r2_ 접두어),추가시험 제외(사용자 지시 2026-10-04),기존 삭제·갱신 증거와 대표 자정 1건 활용; 종류/화면별 중복 확장 제외,2026-10-04,,해당 카드/날짜상세에서 종류별 개별 삭제→실제 자정 트리거 연결 동선,자동 재개하지 않음,실행 제외·목록 보존,기존 삭제·갱신 증거와 대표 자정 1건 활용; 종류/화면별 중복 확장 제외
ALARM-011,ALARM,다음알람 > 현재 알람 카드 (등록 목록은 읽기 전용),미래 스누즈 1개 준비 → 삭제 확인창 취소 후 재진입,원본·OS 예약·이력이 변경되지 않음,USB,PASS,custom_alarm_service_test; g1_override_state_test; full_audit_critical_test,PASS: 2026-10-02 설정 칸 연결된 미래 스누즈에서 실제 삭제 확인 취소→재진입. 전체 DB/이력/설정 불변 DBOS2. 직접 생성 스누즈는 확인창 없는 기존 경로. next_snooze_flow_*,,build/usb_audit_2026-10-02/ (비공개); docs/next_version/USB_재검증_2026-10-02.txt,필수·중요,기존 기능이라도 알람·갱신·복원·Firebase 위험이 큼,2026-10-04,,없음(기존 증거 범위),재실행하지 않음,완료,기존 판정·증거 유지; 반복 실행하지 않음
ALARM-012,ALARM,다음알람 > 현재 알람 카드 (등록 목록은 읽기 전용),미래 스누즈 1개 준비 → 같은 삭제 버튼 빠르게 두 번 누르기,다른 ID는 유지; 중복 종료 이력·중복 대체 예약 없음,USB,PASS,custom_alarm_service_test; g1_override_state_test; full_audit_critical_test,"PASS: 2026-10-02 실제 EN 스누즈 삭제 연타. 대상만 삭제, 다른 8개 예약 유지, 이력1건. export_snooze_double_*/snooze_double_delete_os",,build/usb_audit_2026-10-02/ (비공개); docs/next_version/USB_재검증_2026-10-02.txt,필수·중요,기존 기능이라도 알람·갱신·복원·Firebase 위험이 큼,2026-10-04,,없음(기존 증거 범위),재실행하지 않음,완료,기존 판정·증거 유지; 반복 실행하지 않음
ALARM-013,ALARM,달력 > 날짜 상세,미래 고정 1개 준비 → 종류 소리+진동→진동→무음 변경 후 재진입,DB 종류와 표시 일치; 고정만 set_type 예외; 원터치 칸 원본은 별개,USB,PASS,custom_alarm_service_test; g1_override_state_test; full_audit_critical_test,PASS: r2_date_fixed_type_1/2/3.vm.json; 날짜 상세 변경·갱신 유지,,build/usb_audit_2026-09-30/ (r2_ 접두어),필수·중요,기존 기능이라도 알람·갱신·복원·Firebase 위험이 큼,2026-10-04,,없음(기존 증거 범위),재실행하지 않음,완료,기존 판정·증거 유지; 반복 실행하지 않음
ALARM-014,ALARM,달력 > 날짜 상세,미래 고정 1개 준비 → 울리기 전 개별 삭제 후 자정 갱신,DB/OS 예약 제거·취소 이력 보존; 고정 skip 유지; 원터치라면 대체 고정 재계산,USB,부분 확인,custom_alarm_service_test; g1_override_state_test; full_audit_critical_test,부분 확인: r2 개별삭제 DB/OS·Native 강제갱신 통과. 실제 자정 트리거는 아직 미확인,,build/usb_audit_2026-09-30/ (r2_ 접두어),추가시험 제외(사용자 지시 2026-10-04),기존 삭제·갱신 증거와 대표 자정 1건 활용; 종류/화면별 중복 확장 제외,2026-10-04,,해당 카드/날짜상세에서 종류별 개별 삭제→실제 자정 트리거 연결 동선,자동 재개하지 않음,실행 제외·목록 보존,기존 삭제·갱신 증거와 대표 자정 1건 활용; 종류/화면별 중복 확장 제외
ALARM-015,ALARM,달력 > 날짜 상세,미래 고정 1개 준비 → 삭제 확인창 취소 후 재진입,원본·OS 예약·이력이 변경되지 않음,USB,PASS,custom_alarm_service_test; g1_override_state_test; full_audit_critical_test,PASS: r2_date_fixed_cancel.vm.json; 취소 후 원본·이력 유지,,build/usb_audit_2026-09-30/ (r2_ 접두어),필수·중요,기존 기능이라도 알람·갱신·복원·Firebase 위험이 큼,2026-10-04,,없음(기존 증거 범위),재실행하지 않음,완료,기존 판정·증거 유지; 반복 실행하지 않음
ALARM-016,ALARM,달력 > 날짜 상세,미래 고정 1개 준비 → 같은 삭제 버튼 빠르게 두 번 누르기,다른 ID는 유지; 중복 종료 이력·중복 대체 예약 없음,USB,PASS,custom_alarm_service_test; g1_override_state_test; full_audit_critical_test,"PASS: 2026-10-02 실제 날짜 상세→고정알람→삭제 확인 버튼 연타. 대상만 삭제, 이력1/skip1, 나머지 예약 유지 DBOS3. 시험 템플릿 정리 후 원본1. date_double_*, date_fixed_clean_os",,build/usb_audit_2026-10-02/ (비공개); docs/next_version/USB_재검증_2026-10-02.txt,필수·중요,기존 기능이라도 알람·갱신·복원·Firebase 위험이 큼,2026-10-04,,없음(기존 증거 범위),재실행하지 않음,완료,기존 판정·증거 유지; 반복 실행하지 않음
ALARM-017,ALARM,달력 > 날짜 상세,미래 원터치 1개 준비 → 종류 소리+진동→진동→무음 변경 후 재진입,DB 종류와 표시 일치; 고정만 set_type 예외; 원터치 칸 원본은 별개,USB,해당 없음,custom_alarm_service_test; g1_override_state_test; full_audit_critical_test,해당 없음: 실제 소스/화면 확인: 다음알람 고정 삭제는 확인창 없음; 날짜 상세 알람목록은 fixed만 표시. 존재하지 않는 경로를 PASS로 집계하지 않음,,build/usb_audit_2026-09-30/ (r2_ 접두어),필수·중요,기존 기능이라도 알람·갱신·복원·Firebase 위험이 큼,2026-10-04,,없음(기존 증거 범위),재실행하지 않음,기존 제외,기존 판정·증거 유지; 반복 실행하지 않음
ALARM-018,ALARM,달력 > 날짜 상세,미래 원터치 1개 준비 → 울리기 전 개별 삭제 후 자정 갱신,DB/OS 예약 제거·취소 이력 보존; 고정 skip 유지; 원터치라면 대체 고정 재계산,USB,해당 없음,custom_alarm_service_test; g1_override_state_test; full_audit_critical_test,해당 없음: 실제 소스/화면 확인: 다음알람 고정 삭제는 확인창 없음; 날짜 상세 알람목록은 fixed만 표시. 존재하지 않는 경로를 PASS로 집계하지 않음,,build/usb_audit_2026-09-30/ (r2_ 접두어),필수·중요,기존 기능이라도 알람·갱신·복원·Firebase 위험이 큼,2026-10-04,,없음(기존 증거 범위),재실행하지 않음,기존 제외,기존 판정·증거 유지; 반복 실행하지 않음
ALARM-019,ALARM,달력 > 날짜 상세,미래 원터치 1개 준비 → 삭제 확인창 취소 후 재진입,원본·OS 예약·이력이 변경되지 않음,USB,해당 없음,custom_alarm_service_test; g1_override_state_test; full_audit_critical_test,해당 없음: 실제 소스/화면 확인: 다음알람 고정 삭제는 확인창 없음; 날짜 상세 알람목록은 fixed만 표시. 존재하지 않는 경로를 PASS로 집계하지 않음,,build/usb_audit_2026-09-30/ (r2_ 접두어),필수·중요,기존 기능이라도 알람·갱신·복원·Firebase 위험이 큼,2026-10-04,,없음(기존 증거 범위),재실행하지 않음,기존 제외,기존 판정·증거 유지; 반복 실행하지 않음
ALARM-020,ALARM,달력 > 날짜 상세,미래 원터치 1개 준비 → 같은 삭제 버튼 빠르게 두 번 누르기,다른 ID는 유지; 중복 종료 이력·중복 대체 예약 없음,USB,해당 없음,custom_alarm_service_test; g1_override_state_test; full_audit_critical_test,해당 없음: 실제 소스/화면 확인: 다음알람 고정 삭제는 확인창 없음; 날짜 상세 알람목록은 fixed만 표시. 존재하지 않는 경로를 PASS로 집계하지 않음,,build/usb_audit_2026-09-30/ (r2_ 접두어),필수·중요,기존 기능이라도 알람·갱신·복원·Firebase 위험이 큼,2026-10-04,,없음(기존 증거 범위),재실행하지 않음,기존 제외,기존 판정·증거 유지; 반복 실행하지 않음
ALARM-021,ALARM,달력 > 날짜 상세,미래 스누즈 1개 준비 → 종류 소리+진동→진동→무음 변경 후 재진입,DB 종류와 표시 일치; 고정만 set_type 예외; 원터치 칸 원본은 별개,USB,해당 없음,custom_alarm_service_test; g1_override_state_test; full_audit_critical_test,해당 없음: 실제 소스/화면 확인: 다음알람 고정 삭제는 확인창 없음; 날짜 상세 알람목록은 fixed만 표시. 존재하지 않는 경로를 PASS로 집계하지 않음,,build/usb_audit_2026-09-30/ (r2_ 접두어),필수·중요,기존 기능이라도 알람·갱신·복원·Firebase 위험이 큼,2026-10-04,,없음(기존 증거 범위),재실행하지 않음,기존 제외,기존 판정·증거 유지; 반복 실행하지 않음
ALARM-022,ALARM,달력 > 날짜 상세,미래 스누즈 1개 준비 → 울리기 전 개별 삭제 후 자정 갱신,DB/OS 예약 제거·취소 이력 보존; 고정 skip 유지; 원터치라면 대체 고정 재계산,USB,해당 없음,custom_alarm_service_test; g1_override_state_test; full_audit_critical_test,해당 없음: 실제 소스/화면 확인: 다음알람 고정 삭제는 확인창 없음; 날짜 상세 알람목록은 fixed만 표시. 존재하지 않는 경로를 PASS로 집계하지 않음,,build/usb_audit_2026-09-30/ (r2_ 접두어),필수·중요,기존 기능이라도 알람·갱신·복원·Firebase 위험이 큼,2026-10-04,,없음(기존 증거 범위),재실행하지 않음,기존 제외,기존 판정·증거 유지; 반복 실행하지 않음
ALARM-023,ALARM,달력 > 날짜 상세,미래 스누즈 1개 준비 → 삭제 확인창 취소 후 재진입,원본·OS 예약·이력이 변경되지 않음,USB,해당 없음,custom_alarm_service_test; g1_override_state_test; full_audit_critical_test,해당 없음: 실제 소스/화면 확인: 다음알람 고정 삭제는 확인창 없음; 날짜 상세 알람목록은 fixed만 표시. 존재하지 않는 경로를 PASS로 집계하지 않음,,build/usb_audit_2026-09-30/ (r2_ 접두어),필수·중요,기존 기능이라도 알람·갱신·복원·Firebase 위험이 큼,2026-10-04,,없음(기존 증거 범위),재실행하지 않음,기존 제외,기존 판정·증거 유지; 반복 실행하지 않음
ALARM-024,ALARM,달력 > 날짜 상세,미래 스누즈 1개 준비 → 같은 삭제 버튼 빠르게 두 번 누르기,다른 ID는 유지; 중복 종료 이력·중복 대체 예약 없음,USB,해당 없음,custom_alarm_service_test; g1_override_state_test; full_audit_critical_test,해당 없음: 실제 소스/화면 확인: 다음알람 고정 삭제는 확인창 없음; 날짜 상세 알람목록은 fixed만 표시. 존재하지 않는 경로를 PASS로 집계하지 않음,,build/usb_audit_2026-09-30/ (r2_ 접두어),필수·중요,기존 기능이라도 알람·갱신·복원·Firebase 위험이 큼,2026-10-04,,없음(기존 증거 범위),재실행하지 않음,기존 제외,기존 판정·증거 유지; 반복 실행하지 않음
ALARM-025,ALARM,온보딩 근무별 알람,전날 00:00/23:59 템플릿을 월말·연말 배정일에 저장,배정일과 실제 울림 날짜 구분; 10일 롤링 범위·인접일 재계산 일치,USB,부분 확인,g1_generation_fixture_test; AlarmDayOffsetPriorityTest,"부분 확인: 2026-10-02 API33 1월1일 배정 전날/당일/다음날 x00:00/23:59 Native 실제 생성 날짜·offset·DB 검증, 마지막 OS2 일치. 각 온보딩/설정 UI 입력 경로는 미완. offset_year_boundary_*",,build/usb_audit_2026-10-02/ (비공개); docs/next_version/USB_재검증_2026-10-02.txt,추가시험 제외(사용자 지시 2026-10-04),월말/연말 자체는 일상 조건이나 경계 계산·OS 증거가 있어 모든 입력 UI 추가 조합은 제외,2026-10-04,,전날/당일/다음날 × 온보딩/설정 입력 UI의 월말·연말 경계,자동 재개하지 않음,실행 제외·목록 보존,월말/연말 자체는 일상 조건이나 경계 계산·OS 증거가 있어 모든 입력 UI 추가 조합은 제외
ALARM-026,ALARM,온보딩 근무별 알람,당일 00:00/23:59 템플릿을 월말·연말 배정일에 저장,배정일과 실제 울림 날짜 구분; 10일 롤링 범위·인접일 재계산 일치,USB,부분 확인,g1_generation_fixture_test; AlarmDayOffsetPriorityTest,"부분 확인: 2026-10-02 API33 1월1일 배정 전날/당일/다음날 x00:00/23:59 Native 실제 생성 날짜·offset·DB 검증, 마지막 OS2 일치. 각 온보딩/설정 UI 입력 경로는 미완. offset_year_boundary_*",,build/usb_audit_2026-10-02/ (비공개); docs/next_version/USB_재검증_2026-10-02.txt,추가시험 제외(사용자 지시 2026-10-04),월말/연말 자체는 일상 조건이나 경계 계산·OS 증거가 있어 모든 입력 UI 추가 조합은 제외,2026-10-04,,전날/당일/다음날 × 온보딩/설정 입력 UI의 월말·연말 경계,자동 재개하지 않음,실행 제외·목록 보존,월말/연말 자체는 일상 조건이나 경계 계산·OS 증거가 있어 모든 입력 UI 추가 조합은 제외
ALARM-027,ALARM,온보딩 근무별 알람,다음날 00:00/23:59 템플릿을 월말·연말 배정일에 저장,배정일과 실제 울림 날짜 구분; 10일 롤링 범위·인접일 재계산 일치,USB,부분 확인,g1_generation_fixture_test; AlarmDayOffsetPriorityTest,"부분 확인: 2026-10-02 API33 1월1일 배정 전날/당일/다음날 x00:00/23:59 Native 실제 생성 날짜·offset·DB 검증, 마지막 OS2 일치. 각 온보딩/설정 UI 입력 경로는 미완. offset_year_boundary_*",,build/usb_audit_2026-10-02/ (비공개); docs/next_version/USB_재검증_2026-10-02.txt,추가시험 제외(사용자 지시 2026-10-04),월말/연말 자체는 일상 조건이나 경계 계산·OS 증거가 있어 모든 입력 UI 추가 조합은 제외,2026-10-04,,전날/당일/다음날 × 온보딩/설정 입력 UI의 월말·연말 경계,자동 재개하지 않음,실행 제외·목록 보존,월말/연말 자체는 일상 조건이나 경계 계산·OS 증거가 있어 모든 입력 UI 추가 조합은 제외
ALARM-028,ALARM,온보딩 근무별 알람,근무당 0→1→5개 추가 후 6번째 추가 시도,상한 5개; 삭제 후 한 칸 추가 가능,USB,PASS,g1_generation_fixture_test; g1_schedule_failure_test,PASS: 2026-10-03 실제 온보딩 0→1→5/상한 표시·삭제→재추가→전부 삭제/빈 저장. 로컬 실제 위젯 추가 비활성 검증. onboarding_flow_retry/onboarding_finish,,docs/next_version/잔여검증_실행기록_2026-10-03.txt; build/local_audit_2026-10-03 및 build/usb_audit_2026-10-03_remaining (비공개); 이전 증거는 10-02 기록,필수·중요,기존 기능이라도 알람·갱신·복원·Firebase 위험이 큼,2026-10-04,,없음(기존 증거 범위),재실행하지 않음,완료,기존 판정·증거 유지; 반복 실행하지 않음
ALARM-029,ALARM,온보딩 근무별 알람,동일 시각 템플릿 중복 저장,중복 예약 없음; 사용자 안내와 DB 일치,USB,PASS,g1_generation_fixture_test; g1_schedule_failure_test,PASS: 온보딩 동일 시각 중복 UI 차단 및 완료 후 중복 없는 DB/OS 확인,,build/usb_audit_2026-09-30/r2_onboarding*;r3_onboarding*,필수·중요,기존 기능이라도 알람·갱신·복원·Firebase 위험이 큼,2026-10-04,,없음(기존 증거 범위),재실행하지 않음,완료,기존 판정·증거 유지; 반복 실행하지 않음
ALARM-030,ALARM,온보딩 근무별 알람,수정 후 저장하지 않고 뒤로가기,확인/취소 정책대로 원본 유지 또는 저장; 부분 반영 없음,USB,PASS,g1_generation_fixture_test; g1_schedule_failure_test,"PASS: 2026-10-03 새 APK 실제 시간편집→확인→시스템 Back→재진입 시0개, 원본 근무표/템플릿/알람 동일. work_onboarding_final",,docs/next_version/잔여검증_실행기록_2026-10-03.txt; build/local_audit_2026-10-03 및 build/usb_audit_2026-10-03_remaining (비공개); 이전 증거는 10-02 기록,필수·중요,기존 기능이라도 알람·갱신·복원·Firebase 위험이 큼,2026-10-04,,없음(기존 증거 범위),재실행하지 않음,완료,기존 판정·증거 유지; 반복 실행하지 않음
ALARM-031,ALARM,온보딩 근무별 알람,저장 버튼 연타·저장 직후 백그라운드,중복 템플릿·중복 OS 예약 없이 완료 상태 회복,USB,PASS,g1_generation_fixture_test; g1_schedule_failure_test,"PASS: 2026-10-03 실제 설정 완료 두 번 탭 직후 HOME. 근무표1/템플릿1/고정10, DB10 OS10 중복 없음. onboarding_commit",,docs/next_version/잔여검증_실행기록_2026-10-03.txt; build/local_audit_2026-10-03 및 build/usb_audit_2026-10-03_remaining (비공개); 이전 증거는 10-02 기록,필수·중요,기존 기능이라도 알람·갱신·복원·Firebase 위험이 큼,2026-10-04,,없음(기존 증거 범위),재실행하지 않음,완료,기존 판정·증거 유지; 반복 실행하지 않음
ALARM-032,ALARM,설정 > 고정알람 수정,전날 00:00/23:59 템플릿을 월말·연말 배정일에 저장,배정일과 실제 울림 날짜 구분; 10일 롤링 범위·인접일 재계산 일치,USB,부분 확인,g1_generation_fixture_test; AlarmDayOffsetPriorityTest,"부분 확인: 2026-10-02 API33 1월1일 배정 전날/당일/다음날 x00:00/23:59 Native 실제 생성 날짜·offset·DB 검증, 마지막 OS2 일치. 각 온보딩/설정 UI 입력 경로는 미완. offset_year_boundary_*",,build/usb_audit_2026-10-02/ (비공개); docs/next_version/USB_재검증_2026-10-02.txt,추가시험 제외(사용자 지시 2026-10-04),월말/연말 자체는 일상 조건이나 경계 계산·OS 증거가 있어 모든 입력 UI 추가 조합은 제외,2026-10-04,,전날/당일/다음날 × 온보딩/설정 입력 UI의 월말·연말 경계,자동 재개하지 않음,실행 제외·목록 보존,월말/연말 자체는 일상 조건이나 경계 계산·OS 증거가 있어 모든 입력 UI 추가 조합은 제외
ALARM-033,ALARM,설정 > 고정알람 수정,당일 00:00/23:59 템플릿을 월말·연말 배정일에 저장,배정일과 실제 울림 날짜 구분; 10일 롤링 범위·인접일 재계산 일치,USB,부분 확인,g1_generation_fixture_test; AlarmDayOffsetPriorityTest,"부분 확인: 2026-10-02 API33 1월1일 배정 전날/당일/다음날 x00:00/23:59 Native 실제 생성 날짜·offset·DB 검증, 마지막 OS2 일치. 각 온보딩/설정 UI 입력 경로는 미완. offset_year_boundary_*",,build/usb_audit_2026-10-02/ (비공개); docs/next_version/USB_재검증_2026-10-02.txt,추가시험 제외(사용자 지시 2026-10-04),월말/연말 자체는 일상 조건이나 경계 계산·OS 증거가 있어 모든 입력 UI 추가 조합은 제외,2026-10-04,,전날/당일/다음날 × 온보딩/설정 입력 UI의 월말·연말 경계,자동 재개하지 않음,실행 제외·목록 보존,월말/연말 자체는 일상 조건이나 경계 계산·OS 증거가 있어 모든 입력 UI 추가 조합은 제외
ALARM-034,ALARM,설정 > 고정알람 수정,다음날 00:00/23:59 템플릿을 월말·연말 배정일에 저장,배정일과 실제 울림 날짜 구분; 10일 롤링 범위·인접일 재계산 일치,USB,부분 확인,g1_generation_fixture_test; AlarmDayOffsetPriorityTest,"부분 확인: 2026-10-02 API33 1월1일 배정 전날/당일/다음날 x00:00/23:59 Native 실제 생성 날짜·offset·DB 검증, 마지막 OS2 일치. 각 온보딩/설정 UI 입력 경로는 미완. offset_year_boundary_*",,build/usb_audit_2026-10-02/ (비공개); docs/next_version/USB_재검증_2026-10-02.txt,추가시험 제외(사용자 지시 2026-10-04),월말/연말 자체는 일상 조건이나 경계 계산·OS 증거가 있어 모든 입력 UI 추가 조합은 제외,2026-10-04,,전날/당일/다음날 × 온보딩/설정 입력 UI의 월말·연말 경계,자동 재개하지 않음,실행 제외·목록 보존,월말/연말 자체는 일상 조건이나 경계 계산·OS 증거가 있어 모든 입력 UI 추가 조합은 제외
ALARM-035,ALARM,설정 > 고정알람 수정,근무당 0→1→5개 추가 후 6번째 추가 시도,상한 5개; 삭제 후 한 칸 추가 가능,USB,PASS,g1_generation_fixture_test; g1_schedule_failure_test,PASS: r2_fixed_limit_state/r2_fixed_sixth_rejected/r2_fixed_remove_one.vm.json; 5개 상한·삭제후추가,,build/usb_audit_2026-09-30/ (r2_ 접두어),필수·중요,기존 기능이라도 알람·갱신·복원·Firebase 위험이 큼,2026-10-04,,없음(기존 증거 범위),재실행하지 않음,완료,기존 판정·증거 유지; 반복 실행하지 않음
ALARM-036,ALARM,설정 > 고정알람 수정,동일 시각 템플릿 중복 저장,중복 예약 없음; 사용자 안내와 DB 일치,USB,PASS,g1_generation_fixture_test; g1_schedule_failure_test,"PASS: r2_fixed_duplicate_dialog.png; 동일시각 동일offset 거절, 다른offset 허용",,build/usb_audit_2026-09-30/ (r2_ 접두어),필수·중요,기존 기능이라도 알람·갱신·복원·Firebase 위험이 큼,2026-10-04,,없음(기존 증거 범위),재실행하지 않음,완료,기존 판정·증거 유지; 반복 실행하지 않음
ALARM-037,ALARM,설정 > 고정알람 수정,수정 후 저장하지 않고 뒤로가기,확인/취소 정책대로 원본 유지 또는 저장; 부분 반영 없음,USB,PASS,g1_generation_fixture_test; g1_schedule_failure_test,PASS: 2026-10-02 설정 고정알람 수정에서 임시 야간09:00 추가 후 팝업·화면 뒤로가기. DB 원본 동일. export_fixed_back_after,,build/usb_audit_2026-10-02/ (비공개); docs/next_version/USB_재검증_2026-10-02.txt,필수·중요,기존 기능이라도 알람·갱신·복원·Firebase 위험이 큼,2026-10-04,,없음(기존 증거 범위),재실행하지 않음,완료,기존 판정·증거 유지; 반복 실행하지 않음
ALARM-038,ALARM,설정 > 고정알람 수정,저장 버튼 연타·저장 직후 백그라운드,중복 템플릿·중복 OS 예약 없이 완료 상태 회복,USB,PASS,g1_generation_fixture_test; g1_schedule_failure_test,"PASS: 2026-10-02 실제 설정 저장 연타 직후 HOME. 템플릿1개만 추가, DB/OS10 일치. fixed_double_save_*",,build/usb_audit_2026-10-02/ (비공개); docs/next_version/USB_재검증_2026-10-02.txt,필수·중요,기존 기능이라도 알람·갱신·복원·Firebase 위험이 큼,2026-10-04,,없음(기존 증거 범위),재실행하지 않음,완료,기존 판정·증거 유지; 반복 실행하지 않음
ONETAP-001,ONETAP,달력 원터치 패널 / 설정 칸,빈 칸에 시각·종류 저장→재실행,5칸 설정 유지; 다음 알람에는 할당 전 행 없음,USB,PASS,custom_alarm_service_test; custom_alarm_panel_test; full_audit_critical_test,"PASS: KO 달력 원터치 빈 칸 UI에서 07:00/소리+진동 저장, dev 프로세스 종료·재시작 뒤 패널에 07:00과 기존 23:11 모두 표시. 시험 칸 UI 삭제 뒤 기존 칸 유지",,"build/usb_audit_2026-09-30/r6_onetap_empty_editor.png, r6_onetap_slot_saved.png, r6_onetap_restart_panel.png, r6_onetap_slot_delete.png",필수·중요,기존 기능이라도 알람·갱신·복원·Firebase 위험이 큼,2026-10-04,,없음(기존 증거 범위),재실행하지 않음,완료,기존 판정·증거 유지; 반복 실행하지 않음
ONETAP-002,ONETAP,달력 원터치 패널 / 설정 칸,오늘 지난 시각·현재 시각·1분 뒤 각각 할당,"지난/현재 거절, 미래만 생성",USB,PASS,custom_alarm_service_test; custom_alarm_panel_test; full_audit_critical_test,"부분 확인: 실기기 서비스 및 Native 예약 대조 확인; 지정 UI/경계 전체 조합 완료로 간주하지 않음 | 2026-10-04 USB SM-S948N 최신dev: 기존 프리셋 과거 시각 및 편집된 현재 분을 실제 패널 날짜 터치로 거절(DB0/OS0); 1분 뒤 시각은 실제 확인/날짜 터치로 ID80 DB1/OS1. 다음알람 실제 삭제 후 DB0/OS0. 편집 시각은 VM 준비로, 휠 전수 직접 조작과 구분. 원래 프리셋 복구 확인.",,build/usb_audit_2026-09-30/one_tap/fixed_collision/native_refresh 관련 private 증거; build/usb_audit_2026-10-04; docs/next_version/교대시계_최신문서.txt I절,필수·기존,사용자가 제외 항목도 다시 포함하도록 요청,2026-10-04,,없음(현재 제품 범위 및 기존 증거와 USB 보완 결합),재실행하지 않음,완료,기존 판정·증거 유지; 반복 실행하지 않음
ONETAP-003,ONETAP,달력 원터치 패널 / 설정 칸,모레·어제·다른 달 날짜 탭,오늘/내일 이외 생성 및 일반 날짜 팝업 차단,USB,PASS,custom_alarm_service_test; custom_alarm_panel_test; full_audit_critical_test,부분 확인: 실기기 서비스 및 Native 예약 대조 확인; 지정 UI/경계 전체 조합 완료로 간주하지 않음 | 2026-10-04 USB SM-S948N: 원터치 할당 모드에서 어제10/3·모레10/6·다른달9/30 실제 날짜 셀 터치. 할당 모드 유지/Dialog0/전체 테이블 변화0/예약0 확인.,,build/usb_audit_2026-09-30/one_tap/fixed_collision/native_refresh 관련 private 증거; build/usb_audit_2026-10-04; docs/next_version/교대시계_최신문서.txt I절,필수·기존,사용자가 제외 항목도 다시 포함하도록 요청,2026-10-04,,없음(현재 제품 범위 및 기존 증거와 USB 보완 결합),재실행하지 않음,완료,기존 판정·증거 유지; 반복 실행하지 않음
ONETAP-004,ONETAP,달력 원터치 패널 / 설정 칸,월말 밤에 내일 할당,다음 달 1일로 assigned_day/예약 일치,USB,부분 확인,custom_alarm_service_test; custom_alarm_panel_test; full_audit_critical_test,부분 확인: 2026-10-02 API33 실제5월31일/12월31일23:50에서 내일00:00/23:59 할당. 날짜·assigned_day·실제 OS2 일치. 원터치 패널 경계날 UI 탭은 미완. onetap_month/year_boundary_*,,build/usb_audit_2026-10-02/ (비공개); docs/next_version/USB_재검증_2026-10-02.txt,추가시험 제외(사용자 지시 2026-10-04),월말/연말 자체는 일상 조건이나 경계 계산·OS 증거가 있어 모든 입력 UI 추가 조합은 제외,2026-10-04,,월말 밤의 원터치 패널 실제 내일 할당,자동 재개하지 않음,실행 제외·목록 보존,월말/연말 자체는 일상 조건이나 경계 계산·OS 증거가 있어 모든 입력 UI 추가 조합은 제외
ONETAP-005,ONETAP,달력 원터치 패널 / 설정 칸,같은 칸 오늘·내일 할당→오늘 재할당,"오늘/내일 각 1개, 중복 거절",USB,PASS,custom_alarm_service_test; custom_alarm_panel_test; full_audit_critical_test,PASS: 같은 칸 오늘/내일 각각 생성·오늘 중복 거절,,build/usb_audit_2026-09-30/r3_* (실제 결과/스크린샷),필수·중요,기존 기능이라도 알람·갱신·복원·Firebase 위험이 큼,2026-10-04,,없음(기존 증거 범위),재실행하지 않음,완료,기존 판정·증거 유지; 반복 실행하지 않음
ONETAP-006,ONETAP,달력 원터치 패널 / 설정 칸,내일 5칸 할당→고정 별도 추가,"원터치 5개 유지, 고정 포함 총합을 5개로 잘못 제한하지 않음",USB,PASS,custom_alarm_service_test; custom_alarm_panel_test; full_audit_critical_test,"PASS: 2026-10-04 USB 실제 5슬롯 내일 할당→고정19:00 추가. 해당일6개, 전체 DB8/OS8 일치.",,build/usb_audit_2026-09-30/one_tap/fixed_collision/native_refresh 관련 private 증거; build/usb_audit_2026-10-04/ (five_custom_assigned.json; five_custom_plus_fixed.json),필수·중요,기존 기능이라도 알람·갱신·복원·Firebase 위험이 큼,2026-10-04,,없음(기존 증거와 2026-10-04 USB 추가 검증 결합),재실행하지 않음,완료,기존 판정·증거 유지; 반복 실행하지 않음
ONETAP-007,ONETAP,달력 원터치 패널 / 설정 칸,할당된 칸 편집 시도,연결된 날짜 안내와 수정 잠금; 원본 유지,USB,PASS,custom_alarm_service_test; custom_alarm_panel_test; full_audit_critical_test,"PASS: 실제 편집 버튼에서 배정 중 안내, 편집 차단 스크린샷 확인",,build/usb_audit_2026-09-30/r3_* (실제 결과/스크린샷),필수·중요,기존 기능이라도 알람·갱신·복원·Firebase 위험이 큼,2026-10-04,,없음(기존 증거 범위),재실행하지 않음,완료,기존 판정·증거 유지; 반복 실행하지 않음
ONETAP-008,ONETAP,달력 원터치 패널 / 설정 칸,오늘·내일 연결 칸 삭제 취소→확인,취소는 무변경; 확인은 연결 미래만 취소/이력; 다른 칸 유지,USB,PASS,custom_alarm_service_test; custom_alarm_panel_test; full_audit_critical_test,"PASS: 실제 삭제 취소는 2건 유지, 확인은 연결 2건만 제거·이력 2건·다른 칸 보존·DB/OS 일치",,build/usb_audit_2026-09-30/r3_* (실제 결과/스크린샷),필수·중요,기존 기능이라도 알람·갱신·복원·Firebase 위험이 큼,2026-10-04,,없음(기존 증거 범위),재실행하지 않음,완료,기존 판정·증거 유지; 반복 실행하지 않음
ONETAP-009,ONETAP,달력 원터치 패널 / 설정 칸,삭제한 칸 번호 재사용,이전 연결·이력이 새 알람에 잘못 연결되지 않음,USB,PASS,custom_alarm_service_test; custom_alarm_panel_test; full_audit_critical_test,"부분 확인: 삭제된 slot 0 재사용, 새 연결 삭제 및 다른 칸 보존; UI 재설정 저장 경로 별도 | 2026-10-04 USB SM-S948N 실제 UI: 슬롯0 내일 할당(ID81)→슬롯 삭제 확인/삭제(DB0 OS0)→같은 슬롯07:00 재설정/내일 할당(ID82, preset_slot0, DB1 OS1). 재할당 전후 ID81 이력 동일, 새 연결은 ID82만 확인. 실제 다음알람 삭제 후 시험 이력만 정리, 원본 전체 DB/프리셋 복구.",,build/usb_audit_2026-09-30/r3_*; build/usb_audit_2026-10-04/reuse_before_new.json; build/usb_audit_2026-10-04/reuse_after_new.json; docs/next_version/교대시계_최신문서.txt I절,필수·중요,기존 기능이라도 알람·갱신·복원·Firebase 위험이 큼,2026-10-04,,없음(기존 서비스 증거와 실제 UI 재설정 경로 결합),재실행하지 않음,완료,기존 판정·증거 유지; 반복 실행하지 않음
ONETAP-010,ONETAP,달력 원터치 패널 / 설정 칸,고정 먼저 생성→동일 분 원터치,"고정 1개 유지, 원터치 생성 거절",USB,PASS,custom_alarm_service_test; custom_alarm_panel_test; full_audit_critical_test,"PASS: 2026-10-04 USB 고정04:50 먼저 저장 후 원터치 동일분 실제 날짜 터치 거절, 안내와 DB/OS 불변.",,build/usb_audit_2026-09-30/one_tap/fixed_collision/native_refresh 관련 private 증거; build/usb_audit_2026-10-04/ (fixed_first.json; fixed_first_rejected.json),필수·중요,기존 기능이라도 알람·갱신·복원·Firebase 위험이 큼,2026-10-04,,없음(기존 증거와 2026-10-04 USB 추가 검증 결합),재실행하지 않음,완료,기존 판정·증거 유지; 반복 실행하지 않음
ONETAP-011,ONETAP,달력 원터치 패널 / 설정 칸,원터치 먼저 생성→고정 템플릿 추가,원터치 1개; 건너뛴 고정의 허위 생성/삭제 이력 없음,USB,PASS,custom_alarm_service_test; custom_alarm_panel_test; full_audit_critical_test,"PASS: 2026-10-04 USB 원터치04:50 먼저 할당 후 고정 저장: 기존 원터치 ID86 보존, 해당 고정만 건너뜀 안내 및 미래 고정 정상.",,build/usb_audit_2026-09-30/one_tap/fixed_collision/native_refresh 관련 private 증거; build/usb_audit_2026-10-04/ (custom_first.json; custom_first_fixed_saved_clean.json; custom_first_fixed_skip_message_clean.vm.json),필수·중요,기존 기능이라도 알람·갱신·복원·Firebase 위험이 큼,2026-10-04,,없음(기존 증거와 2026-10-04 USB 추가 검증 결합),재실행하지 않음,완료,기존 판정·증거 유지; 반복 실행하지 않음
ONETAP-012,ONETAP,달력 원터치 패널 / 설정 칸,가려진 고정 존재→원터치 개별 삭제,확인창 대체 알람 안내; 유효한 고정 1개 재예약,USB,PASS,custom_alarm_service_test; custom_alarm_panel_test; full_audit_critical_test,"PASS: 2026-10-04 USB 슬롯삭제 및 개별삭제 실제 UI 모두 같은 시각 고정 대체1개 확인. 개별 원터치ID92 삭제→고정106, 다른13개 불변, 취소이력1 추가.",,build/usb_audit_2026-09-30/one_tap/fixed_collision/native_refresh 관련 private 증거; build/usb_audit_2026-10-04/ (individual_replacement_before.json; individual_replacement_after.json),필수·중요,기존 기능이라도 알람·갱신·복원·Firebase 위험이 큼,2026-10-04,,없음(기존 증거와 2026-10-04 USB 추가 검증 결합),재실행하지 않음,완료,기존 판정·증거 유지; 반복 실행하지 않음
ONETAP-013,ONETAP,달력 원터치 패널 / 설정 칸,가려진 고정 변경/삭제→원터치 삭제,현재 설정으로만 대체; 예전 고정이 살아나지 않음,USB,PASS,custom_alarm_service_test; custom_alarm_panel_test; full_audit_critical_test,PASS: 숨긴 고정 07:00을 07:02로 변경 후 원터치 제거: 07:00 부활 없음·07:02만 유지,,build/usb_audit_2026-09-30/r3_*,필수·중요,기존 기능이라도 알람·갱신·복원·Firebase 위험이 큼,2026-10-04,,없음(기존 증거 범위),재실행하지 않음,완료,기존 판정·증거 유지; 반복 실행하지 않음
ONETAP-014,ONETAP,달력 원터치 패널 / 설정 칸,원터치 생성 중 Native 예약 예외,실패 안내; 알람 행·생성 로그 롤백,USB,수정 후 PASS,custom_alarm_service_test; custom_alarm_panel_test; full_audit_critical_test; custom_alarm_service_test.dart,"수정 후 PASS: 2026-10-04 실제 정확알람 권한 거부/달력 터치로 Native 실패 재현. 최초 DB0/OS1 대체예약 잔류 수정: 행·생성로그 롤백 후 Native 취소. 수정 APK 실패안내 및 DB0/OS0, 이력0 확인. 호스트14PASS.",,"test/custom_alarm_service_test.dart; build/usb_audit_2026-09-30/r6_onetap_permission_denied.vm.json, r6_onetap_permission_probe_cleanup_os.json; build/usb_audit_2026-10-04/permission_before_fix/*; permission_failure_result.json; permission_failure_*; one_tap_rollback_test.log",필수·중요,기존 기능이라도 알람·갱신·복원·Firebase 위험이 큼,2026-10-04,,없음(기재한 시험 범위),재실행하지 않음,완료,기존 판정·증거 유지; 반복 실행하지 않음
ONETAP-015,ONETAP,달력 원터치 패널 / 설정 칸,원터치 삭제 뒤 대체 고정 예약 실패,"실패/일부실패 안내, 재시도 경로; 성공으로 오표시 안 함",USB,PASS,custom_alarm_service_test; custom_alarm_panel_test; full_audit_critical_test,"PASS: 2026-10-04 실제 권한 거부 중 현재 카드 끄기→삭제. custom125 삭제/취소이력, 대체fixed138 유지, 실패 안내. 실제 재허용 후 같은12행/OS12 수렴.",,build/usb_audit_2026-10-02/ (비공개); docs/next_version/USB_재검증_2026-10-02.txt; build/usb_audit_2026-10-04/replacement_failure_result.json; replacement_failure_message.png; replacement_recovered*,필수·중요,기존 기능이라도 알람·갱신·복원·Firebase 위험이 큼,2026-10-04,,없음(기재한 시험 범위),재실행하지 않음,완료,기존 판정·증거 유지; 반복 실행하지 않음
ONETAP-016,ONETAP,달력 원터치 패널 / 설정 칸,원터치 울림 중 설정 칸 삭제,현재 회차를 잘못 종료하지 않음; 미래 연결만 제거,USB,PASS,custom_alarm_service_test; custom_alarm_panel_test; full_audit_critical_test,PASS: 실제 울림 중 slot4 삭제→현재 회차 유지·같은 칸 미래만 제거·slot1 유지·DB/OS 일치,,build/usb_audit_2026-09-30/r3_onetap_active_slot*,필수·중요,기존 기능이라도 알람·갱신·복원·Firebase 위험이 큼,2026-10-04,,없음(기존 증거 범위),재실행하지 않음,완료,기존 판정·증거 유지; 반복 실행하지 않음
ONETAP-017,ONETAP,달력 원터치 패널 / 설정 칸,구 dev preset_slot 없는 custom 행과 새 칸 혼재→칸 삭제,레거시 행을 엉뚱한 칸 연결로 삭제하지 않음,USB,PASS,custom_alarm_service_test; custom_alarm_panel_test; full_audit_critical_test,"PASS: preset_slot 없는 legacy custom과 slot1 보존, 재사용 slot0 연결만 제거",,build/usb_audit_2026-09-30/r3_*,필수·중요,기존 기능이라도 알람·갱신·복원·Firebase 위험이 큼,2026-10-04,,없음(기존 증거 범위),재실행하지 않음,완료,기존 판정·증거 유지; 반복 실행하지 않음
ONETAP-018,ONETAP,달력 원터치 패널 / 설정 칸,패널 선택 상태에서 뒤로가기 두 번,선택 해제→패널 닫기; 달력 제스처 복귀,USB,PASS,custom_alarm_service_test; custom_alarm_panel_test; full_audit_critical_test,PASS: 실제 칸 선택 후 시스템 뒤로1회 선택해제/2회 패널닫힘 확인,,build/usb_audit_2026-09-30/r3_onetap_back*,필수·중요,기존 기능이라도 알람·갱신·복원·Firebase 위험이 큼,2026-10-04,,없음(기존 증거 범위),재실행하지 않음,완료,기존 판정·증거 유지; 반복 실행하지 않음
DELETE-001,DELETE,다음알람 / 설정 / 알림,고정·원터치·스누즈와 생성/종료 이력 준비→모든 알람 완전 삭제,"세 종류와 템플릿·OS 예약 삭제, 이력·생성 로그 유지",USB,수정 후 PASS,G1RingRoundTest; full_audit_critical_test; schedule_provider.resetSchedule,PASS: r2_snooze_mixed_before.json; r2_snooze_all_delete_os.json; 실제 스누즈 포함3종 DB/OS3→0 | 2026-10-04 증거대조: 실제 울리는 중 전체삭제 누락을 수정한 빌드에서 울림 종료·DBOS0·근무/조 유지·취소이력 유지·강제갱신 뒤 부활 없음 확인.,,build/usb_audit_2026-09-30/ (r2_ 접두어); build/srtl_2026-10-03_ultra_final/active_delete_reset_final.log,필수·중요,기존 기능이라도 알람·갱신·복원·Firebase 위험이 큼,2026-10-04,실제 울리는 중 전체삭제 누락을 수정한 빌드에서 울림 종료·DBOS0·근무/조 유지·취소이력 유지·강제갱신 뒤 부활 없음 확인.,없음(기존 증거 범위),재실행하지 않음,완료,기존 판정·증거 유지; 반복 실행하지 않음
DELETE-002,DELETE,다음알람 / 설정 / 알림,모든 알람 삭제 취소,행·템플릿·예약 모두 유지,USB,PASS,G1RingRoundTest; full_audit_critical_test; schedule_provider.resetSchedule,PASS: 실제 삭제 확인창 취소 후 모든 행과 이력 동일(행 순서는 무관),,build/usb_audit_2026-09-30/all_delete_before.vm.json; all_delete_cancel.vm.json,필수·중요,기존 기능이라도 알람·갱신·복원·Firebase 위험이 큼,2026-10-04,,없음(기존 증거 범위),재실행하지 않음,완료,기존 판정·증거 유지; 반복 실행하지 않음
DELETE-003,DELETE,다음알람 / 설정 / 알림,모든 알람 삭제 후 앱 재실행·자정·부팅,삭제한 템플릿에서 알람이 부활하지 않음,USB,PASS,G1RingRoundTest; full_audit_critical_test; schedule_provider.resetSchedule,"PASS: 2026-10-02 실기기 앱 재진입/Native 갱신/실제 재부팅 삭제 유지에 더해 격리 API33에서 6월30일→7월1일 실제 자정 Guard/날짜변경 갱신 확인. DBOS0, 템플릿0. build/emulator_audit_2026-10-02/midnight_*",,build/usb_audit_2026-10-02/ (비공개); docs/next_version/USB_재검증_2026-10-02.txt,필수·중요,기존 기능이라도 알람·갱신·복원·Firebase 위험이 큼,2026-10-04,,없음(기존 증거 범위),재실행하지 않음,완료,기존 판정·증거 유지; 반복 실행하지 않음
DELETE-004,DELETE,다음알람 / 설정 / 알림,A 울림 중 미래 B만 삭제,"A 재생·회차·제어 유지, B만 취소 이력",USB,PASS,G1RingRoundTest; full_audit_critical_test; schedule_provider.resetSchedule,PASS: 실제 스누즈125 울림 중 미래53 삭제; 현재 울림 유지·다른 ID 종료 거절,,build/usb_audit_2026-09-30/delete_other_during_ring.vm.json,필수·중요,기존 기능이라도 알람·갱신·복원·Firebase 위험이 큼,2026-10-04,,없음(기존 증거 범위),재실행하지 않음,완료,기존 판정·증거 유지; 반복 실행하지 않음
DELETE-005,DELETE,다음알람 / 설정 / 알림,A 울림 중 A를 목록에서 삭제,회차 한 번 종료; 이력 중복 없음,USB,PASS,G1RingRoundTest; full_audit_critical_test; schedule_provider.resetSchedule,"PASS: 2026-10-04 USB 실제 OS 알람ID122 울림 중 열린 다음알람 삭제 확인창의 삭제 터치. 울림 종료, DB0/OS0, swiped 이력1.",,build/usb_audit_2026-09-30/r3_ring_handoff_delete*; build/usb_audit_2026-10-04/ (ring_delete_actual_delivery.vm.json; ring_delete_after_ui.json; ring_delete_stopped.vm.json),필수·중요,기존 기능이라도 알람·갱신·복원·Firebase 위험이 큼,2026-10-04,,없음(기존 증거와 2026-10-04 USB 추가 검증 결합),재실행하지 않음,완료,기존 판정·증거 유지; 반복 실행하지 않음
DELETE-006,DELETE,다음알람 / 설정 / 알림,전체 근무표 초기화 취소→확인,취소 무변경; 확인은 코드상 이력/생성로그까지 삭제하는 예외임을 표시와 대조,USB,PASS(현 정책),G1RingRoundTest; full_audit_critical_test; schedule_provider.resetSchedule,"PASS(현 정책): r2_reset_cancel/r2_reset_confirmed.vm.json; 취소18유지·확인DB/OS0. 현 정책 이력 삭제, 안내엔 이력 언급 없음 | 2026-10-04 증거대조: 실제 울리는 중 스케줄 초기화: 울림 정지, 근무/조/템플릿/예외/이력/생성로그 제거, DBOS0, 조 tombstone/갱신 후 부활 없음. 과거 취소 확인 증거와 결합.",,build/usb_audit_2026-09-30/ (r2_ 접두어); build/srtl_2026-10-03_ultra_final/active_delete_reset_final.log,필수·중요,기존 기능이라도 알람·갱신·복원·Firebase 위험이 큼,2026-10-04,"실제 울리는 중 스케줄 초기화: 울림 정지, 근무/조/템플릿/예외/이력/생성로그 제거, DBOS0, 조 tombstone/갱신 후 부활 없음. 과거 취소 확인 증거와 결합.",없음(기존 증거 범위),재실행하지 않음,완료,기존 판정·증거 유지; 반복 실행하지 않음
DELETE-007,DELETE,다음알람 / 설정 / 알림,종료한 알람의 오래된 알림 액션 다시 전달,새 알람 회차를 종료하거나 스누즈하지 않음,USB,PASS,G1RingRoundTest; full_audit_critical_test; schedule_provider.resetSchedule,PASS: 2026-10-02 실제 OS 울림→알림 receiver 스누즈→새 회차 울림. 옛 회차 끄기/스누즈 Intent 재전달해도 현재 울림 유지·이력 추가 없음. root 명시 receiver 전송이며 저장된 PendingIntent 객체 탭은 아님. race_old_round_ignored,,build/usb_audit_2026-10-02/ (비공개); docs/next_version/USB_재검증_2026-10-02.txt,필수·중요,기존 기능이라도 알람·갱신·복원·Firebase 위험이 큼,2026-10-04,,없음(기존 증거 범위),재실행하지 않음,완료,기존 판정·증거 유지; 반복 실행하지 않음
RING-001,RING,잠금 전체화면,소리+진동·진동·무음 각 1회 발생→끄기,해당 회차 종료·OS/알림 정리·이력 1개; 실제 체감은 HUMAN,USB,PASS,G1RingRoundTest; AlarmSnoozeDstTest; CoverAlarmNotificationTest,"부분 확인: 2026-10-02 격리 API33 secure PIN 잠금에서 실제 OS 무음 알람→AlarmActivity 전체화면→화면 X 탭, 해당 행 삭제·종료 이력1·DBOS0. 세 소리 유형의 물리 체감은 미완. locked_ring_* | 2026-10-04 증거대조: KO/EN·접힘/펼침 잠금 실제 UI 끄기 확인. 도구 kind=1인 잠금 조합이므로 3종 전부 완료는 아니다. 잠금 진동/무음 실제 UI 끄기는 별도 남긴다. | 2026-10-04 최종: SRTL Fold8 Ultra 접힌 잠금 화면에서 기존 소리+진동(kind1) 증거에 진동(kind2)·무음(kind3) 실제 OS 울림→Native UI 끄기를 추가. 각 DB 행0·이력1, 새 캡처0. 세 종류 대표 조건 완료.",,build/usb_audit_2026-10-02/ (비공개); docs/next_version/USB_재검증_2026-10-02.txt; build/srtl_2026-10-03_ultra/ring_matrix_final.log; build/srtl_2026-10-04_fold8ultra/locked_kind_2_3_no_capture.json,일반사용 대표검증,기존 기능이라도 알람·갱신·복원·Firebase 위험이 큼,2026-10-04,"SRTL Fold8 Ultra 접힌 잠금 화면에서 기존 소리+진동(kind1) 증거에 진동(kind2)·무음(kind3) 실제 OS 울림→Native UI 끄기를 추가. 각 DB 행0·이력1, 새 캡처0. 세 종류 대표 조건 완료.",없음(대표 실기기 조건 완료),재실행하지 않음,완료,"SRTL Fold8 Ultra 접힌 잠금 화면에서 기존 소리+진동(kind1) 증거에 진동(kind2)·무음(kind3) 실제 OS 울림→Native UI 끄기를 추가. 각 DB 행0·이력1, 새 캡처0. 세 종류 대표 조건 완료."
RING-002,RING,잠금 전체화면,5분 후→재울림→끄기,누른 실제 시점+300초; 같은 회차 중복 예약 없음,USB,PASS,G1RingRoundTest; AlarmSnoozeDstTest; CoverAlarmNotificationTest,"부분 확인: 2026-10-02 격리 API33 secure PIN 잠금에서 실제 OS 울림→화면 +5m 버튼. 누른 시점+약300초 스누즈 행1·이력1·OS1, 정리 후0. 실제 300초 재울림은 기존 실기기 해제 화면에서 확인, 잠금 경로 후속 재울림은 미완. locked_snooze_* | 2026-10-04 증거대조: 잠금 첫 화면 +5m 실제 탭, 시계 변경 없이 약300초 후 새 회차 실제 울림 완료. 이후 펼침/잠금해제 및 notification receiver 경합으로 종료했으므로 재울림 뒤 잠금 UI X 전체동선은 남긴다. | 2026-10-04 최종: SRTL Fold8 Ultra 접힌 잠금 화면에서 실제 +5분 스누즈→299.5초 후 OS 재울림→두 번째 잠금 Native UI 끄기. DB 행0·이력2, 새 캡처0. 한 동선 전체 완료.",,build/usb_audit_2026-10-02/ (비공개); docs/next_version/USB_재검증_2026-10-02.txt; build/srtl_2026-10-03_ultra/snooze_rounds.log; build/srtl_2026-10-04_fold8ultra/locked_remaining_no_capture.json,일반사용 대표검증,기존 기능이라도 알람·갱신·복원·Firebase 위험이 큼,2026-10-04,"SRTL Fold8 Ultra 접힌 잠금 화면에서 실제 +5분 스누즈→299.5초 후 OS 재울림→두 번째 잠금 Native UI 끄기. DB 행0·이력2, 새 캡처0. 한 동선 전체 완료.",없음(대표 실기기 조건 완료),재실행하지 않음,완료,"SRTL Fold8 Ultra 접힌 잠금 화면에서 실제 +5분 스누즈→299.5초 후 OS 재울림→두 번째 잠금 Native UI 끄기. DB 행0·이력2, 새 캡처0. 한 동선 전체 완료."
RING-003,RING,잠금 전체화면,5분 후 시각에 B가 있을 때 스누즈,"추가 스누즈 없음; A 종료, B 유지, 충돌 안내·이력 일치",USB,기기연결대기,G1RingRoundTest; AlarmSnoozeDstTest; CoverAlarmNotificationTest,,,,추가시험 제외(사용자 지시 2026-10-04),잠금 스누즈 충돌/거의 동시 액션 추가 조합; 기존 충돌·회차 증거 유지,2026-10-04,,잠금 화면 스누즈 시각에 다른 B가 이미 존재하는 충돌,자동 재개하지 않음,실행 제외·목록 보존,잠금 스누즈 충돌/거의 동시 액션 추가 조합; 기존 충돌·회차 증거 유지
RING-004,RING,잠금 전체화면,끄기와 5분 후 거의 동시에 전달,최초 유효 액션만 반영; 중복 이력·잔여 소리 없음,USB,부분 확인,G1RingRoundTest; AlarmSnoozeDstTest; CoverAlarmNotificationTest," | 2026-10-04 증거대조: 실제 새 회차에 끄기/스누즈 receiver 동시 요청, 최초 유효 결과1 및 이력1 검증. fold(True)가 keyguard를 해제하므로 잠금 상태의 두 액션 검증으로 승격하지 않고 그 마지막 조건을 남긴다.",,build/srtl_2026-10-03_ultra/snooze_rounds.log,추가시험 제외(사용자 지시 2026-10-04),잠금 스누즈 충돌/거의 동시 액션 추가 조합; 기존 충돌·회차 증거 유지,2026-10-04,"실제 새 회차에 끄기/스누즈 receiver 동시 요청, 최초 유효 결과1 및 이력1 검증. fold(True)가 keyguard를 해제하므로 잠금 상태의 두 액션 검증으로 승격하지 않고 그 마지막 조건을 남긴다.",keyguard 유지 상태에서 두 액션 거의 동시 전달,자동 재개하지 않음,실행 제외·목록 보존,잠금 스누즈 충돌/거의 동시 액션 추가 조합; 기존 충돌·회차 증거 유지
RING-005,RING,해제 오버레이,소리+진동·진동·무음 각 1회 발생→끄기,해당 회차 종료·OS/알림 정리·이력 1개; 실제 체감은 HUMAN,USB,PASS,G1RingRoundTest; AlarmSnoozeDstTest; CoverAlarmNotificationTest,"PASS: 2026-10-02 KO 잠금 해제 오버레이 1/2/3종 실제 발생 및 X종료. 이력 각1, 다른 예약 보존. overlay_type_* (음량 체감 제외)",,build/usb_audit_2026-10-02/ (비공개); docs/next_version/USB_재검증_2026-10-02.txt,필수·중요,기존 기능이라도 알람·갱신·복원·Firebase 위험이 큼,2026-10-04,,없음(기존 증거 범위),재실행하지 않음,완료,기존 판정·증거 유지; 반복 실행하지 않음
RING-006,RING,해제 오버레이,5분 후→재울림→끄기,누른 실제 시점+300초; 같은 회차 중복 예약 없음,USB,PASS,G1RingRoundTest; AlarmSnoozeDstTest; CoverAlarmNotificationTest,PASS: 실제 오버레이 +5m→300초 뒤 재울림→X 종료·snoozed/swiped 이력 확인,,build/usb_audit_2026-09-30/snooze_real_delivery.vm.json;snooze_final_history.vm.json,필수·중요,기존 기능이라도 알람·갱신·복원·Firebase 위험이 큼,2026-10-04,,없음(기존 증거 범위),재실행하지 않음,완료,기존 판정·증거 유지; 반복 실행하지 않음
RING-007,RING,해제 오버레이,5분 후 시각에 B가 있을 때 스누즈,"추가 스누즈 없음; A 종료, B 유지, 충돌 안내·이력 일치",USB,PASS,G1RingRoundTest; AlarmSnoozeDstTest; CoverAlarmNotificationTest,PASS: 2026-10-02 실제 오버레이 +5m 충돌: 기존 대상 유지/현재만 종료/충돌 이력1. overlay_collision_*,,build/usb_audit_2026-10-02/ (비공개); docs/next_version/USB_재검증_2026-10-02.txt,필수·중요,기존 기능이라도 알람·갱신·복원·Firebase 위험이 큼,2026-10-04,,없음(기존 증거 범위),재실행하지 않음,완료,기존 판정·증거 유지; 반복 실행하지 않음
RING-008,RING,해제 오버레이,끄기와 5분 후 거의 동시에 전달,최초 유효 액션만 반영; 중복 이력·잔여 소리 없음,USB,PASS,G1RingRoundTest; AlarmSnoozeDstTest; CoverAlarmNotificationTest,"PASS: 2026-10-03 실제 OS 울림 오버레이 +5m/X 좌표에 두 adb 입력 동시 전송. 회차 종료/이력1/결과1/DBOS1. 화면 입력은 Android에서 직렬 처리됨. overlay_race_ui | 2026-10-04 증거대조: 실제 오버레이 울림에서 Native 동시 액션 요청 추가 확인, 결과1·DBOS 일치. 이전 USB UI 경합 PASS 증거를 유지.",,docs/next_version/잔여검증_실행기록_2026-10-03.txt; build/local_audit_2026-10-03 및 build/usb_audit_2026-10-03_remaining (비공개); 이전 증거는 10-02 기록; build/srtl_2026-10-03_ultra/overlay_race.log,필수·중요,기존 기능이라도 알람·갱신·복원·Firebase 위험이 큼,2026-10-04,"실제 오버레이 울림에서 Native 동시 액션 요청 추가 확인, 결과1·DBOS 일치. 이전 USB UI 경합 PASS 증거를 유지.",없음(기존 증거 범위),재실행하지 않음,완료,기존 판정·증거 유지; 반복 실행하지 않음
RING-009,RING,알림 제어 버튼,소리+진동·진동·무음 각 1회 발생→끄기,해당 회차 종료·OS/알림 정리·이력 1개; 실제 체감은 HUMAN,USB,PASS,G1RingRoundTest; AlarmSnoozeDstTest; CoverAlarmNotificationTest,PASS: 2026-10-03 소리+진동/진동/무음 실제 OS 발생 후 알림의 알람 끄기 버튼 탭. 각 삭제·종료·이력1 및 원본예약 유지. 실제 청각·진동 체감 제외. notification_types_retry,,docs/next_version/잔여검증_실행기록_2026-10-03.txt; build/local_audit_2026-10-03 및 build/usb_audit_2026-10-03_remaining (비공개); 이전 증거는 10-02 기록,필수·중요,기존 기능이라도 알람·갱신·복원·Firebase 위험이 큼,2026-10-04,,없음(기존 증거 범위),재실행하지 않음,완료,기존 판정·증거 유지; 반복 실행하지 않음
RING-010,RING,알림 제어 버튼,5분 후→재울림→끄기,누른 실제 시점+300초; 같은 회차 중복 예약 없음,USB,PASS,G1RingRoundTest; AlarmSnoozeDstTest; CoverAlarmNotificationTest,PASS: 2026-10-03 알림 실제 5분 후 버튼→시계 변경 없이300초 대기→새 회차 실제 발생. 종료는 알림 receiver 경합으로 확인; 실제 끄기 UI는 별도3종 검사. notification_flow/notification_wait_native/notification_race,,docs/next_version/잔여검증_실행기록_2026-10-03.txt; build/local_audit_2026-10-03 및 build/usb_audit_2026-10-03_remaining (비공개); 이전 증거는 10-02 기록,필수·중요,기존 기능이라도 알람·갱신·복원·Firebase 위험이 큼,2026-10-04,,없음(기존 증거 범위),재실행하지 않음,완료,기존 판정·증거 유지; 반복 실행하지 않음
RING-011,RING,알림 제어 버튼,5분 후 시각에 B가 있을 때 스누즈,"추가 스누즈 없음; A 종료, B 유지, 충돌 안내·이력 일치",USB,PASS,G1RingRoundTest; AlarmSnoozeDstTest; CoverAlarmNotificationTest,PASS: 알림 Snooze 5m 실제 충돌 동작·DB/OS 일치·snooze_skipped_existing_alarm 이력 1개 확인,,build/usb_audit_2026-09-30/r3_*,필수·중요,기존 기능이라도 알람·갱신·복원·Firebase 위험이 큼,2026-10-04,,없음(기존 증거 범위),재실행하지 않음,완료,기존 판정·증거 유지; 반복 실행하지 않음
RING-012,RING,알림 제어 버튼,끄기와 5분 후 거의 동시에 전달,최초 유효 액션만 반영; 중복 이력·잔여 소리 없음,USB,PASS,G1RingRoundTest; AlarmSnoozeDstTest; CoverAlarmNotificationTest,"PASS: 2026-10-02 API33 실제 두 번째 울림 회차에 알림 receiver 끄기/스누즈 동시 adb 전송. 첫 유효 결과1/회차별 이력1, 종료 후 DBOS0. UI 두 버튼 실제 동시 탭 대신 동일 Native 수신 경로. race_* | 2026-10-04 증거대조: 실제 두 번째 회차에 notification receiver 동시 요청·옛 회차 무시·최초 유효 결과1 추가 확인.",,build/usb_audit_2026-10-02/ (비공개); docs/next_version/USB_재검증_2026-10-02.txt; build/srtl_2026-10-03_ultra/snooze_rounds.log,필수·중요,기존 기능이라도 알람·갱신·복원·Firebase 위험이 큼,2026-10-04,실제 두 번째 회차에 notification receiver 동시 요청·옛 회차 무시·최초 유효 결과1 추가 확인.,없음(기존 증거 범위),재실행하지 않음,완료,기존 판정·증거 유지; 반복 실행하지 않음
RING-013,RING,Flip 커버,소리+진동·진동·무음 각 1회 발생→끄기,해당 회차 종료·OS/알림 정리·이력 1개; 실제 체감은 HUMAN,USB,기기연결대기,G1RingRoundTest; AlarmSnoozeDstTest; CoverAlarmNotificationTest,,,,추가시험 제외(사용자 지시 2026-10-04),별도 Flip 커버 기기와 다중 동작 조합,2026-10-04,,실제 Flip 커버의 3종 끄기/재울림/충돌/경합 및 커버↔내부 채널 복원,자동 재개하지 않음,실행 제외·목록 보존,별도 Flip 커버 기기와 다중 동작 조합
RING-014,RING,Flip 커버,5분 후→재울림→끄기,누른 실제 시점+300초; 같은 회차 중복 예약 없음,USB,기기연결대기,G1RingRoundTest; AlarmSnoozeDstTest; CoverAlarmNotificationTest,,,,추가시험 제외(사용자 지시 2026-10-04),별도 Flip 커버 기기와 다중 동작 조합,2026-10-04,,실제 Flip 커버의 3종 끄기/재울림/충돌/경합 및 커버↔내부 채널 복원,자동 재개하지 않음,실행 제외·목록 보존,별도 Flip 커버 기기와 다중 동작 조합
RING-015,RING,Flip 커버,5분 후 시각에 B가 있을 때 스누즈,"추가 스누즈 없음; A 종료, B 유지, 충돌 안내·이력 일치",USB,기기연결대기,G1RingRoundTest; AlarmSnoozeDstTest; CoverAlarmNotificationTest,,,,추가시험 제외(사용자 지시 2026-10-04),별도 Flip 커버 기기와 다중 동작 조합,2026-10-04,,실제 Flip 커버의 3종 끄기/재울림/충돌/경합 및 커버↔내부 채널 복원,자동 재개하지 않음,실행 제외·목록 보존,별도 Flip 커버 기기와 다중 동작 조합
RING-016,RING,Flip 커버,끄기와 5분 후 거의 동시에 전달,최초 유효 액션만 반영; 중복 이력·잔여 소리 없음,USB,기기연결대기,G1RingRoundTest; AlarmSnoozeDstTest; CoverAlarmNotificationTest,,,,추가시험 제외(사용자 지시 2026-10-04),별도 Flip 커버 기기와 다중 동작 조합,2026-10-04,,실제 Flip 커버의 3종 끄기/재울림/충돌/경합 및 커버↔내부 채널 복원,자동 재개하지 않음,실행 제외·목록 보존,별도 Flip 커버 기기와 다중 동작 조합
RING-017,RING,기기 알람,재생 중 아무 조작 없이 기본 타임아웃까지 대기,자동 종료·관련 알림 정리·timeout 이력 1개,USB,PASS,G1RingRoundTest; G1WakeSyncTest,"PASS: 실제 무음 알람 수신→기본 3분 자동종료→timeout 이력→DB/OS 0 확인 | 2026-10-04 증거대조: SRTL에서 울림 시간을 임시1분으로 정하고 HOME 후 실제 Native 자동 종료·이력1·행삭제 확인, 원래 설정 복구. 기존 기본시간 PASS와 구분되는 추가 증거.",,build/usb_audit_2026-09-30/silent_timeout_device.vm.json; silent_timeout_os.json; build/srtl_2026-10-03_ultra/native_overlap_timeout_verified.log,필수·중요,기존 기능이라도 알람·갱신·복원·Firebase 위험이 큼,2026-10-04,"SRTL에서 울림 시간을 임시1분으로 정하고 HOME 후 실제 Native 자동 종료·이력1·행삭제 확인, 원래 설정 복구. 기존 기본시간 PASS와 구분되는 추가 증거.",없음(기존 증거 범위),재실행하지 않음,완료,기존 판정·증거 유지; 반복 실행하지 않음
RING-018,RING,기기 알람,사전 알림 20분 경계 진입→알람 수정/삭제,"사전 알림이 최신 예약과 일치, 삭제 후 유령 알림 없음",USB,PASS,G1RingRoundTest; G1WakeSyncTest,"PASS: 2026-10-04 USB 휴무 고정 무음 알람 실제 시간편집 +19분→+25분→+18분 및 실제 삭제. 8888 알림1→0→1→0, 미래 예약 보존. 기존 실제20분 경계 증거와 결합.",,r3_guard_native.log; r3_guard_inside_verified.json; r3_guard_deleted_verified.json; build/usb_audit_2026-10-04/ (guard_ui_inside.json; guard_ui_moved_outside.json; guard_ui_moved_inside.json; guard_ui_deleted.json; guard_ui_deleted_state.json),필수·중요,기존 기능이라도 알람·갱신·복원·Firebase 위험이 큼,2026-10-04,,없음(기존 증거와 2026-10-04 USB 추가 검증 결합),재실행하지 않음,완료,기존 판정·증거 유지; 반복 실행하지 않음
RING-019,RING,기기 알람,연속 알람 A→B 인계 중 A 액션,B 회차를 오래된 A 액션이 제어하지 않음,USB,PASS,G1RingRoundTest; G1WakeSyncTest,부분 확인: 2026-10-03 같은 ID의 실제 스누즈 재울림에서 이전 회차 끄기/스누즈 receiver는 새 회차·이력을 건드리지 않음. 서로 다른 ID A→B 인계 UI는 별도 미실행. notification_rounds.json | 2026-10-04 증거대조: 실제 잠금 알람 A→다른 ID B 연속 발생을 접힘/펼침에서 확인. A의 옛 끄기 receiver를 보내도 B는 유지되고 B 실제 UI 끄기 후 각 이력1·유령행0·DBOS 일치. 기존 같은 ID 회차 검증만 있던 공백을 충족했다.,,docs/next_version/잔여검증_실행기록_2026-10-03.txt; build/local_audit_2026-10-03 및 build/usb_audit_2026-10-03_remaining (비공개); 이전 증거는 10-02 기록; build/srtl_2026-10-03_ultra/native_overlap_timeout_verified.log,필수·중요,기존 기능이라도 알람·갱신·복원·Firebase 위험이 큼,2026-10-04,실제 잠금 알람 A→다른 ID B 연속 발생을 접힘/펼침에서 확인. A의 옛 끄기 receiver를 보내도 B는 유지되고 B 실제 UI 끄기 후 각 이력1·유령행0·DBOS 일치. 기존 같은 ID 회차 검증만 있던 공백을 충족했다.,없음(기존 증거 범위),재실행하지 않음,완료,기존 판정·증거 유지; 반복 실행하지 않음
RING-020,RING,기기 알람,이어폰·Bluetooth·통화·DND·볼륨0 조건,OS 정책 및 앱 설정에 따른 전달을 로그와 물리 소리 별도 판정,USB,기기연결대기,G1RingRoundTest; G1WakeSyncTest,,,,일반사용 대표검증,기존 기능이라도 알람·갱신·복원·Firebase 위험이 큼,2026-10-04,,실제 오디오 장치·통화·DND·볼륨 체감,사용자 직접 체감 대기. 소리/진동의 청각·촉각은 로그로 완료 처리하지 않음.,조건대기·대표검증,평소 쓰는 스피커·음량에서 알람 전달. 통화/Bluetooth/이어폰/DND/음량0의 전체 조합 제외. 현재 남은 조건: 사용자 직접 체감 대기. 소리/진동의 청각·촉각은 로그로 완료 처리하지 않음.
RING-021,RING,기기 알람,최근 앱 목록 제거 후 대기,일반 프로세스 종료와 강제중지 구분; 예약 전달·이력 확인,USB,PASS,G1RingRoundTest; G1WakeSyncTest,"PASS: 2026-10-03 개발 앱 최근카드 실제 제거 완료1790961653000 < 예약1790961730342, 그 뒤 실제 울림 회차20. 다른 앱 카드는 유지. recents_verified/recents_result.json; 이전 잘못된 순서 시험은 제외",,docs/next_version/잔여검증_실행기록_2026-10-03.txt; build/local_audit_2026-10-03 및 build/usb_audit_2026-10-03_remaining (비공개); 이전 증거는 10-02 기록,필수·중요,기존 기능이라도 알람·갱신·복원·Firebase 위험이 큼,2026-10-04,,없음(기존 증거 범위),재실행하지 않음,완료,기존 판정·증거 유지; 반복 실행하지 않음
RING-022,RING,기기 알람,Android 설정에서 강제중지 후 재실행,OS 강제중지 제한을 기록; 재실행 뒤 예약 회복,USB,수정 후 PASS,G1RingRoundTest; G1WakeSyncTest,"수정 후 PASS: 2026-10-02 API33 am force-stop 후 앱 열기: 기존 DB11/OS1만 복구되던 문제 수정. 첫 Activity 재개에서 백그라운드 전체재조정. 새APK 강제중지 OS0→재실행 OS11, 혼합 DB·예외 전부 동일. startup_fixed_result.json",,build/usb_audit_2026-10-02/ (비공개); docs/next_version/USB_재검증_2026-10-02.txt,필수·중요,기존 기능이라도 알람·갱신·복원·Firebase 위험이 큼,2026-10-04,,없음(기존 증거 범위),재실행하지 않음,완료,기존 판정·증거 유지; 반복 실행하지 않음
REFRESH-001,REFRESH,앱 재실행,고정·원터치·스누즈·개별 삭제/종류 예외가 섞인 데이터 준비→트리거,고정만 필요한 diff; 원터치/스누즈 보존; DB 예정 epoch와 OS 예약 대응; 중복/부활 없음,USB,수정 후 PASS,G1GenerationEngineTest; G1WakeSyncTest; AlarmSnoozeDstTest,수정 후 PASS: 2026-10-02 API33 강제중지→실제 Activity 콜드 시작. fixed/custom/snoozed+skip/set_type DB 그대로 OS11 복구. 당일 갱신완료 표시에 의한 전체 예약 복구 생략 수정. startup_fixed_*,,build/usb_audit_2026-10-02/ (비공개); docs/next_version/USB_재검증_2026-10-02.txt,필수·중요,기존 기능이라도 알람·갱신·복원·Firebase 위험이 큼,2026-10-04,,없음(기존 증거 범위),재실행하지 않음,완료,기존 판정·증거 유지; 반복 실행하지 않음
REFRESH-002,REFRESH,자정 Guard,고정·원터치·스누즈·개별 삭제/종류 예외가 섞인 데이터 준비→트리거,고정만 필요한 diff; 원터치/스누즈 보존; DB 예정 epoch와 OS 예약 대응; 중복/부활 없음,USB,PASS,G1GenerationEngineTest; G1WakeSyncTest; AlarmSnoozeDstTest,"PASS: 2026-10-02 API33 실제 연말 자정 고정+custom+snoozed+skip+set_type 혼합 모두 보존, 롤링1일만 추가 DBOS11. 삭제한 custom/snoozed 부활 없음. year_midnight_complete_*",,build/usb_audit_2026-10-02/ (비공개); docs/next_version/USB_재검증_2026-10-02.txt,필수·중요,기존 기능이라도 알람·갱신·복원·Firebase 위험이 큼,2026-10-04,,없음(기존 증거 범위),재실행하지 않음,완료,기존 판정·증거 유지; 반복 실행하지 않음
REFRESH-003,REFRESH,재부팅 잠금 해제 전,고정·원터치·스누즈·개별 삭제/종류 예외가 섞인 데이터 준비→트리거,고정만 필요한 diff; 원터치/스누즈 보존; DB 예정 epoch와 OS 예약 대응; 중복/부활 없음,USB,기기연결대기,G1GenerationEngineTest; G1WakeSyncTest; AlarmSnoozeDstTest,,,,추가시험 제외(사용자 지시 2026-10-04),재부팅 최초 잠금해제 전 mixed 특수 조건; 일반 재부팅 대표 검사 유지,2026-10-04,,재부팅 후 최초 잠금해제 전 mixed 예약 확인,자동 재개하지 않음,실행 제외·목록 보존,재부팅 최초 잠금해제 전 mixed 특수 조건; 일반 재부팅 대표 검사 유지
REFRESH-004,REFRESH,재부팅 잠금 해제 후,고정·원터치·스누즈·개별 삭제/종류 예외가 섞인 데이터 준비→트리거,고정만 필요한 diff; 원터치/스누즈 보존; DB 예정 epoch와 OS 예약 대응; 중복/부활 없음,USB,PASS,G1GenerationEngineTest; G1WakeSyncTest; AlarmSnoozeDstTest,"PASS: 2026-10-02 실제 재부팅 후 혼합 미래 예약9개가 원래 epoch와 전부 일치. boot_unlocked_comparison.json. 잠금전 CE 예외 수정 후 두 번째 재부팅도 완료, 일정알림 복구/삭제 알람 부활 없음.",,build/usb_audit_2026-10-02/ (비공개); docs/next_version/USB_재검증_2026-10-02.txt,필수·중요,기존 기능이라도 알람·갱신·복원·Firebase 위험이 큼,2026-10-04,,없음(기존 증거 범위),재실행하지 않음,완료,기존 판정·증거 유지; 반복 실행하지 않음
REFRESH-005,REFRESH,앱 덮어쓰기 업데이트,고정·원터치·스누즈·개별 삭제/종류 예외가 섞인 데이터 준비→트리거,고정만 필요한 diff; 원터치/스누즈 보존; DB 예정 epoch와 OS 예약 대응; 중복/부활 없음,USB,PASS,G1GenerationEngineTest; G1WakeSyncTest; AlarmSnoozeDstTest,"PASS: 2026-10-02 원터치·실제 스누즈·고정·set_type/skip 혼합으로 실제 APK 덮어쓰기. 전체행/예외 동일, DB/OS9. mixed_update_*",,build/usb_audit_2026-10-02/ (비공개); docs/next_version/USB_재검증_2026-10-02.txt,필수·중요,기존 기능이라도 알람·갱신·복원·Firebase 위험이 큼,2026-10-04,,없음(기존 증거 범위),재실행하지 않음,완료,기존 판정·증거 유지; 반복 실행하지 않음
REFRESH-006,REFRESH,정확한 알람 권한 재허용,고정·원터치·스누즈·개별 삭제/종류 예외가 섞인 데이터 준비→트리거,고정만 필요한 diff; 원터치/스누즈 보존; DB 예정 epoch와 OS 예약 대응; 중복/부활 없음,USB,PASS,G1GenerationEngineTest; G1WakeSyncTest; AlarmSnoozeDstTest,"PASS: 2026-10-04 USE_EXACT_ALARM만 뺀 임시 dev APK에서 시스템 스위치 실제 거부→재허용. fixed/custom/snooze12행·skip/set_type·ID 불변, OS12 복구. 내부 permission flag 모의 아님.",,; build/usb_audit_2026-10-04/exact_alarm_permission.xml; build/usb_audit_2026-10-04/permission_mixed_result.json; permission_mixed_*; exact_switch_*.xml,필수·중요,기존 기능이라도 알람·갱신·복원·Firebase 위험이 큼,2026-10-04,,없음(기재한 시험 범위),재실행하지 않음,완료,기존 판정·증거 유지; 반복 실행하지 않음
REFRESH-007,REFRESH,시간대 변경,고정·원터치·스누즈·개별 삭제/종류 예외가 섞인 데이터 준비→트리거,고정만 필요한 diff; 원터치/스누즈 보존; DB 예정 epoch와 OS 예약 대응; 중복/부활 없음,USB,수정 후 PASS,G1GenerationEngineTest; G1WakeSyncTest; AlarmSnoozeDstTest,"수정 후 PASS: 2026-10-03 고정+원터치+실제 스누즈+skip/set_type을 NY→London→Seoul 이동. 세 지역 DB9 OS9 및 스누즈/예외 원본 동일. 과거 고정 OS취소는 별도Kiritimati 실증, Native 혼합5행 회귀도 통과. mixed_zones_retry",,docs/next_version/잔여검증_실행기록_2026-10-03.txt; build/local_audit_2026-10-03 및 build/usb_audit_2026-10-03_remaining (비공개); 이전 증거는 10-02 기록,필수·중요,기존 기능이라도 알람·갱신·복원·Firebase 위험이 큼,2026-10-04,,없음(기존 증거 범위),재실행하지 않음,완료,기존 판정·증거 유지; 반복 실행하지 않음
REFRESH-008,REFRESH,수동 시각 변경,고정·원터치·스누즈·개별 삭제/종류 예외가 섞인 데이터 준비→트리거,고정만 필요한 diff; 원터치/스누즈 보존; DB 예정 epoch와 OS 예약 대응; 중복/부활 없음,USB,PASS,G1GenerationEngineTest; G1WakeSyncTest; AlarmSnoozeDstTest,PASS: 2026-10-02 API33 실제 시계 변경 후 혼합 fixed/custom/snoozed+skip/set_type 전체행·DBOS11 동일. mixed_lifecycle_time_*; 과거로 넘어가는 고정 예약 정책은 REFRESH007 별도 검토.,,build/usb_audit_2026-10-02/ (비공개); docs/next_version/USB_재검증_2026-10-02.txt,필수·중요,기존 기능이라도 알람·갱신·복원·Firebase 위험이 큼,2026-10-04,,없음(기존 증거 범위),재실행하지 않음,완료,기존 판정·증거 유지; 반복 실행하지 않음
REFRESH-009,REFRESH,달력 근무 수정 / 설정 / 갱신 엔진,날짜 근무 A→B→A,인접 실제 날짜 재생성; 바뀐 배정의 오래된 예외 정리,USB,PASS,g1_override_state_test; g1_generation_fixture_test; G1GenerationEngineTest,"PASS: 실제 DB 배정 A→B→A, 타입 예외 제거 및 현재 템플릿 복귀 | 2026-10-04 증거대조: Native 근무 A→B→A, 옛 예외 제거·현재 템플릿 복귀를 SRTL에서 추가 확인.",,build/usb_audit_2026-09-30/r3_refresh_*; build/srtl_2026-10-03_ultra/native_refresh_remaining.log,필수·중요,기존 기능이라도 알람·갱신·복원·Firebase 위험이 큼,2026-10-04,"Native 근무 A→B→A, 옛 예외 제거·현재 템플릿 복귀를 SRTL에서 추가 확인.",없음(기존 증거 범위),재실행하지 않음,완료,기존 판정·증거 유지; 반복 실행하지 않음
REFRESH-010,REFRESH,달력 근무 수정 / 설정 / 갱신 엔진,템플릿 시각 A→B→A,같은 ID/예외를 무조건 재사용하지 않음; 현 원본 일치,USB,PASS,g1_override_state_test; g1_generation_fixture_test; G1GenerationEngineTest,"PASS: 템플릿 시각 A→B→A, 오래된 타입 예외 미복원 | 2026-10-04 증거대조: 템플릿 시각 왕복 전환에서 현재 소스 기반 생성 추가 확인.",,build/usb_audit_2026-09-30/r3_refresh_*; build/srtl_2026-10-03_ultra/native_refresh_remaining.log,필수·중요,기존 기능이라도 알람·갱신·복원·Firebase 위험이 큼,2026-10-04,템플릿 시각 왕복 전환에서 현재 소스 기반 생성 추가 확인.,없음(기존 증거 범위),재실행하지 않음,완료,기존 판정·증거 유지; 반복 실행하지 않음
REFRESH-011,REFRESH,달력 근무 수정 / 설정 / 갱신 엔진,근무명 A/B 맞교환,템플릿·근무표·시간 설정의 참조 일괄 변경,USB,수정 후 PASS,g1_override_state_test; g1_generation_fixture_test; G1GenerationEngineTest,수정 후 PASS: 2026-10-04 USB 근무명 맞교환 후 DB는 올바르나 근무시간 provider 캐시가 이전 이름에 남는 결함 재현. 이름 저장 후 provider.refresh 추가. 새 APK에서 실제 저장·재진입 시 주간20:00–06:00/야간08:00–16:30 일치.,,build/usb_audit_2026-09-30/r3_* (실제 결과/스크린샷); build/srtl_2026-10-03_ultra/native_refresh_remaining.log; build/usb_audit_2026-10-04/ (rename_fixed_ui_saved.json; rename_fixed_work_hours_ui.png; rename_fixed_work_hours_reopen.png),필수·중요,기존 기능이라도 알람·갱신·복원·Firebase 위험이 큼,2026-10-04,근무명 맞교환 템플릿 identity·Native 참조 일치 추가 확인. 근무시간 설정 참조의 실제 화면 왕복 조건은 남는다.,없음(기존 증거와 2026-10-04 USB 추가 검증 결합),재실행하지 않음,완료,기존 판정·증거 유지; 반복 실행하지 않음
REFRESH-012,REFRESH,달력 근무 수정 / 설정 / 갱신 엔진,여러 날짜 일괄배정과 Native 갱신 경합,커밋된 일정에 수렴; 서로 다른 스냅샷 혼합 없음,USB,PASS,g1_override_state_test; g1_generation_fixture_test; G1GenerationEngineTest,"PASS: 2026-10-04 USB 10/6·10/7 실제 다중선택→주간 배정 처리 창에 Native갱신20회 중첩. 고정/원터치 보존, DB10/OS10 수렴. 정확한 내부 스레드 충돌 시점 강제와는 구분.",,build/usb_audit_2026-09-30/r3_* (실제 결과/스크린샷); build/srtl_2026-10-03_ultra/native_refresh_remaining.log; build/usb_audit_2026-10-04/ (bulk_race_before.json; bulk_race_after.json; bulk_native_worker.json),필수·중요,기존 기능이라도 알람·갱신·복원·Firebase 위험이 큼,2026-10-04,실제 Native/DB 갱신 경합 최종 일정 수렴 추가 확인. 여러 날짜 일괄배정 UI 경로까지 실행한 증거는 아님.,없음(기존 증거와 2026-10-04 USB 추가 검증 결합),재실행하지 않음,완료,기존 판정·증거 유지; 반복 실행하지 않음
REFRESH-013,REFRESH,달력 근무 수정 / 설정 / 갱신 엔진,동일 설정으로 연속 갱신,유효 ID 유지·불필요 이력 증가/중복 OS 예약 없음,USB,PASS,g1_override_state_test; g1_generation_fixture_test; G1GenerationEngineTest,"PASS: Native 갱신 전후 ID·이력·생성로그 불변, DB/OS 일치 | 2026-10-04 증거대조: 반복 갱신 멱등성·원터치/예외 보존·DB50OS50 확인. 이력만 삭제해도 미래 예약/근무/조 유지 및 재갱신 때 삭제 이력 부활 없음 추가 확인.",,build/usb_audit_2026-09-30/r3_refresh_*; build/srtl_2026-10-03_ultra_final/active_delete_reset_final.log,필수·중요,기존 기능이라도 알람·갱신·복원·Firebase 위험이 큼,2026-10-04,반복 갱신 멱등성·원터치/예외 보존·DB50OS50 확인. 이력만 삭제해도 미래 예약/근무/조 유지 및 재갱신 때 삭제 이력 부활 없음 추가 확인.,없음(기존 증거 범위),재실행하지 않음,완료,기존 판정·증거 유지; 반복 실행하지 않음
REFRESH-014,REFRESH,달력 근무 수정 / 설정 / 갱신 엔진,고정 생성 중 DB 실패,트랜잭션 롤백; 커밋 전 OS 예약하지 않음,USB,수정 후 PASS,g1_override_state_test; g1_generation_fixture_test; G1GenerationEngineTest,수정 후 PASS: 실제 Native INSERT 실패 전체 롤백 및 실패 제거 후 재시도 통과. 회귀 12개 통과 | 2026-10-04 증거대조: Native INSERT 실패 롤백 및 실패 제거 후 전체 창 복구를 추가 확인.,,build/usb_audit_2026-09-30/r3_* (실제 결과/스크린샷); build/srtl_2026-10-03_ultra/native_refresh_remaining.log,필수·중요,기존 기능이라도 알람·갱신·복원·Firebase 위험이 큼,2026-10-04,Native INSERT 실패 롤백 및 실패 제거 후 전체 창 복구를 추가 확인.,없음(기존 증거 범위),재실행하지 않음,완료,기존 판정·증거 유지; 반복 실행하지 않음
REFRESH-015,REFRESH,달력 근무 수정 / 설정 / 갱신 엔진,DB 커밋 직후 OS 예약 일부 실패,실패 ID 추적·재시도; 이미 성공한 ID 중복 없음,USB,PASS,g1_override_state_test; g1_generation_fixture_test; G1GenerationEngineTest,"PASS: 2026-10-04 실제 USB Native 엔진의 기존 실패주입 seam에서 2번째 OS 등록만 예외. 커밋 후 호출 검증, DB12 유지/실제 OS11, 실패ID1 추적→재시도 후 OS12 및 중복0. 일반 권한 전체거부 시험과 구분.",,; build/usb_audit_2026-10-04/native_partial_result.json; native_partial_instrumentation.log; native_partial*_alarmmanager.txt,필수·중요,기존 기능이라도 알람·갱신·복원·Firebase 위험이 큼,2026-10-04,,없음(기재한 시험 범위),재실행하지 않음,완료,기존 판정·증거 유지; 반복 실행하지 않음
REFRESH-016,REFRESH,달력 근무 수정 / 설정 / 갱신 엔진,10일 롤링 마지막 날·11일째 및 전후날 기여,지정 범위와 인접 근무 기여 누락 없음,USB,PASS,g1_override_state_test; g1_generation_fixture_test; G1GenerationEngineTest,"PASS: 2026-10-02 기존10일/11일 및 창밖배정 로컬 검사에 더해 API33 실제12월31일→1월1일 자정. 미래9일 유지/마지막1일만 추가, 첫날skip·custom·snoozed 보존 DBOS10→11. year_midnight_* | 2026-10-04 증거대조: 현재 창 정확히10일·11번째날 제외 추가 확인. 기존 실제 연말 자정 증거는 유지.",,build/usb_audit_2026-10-02/ (비공개); docs/next_version/USB_재검증_2026-10-02.txt; build/srtl_2026-10-03_ultra/native_refresh_remaining.log,필수·중요,기존 기능이라도 알람·갱신·복원·Firebase 위험이 큼,2026-10-04,현재 창 정확히10일·11번째날 제외 추가 확인. 기존 실제 연말 자정 증거는 유지.,없음(기존 증거 범위),재실행하지 않음,완료,기존 판정·증거 유지; 반복 실행하지 않음
REFRESH-017,REFRESH,달력 근무 수정 / 설정 / 갱신 엔진,개별 override 29/30/31일 경과,보존/정리 경계가 코드 정책대로 동작,USB,PASS,g1_override_state_test; g1_generation_fixture_test; G1GenerationEngineTest,"PASS: 29일 예외 보존, 30/31일 경과 예외 정리 | 2026-10-04 증거대조: 29/30/31일 예외 보존/정리 추가 확인.",,build/usb_audit_2026-09-30/r3_refresh_*; build/srtl_2026-10-03_ultra/native_refresh_remaining.log,필수·중요,기존 기능이라도 알람·갱신·복원·Firebase 위험이 큼,2026-10-04,29/30/31일 예외 보존/정리 추가 확인.,없음(기존 증거 범위),재실행하지 않음,완료,기존 판정·증거 유지; 반복 실행하지 않음
REFRESH-018,REFRESH,달력 근무 수정 / 설정 / 갱신 엔진,같은 실제 시각 전날/당일/다음날 템플릿 경쟁,"당일 우선, 지정 우선순위 일치; 1개 예약",USB,PASS,g1_override_state_test; g1_generation_fixture_test; G1GenerationEngineTest,PASS: 같은 시각 전날/당일/다음날 중 당일 하나로 실제 Native 생성 | 2026-10-04 증거대조: 전날/당일/다음날 같은 시각 충돌에서 당일 우선 추가 확인.,,build/usb_audit_2026-09-30/r3_* (실제 결과/스크린샷); build/srtl_2026-10-03_ultra/native_refresh_remaining.log,필수·중요,기존 기능이라도 알람·갱신·복원·Firebase 위험이 큼,2026-10-04,전날/당일/다음날 같은 시각 충돌에서 당일 우선 추가 확인.,없음(기존 증거 범위),재실행하지 않음,완료,기존 판정·증거 유지; 반복 실행하지 않음
DST-001,DST,잠금/오버레이/알림 중 각각 별도 회차,New York 2026-11-01 00:59에서 스누즈 → 첫 01:04,실제 300초; offset DB·OS epoch·첫/둘째 표시·이력 일치. 기기 시간 변경 전 원래 값 기록,USB,부분 확인,AlarmSnoozeDstTest; alarm_snooze_instant_test; 스누즈_DST_보완_2026-09-30.md,부분 확인: 2026-10-02 격리 API33 실제 OS 발생→현재 회차 알림 receiver 스누즈→목표 epoch 재발생 통과. 300초 실제 대기/잠금·오버레이·알림 UI 각각은 미완. 에뮬레이터_DST_검증_2026-10-02.txt,,build/usb_audit_2026-10-02/ (비공개); docs/next_version/USB_재검증_2026-10-02.txt,추가시험 제외(사용자 지시 2026-10-04),지역 DST와 잠금·이동·종료의 세부 조합; 기존 시간대 수정/검증 증거 유지,2026-10-04,,DST 경계의 잠금/오버레이/알림 UI별 실제 회차,자동 재개하지 않음,실행 제외·목록 보존,지역 DST와 잠금·이동·종료의 세부 조합; 기존 시간대 수정/검증 증거 유지
DST-002,DST,잠금/오버레이/알림 중 각각 별도 회차,New York 2026-11-01 첫 01:58에서 스누즈 → 둘째 01:03,실제 300초; offset DB·OS epoch·첫/둘째 표시·이력 일치. 기기 시간 변경 전 원래 값 기록,USB,부분 확인,AlarmSnoozeDstTest; alarm_snooze_instant_test; 스누즈_DST_보완_2026-09-30.md,부분 확인: 2026-10-02 격리 API33 실제 OS 발생→현재 회차 알림 receiver 스누즈→목표 epoch 재발생 통과. 300초 실제 대기/잠금·오버레이·알림 UI 각각은 미완. 에뮬레이터_DST_검증_2026-10-02.txt,,build/usb_audit_2026-10-02/ (비공개); docs/next_version/USB_재검증_2026-10-02.txt,추가시험 제외(사용자 지시 2026-10-04),지역 DST와 잠금·이동·종료의 세부 조합; 기존 시간대 수정/검증 증거 유지,2026-10-04,,DST 경계의 잠금/오버레이/알림 UI별 실제 회차,자동 재개하지 않음,실행 제외·목록 보존,지역 DST와 잠금·이동·종료의 세부 조합; 기존 시간대 수정/검증 증거 유지
DST-003,DST,잠금/오버레이/알림 중 각각 별도 회차,London 2026-10-25 00:59에서 스누즈 → 첫 01:04,실제 300초; offset DB·OS epoch·첫/둘째 표시·이력 일치. 기기 시간 변경 전 원래 값 기록,USB,부분 확인,AlarmSnoozeDstTest; alarm_snooze_instant_test; 스누즈_DST_보완_2026-09-30.md,부분 확인: 2026-10-02 격리 API33 실제 OS 발생→현재 회차 알림 receiver 스누즈→목표 epoch 재발생 통과. 300초 실제 대기/잠금·오버레이·알림 UI 각각은 미완. 에뮬레이터_DST_검증_2026-10-02.txt,,build/usb_audit_2026-10-02/ (비공개); docs/next_version/USB_재검증_2026-10-02.txt,추가시험 제외(사용자 지시 2026-10-04),지역 DST와 잠금·이동·종료의 세부 조합; 기존 시간대 수정/검증 증거 유지,2026-10-04,,DST 경계의 잠금/오버레이/알림 UI별 실제 회차,자동 재개하지 않음,실행 제외·목록 보존,지역 DST와 잠금·이동·종료의 세부 조합; 기존 시간대 수정/검증 증거 유지
DST-004,DST,잠금/오버레이/알림 중 각각 별도 회차,London 2026-10-25 첫 01:58에서 스누즈 → 둘째 01:03,실제 300초; offset DB·OS epoch·첫/둘째 표시·이력 일치. 기기 시간 변경 전 원래 값 기록,USB,부분 확인,AlarmSnoozeDstTest; alarm_snooze_instant_test; 스누즈_DST_보완_2026-09-30.md,부분 확인: 2026-10-02 격리 API33 실제 OS 발생→현재 회차 알림 receiver 스누즈→목표 epoch 재발생 통과. 300초 실제 대기/잠금·오버레이·알림 UI 각각은 미완. 에뮬레이터_DST_검증_2026-10-02.txt,,build/usb_audit_2026-10-02/ (비공개); docs/next_version/USB_재검증_2026-10-02.txt,추가시험 제외(사용자 지시 2026-10-04),지역 DST와 잠금·이동·종료의 세부 조합; 기존 시간대 수정/검증 증거 유지,2026-10-04,,DST 경계의 잠금/오버레이/알림 UI별 실제 회차,자동 재개하지 않음,실행 제외·목록 보존,지역 DST와 잠금·이동·종료의 세부 조합; 기존 시간대 수정/검증 증거 유지
DST-005,DST,잠금/오버레이/알림 중 각각 별도 회차,New York 2026-03-08 01:58에서 스누즈 → 03:03,실제 300초; offset DB·OS epoch·첫/둘째 표시·이력 일치. 기기 시간 변경 전 원래 값 기록,USB,부분 확인,AlarmSnoozeDstTest; alarm_snooze_instant_test; 스누즈_DST_보완_2026-09-30.md,부분 확인: 2026-10-02 격리 API33 실제 OS 발생→현재 회차 알림 receiver 스누즈→목표 epoch 재발생 통과. 300초 실제 대기/잠금·오버레이·알림 UI 각각은 미완. 에뮬레이터_DST_검증_2026-10-02.txt,,build/usb_audit_2026-10-02/ (비공개); docs/next_version/USB_재검증_2026-10-02.txt,추가시험 제외(사용자 지시 2026-10-04),지역 DST와 잠금·이동·종료의 세부 조합; 기존 시간대 수정/검증 증거 유지,2026-10-04,,DST 경계의 잠금/오버레이/알림 UI별 실제 회차,자동 재개하지 않음,실행 제외·목록 보존,지역 DST와 잠금·이동·종료의 세부 조합; 기존 시간대 수정/검증 증거 유지
DST-006,DST,다음알람 / 이력 / OS 예약,첫 01:04 스누즈와 둘째 01:04 고정 동시 존재,표시는 같아도 실제 epoch가 다르므로 둘 다 유지,USB,부분 확인,alarm_dst_test; AlarmDstTest; alarm_snooze_backup_test,부분 확인: 2026-10-02 API33 첫01:04 스누즈/둘째01:04 고정 DB와 OS 서로 다른 epoch로 동시 유지. 다음알람·이력의 동일표시 구분 UI는 미완. fixed_fold_two_occurrences_os,,build/usb_audit_2026-10-02/ (비공개); docs/next_version/USB_재검증_2026-10-02.txt,추가시험 제외(사용자 지시 2026-10-04),지역 DST와 잠금·이동·종료의 세부 조합; 기존 시간대 수정/검증 증거 유지,2026-10-04,,DST 두시각 공존/이동/프로세스종료의 미실행 세부 연결,자동 재개하지 않음,실행 제외·목록 보존,지역 DST와 잠금·이동·종료의 세부 조합; 기존 시간대 수정/검증 증거 유지
DST-007,DST,다음알람 / 이력 / OS 예약,스누즈 중 뉴욕→런던→서울 이동,실제 목표시점 유지; 현재 시간대로 표시,USB,부분 확인,alarm_dst_test; AlarmDstTest; alarm_snooze_backup_test,부분 확인: 2026-10-02 API33 NY→London→Seoul→NY 스누즈 절대시각 DBOS1 유지. 현재 시간대 표시 UI는 미완. mixed fixed 옛 예약 잔류는 REFRESH007 별도 결함.,,build/usb_audit_2026-10-02/ (비공개); docs/next_version/USB_재검증_2026-10-02.txt,추가시험 제외(사용자 지시 2026-10-04),지역 DST와 잠금·이동·종료의 세부 조합; 기존 시간대 수정/검증 증거 유지,2026-10-04,,DST 두시각 공존/이동/프로세스종료의 미실행 세부 연결,자동 재개하지 않음,실행 제외·목록 보존,지역 DST와 잠금·이동·종료의 세부 조합; 기존 시간대 수정/검증 증거 유지
DST-008,DST,다음알람 / 이력 / OS 예약,스누즈 중 재부팅/프로세스 종료/백업 복원,이월·재예약 시 offset 보존; 첫 시각이 둘째로 밀리지 않음,USB,부분 확인,alarm_dst_test; AlarmDstTest; alarm_snooze_backup_test,부분 확인: 2026-10-02 첫 회차01:04-04 스누즈 실제 백업 덮어쓰기→격리 API33 실제 재부팅 후 ID54/epoch1793509440000 DB·OS 보존. 일반 프로세스 종료 전용 경로는 별도 미완. dst_restore_*/dst_boot_result.json,,build/usb_audit_2026-10-02/ (비공개); docs/next_version/USB_재검증_2026-10-02.txt,추가시험 제외(사용자 지시 2026-10-04),지역 DST와 잠금·이동·종료의 세부 조합; 기존 시간대 수정/검증 증거 유지,2026-10-04,,DST 두시각 공존/이동/프로세스종료의 미실행 세부 연결,자동 재개하지 않음,실행 제외·목록 보존,지역 DST와 잠금·이동·종료의 세부 조합; 기존 시간대 수정/검증 증거 유지
DST-009,DST,다음알람 / 이력 / OS 예약,봄 존재하지 않는 고정 현지 시각,gap 간격 앞으로 보정; 실제 중복은 한 번,USB,PASS,alarm_dst_test; AlarmDstTest; alarm_snooze_backup_test,"PASS: 2026-10-02 격리 API33 실제 NY 봄02:30 고정→03:30. Native 생성/Dart Alarm.fromMap/실제 OS10예약 일치, 중복 없음. emulator_audit_2026-10-02/fixed_gap_*",,build/usb_audit_2026-10-02/ (비공개); docs/next_version/USB_재검증_2026-10-02.txt,필수·로컬,알람 시각 정확성; 시간대 모의·단위 증거로 판정,2026-10-04,,없음(기존 증거 범위),재실행하지 않음,완료,기존 판정·증거 유지; 반복 실행하지 않음
DST-010,DST,다음알람 / 이력 / OS 예약,가을 중복되는 고정 현지 시각,둘째 시각 한 번; Dart/Native 계산 일치,USB,PASS,alarm_dst_test; AlarmDstTest; alarm_snooze_backup_test,PASS: 2026-10-02 격리 API33 실제 NY 가을01:04 고정은 둘째06:04UTC로1건. Native 생성/Dart/OS10 일치. 별도 첫회차 스누즈도 함께 보존. fixed_fold_*,,build/usb_audit_2026-10-02/ (비공개); docs/next_version/USB_재검증_2026-10-02.txt,필수·로컬,알람 시각 정확성; 시간대 모의·단위 증거로 판정,2026-10-04,,없음(기존 증거 범위),재실행하지 않음,완료,기존 판정·증거 유지; 반복 실행하지 않음
DST-011,DST,다음알람 / 이력 / OS 예약,구버전 offset 없는 반복 시간 데이터,어느 회차였는지 복구했다고 주장하지 않음; 호환 읽기,USB,PASS(현 정책),alarm_dst_test; AlarmDstTest; alarm_snooze_backup_test,PASS(현 정책): 2026-10-02 격리 API33 offset없는 legacy snoozed01:04 입력. 호환 정책 둘째시각으로 Dart/NativeOS 일치. 원래 첫/둘째 회차 복구라고 주장하지 않음. legacy_fold_*,,build/usb_audit_2026-10-02/ (비공개); docs/next_version/USB_재검증_2026-10-02.txt,필수·로컬,알람 시각 정확성; 시간대 모의·단위 증거로 판정,2026-10-04,,없음(기존 증거 범위),재실행하지 않음,완료,기존 판정·증거 유지; 반복 실행하지 않음
BACKUP-001,BACKUP,설정 백업/복원 및 중단 복구,직접→자동→직접→자동 저장,각 슬롯 최신 1개; 서로의 정상 파일을 삭제하지 않음,USB,PASS,full_audit_critical_test; cross_review_backup_friend_test; BackupFileReaderTest; BackupFileNamingTest,"PASS: 2026-10-02 직접/자동 저장과 파일 읽기 검증, 기존 슬롯 실기기 증거에 추가. backup_changes_and_queue",,build/usb_audit_2026-10-02/ (비공개); docs/next_version/USB_재검증_2026-10-02.txt,필수·중요,기존 기능이라도 알람·갱신·복원·Firebase 위험이 큼,2026-10-04,,없음(기존 증거 범위),재실행하지 않음,완료,기존 판정·증거 유지; 반복 실행하지 않음
BACKUP-002,BACKUP,설정 백업/복원 및 중단 복구,직접/자동 동시 요청 및 저장 중 추가 변경,종류별 대기 병합 후 직렬 실행; 마지막 변경 반영,USB,PASS,full_audit_critical_test; cross_review_backup_friend_test; BackupFileReaderTest; BackupFileNamingTest,PASS: 2026-10-02 직접 저장 중 메모 편집 후 자동/직접 큐. 완료파일 최신 편집 포함. backup_changes_and_queue,,build/usb_audit_2026-10-02/ (비공개); docs/next_version/USB_재검증_2026-10-02.txt,필수·중요,기존 기능이라도 알람·갱신·복원·Firebase 위험이 큼,2026-10-04,,없음(기존 증거 범위),재실행하지 않음,완료,기존 판정·증거 유지; 반복 실행하지 않음
BACKUP-003,BACKUP,설정 백업/복원 및 중단 복구,백업 내용 동일→설정만 변경→메모만 변경,동일 자동 백업 생략; 설정/데이터 변경은 지문 변화,USB,PASS,full_audit_critical_test; cross_review_backup_friend_test; BackupFileReaderTest; BackupFileNamingTest,"PASS: 2026-10-02 내용동일 skip, 설정만/메모만 변경시 자동백업시각 변경. backup_changes_and_queue",,build/usb_audit_2026-10-02/ (비공개); docs/next_version/USB_재검증_2026-10-02.txt,필수·중요,기존 기능이라도 알람·갱신·복원·Firebase 위험이 큼,2026-10-04,,없음(기존 증거 범위),재실행하지 않음,완료,기존 판정·증거 유지; 반복 실행하지 않음
BACKUP-004,BACKUP,설정 백업/복원 및 중단 복구,스케줄 초기화 직후 자동 백업,빈 근무표로 정상 자동 슬롯 덮어쓰지 않음,USB,PASS,full_audit_critical_test; cross_review_backup_friend_test; BackupFileReaderTest; BackupFileNamingTest,PASS: 근무표가 빈 상태에서 자동 백업 성공 시각/내용지문 불변,,build/usb_audit_2026-09-30/r3_* (실제 결과/스크린샷),필수·중요,기존 기능이라도 알람·갱신·복원·Firebase 위험이 큼,2026-10-04,,없음(기존 증거 범위),재실행하지 않음,완료,기존 판정·증거 유지; 반복 실행하지 않음
BACKUP-005,BACKUP,설정 백업/복원 및 중단 복구,이전 단일슬롯 형식→첫 두슬롯 저장,성공 후에만 구파일 정리; 실패 시 정상 사본 유지,USB,PASS,full_audit_critical_test; cross_review_backup_friend_test; BackupFileReaderTest; BackupFileNamingTest,"PASS: 2026-10-04 실제 Native writer/MediaStore를 고유 시험 접두어·별도 prefs로 실행. 검증 실패에는 기존4파일·메타 동일. 직접저장 성공에는 옛2파일/자동 유지; 자동저장 성공 후에만 옛2파일과 이전자동 제거, 직접슬롯 유지. 원래 사용자 백업 hash/메타 불변, 시험파일 제거.",,build/usb_audit_2026-10-02/ (비공개); docs/next_version/USB_재검증_2026-10-02.txt; build/usb_audit_2026-10-04/native_backup_storage_result.json; native_backup_storage.log,필수·중요,기존 기능이라도 알람·갱신·복원·Firebase 위험이 큼,2026-10-04,,없음(기재한 시험 범위),재실행하지 않음,완료,기존 판정·증거 유지; 반복 실행하지 않음
BACKUP-006,BACKUP,설정 백업/복원 및 중단 복구,MediaStore 쓰기 실패·공간 부족·검증 읽기 실패,이전 정상 파일 유지; 마지막 성공시각/지문 거짓 갱신 없음,USB,부분 확인,full_audit_critical_test; cross_review_backup_friend_test; BackupFileReaderTest; BackupFileNamingTest,"부분 확인: 16MB 초과 실제 저장 검증 실패 시 기존 두 슬롯 SHA256 불변·성공시각 불변. 저장소 가득참/권한회수 별도; 2026-10-04 실제 pending MediaStore 시험행을 저장 중 제거하여 Native 쓰기/검증 실패 유발. 이전 두슬롯 hash/URI메타 유지, 원래 사용자 백업 불변. 저장소 강제고갈은 하지 않음.",,build/usb_audit_2026-09-30/r3_backup_oversize_write*;r3_oversize*; build/usb_audit_2026-10-04/native_backup_storage_result.json,추가시험 제외(사용자 지시 2026-10-04),고갈·권한 강제회수·울림 직전 복원·연속 회차/OS 실패 주입; 기존 복원/실패 증거 유지,2026-10-04,,실제 공간부족 조건(개인폰 공간 강제고갈 금지); 나머지 실패 검증 증거 재사용,자동 재개하지 않음,실행 제외·목록 보존,고갈·권한 강제회수·울림 직전 복원·연속 회차/OS 실패 주입; 기존 복원/실패 증거 유지
BACKUP-007,BACKUP,설정 백업/복원 및 중단 복구,파일 선택 취소·권한 취소,현 DB/설정/예약 불변,USB,부분 확인,full_audit_critical_test; cross_review_backup_friend_test; BackupFileReaderTest; BackupFileNamingTest,"부분 확인: 2026-10-02 실제 SAF 뒤로가기 반복 후 dev MainActivity 복귀까지 확인. 전체 tables/preferences 동일 DBOS1. 권한 회수는 별도 미완. export_picker_before/after, picker_cancel_os",,build/usb_audit_2026-10-02/ (비공개); docs/next_version/USB_재검증_2026-10-02.txt,추가시험 제외(사용자 지시 2026-10-04),고갈·권한 강제회수·울림 직전 복원·연속 회차/OS 실패 주입; 기존 복원/실패 증거 유지,2026-10-04,,SAF 접근권한 취소 경로,자동 재개하지 않음,실행 제외·목록 보존,고갈·권한 강제회수·울림 직전 복원·연속 회차/OS 실패 주입; 기존 복원/실패 증거 유지
BACKUP-008,BACKUP,설정 백업/복원 및 중단 복구,잘린 JSON·빈 파일·초과 크기·지원하지 않는 버전,변경 전 거절; 원본 파일 보존,USB,수정 후 PASS,full_audit_critical_test; cross_review_backup_friend_test; BackupFileReaderTest; BackupFileNamingTest,"수정 후 PASS: 2026-10-02 실제 SAF 빈파일/잘린JSON/다른앱JSON 거절. 초과16MiB 무안내 수정 후 실제 오류안내/데이터·OS1 불변. schema999 실제 확인버튼→검증거절, 복원작업·잠금 없음/원본파일 불변. bad_picker_*, unsupported_*, backup_picker_result_test 2PASS",,build/usb_audit_2026-10-02/ (비공개); docs/next_version/USB_재검증_2026-10-02.txt,필수·중요,기존 기능이라도 알람·갱신·복원·Firebase 위험이 큼,2026-10-04,,없음(기존 증거 범위),재실행하지 않음,완료,기존 판정·증거 유지; 반복 실행하지 않음
BACKUP-009,BACKUP,설정 백업/복원 및 중단 복구,필수 테이블/열 누락·자료형 오류·허용 안 된 시스템 테이블,검증에서 거절; DB/OS 변경 없음,USB,PASS,full_audit_critical_test; cross_review_backup_friend_test; BackupFileReaderTest; BackupFileNamingTest,PASS: 실제 dev DB에서 손상 입력 거절 및 무변경 확인,,build/usb_audit_2026-09-30/invalid_backup_matrix_device.vm.json,필수·중요,기존 기능이라도 알람·갱신·복원·Firebase 위험이 큼,2026-10-04,,없음(기존 증거 범위),재실행하지 않음,완료,기존 판정·증거 유지; 반복 실행하지 않음
BACKUP-010,BACKUP,설정 백업/복원 및 중단 복구,2월30일·13월·24시·60분·60초·잘못된 assigned_day,다른 시각으로 정규화하지 않고 거절,USB,PASS,full_audit_critical_test; cross_review_backup_friend_test; BackupFileReaderTest; BackupFileNamingTest,PASS: 실제 dev DB에서 손상 입력 거절 및 무변경 확인,,build/usb_audit_2026-09-30/invalid_backup_matrix_device.vm.json,필수·중요,기존 기능이라도 알람·갱신·복원·Firebase 위험이 큼,2026-10-04,,없음(기존 증거 범위),재실행하지 않음,완료,기존 판정·증거 유지; 반복 실행하지 않음
BACKUP-011,BACKUP,설정 백업/복원 및 중단 복구,고정/스누즈가 포함된 편집 백업,복원 입력 거절; 정상 export는 미래 custom만 포함,USB,PASS,full_audit_critical_test; cross_review_backup_friend_test; BackupFileReaderTest; BackupFileNamingTest,PASS: 실제 dev DB에서 손상 입력 거절 및 무변경 확인,,build/usb_audit_2026-09-30/invalid_backup_matrix_device.vm.json,필수·중요,기존 기능이라도 알람·갱신·복원·Firebase 위험이 큼,2026-10-04,,없음(기존 증거 범위),재실행하지 않음,완료,기존 판정·증거 유지; 반복 실행하지 않음
BACKUP-012,BACKUP,설정 백업/복원 및 중단 복구,공유 소유권·권한·설치별 키가 든 구백업,로컬 공유 의도/UID/권한을 이전 기기 값으로 덮지 않음,USB,PASS,full_audit_critical_test; cross_review_backup_friend_test; BackupFileReaderTest; BackupFileNamingTest,"PASS: 울림/실제 +5분 스누즈 중 복원, ID 충돌 재매핑 및 제외키/누락키 정책 확인",,build/usb_audit_2026-09-30/live_and_snoozed_restore_device.vm.json; snoozed_restore_collision_device.vm.json,필수·중요,기존 기능이라도 알람·갱신·복원·Firebase 위험이 큼,2026-10-04,,없음(기존 증거 범위),재실행하지 않음,완료,기존 판정·증거 유지; 반복 실행하지 않음
BACKUP-013,BACKUP,설정 백업/복원 및 중단 복구,custom preset_slot/assigned_day 연결 누락·범위초과,연결 완전성 검증; 잘못된 칸 재사용 안 함,USB,PASS,full_audit_critical_test; cross_review_backup_friend_test; BackupFileReaderTest; BackupFileNamingTest,PASS: 실제 dev DB에서 손상 입력 거절 및 무변경 확인,,build/usb_audit_2026-09-30/invalid_backup_matrix_device.vm.json,필수·중요,기존 기능이라도 알람·갱신·복원·Firebase 위험이 큼,2026-10-04,,없음(기존 증거 범위),재실행하지 않음,완료,기존 판정·증거 유지; 반복 실행하지 않음
BACKUP-014,BACKUP,설정 백업/복원 및 중단 복구,현재 스누즈 ID와 백업 custom ID 충돌,스누즈 원래 ID 유지; custom 새 ID 매핑; 재개 때 동일 매핑,USB,PASS,full_audit_critical_test; cross_review_backup_friend_test; BackupFileReaderTest; BackupFileNamingTest,"PASS: 울림/실제 +5분 스누즈 중 복원, ID 충돌 재매핑 및 제외키/누락키 정책 확인",,build/usb_audit_2026-09-30/live_and_snoozed_restore_device.vm.json; snoozed_restore_collision_device.vm.json,필수·중요,기존 기능이라도 알람·갱신·복원·Firebase 위험이 큼,2026-10-04,,없음(기존 증거 범위),재실행하지 않음,완료,기존 판정·증거 유지; 반복 실행하지 않음
BACKUP-015,BACKUP,설정 백업/복원 및 중단 복구,같은 백업 두 번 복원,이력 자연키 병합; 중복 이력/중복 미래 알람 없음,USB,PASS,full_audit_critical_test; cross_review_backup_friend_test; BackupFileReaderTest; BackupFileNamingTest,PASS: 같은 백업 2회 복원 후 기존 및 DST 이력 중복 없음·job 제거·lock 해제·DB/OS 일치,,build/usb_audit_2026-09-30/r3_backup_fold_history*;r3_backup_fold*,필수·중요,기존 기능이라도 알람·갱신·복원·Firebase 위험이 큼,2026-10-04,,없음(기존 증거 범위),재실행하지 않음,완료,기존 판정·증거 유지; 반복 실행하지 않음
BACKUP-016,BACKUP,설정 백업/복원 및 중단 복구,첫/둘째 반복 시간의 두 이력 복원,실제 시점 다르면 둘 다 보존·정렬,USB,PASS,full_audit_critical_test; cross_review_backup_friend_test; BackupFileReaderTest; BackupFileNamingTest,PASS: 같은 01:30의 -04/-05 실제 instant1시간 차이인 두 이력 복원·재복원 모두 보존,,build/usb_audit_2026-09-30/r3_backup_fold_history*,필수·중요,기존 기능이라도 알람·갱신·복원·Firebase 위험이 큼,2026-10-04,,없음(기존 증거 범위),재실행하지 않음,완료,기존 판정·증거 유지; 반복 실행하지 않음
BACKUP-017,BACKUP,설정 백업/복원 및 중단 복구,알람 울림 직전/도중 복원,진행 중 회차 보호; epoch 변경 시 롤백/재시도,USB,부분 확인,full_audit_critical_test; cross_review_backup_friend_test; BackupFileReaderTest; BackupFileNamingTest,부분 확인: 파일 선택 취소/잘린·빈 JSON/울림 중 복원/KO데이터 EN복원 확인; 권한회수·용량상한·울림직전 등 남음,,build/usb_audit_2026-09-30/invalid_backup_matrix_device.vm.json; live_and_snoozed_restore_device.vm.json,추가시험 제외(사용자 지시 2026-10-04),고갈·권한 강제회수·울림 직전 복원·연속 회차/OS 실패 주입; 기존 복원/실패 증거 유지,2026-10-04,,울림 직전 복원·연속5회 epoch 변경·OS정리/재조정 부분 실패의 미실행 조합,자동 재개하지 않음,실행 제외·목록 보존,고갈·권한 강제회수·울림 직전 복원·연속 회차/OS 실패 주입; 기존 복원/실패 증거 유지
BACKUP-018,BACKUP,설정 백업/복원 및 중단 복구,복원 도중 회차 계속 변경,무한 반복 안 함; 5회 한계 후 작업 보존,USB,부분 확인,full_audit_critical_test; cross_review_backup_friend_test; BackupFileReaderTest; BackupFileNamingTest,부분 확인: 2026-10-03 로컬 실제 SQLite+모의 Native에 연속 epoch5회/스누즈 ID충돌/stop_pending 조합 추가 통과. 기존 USB복원과 별개로 실제5연속회차 주입은 미실행. AUD-B07b,,docs/next_version/잔여검증_실행기록_2026-10-03.txt; build/local_audit_2026-10-03 및 build/usb_audit_2026-10-03_remaining (비공개); 이전 증거는 10-02 기록,추가시험 제외(사용자 지시 2026-10-04),고갈·권한 강제회수·울림 직전 복원·연속 회차/OS 실패 주입; 기존 복원/실패 증거 유지,2026-10-04,,울림 직전 복원·연속5회 epoch 변경·OS정리/재조정 부분 실패의 미실행 조합,자동 재개하지 않음,실행 제외·목록 보존,고갈·권한 강제회수·울림 직전 복원·연속 회차/OS 실패 주입; 기존 복원/실패 증거 유지
BACKUP-019,BACKUP,설정 백업/복원 및 중단 복구,백업에 없는 설정키가 현재 존재,복원 대상 키만 기본값으로; 설치별 키 유지,USB,PASS,full_audit_critical_test; cross_review_backup_friend_test; BackupFileReaderTest; BackupFileNamingTest,"PASS: 울림/실제 +5분 스누즈 중 복원, ID 충돌 재매핑 및 제외키/누락키 정책 확인",,build/usb_audit_2026-09-30/live_and_snoozed_restore_device.vm.json; snoozed_restore_collision_device.vm.json,필수·중요,기존 기능이라도 알람·갱신·복원·Firebase 위험이 큼,2026-10-04,,없음(기존 증거 범위),재실행하지 않음,완료,기존 판정·증거 유지; 반복 실행하지 않음
BACKUP-020,BACKUP,설정 백업/복원 및 중단 복구,DB 적용 중 제약 오류,원본 테이블 부분 적용 없음; 작업 보존·재개 가능,USB,PASS,full_audit_critical_test; cross_review_backup_friend_test; BackupFileReaderTest; BackupFileNamingTest,"PASS: SQL 제약 오류 주입→중단→수정 후 재개, 최종 DB/OS 일치",,build/usb_audit_2026-09-30/restore_failure_recovery_installed_fix.vm.json; restore_resume_installed_fix.json,필수·중요,기존 기능이라도 알람·갱신·복원·Firebase 위험이 큼,2026-10-04,,없음(기존 증거 범위),재실행하지 않음,완료,기존 판정·증거 유지; 반복 실행하지 않음
BACKUP-021,BACKUP,설정 백업/복원 및 중단 복구,OS 정리 실패 / 최종 재조정 실패,실패 안내·작업 파일 보존·잠금 해제·재시도 가능,USB,부분 확인,full_audit_critical_test; cross_review_backup_friend_test; BackupFileReaderTest; BackupFileNamingTest,"부분 확인: 실제 Native 고정 INSERT 실패로 최종 재조정 실패→prefsApplied job 보존·잠금 해제. safeEnd도 실패 시 job 보존, 오류 제거 후 resume 및 DB/OS16 일치. OS 초기 정리 실패 별도",,build/usb_audit_2026-09-30/r3_restore_reconcile_failure*;r3_restore_reconcile_recovered_os*,추가시험 제외(사용자 지시 2026-10-04),고갈·권한 강제회수·울림 직전 복원·연속 회차/OS 실패 주입; 기존 복원/실패 증거 유지,2026-10-04,,울림 직전 복원·연속5회 epoch 변경·OS정리/재조정 부분 실패의 미실행 조합,자동 재개하지 않음,실행 제외·목록 보존,고갈·권한 강제회수·울림 직전 복원·연속 회차/OS 실패 주입; 기존 복원/실패 증거 유지
BACKUP-022,BACKUP,설정 백업/복원 및 중단 복구,작업 사본 분실·내용 변조·job.json 손상,현재 DB로 안전 종료; 거짓 복원 완료 없음,USB,PASS,full_audit_critical_test; cross_review_backup_friend_test; BackupFileReaderTest; BackupFileNamingTest,"PASS: 작업 사본 분실/변조/job 손상, 안전 종료 후 DB 유지",,build/usb_audit_2026-09-30/lost_restore_copy_device.vm.json,필수·중요,기존 기능이라도 알람·갱신·복원·Firebase 위험이 큼,2026-10-04,,없음(기존 증거 범위),재실행하지 않음,완료,기존 판정·증거 유지; 반복 실행하지 않음
BACKUP-023,BACKUP,설정 백업/복원 및 중단 복구,복원 중 직접/자동 백업 요청,중간 데이터로 정상 백업 슬롯 덮어쓰지 않음,USB,PASS,full_audit_critical_test; cross_review_backup_friend_test; BackupFileReaderTest; BackupFileNamingTest,"PASS: 중단 복원 작업 존재 시 수동 차단·자동 생략, 슬롯 불변",,build/usb_audit_2026-09-30/pending_backup_watcher_device.vm.json,필수·중요,기존 기능이라도 알람·갱신·복원·Firebase 위험이 큼,2026-10-04,,없음(기존 증거 범위),재실행하지 않음,완료,기존 판정·증거 유지; 반복 실행하지 않음
BACKUP-024,BACKUP,설정 백업/복원 및 중단 복구,KO 백업→EN 복원→KO 복귀,숨긴 기능 데이터/원터치 보존; EN 신규 진입/알림 정책 유지,USB,PASS,full_audit_critical_test; cross_review_backup_friend_test; BackupFileReaderTest; BackupFileNamingTest,"PASS: KO 전체 백업→EN 복원→KO 복귀를 기본·활성 원터치·수면 기록 세 상태로 검사. 기존 일정 행1·프리셋 유지, 활성 custom 매번 DB/OS1/1, 수면 기록 동일 ID/내용 보존. EN 복원 뒤 dev 일정 알림 예약 없음, 작업/Native 잠금 없음. 시험 알람·수면 정리 후0/0",,"build/usb_audit_2026-09-30/export_r7_*.vm.json, export_r7_*_os.json; private/export_r7_*snapshot.json (비공개)",필수·중요,기존 기능이라도 알람·갱신·복원·Firebase 위험이 큼,2026-10-04,,없음(기존 증거 범위),재실행하지 않음,완료,기존 판정·증거 유지; 반복 실행하지 않음
BACKUP-025,BACKUP,설정 백업/복원 및 중단 복구,재설치 뒤 Download 파일 직접 선택,자동 소유권 접근 가정 없이 수동 선택 복원,USB,PASS,full_audit_critical_test; cross_review_backup_friend_test; BackupFileReaderTest; BackupFileNamingTest,"PASS: 2026-10-02 격리 API33 dev 삭제→재설치, Downloads 원본 바이트 보존. 실제 온보딩 SAF 직접선택→복구. 근무표/템플릿/예외/메모/일정/수면/친구 원본 일치, DBOS10/작업완료. reinstall_restore_result.json",,build/usb_audit_2026-10-02/ (비공개); docs/next_version/USB_재검증_2026-10-02.txt,필수·중요,기존 기능이라도 알람·갱신·복원·Firebase 위험이 큼,2026-10-04,,없음(기존 증거 범위),재실행하지 않음,완료,기존 판정·증거 유지; 반복 실행하지 않음
BACKUP-026,BACKUP,복원 중단 화면,validated 단계 이후 dev 프로세스 종료→재시작→이어서 복원 / 현재 데이터로 계속,job 단계와 ID 매핑 유지; 성공한 단계 불필요 중복 적용 없음; 최종 DB/설정/OS 일치; 완료 전 기록 삭제 안 함,USB,PASS,restore_coordinator.dart; RestoreOs.kt,"PASS: 실제 프로세스 종료 후 재시작, 이어서/현재데이터 2선택 모두 확인; SQLite 정상·job 제거·DB/OS 일치",,build/usb_audit_2026-09-30/crash_*_match.json,필수·중요,기존 기능이라도 알람·갱신·복원·Firebase 위험이 큼,2026-10-04,,없음(기존 증거 범위),재실행하지 않음,완료,기존 판정·증거 유지; 반복 실행하지 않음
BACKUP-027,BACKUP,복원 중단 화면,locked 단계 이후 dev 프로세스 종료→재시작→이어서 복원 / 현재 데이터로 계속,job 단계와 ID 매핑 유지; 성공한 단계 불필요 중복 적용 없음; 최종 DB/설정/OS 일치; 완료 전 기록 삭제 안 함,USB,PASS,restore_coordinator.dart; RestoreOs.kt,"PASS: 실제 프로세스 종료 후 재시작, 이어서/현재데이터 2선택 모두 확인; SQLite 정상·job 제거·DB/OS 일치",,build/usb_audit_2026-09-30/crash_*_match.json,필수·중요,기존 기능이라도 알람·갱신·복원·Firebase 위험이 큼,2026-10-04,,없음(기존 증거 범위),재실행하지 않음,완료,기존 판정·증거 유지; 반복 실행하지 않음
BACKUP-028,BACKUP,복원 중단 화면,osCleared 단계 이후 dev 프로세스 종료→재시작→이어서 복원 / 현재 데이터로 계속,job 단계와 ID 매핑 유지; 성공한 단계 불필요 중복 적용 없음; 최종 DB/설정/OS 일치; 완료 전 기록 삭제 안 함,USB,PASS,restore_coordinator.dart; RestoreOs.kt,"PASS: 실제 프로세스 종료 후 재시작, 이어서/현재데이터 2선택 모두 확인; SQLite 정상·job 제거·DB/OS 일치",,build/usb_audit_2026-09-30/crash_*_match.json,필수·중요,기존 기능이라도 알람·갱신·복원·Firebase 위험이 큼,2026-10-04,,없음(기존 증거 범위),재실행하지 않음,완료,기존 판정·증거 유지; 반복 실행하지 않음
BACKUP-029,BACKUP,복원 중단 화면,dbApplied 단계 이후 dev 프로세스 종료→재시작→이어서 복원 / 현재 데이터로 계속,job 단계와 ID 매핑 유지; 성공한 단계 불필요 중복 적용 없음; 최종 DB/설정/OS 일치; 완료 전 기록 삭제 안 함,USB,PASS,restore_coordinator.dart; RestoreOs.kt,"PASS: 실제 프로세스 종료 후 재시작, 이어서/현재데이터 2선택 모두 확인; SQLite 정상·job 제거·DB/OS 일치",,build/usb_audit_2026-09-30/crash_*_match.json,필수·중요,기존 기능이라도 알람·갱신·복원·Firebase 위험이 큼,2026-10-04,,없음(기존 증거 범위),재실행하지 않음,완료,기존 판정·증거 유지; 반복 실행하지 않음
BACKUP-030,BACKUP,복원 중단 화면,prefsApplied 단계 이후 dev 프로세스 종료→재시작→이어서 복원 / 현재 데이터로 계속,job 단계와 ID 매핑 유지; 성공한 단계 불필요 중복 적용 없음; 최종 DB/설정/OS 일치; 완료 전 기록 삭제 안 함,USB,PASS,restore_coordinator.dart; RestoreOs.kt,"PASS: 실제 프로세스 종료 후 재시작, 이어서/현재데이터 2선택 모두 확인; SQLite 정상·job 제거·DB/OS 일치",,build/usb_audit_2026-09-30/crash_*_match.json,필수·중요,기존 기능이라도 알람·갱신·복원·Firebase 위험이 큼,2026-10-04,,없음(기존 증거 범위),재실행하지 않음,완료,기존 판정·증거 유지; 반복 실행하지 않음
BACKUP-031,BACKUP,복원 중단 화면,osReconciled 단계 이후 dev 프로세스 종료→재시작→이어서 복원 / 현재 데이터로 계속,job 단계와 ID 매핑 유지; 성공한 단계 불필요 중복 적용 없음; 최종 DB/설정/OS 일치; 완료 전 기록 삭제 안 함,USB,PASS,restore_coordinator.dart; RestoreOs.kt,"PASS: 실제 프로세스 종료 후 재시작, 이어서/현재데이터 2선택 모두 확인; SQLite 정상·job 제거·DB/OS 일치",,build/usb_audit_2026-09-30/crash_*_match.json,필수·중요,기존 기능이라도 알람·갱신·복원·Firebase 위험이 큼,2026-10-04,,없음(기존 증거 범위),재실행하지 않음,완료,기존 판정·증거 유지; 반복 실행하지 않음
FRIEND-001,FRIEND,내 공유코드 / 친구목록 / 수신자 앱·웹,공유 off→이름 입력→공유 시작→코드 복사,서버 확인 여부 구분; 인증 UID 소유 문서·세대값 확인,USB,PASS,friend_sync_state_test; friend_provider_cache_test; friend_schedule_data_test; t13_rules.test.mjs,PASS: 2026-10-02 실제 화면 이름입력→공유시작→복사아이콘. clipboard가 본인 SB2 코드와 일치. share_ui_*,,build/usb_audit_2026-10-02/ (비공개); docs/next_version/USB_재검증_2026-10-02.txt,필수·중요,기존 기능이라도 알람·갱신·복원·Firebase 위험이 큼,2026-10-04,,없음(기존 증거 범위),재실행하지 않음,완료,기존 판정·증거 유지; 반복 실행하지 않음
FRIEND-002,FRIEND,내 공유코드 / 친구목록 / 수신자 앱·웹,공유 활성→근무 A→B→A,최종 스냅샷과 수신자 달력 일치; 불필요 같은 payload 업로드 생략,USB,PASS,friend_sync_state_test; friend_provider_cache_test; friend_schedule_data_test; t13_rules.test.mjs,PASS: 2026-10-04 실제 공유시작 UI→달력 날짜 길게누르기/근무변경 A→B→A. 실제 서버 문서와 매단계 운영 웹 날짜4 표시 일치. 같은 payload 재요청 시 서버 updatedAt/generation 불변.,,build/usb_audit_2026-10-02/ (비공개); docs/next_version/USB_재검증_2026-10-02.txt; build/usb_audit_2026-10-04/sender_A.json; sender_B.json; sender_A_again.json; sender_before_dedupe.json; sender_after_dedupe.json; sender_receiver_A*; sender_receiver_B*,필수·중요,기존 기능이라도 알람·갱신·복원·Firebase 위험이 큼,2026-10-04,,없음(기재한 시험 범위),재실행하지 않음,완료,기존 판정·증거 유지; 반복 실행하지 않음
FRIEND-003,FRIEND,내 공유코드 / 친구목록 / 수신자 앱·웹,공유 활성→날짜별 예외/색상/근무명 변경,수신자 앱·웹에서 최신 패턴/배정/색상 확인,USB,PASS,friend_sync_state_test; friend_provider_cache_test; friend_schedule_data_test; t13_rules.test.mjs,PASS: 시험 공유 이름/패턴/날짜별 배정/색상 변경 ACK 후 실제 휴대폰 Chrome 최신 표시. r3_web_changed_after_ack.png,,build/usb_audit_2026-09-30/r3_*,필수·중요,기존 기능이라도 알람·갱신·복원·Firebase 위험이 큼,2026-10-04,,없음(기존 증거 범위),재실행하지 않음,완료,기존 판정·증거 유지; 반복 실행하지 않음
FRIEND-004,FRIEND,내 공유코드 / 친구목록 / 수신자 앱·웹,공유 활성→전체 스케줄 초기화→새 패턴 생성,빈 중간 상태와 새 패턴의 서버 갱신 시점을 기록; 과거 표를 최신이라고 표시하지 않음,USB,검토 필요,friend_sync_state_test; friend_provider_cache_test; friend_schedule_data_test; t13_rules.test.mjs,검토 필요: 스케줄 null에 syncIfEnabled 호출 시 서버 이전 근무표 잔존 확인; 초기화 때 공유 중지 정책 결정 필요,,build/usb_audit_2026-09-30/friend_server 관련 private 증거; 전수검증 본문,필수·중요,기존 기능이라도 알람·갱신·복원·Firebase 위험이 큼,2026-10-04,,초기화 중 공유를 즉시 중단/빈상태 갱신할지 정책,사용자 정책 결정,제품정책 별도,초기화 시 기존 공유 중지 여부. 테스트 실행 수에 포함하지 않음.
FRIEND-005,FRIEND,내 공유코드 / 친구목록 / 수신자 앱·웹,공유 활성→백업 복원,현재 공유 의도 유지; 복원한 패턴 dirty 재업로드,USB,PASS,friend_sync_state_test; friend_provider_cache_test; friend_schedule_data_test; t13_rules.test.mjs,"PASS: 2026-10-04 공유active 세대4에서 실제 RestoreCoordinator로 합성B→백업A 덮어쓰기/Native 재조정 완료. 현재 이름·세대·공유의도 유지, 복원된 A 재업로드 ACK/운영 수신웹 일치. SAF 권한회수 검사는 별도.",,build/usb_audit_2026-09-30/friend_server_device.vm.json (실제 파일명은 private 폴더에서 확인); build/usb_audit_2026-10-04/sender_restored.json; sender_actual_backup_restore*; sender_restored_os*; sender_receiver_restored*,필수·중요,기존 기능이라도 알람·갱신·복원·Firebase 위험이 큼,2026-10-04,,없음(기재한 시험 범위),재실행하지 않음,완료,기존 판정·증거 유지; 반복 실행하지 않음
FRIEND-006,FRIEND,내 공유코드 / 친구목록 / 수신자 앱·웹,공유 중지 온라인→수신자 새로고침,서버 삭제/취소 확인 후 등록·캐시 제거,USB,PASS,friend_sync_state_test; friend_provider_cache_test; friend_schedule_data_test; t13_rules.test.mjs,PASS: 공유 중지 서버 ACK 후 실제 친구 카드 탭→안내·빈 목록; 웹에서도 중지 오류 확인,,build/usb_audit_2026-09-30/r3_friend_ui_server_removed*;r3_web_deleted*,필수·중요,기존 기능이라도 알람·갱신·복원·Firebase 위험이 큼,2026-10-04,,없음(기존 증거 범위),재실행하지 않음,완료,기존 판정·증거 유지; 반복 실행하지 않음
FRIEND-007,FRIEND,내 공유코드 / 친구목록 / 수신자 앱·웹,공유 중지 오프라인→앱 종료→온라인 재시작,stop_pending 보존·삭제 재시도; ACK 전 링크가 남을 수 있음 안내,USB,PASS,friend_sync_state_test; friend_provider_cache_test; friend_schedule_data_test; t13_rules.test.mjs,PASS: 2026-10-02 실제 UI 오프라인 중지→stop_pending→HOME/am kill→온라인 콜드 시작. 수동 retry 없이 off/dirty=false 및 서버 문서 삭제 확인. share_stop_*,,build/usb_audit_2026-10-02/ (비공개); docs/next_version/USB_재검증_2026-10-02.txt,필수·중요,기존 기능이라도 알람·갱신·복원·Firebase 위험이 큼,2026-10-04,,없음(기존 증거 범위),재실행하지 않음,완료,기존 판정·증거 유지; 반복 실행하지 않음
FRIEND-008,FRIEND,내 공유코드 / 친구목록 / 수신자 앱·웹,업로드 ACK 대기 중 공유 중지,뒤늦은 ACK가 active를 부활시키지 않음,USB,PASS,friend_sync_state_test; friend_provider_cache_test; friend_schedule_data_test; t13_rules.test.mjs,PASS: 2026-10-04 Firestore SDK 실제 전송 보류→이름 제출 UI로 active/dirty/ACK대기→공유중지/중지확인 UI→stopPending. 네트워크 재개 후 늦은ACK/delete에도 off/dirtyfalse/서버문서없음. 수신 웹 오류 안내 확인.,,build/usb_audit_2026-09-30/friend_server_device.vm.json (실제 파일명은 private 폴더에서 확인); build/usb_audit_2026-10-04/sender_upload_waiting.png; sender_stop_waiting.png; sender_ack_stopped.json; sender_receiver_stopped*,필수·중요,기존 기능이라도 알람·갱신·복원·Firebase 위험이 큼,2026-10-04,,없음(기재한 시험 범위),재실행하지 않음,완료,기존 판정·증거 유지; 반복 실행하지 않음
FRIEND-009,FRIEND,내 공유코드 / 친구목록 / 수신자 앱·웹,중지→즉시 다시 시작→오래된 응답,generation 순서 유지; 최신 의도만 유효,USB,PASS,friend_sync_state_test; friend_provider_cache_test; friend_schedule_data_test; t13_rules.test.mjs,"PASS: 2026-10-04 실제 전송 보류 상태에서 시작UI 세대3→중지UI→즉시재시작UI 세대4. 이전 응답 미도착 상태를 확인하고 전송 재개. 최신세대4/이름만 active 확정, 수신웹 최신내용 일치.",,build/usb_audit_2026-09-30/friend_server_device.vm.json (실제 파일명은 private 폴더에서 확인); build/usb_audit_2026-10-04/sender_ack_old_start*; sender_ack_latest_start*; sender_ack_restarted.json; sender_receiver_restarted*,필수·중요,기존 기능이라도 알람·갱신·복원·Firebase 위험이 큼,2026-10-04,,없음(기재한 시험 범위),재실행하지 않음,완료,기존 판정·증거 유지; 반복 실행하지 않음
FRIEND-010,FRIEND,내 공유코드 / 친구목록 / 수신자 앱·웹,업로드 실패/권한거부/타임아웃,dirty 유지·확정 상태 거짓 갱신 없음; 재시도 수렴,USB,부분 확인,friend_sync_state_test; friend_provider_cache_test; friend_schedule_data_test; t13_rules.test.mjs,"부분 확인: 본인 dev 문서에서 실제 서버 ACK/변경/오프라인/중지재시도/민감필드 제외 확인. 수신자 별도 앱·웹 화면과 모든 순서까지 완료 아님; 2026-10-04 실제 Firestore disableNetwork 전송보류/5초 대기 경로에서 active dirty 유지, 중지·최신세대 재시작 후 서버 ACK/수신웹 수렴 확인. 서버 권한거부 조합은 별도.",,build/usb_audit_2026-09-30/friend_server_device.vm.json (실제 파일명은 private 폴더에서 확인); build/usb_audit_2026-10-04/sender_ack_*; sender_receiver_restarted*,추가시험 제외(사용자 지시 2026-10-04),실제 서버 권한거부 강제 재현만 제외; 전송보류·복귀·공유중지/재시작은 검증 완료,2026-10-04,,실제 서버 permission-denied 후 재시도(전송보류/대기/복귀는 추가 완료),자동 재개하지 않음,실행 제외·목록 보존,실제 서버 권한거부 강제 재현만 제외; 전송보류·복귀·공유중지/재시작은 검증 완료
FRIEND-011,FRIEND,내 공유코드 / 친구목록 / 수신자 앱·웹,친구 코드 잘못된 prefix·슬래시·빈값·중복,거절; 중복 행 없음,USB,PASS,friend_sync_state_test; friend_provider_cache_test; friend_schedule_data_test; t13_rules.test.mjs,"PASS: 2026-10-02 실제 입력창 빈값/SB1/빈SB2/슬래시/중복코드 5경로 거절 안내, DB1 유지. friend_invalid_ui_*",,build/usb_audit_2026-10-02/ (비공개); docs/next_version/USB_재검증_2026-10-02.txt,필수·중요,기존 기능이라도 알람·갱신·복원·Firebase 위험이 큼,2026-10-04,,없음(기존 증거 범위),재실행하지 않음,완료,기존 판정·증거 유지; 반복 실행하지 않음
FRIEND-012,FRIEND,내 공유코드 / 친구목록 / 수신자 앱·웹,친구 추가 연타/동시 같은 코드,owner_id UNIQUE·UI 결과 일치,USB,PASS,friend_sync_state_test; friend_provider_cache_test; friend_schedule_data_test; t13_rules.test.mjs,"PASS: 2026-10-02 실제 오프라인 추가 버튼 연타, DB1/목록 유지. 기존 provider 동시호출 UNIQUE 검증과 대조. friend_double_add_after/ friend_double_ui_count",,build/usb_audit_2026-10-02/ (비공개); docs/next_version/USB_재검증_2026-10-02.txt,필수·중요,기존 기능이라도 알람·갱신·복원·Firebase 위험이 큼,2026-10-04,,없음(기존 증거 범위),재실행하지 않음,완료,기존 판정·증거 유지; 반복 실행하지 않음
FRIEND-013,FRIEND,내 공유코드 / 친구목록 / 수신자 앱·웹,네트워크 없이 새 친구 추가,"확인불가 등록 정책; 미조회 빈 상태, 삭제된 친구라고 단정 안 함",USB,PASS,friend_sync_state_test; friend_provider_cache_test; friend_schedule_data_test; t13_rules.test.mjs,"PASS: 2026-10-02 실제 offline 추가 UI에서 미조회 등록/네트워크 안내, 삭제로 단정하지 않음. friend_double_add_after",,build/usb_audit_2026-10-02/ (비공개); docs/next_version/USB_재검증_2026-10-02.txt,필수·중요,기존 기능이라도 알람·갱신·복원·Firebase 위험이 큼,2026-10-04,,없음(기존 증거 범위),재실행하지 않음,완료,기존 판정·증거 유지; 반복 실행하지 않음
FRIEND-014,FRIEND,내 공유코드 / 친구목록 / 수신자 앱·웹,캐시 있는 친구→오프라인 진입,마지막 캐시 유지·미확인 안내; 최신으로 오표시 안 함,USB,PASS,friend_sync_state_test; friend_provider_cache_test; friend_schedule_data_test; t13_rules.test.mjs,PASS: Firestore 오프라인 실제 목록에 캐시 안내·카드 열면 저장된 달력과 경고 표시,,build/usb_audit_2026-09-30/r3_friend_ui_cached*,필수·중요,기존 기능이라도 알람·갱신·복원·Firebase 위험이 큼,2026-10-04,,없음(기존 증거 범위),재실행하지 않음,완료,기존 판정·증거 유지; 반복 실행하지 않음
FRIEND-015,FRIEND,내 공유코드 / 친구목록 / 수신자 앱·웹,서버 실제 notFound/revoked→조회,오프라인과 구분해 등록/캐시 제거,USB,PASS,friend_sync_state_test; friend_provider_cache_test; friend_schedule_data_test; t13_rules.test.mjs,PASS: 서버 문서 삭제 후 실제 친구 카드 조회로 등록/캐시 제거·빈 목록,,build/usb_audit_2026-09-30/r3_friend_ui_server_removed*,필수·중요,기존 기능이라도 알람·갱신·복원·Firebase 위험이 큼,2026-10-04,,없음(기존 증거 범위),재실행하지 않음,완료,기존 판정·증거 유지; 반복 실행하지 않음
FRIEND-016,FRIEND,내 공유코드 / 친구목록 / 수신자 앱·웹,서버 payload 중첩 자료형 오류,앱 크래시 없이 invalid; 이전 캐시를 최신으로 오표시 안 함,USB,PASS,friend_sync_state_test; friend_provider_cache_test; friend_schedule_data_test; t13_rules.test.mjs,PASS: 2026-10-02 본인 서버 시험 문서의 assignedDates 자료형 손상→실제 목록 invalid 오류→수정 후 정상→서버 삭제 후 등록 해제. friend_payload_ui_*; 시험 문서/친구 정리 완료.,,build/usb_audit_2026-10-02/ (비공개); docs/next_version/USB_재검증_2026-10-02.txt,필수·중요,기존 기능이라도 알람·갱신·복원·Firebase 위험이 큼,2026-10-04,,없음(기존 증거 범위),재실행하지 않음,완료,기존 판정·증거 유지; 반복 실행하지 않음
FRIEND-017,FRIEND,내 공유코드 / 친구목록 / 수신자 앱·웹,친구 0/1/10/100명→목록 왕복·마지막 삭제,명시적 상한 없음; 스크롤/하단 safe area/빈 상태 정상,USB,수정 후 PASS,friend_sync_state_test; friend_provider_cache_test; friend_schedule_data_test; t13_rules.test.mjs,"수정 후 PASS: 2026-10-03 기존100명 실기기/레이아웃 증거 + 이번0/1/10명 실제 화면·10명 스크롤·마지막 삭제 취소/확인→0개. 이번은 Firebase gate 임시OFF 로컬 fixture, 서버수신 검증은 기존 별도. friend_counts",,docs/next_version/잔여검증_실행기록_2026-10-03.txt; build/local_audit_2026-10-03 및 build/usb_audit_2026-10-03_remaining (비공개); 이전 증거는 10-02 기록,필수·중요,기존 기능이라도 알람·갱신·복원·Firebase 위험이 큼,2026-10-04,,없음(기존 증거 범위),재실행하지 않음,완료,기존 판정·증거 유지; 반복 실행하지 않음
FRIEND-018,FRIEND,내 공유코드 / 친구목록 / 수신자 앱·웹,목록 처음 열기와 초기 DB load 경합,초기 빈 state 때문에 자동 조회 누락 안 함,USB,PASS,friend_sync_state_test; friend_provider_cache_test; friend_schedule_data_test; t13_rules.test.mjs,"PASS: 초기 load 직후 refreshAll 호출, 서버 조회 누락 없이 available",,build/usb_audit_2026-09-30/r3_* (실제 결과/스크린샷),필수·중요,기존 기능이라도 알람·갱신·복원·Firebase 위험이 큼,2026-10-04,,없음(기존 증거 범위),재실행하지 않음,완료,기존 판정·증거 유지; 반복 실행하지 않음
FRIEND-019,FRIEND,내 공유코드 / 친구목록 / 수신자 앱·웹,2분 이내 왕복→pull to refresh,"자동 스로틀, 명시적 갱신은 수행; 읽기 건수 기록",USB,PASS,friend_sync_state_test; friend_provider_cache_test; friend_schedule_data_test; t13_rules.test.mjs,"PASS: 2026-10-04 USB 합성 익명 소유자의 실제 서버 A→B 변경과 수신 UI 왕복/당김. 서비스 진입 누계4→명시적열기5→2분이내재진입5→당김6, 캐시B·실제수신화면 일치. 청구된 읽기 수가 아닌 fetch 진입 수.",,build/usb_audit_2026-10-02/ (비공개); docs/next_version/USB_재검증_2026-10-02.txt; build/usb_audit_2026-10-04/ (friend_refresh_ui_result.json; friend_fetch_calls.json; friend_stage_b_visible.png),필수·중요,기존 기능이라도 알람·갱신·복원·Firebase 위험이 큼,2026-10-04,,없음(기존 증거와 2026-10-04 USB 추가 검증 결합),재실행하지 않음,완료,기존 판정·증거 유지; 반복 실행하지 않음
FRIEND-020,FRIEND,내 공유코드 / 친구목록 / 수신자 앱·웹,친구 전체 조회 중 항목 삭제,삭제 항목 부활/오래된 UI 재삽입 없음,USB,PASS,friend_sync_state_test; friend_provider_cache_test; friend_schedule_data_test; t13_rules.test.mjs,PASS: 실제 오프라인 전체 갱신 중 친구 삭제→늦은 응답 뒤 DB/목록 부활 없음·다른 친구 유지,,build/usb_audit_2026-09-30/r3_friend_refresh_remove_race*,필수·중요,기존 기능이라도 알람·갱신·복원·Firebase 위험이 큼,2026-10-04,,없음(기존 증거 범위),재실행하지 않음,완료,기존 판정·증거 유지; 반복 실행하지 않음
FRIEND-021,FRIEND,내 공유코드 / 친구목록 / 수신자 앱·웹,한국어 공유 중→영어 오프라인→온라인,신규 업로드 차단·stop_pending 처리; 숨김만 하고 계속 공유하지 않음,USB,PASS,friend_sync_state_test; friend_provider_cache_test; friend_schedule_data_test; t13_rules.test.mjs,PASS: 2026-10-02 실제 KO공유→SDK오프라인→Android EN전환 stop_pending→온라인 서버삭제→KO복귀 재공유없음. friend_locale_*,,build/usb_audit_2026-10-02/ (비공개); docs/next_version/USB_재검증_2026-10-02.txt,필수·중요,기존 기능이라도 알람·갱신·복원·Firebase 위험이 큼,2026-10-04,,없음(기존 증거 범위),재실행하지 않음,완료,기존 판정·증거 유지; 반복 실행하지 않음
FRIEND-022,FRIEND,내 공유코드 / 친구목록 / 수신자 앱·웹,익명 인증 준비 실패 후 회복,알람/달력 사용 가능; 공유 재시도 시 준비 상태 반영,USB,기기연결대기,friend_sync_state_test; friend_provider_cache_test; friend_schedule_data_test; t13_rules.test.mjs,,,,추가시험 제외(사용자 지시 2026-10-04),최초 인증만 강제 실패시키는 별도 환경 중단; 실제 장애 제보 때 재검토,2026-10-04,,인증실패복구와 실제 Hosting 배포후 첫열기/재방문/오류/기존PWA 캐시,자동 재개하지 않음,실행 제외·목록 보존,최초 인증만 강제 실패시키는 별도 환경 중단; 실제 장애 제보 때 재검토
FRIEND-023,FRIEND,내 공유코드 / 친구목록 / 수신자 앱·웹,웹 링크 첫 열기/재방문/새 탭,현재 서버 데이터 표시; 로딩 무한대기 없음,USB,수정 후 PASS,friend_sync_state_test; friend_provider_cache_test; friend_schedule_data_test; t13_rules.test.mjs,수정 후 PASS: 2026-10-04 최신 웹 release를 실제 Hosting 배포. USB Chrome 새 탭 첫 열기/새로고침 시 code 유지·현재 근무표 표시. Firestore 차단 오류→차단 해제/새로고침 복귀 및 시험 문서 삭제 뒤 오류 안내 확인. 기존 손상코드 증거와 결합.,,build/usb_audit_2026-10-02/ (비공개); docs/next_version/USB_재검증_2026-10-02.txt; build/usb_audit_2026-10-04/web_newtab.png; web_blocked.png; web_blocked_recovered.png; web_blocked_urls.json; hosting_current_comparison.json; build/usb_audit_2026-10-04/hosting_deploy.log; hosting_deployed_hashes.json; deploy_local_*; deploy_live_*,필수·중요,기존 기능이라도 알람·갱신·복원·Firebase 위험이 큼,2026-10-04,,없음(실제 Hosting 배포 후 해당 동선 확인),재실행하지 않음,완료,기존 판정·증거 유지; 반복 실행하지 않음
FRIEND-024,FRIEND,내 공유코드 / 친구목록 / 수신자 앱·웹,웹 링크 삭제된 코드/손상 코드/네트워크 오류,명확한 오류·재시도; 캐시를 최신이라고 오해시키지 않음,USB,수정 후 PASS,friend_sync_state_test; friend_provider_cache_test; friend_schedule_data_test; t13_rules.test.mjs,수정 후 PASS: 2026-10-04 최신 웹 release를 실제 Hosting 배포. USB Chrome 새 탭 첫 열기/새로고침 시 code 유지·현재 근무표 표시. Firestore 차단 오류→차단 해제/새로고침 복귀 및 시험 문서 삭제 뒤 오류 안내 확인. 기존 손상코드 증거와 결합.,,build/usb_audit_2026-10-02/ (비공개); docs/next_version/USB_재검증_2026-10-02.txt; build/usb_audit_2026-10-04/web_newtab.png; web_blocked.png; web_blocked_recovered.png; web_blocked_urls.json; hosting_current_comparison.json; build/usb_audit_2026-10-04/hosting_deploy.log; hosting_deployed_hashes.json; deploy_local_*; deploy_live_*,필수·중요,기존 기능이라도 알람·갱신·복원·Firebase 위험이 큼,2026-10-04,,없음(실제 Hosting 배포 후 해당 동선 확인),재실행하지 않음,완료,기존 판정·증거 유지; 반복 실행하지 않음
FRIEND-025,FRIEND,내 공유코드 / 친구목록 / 수신자 앱·웹,웹 배포 후 기존 열린 탭·PWA,정적 캐시와 근무표 최신성 분리; 새 자산·아이콘 실제 갱신 확인,USB,기기연결대기,friend_sync_state_test; friend_provider_cache_test; friend_schedule_data_test; t13_rules.test.mjs,,,,일반사용 대표검증,기존 기능이라도 알람·갱신·복원·Firebase 위험이 큼,2026-10-04,,인증실패복구와 실제 Hosting 배포후 첫열기/재방문/오류/기존PWA 캐시,기존 설치 PWA 환경 대기. 실제 운영 웹 배포·일반 Chrome 새로고침·오류복구는 완료.,조건대기·대표검증,기존 설치 PWA가 있을 때 업데이트 후 공유링크 열기 1회. 기존 설치본 없으면 환경대기; 모든 캐시 조합 제외. 현재 남은 조건: 기존 설치 PWA 환경 대기. 실제 운영 웹 배포·일반 Chrome 새로고침·오류복구는 완료.
FRIEND-026,FRIEND,내 공유코드 / 친구목록 / 수신자 앱·웹,규칙 다른 UID 쓰기·삭제·전체 목록 query,"거절; 본인 문서 쓰기만 허용, 제품 정책에 따른 단건 공개 읽기",USB,PASS,friend_sync_state_test; friend_provider_cache_test; friend_schedule_data_test; t13_rules.test.mjs,"PASS: 2026-10-02 기존 로컬 Firestore 규칙 FS02/03/04/05/07 거부 및 FS01/06 허용 증거 대조 완료. build/full_audit_2026-09-30/firestore.log. 운영 배포 없음, OBS4건은 별도 정책위험.",,build/usb_audit_2026-10-02/ (비공개); docs/next_version/USB_재검증_2026-10-02.txt,필수·중요,기존 기능이라도 알람·갱신·복원·Firebase 위험이 큼,2026-10-04,,없음(기존 증거 범위),재실행하지 않음,완료,기존 판정·증거 유지; 반복 실행하지 않음
FRIEND-027,FRIEND,내 공유코드 / 친구목록 / 수신자 앱·웹,공유 payload에 메모/일정/알람시각·진단 민감정보,공유 계약 밖 데이터 유출 없음,USB,PASS,friend_sync_state_test; friend_provider_cache_test; friend_schedule_data_test; t13_rules.test.mjs,PASS: 2026-10-02 friend_payload_ui_start에서 실제 서버 문서 전체 키를 명시적 허용 목록과 대조. 메모·수면·알람·급여 키 없음.,,build/usb_audit_2026-10-02/ (비공개); docs/next_version/USB_재검증_2026-10-02.txt,필수·중요,기존 기능이라도 알람·갱신·복원·Firebase 위험이 큼,2026-10-04,,없음(기존 증거 범위),재실행하지 않음,완료,기존 판정·증거 유지; 반복 실행하지 않음
START-001,START,앱 시작,첫 설치 / 업데이트 후 첫 실행 / 두 번째 콜드 / warm resume를 분리 측정,"각 3회 정도, Android TotalTime·core ready·첫 사용 프레임 기록; 반복 원인 없이 추가 실행 안 함",USB,부분 확인,startup_gate_test; ad_startup_layout_test; firebase_bootstrap_test,부분 확인: 2026-10-03 수정 APK 업데이트 설치 및 dev 프로세스 콜드6회 측정. 원본 보존 위해 이 폰 앱 삭제 첫설치는 하지 않음; 이전격리재설치 기록 별도. startup_*,,docs/next_version/잔여검증_실행기록_2026-10-03.txt; build/local_audit_2026-10-03 및 build/usb_audit_2026-10-03_remaining (비공개); 이전 증거는 10-02 기록; build/usb_audit_2026-10-04/representative_fresh_install_prior.log; representative_startup_result.json; representative_cold_start*; representative_warm_start*; representative_final_result.json,일반사용 대표검증,영어 출시 화면 또는 시작 흐름과 연결,2026-10-04,,최초설치/업데이트/콜드/warm 분리된 측정 세트,대표 범위 재실행하지 않음,대표범위 완료,축소된 대표 범위 완료: 앞선 새 격리 dev 최초 초기화303ms + 일반 수정 APK 설치/시작 + 이번 warm PID 유지/cold 신규 PID·core344ms + 원본 DB/설정 보존. 기존 전체 3회 측정 조건의 부분 판정은 보존; release 성능·Play는 주장하지 않음.
START-002,START,앱 시작,온라인 / 비행기모드 / 느린 네트워크에서 시작,Firebase 최대10초 경로와 DB/광고 layout 시간을 구분; 제보 원인 확정은 실제 증거 필요,USB,수정 후 부분 확인,startup_gate_test; ad_startup_layout_test; firebase_bootstrap_test,"수정 후 부분 확인: 2026-10-02 격리 API33 온라인 콜드 시작 am start-W 3086ms, 비행기모드 콜드 시작 3048ms. 오프라인에서 Jua 원격 폰트 실패의 처리되지 않은 오류 재현 후 공식 OFL 폰트 앱 자산에 포함. 새APK 오프라인 재시작/Startup core ready, 폰트 예외 없음; 로컬 네트워크금지 폰트로드1PASS. 느린 네트워크·제보자의 운영기기 재현은 미완.",,build/usb_audit_2026-10-02/ (비공개); docs/next_version/USB_재검증_2026-10-02.txt,일반사용 대표검증,사용자가 제외 항목도 다시 포함하도록 요청,2026-10-04,,실제 외부 네트워크/DB실패/광고 지연/배포환경 제보 재현,실제 느린 시작 제보의 기기/재현조건 대기. 기존 온라인·오프라인 폰트 수정 및 이번 일반 시작 확인 완료; 인위 지연 확장 없음.,조건대기·대표검증,실제 시작 지연 제보의 재현 조건 확보 시 대표 1건. 임의 네트워크/DB/광고 실패 조합을 새로 만들지 않음. 현재 남은 조건: 실제 느린 시작 제보의 기기/재현조건 대기. 기존 온라인·오프라인 폰트 수정 및 이번 일반 시작 확인 완료; 인위 지연 확장 없음.
START-003,START,앱 시작,DB 오류 / DB open 미완료→재시도→늦게 온 이전 결과,"15초 진행·45초 재시도 정책, 오래된 초기화 결과 무시",USB,PASS,startup_gate_test; ad_startup_layout_test; firebase_bootstrap_test,PASS: 2026-10-04 실제 SQLite user_version 불일치 open 실패→오류 화면→헤더 복구→실제 다시시도 터치로 같은PID 복귀. 원본테이블 동일. 기존 호스트15/45초 정책·늦은 이전결과 무시와 결합.,,docs/next_version/잔여검증_실행기록_2026-10-03.txt; build/local_audit_2026-10-03 및 build/usb_audit_2026-10-03_remaining (비공개); 이전 증거는 10-02 기록; build/usb_audit_2026-10-04/startup_db_failure_retry/result.json; startup_db_failure_retry/device.log; startup_db_failure_retry/*.png,필수·영어UI,영어 출시 화면 또는 시작 흐름과 연결,2026-10-04,,없음(기재한 시험 범위),재실행하지 않음,완료,기존 판정·증거 유지; 반복 실행하지 않음
START-004,START,앱 시작,UMP 동의 / SDK 초기화 장기 지연,핵심 화면 사용 가능; 늦은 광고는 현재 창 폭 사용,USB,부분 확인,startup_gate_test; ad_startup_layout_test; firebase_bootstrap_test,부분 확인: 2026-10-03 UMP 지연/실패와 SDK 초기화 virtual1분 지연 동안 핵심화면 탭/늦은 광고 현재 폭/폐기 후 결과 통과. 실제 광고사업자 지연 강제 주입 아님. ad_sdk_delay/ad_startup_layout,,docs/next_version/잔여검증_실행기록_2026-10-03.txt; build/local_audit_2026-10-03 및 build/usb_audit_2026-10-03_remaining (비공개); 이전 증거는 10-02 기록,추가시험 제외(사용자 지시 2026-10-04),광고 제공자/다른 release 환경/초기 로딩 접힘 전환 추가 재현; 기본 시작과 실제 제보 확인 유지,2026-10-04,,실제 외부 네트워크/DB실패/광고 지연/배포환경 제보 재현,자동 재개하지 않음,실행 제외·목록 보존,광고 제공자/다른 release 환경/초기 로딩 접힘 전환 추가 재현; 기본 시작과 실제 제보 확인 유지
START-005,START,앱 시작,큰 DB 이력 / 폰트 첫 다운로드 / 분류기 첫 로딩,동기 CPU 작업·IO·네트워크 대기를 각각 측정,USB,부분 확인,startup_gate_test; ad_startup_layout_test; firebase_bootstrap_test,"부분 확인: 2026-10-03 USB 기본3회 core291/335/334ms, 메모20000개3회332/338/345ms. 분류기 새 인스턴스+asset cache evict103ms/warm0. 오프라인 자산폰트 회귀 통과. 다른 운영기기/배포빌드 제보 재현과 OS cold disk 아님. startup_*",,docs/next_version/잔여검증_실행기록_2026-10-03.txt; build/local_audit_2026-10-03 및 build/usb_audit_2026-10-03_remaining (비공개); 이전 증거는 10-02 기록,추가시험 제외(사용자 지시 2026-10-04),광고 제공자/다른 release 환경/초기 로딩 접힘 전환 추가 재현; 기본 시작과 실제 제보 확인 유지,2026-10-04,,실제 외부 네트워크/DB실패/광고 지연/배포환경 제보 재현,자동 재개하지 않음,실행 제외·목록 보존,광고 제공자/다른 release 환경/초기 로딩 접힘 전환 추가 재현; 기본 시작과 실제 제보 확인 유지
START-006,START,앱 시작,시작 중 접힘→펼침 / 다른 앱 전환,첫 화면 재구성·테마·광고 폭 정상; 중복 시작 없음,USB,기기연결대기,startup_gate_test; ad_startup_layout_test; firebase_bootstrap_test,,,,추가시험 제외(사용자 지시 2026-10-04),광고 제공자/다른 release 환경/초기 로딩 접힘 전환 추가 재현; 기본 시작과 실제 제보 확인 유지,2026-10-04,,초기 로딩 중 접힘↔펼침/앱전환,자동 재개하지 않음,실행 제외·목록 보존,광고 제공자/다른 release 환경/초기 로딩 접힘 전환 추가 재현; 기본 시작과 실제 제보 확인 유지
ENGLISH-001,ENGLISH,온보딩부터 설정·Native·위젯,KO→en_US→en_GB→KO,탭 5/3 및 지역 주시작·날짜 형식; 저장 기능 데이터 유지,USB,PASS,english_release_copy_test; english_release_layout_test; EnglishReleaseTest; alarm_time_format_test,PASS: 실제 KO 5탭→en-US 3탭·일요일 시작·상세 Oct 1 (Thu)→en-GB 3탭·월요일 시작·상세 1 Oct (Thu)→KO 5탭·근무/메모 유지. 영어 위젯 US/GB 주 시작도 별도 확인,,"build/usb_audit_2026-09-30/r7_locale_us_app.png, r7_locale_us_detail3.png, r7_locale_gb_app.png, r7_locale_gb_detail.png, r7_locale_ko_return_app.png; r4_widget_gb.png",필수·영어,영어 관련 항목은 전부 범위에 유지,2026-10-04,,없음(기존 증거 범위),재실행하지 않음,완료,기존 판정·증거 유지; 반복 실행하지 않음
ENGLISH-002,ENGLISH,온보딩부터 설정·Native·위젯,12/24시간 설정을 편집기 열기 전/도중 변경,00:00/12:00/13:00/23:59 표시·저장 왕복; AM/PM 변환 1회,USB,PASS,english_release_copy_test; english_release_layout_test; EnglishReleaseTest; alarm_time_format_test,"PASS: 2026-10-02 실기기 OS 12↔24 전환의 편집 전/도중/재개와 저장값 유지 확인. 추가 alarm_time_format_test.dart 6PASS: 양 형식 전체24시각×전날/당일/다음날, 편집 도중 전환, 구형 Flutter값 재개 보정, 정오/자정 변환, 대형 글씨 화면.",,build/usb_audit_2026-10-02/ (비공개); docs/next_version/USB_재검증_2026-10-02.txt,필수·영어,영어 관련 항목은 전부 범위에 유지,2026-10-04,,없음(기존 증거 범위),재실행하지 않음,완료,기존 판정·증거 유지; 반복 실행하지 않음
ENGLISH-003,ENGLISH,온보딩부터 설정·Native·위젯,영어 도움말·개인정보·권한·오류·백업,제외 기능을 현재 제공한다고 안내하지 않음; 한국어 잔류/치환 인자 오류 없음,USB,PASS,english_release_copy_test; english_release_layout_test; EnglishReleaseTest; alarm_time_format_test,"PASS: 2026-10-02 실제 en-US 설정→Help 진입과 Privacy Policy 진입/표시, ko-KR 원복 확인. 기존 도움말27개·개인정보8개 문구 전수, 권한/오류/백업 화면 증거와 대조. 두 화면에는 외부 링크 코드가 없어 추가 왕복 조건 없음.",,build/usb_audit_2026-10-02/ (비공개); docs/next_version/USB_재검증_2026-10-02.txt,필수·영어,영어 관련 항목은 전부 범위에 유지,2026-10-04,,없음(기존 증거 범위),재실행하지 않음,완료,기존 판정·증거 유지; 반복 실행하지 않음
ENGLISH-004,ENGLISH,온보딩부터 설정·Native·위젯,숨긴 테마를 KO에서 선택→EN→KO,EN 기본 fallback; KO 원래 테마 복귀,USB,PASS,english_release_copy_test; english_release_layout_test; EnglishReleaseTest; alarm_time_format_test,"PASS: KO editorial→EN mainWhite fallback, 저장값 editorial 유지→KO 원래 테마 실제 화면 복귀",,build/usb_audit_2026-09-30/r3_*,필수·영어,영어 관련 항목은 전부 범위에 유지,2026-10-04,,없음(기존 증거 범위),재실행하지 않음,완료,기존 판정·증거 유지; 반복 실행하지 않음
ENGLISH-005,ENGLISH,온보딩부터 설정·Native·위젯,기존 원터치·일정·수면 위젯 준비→EN,원터치 기존 예약은 유지/관리 가능; 일정 새 알림 차단; 수면 위젯 비활성,USB,PASS,english_release_copy_test; english_release_layout_test; EnglishReleaseTest; alarm_time_format_test,"PASS: KO 원터치 DB/OS1→EN 유지·다음알람 UI 표시·삭제취소1/1→KO 복귀1/1→EN 삭제0/0. KO 수면 기록 EN/KO 보존, 수면 위젯 공급자는 EN 없음→KO 재등록→EN 없음. KO 일정 알림 예약1→EN0→KO1, 일정 행 유지; 시험 일정 삭제 후0. 실제 홈 배치 위젯의 재배치는 UI-045 별도",,"build/usb_audit_2026-09-30/r5_sleep_*.vm.json, r5_onetap_*.json/png, r5_schedule_*.vm.json/txt; USB_20261001_locale_fix_build.json",필수·영어,영어 관련 항목은 전부 범위에 유지,2026-10-04,,없음(기존 증거 범위),재실행하지 않음,완료,기존 판정·증거 유지; 반복 실행하지 않음
ENGLISH-006,ENGLISH,온보딩부터 설정·Native·위젯,Day Off / Day Shift / Night duty / Long Day / Twilight 입력,최종 영어16자/한글6자 이내 지원 라벨 저장·읽기; Chip/알람/이력 말줄임·전체 확인 동선,USB,PASS,english_release_copy_test; english_release_layout_test; EnglishReleaseTest; alarm_time_format_test,"PASS: 2026-10-04 USB dev 달력 위젯을 실제 런처에 추가해 en-US 6개 근무명/요일 표시, 긴 이름 줄임 및 앱 날짜상세 전체 이름 확인. 기존 영어 저장·읽기 증거와 결합. 시험 위젯만 삭제, 기존 전체 위젯ID·ko-KR·근무표 원복.",,build/usb_audit_2026-09-30/en_* private UI 증거; build/usb_audit_2026-10-04/ (widget_english_colored.png; widget_english_colored.xml; widget_long_label_detail.png; widgets_restored.txt),필수·영어,영어 관련 항목은 전부 범위에 유지,2026-10-04,,없음(기존 증거와 2026-10-04 USB 추가 검증 결합),재실행하지 않음,완료,기존 판정·증거 유지; 반복 실행하지 않음
ENGLISH-007,ENGLISH,온보딩부터 설정·Native·위젯,Night Shift / Early Shift / Afternoon Shift 입력,"영어 공백 포함16/한글6 입력 제한; 언어 전환 시 이름 유지. 전체근무표 최대2줄 후 축소, 메인달력1줄 전체 축소.",USB,PASS,english_release_copy_test; english_release_layout_test; EnglishReleaseTest; alarm_time_format_test,"PASS: 2026-10-02 최종 사용자 정책 영어16/한글6. 실제 KO/EN 입력16자 경계, KO→EN→KO 저장 유지, IME/17자 차단. names16_*/names_final_*, name_policy_final_tests.log. 전체근무표2줄·메인1줄 축소.",,build/usb_audit_2026-10-02/ (비공개); docs/next_version/USB_재검증_2026-10-02.txt,필수·영어,영어 관련 항목은 전부 범위에 유지,2026-10-04,,없음(기존 증거 범위),재실행하지 않음,완료,기존 판정·증거 유지; 반복 실행하지 않음
BASIC-001,BASIC,달력 메모,추가→수정→삭제 / 저장 완료 직후 종료→재시작,저장 완료된 메모 유지; 삭제만 반영; 0/1/3개 표시,USB,PASS,자동검증 결과 CSV의 관련 소스/테스트명 참조,PASS: 2026-10-03 실제 MemoNotifier 생성→수정→개발 PID kill -9→재실행 수정값 유지→삭제. 최종 원본 메모2개 복구. basic_final_prepare/verify,,docs/next_version/잔여검증_실행기록_2026-10-03.txt; build/local_audit_2026-10-03 및 build/usb_audit_2026-10-03_remaining (비공개); 이전 증거는 10-02 기록,필수·기존,사용자가 제외 항목도 다시 포함하도록 요청,2026-10-04,,없음(기존 증거 범위),재실행하지 않음,완료,기존 판정·증거 유지; 반복 실행하지 않음
BASIC-002,BASIC,일정관리,추가→시각/날짜 수정→알림 ON/OFF→삭제,"이전 예약 취소, 현재 예약 1개, 삭제 후 알림 없음",USB,수정 후 PASS,자동검증 결과 CSV의 관련 소스/테스트명 참조,"수정 후 PASS: 2026-10-03 이미 캐시된 날짜 간 이동 시 옛 카드 잔류 결함 수정. 로컬 실패→수정후통과, 새 APK에서 생성→날짜/시각 이동→알림예약/재예약→OFF→삭제, DB/캐시 일치. 서비스 경로 실기기 검증. basic_final_prepare",,docs/next_version/잔여검증_실행기록_2026-10-03.txt; build/local_audit_2026-10-03 및 build/usb_audit_2026-10-03_remaining (비공개); 이전 증거는 10-02 기록,필수·기존,사용자가 제외 항목도 다시 포함하도록 요청,2026-10-04,,없음(기존 증거 범위),재실행하지 않음,완료,기존 판정·증거 유지; 반복 실행하지 않음
BASIC-003,BASIC,수면,수동 추가→겹침 거절→수정→삭제 / 후보 확인·거절,합계·기록 일치; 미확인 후보 합계 제외,USB,PASS,자동검증 결과 CSV의 관련 소스/테스트명 참조,"PASS: 2026-10-04 USB 기존 수동추가/겹침/수정/확정/삭제에 추가: 합성 AUTO 후보2개를 실제 기록하지 않기 버튼으로 각각 삭제. Native 해당시간 거절카운터0→1→2, 각 DB행삭제 확인. 종료 시 해당 학습키만 원복하고 원본3개 수면기록 보존.",,docs/next_version/잔여검증_실행기록_2026-10-03.txt; build/local_audit_2026-10-03 및 build/usb_audit_2026-10-03_remaining (비공개); 이전 증거는 10-02 기록; build/usb_audit_2026-10-04/ (sleep_reject_after_0.xml; sleep_reject_after_1.xml; sleep_reject_restored_native.xml; oct04_final_tables.json),필수·기존,사용자가 제외 항목도 다시 포함하도록 요청,2026-10-04,,없음(기존 증거와 2026-10-04 USB 추가 검증 결합),재실행하지 않음,완료,기존 판정·증거 유지; 반복 실행하지 않음
BASIC-004,BASIC,근무시간/OT,출퇴근·자정넘김·OT 수정→집계 기간 변경(휴게 입력: 현제품 미제공 N/A),중복/누락 없는 집계; 날짜경계 정상,USB,PASS,자동검증 결과 CSV의 관련 소스/테스트명 참조,"부분 확인: 2026-10-03 실기기 19→07 자정넘김720분 저장, 다른근무 추가/초기화 시 원래근무 유지. OT10동시+30분=300/연말분리/외부0 캐시제거. 집계기간 조합은 로컬 회귀. 현재 제품 휴게입력 모델 없음. work_onboarding_final/basic_final_prepare | 2026-10-04 USB SM-S948N: 급여 산정일/시작일/종료일 기준 및 숫자30→31 실제 터치. 31일 종료10/1~10/31, 시작9/30~10/30, 30일 종료10/1~10/30 화면/provider 일치. calendar/25/periodEnd 원복. 별도 휴게 입력은 현제품에 없어 N/A. 기존 720분/OT/집계 회귀 근거 유지.",,docs/next_version/잔여검증_실행기록_2026-10-03.txt; build/local_audit_2026-10-03 및 build/usb_audit_2026-10-03_remaining (비공개); 이전 증거는 10-02 기록; build/usb_audit_2026-10-04; docs/next_version/교대시계_최신문서.txt I절,필수·영어UI,영어 출시 화면 또는 시작 흐름과 연결,2026-10-04,,없음(현재 제품 범위 및 기존 증거와 USB 보완 결합),재실행하지 않음,완료,기존 판정·증거 유지; 반복 실행하지 않음
DEV2-001,DEV2,패턴 전달,온보딩/기존설정 수신→옛 고정과 원터치 비교,"고정·원본 패턴 교체, 원터치/메모 유지; 옛 OS 예약 제거",USB,취소(기능삭제),자동검증 결과 CSV의 관련 소스/테스트명 참조,사용자 지시로 기능 전체 삭제. 이전 실기기 증거는 역사 기록이며 출시 검사 대상에서 제외,,build/usb_audit_2026-09-30/basic_sleep_device.vm.json; transfer_device.vm.json; 전수검증 본문,취소·기능삭제,사용자 지시로 근무 패턴 코드 기능 전체 삭제,2026-10-04,,없음(기존 증거 범위),재실행하지 않음,기존 제외,기존 판정·증거 유지; 반복 실행하지 않음
DEV2-002,DEV2,패턴 전달,잘린 코드·잘못된 버전·DB 실패,기존 패턴/알람/메모/설정 롤백,USB,취소(기능삭제),자동검증 결과 CSV의 관련 소스/테스트명 참조,사용자 지시로 기능 전체 삭제. 이전 실기기 증거는 역사 기록이며 출시 검사 대상에서 제외,,build/usb_audit_2026-09-30/basic_sleep_device.vm.json; transfer_device.vm.json; 전수검증 본문,취소·기능삭제,사용자 지시로 근무 패턴 코드 기능 전체 삭제,2026-10-04,,없음(기존 증거 범위),재실행하지 않음,기존 제외,기존 판정·증거 유지; 반복 실행하지 않음
DEV2-003,DEV2,진단 파일,진단 자동파일 생성→알람 발생(앱 내 공유시트 취소: 현제품 미제공 N/A),민감 본문/공유 코드 없음; 진단 기록 실패가 알람을 막지 않음; 없는 공유시트 취소는 N/A,USB,PASS,자동검증 결과 CSV의 관련 소스/테스트명 참조,"부분 확인: 2026-10-03 현재 DiagReport 자동파일 저장만 있고 앱 내 공유시트 진입 코드 없음. 기존 실제 생성/민감본문 검사+이후 다수 실제울림 통과. OS파일관리자 공유취소는 앱 진입경로가 아니므로 별도 미실행. | 2026-10-04 사용자 지시로 PC 원장 정리: DiagLog→DiagReport 자동파일 저장, MainActivity 및 Dart 호출 대조. 진단 공유시트 없음 확인; 해당 취소 하위조건만 N/A. 기존 실제 파일 생성/민감본문 제외/이후 알람 증거 유지하여 현재 제품 범위 PASS. 새로운 실패 시험으로 세지 않음.",,docs/next_version/잔여검증_실행기록_2026-10-03.txt; build/local_audit_2026-10-03 및 build/usb_audit_2026-10-03_remaining (비공개); 이전 증거는 10-02 기록; build/usb_audit_2026-10-04; docs/next_version/교대시계_최신문서.txt I절,필수·dev,dev 추가 기능은 전부 범위에 유지,2026-10-04,,없음(현재 제품 범위 및 기존 증거와 USB 보완 결합),재실행하지 않음,완료,기존 판정·증거 유지; 반복 실행하지 않음
DEV2-004,DEV2,공휴일,캐시·0~7일 첫조회·14일 갱신·오프라인,조회주기/정상 캐시 보존; Dart/Native 기본 날짜 일치,USB,PASS,자동검증 결과 CSV의 관련 소스/테스트명 참조,"PASS: KO 실기기 첫조회 시각 0~7일, 서버 강제조회 성공·빈 version0 캐시·다음조회14일, SDK 오프라인 시 캐시 유지·1~2일 재시도. 시험 뒤 원래 due/cache 복원. Dart/Native 기본 날짜 일치는 로컬 parity 검사. 실제 변경 문서의 운영 반영은 별도",,build/usb_audit_2026-09-30/r5_holiday_*.vm.json; holiday_source_parity_test.dart,필수·dev,dev 추가 기능은 전부 범위에 유지,2026-10-04,,없음(기존 증거 범위),재실행하지 않음,완료,기존 판정·증거 유지; 반복 실행하지 않음
DEV2-005,DEV2,업데이트 안내,재시작·같은 버전·새 버전·통신 실패,중복 안내 억제; Play 트랙 확인은 실제 설치 경로 별도,USB,부분 확인,자동검증 결과 CSV의 관련 소스/테스트명 참조,부분 확인: 2026-10-03 Play 채널 모의 unavailable/cooldown/통신실패재시도/중복요청/동일버전억제/새버전안내/폐기후응답4검사 통과. adb 설치 dev APK이므로 실제 Play 배포트랙 업데이트는 미실행. update_play_check_test,,docs/next_version/잔여검증_실행기록_2026-10-03.txt; build/local_audit_2026-10-03 및 build/usb_audit_2026-10-03_remaining (비공개); 이전 증거는 10-02 기록,일반사용 대표검증,dev 추가 기능은 전부 범위에 유지,2026-10-04,,실제 Play 설치경로의 버전 안내/업데이트,Play 내부 트랙 설치·업데이트 환경 대기. dev 설치 검증으로 스토어 경로를 완료 처리하지 않음.,조건대기·대표검증,실제 Play 설치·업데이트 안내와 데이터 유지 대표 1회. 내부 트랙 환경 필요. 현재 남은 조건: Play 내부 트랙 설치·업데이트 환경 대기. dev 설치 검증으로 스토어 경로를 완료 처리하지 않음.
DEV2-006,DEV2,새 기능 조합,원터치+개별 고정 예외+복원+갱신,서로의 원본/예외/이력/공유 의도 손상 없음,USB,PASS,자동검증 결과 CSV의 관련 소스/테스트명 참조,PASS: 2026-10-02 원터치+개별고정 skip/set_type+복원+Native갱신. 예외·원터치·메모·수면·영구이력 유지/DBOS8. mixed_restore_roundtrip_*,,build/usb_audit_2026-10-02/ (비공개); docs/next_version/USB_재검증_2026-10-02.txt,필수·dev,dev 추가 기능은 전부 범위에 유지,2026-10-04,,없음(기존 증거 범위),재실행하지 않음,완료,기존 판정·증거 유지; 반복 실행하지 않음
DEV2-007,DEV2,영어 게이트와 기존 기능,언어전환+공유 stop_pending+스누즈+복원,숨김과 데이터 유지 분리; 로컬 의도·epoch 보존,USB,PASS,자동검증 결과 CSV의 관련 소스/테스트명 참조,"PASS: 2026-10-02 실제 EN전환/offline stop_pending+실제스누즈+복원: ID/절대시각/공유의도·세대 유지, 온라인 삭제/KO복귀 확인. combined_*/friend_locale_*",,build/usb_audit_2026-10-02/ (비공개); docs/next_version/USB_재검증_2026-10-02.txt,필수·dev,dev 추가 기능은 전부 범위에 유지,2026-10-04,,없음(기존 증거 범위),재실행하지 않음,완료,기존 판정·증거 유지; 반복 실행하지 않음
DEV2-008,DEV2,커버와 기존 알람,커버↔내부 전환 도중 알림/끄기/스누즈,동일 회차 유지; 커버 조용한 채널↔기본채널 복원,USB,기기연결대기,자동검증 결과 CSV의 관련 소스/테스트명 참조,,,,추가시험 제외(사용자 지시 2026-10-04),별도 Flip 커버 기기와 다중 동작 조합,2026-10-04,,실제 Flip 커버의 3종 끄기/재울림/충돌/경합 및 커버↔내부 채널 복원,자동 재개하지 않음,실행 제외·목록 보존,별도 Flip 커버 기기와 다중 동작 조합
HUMAN-001,HUMAN,최소 직접확인,소리 7종/제조사 알람음·볼륨·진동 체감,"선택한 소리/진동, 끄기 뒤 잔여 재생 없음",HUMAN,직접확인대기,,,,,일반사용 대표검증,다른 기기 또는 사용자 체감이 필요한 항목,2026-10-04,,소리·진동 체감,사용자 직접 소리·진동 체감 대기. RING-020과 함께 한 번 확인.,조건대기·대표검증,평소 음량에서 소리·진동·무음 체감 1회. RING-020과 같은 세션으로 묶음. 현재 남은 조건: 사용자 직접 소리·진동 체감 대기. RING-020과 함께 한 번 확인.
HUMAN-002,HUMAN,최소 직접확인,잠금/Doze/재부팅 뒤 실제 깨우기 체감,예약 로그와 별개로 화면·소리·진동 실제 전달 확인,HUMAN,직접확인대기,,,,,일반사용 대표검증,다른 기기 또는 사용자 체감이 필요한 항목,2026-10-04,,잠금·유휴·재부팅 실제 깨우기,사용자/잠금·재부팅 가능 세션 대기. USB 화면유지 요청을 우선; 최초해제 전 특수 조합 제외.,조건대기·대표검증,평상시 잠금·유휴 후 깨우기와 일반 재부팅 후 알람 유지. 최초 잠금해제 전 혼합 예약 제외; 현재 USB 잠금/재부팅 금지. 현재 남은 조건: 사용자/잠금·재부팅 가능 세션 대기. USB 화면유지 요청을 우선; 최초해제 전 특수 조합 제외.
HUMAN-003,HUMAN,최소 직접확인,Codex가 남긴 SRTL KO/EN 화면 자유 탐색,"폰트·칩 가독성, 터치 여유, 불합리한 UI를 독립 기록",HUMAN,직접확인대기,,,,,일반사용 대표검증,다른 기기 또는 사용자 체감이 필요한 항목,2026-10-04,,SRTL 캡처·자유탐색 독립 가독성,SRTL 연결 후 요청된 UI 레이아웃 단계. 검증된 새 캡처 전에 기존 문제 캡처 삭제 금지.,조건대기·대표검증,SRTL 비교 캡처·기본 가독성. 요청된 6묶음 레이아웃 단계에서 확인. 현재 남은 조건: SRTL 연결 후 요청된 UI 레이아웃 단계. 검증된 새 캡처 전에 기존 문제 캡처 삭제 금지.
HUMAN-004,HUMAN,최소 직접확인,S26 영어 Codex 인계 상태에서 자유 확인,입력한 실제 영문 라벨/메모 그대로 확인; KO 반복 제외,HUMAN,직접확인대기,,"자동화 가능 대표 동선 PASS: SM-S948N en-US 실제 IME 표시/ADB 문자·공백·숫자 입력/저장/화면 왕복 재진입/삭제, 영어 액션 및 한국 공휴일 미표시. 자유입력 체감은 사용자 직접확인 대기.",,; build/usb_audit_2026-10-04/english_input_result.json; english_input_*.png; english_input_keyboard.txt,일반사용 대표검증,다른 기기 또는 사용자 체감이 필요한 항목,2026-10-04,,S26 영어 실제 입력 확인,자동화 가능한 영어 실제 IME 표시·문자/공백/숫자 입력·저장·재진입·삭제 완료. 사용자의 자유입력 체감만 대기.,조건대기·대표검증,영어 일반 입력·저장·재진입 대표 동선. 기기/키보드별 전체 조합 제외. 현재 남은 조건: 자동화 가능한 영어 실제 IME 표시·문자/공백/숫자 입력·저장·재진입·삭제 완료. 사용자의 자유입력 체감만 대기.
HUMAN-005,HUMAN,최소 직접확인,기본/큰 글자·제스처/3버튼 내비게이션 체감,"하단 버튼·목록 마지막 행 접근, 시스템 영역 오터치 없음",HUMAN,직접확인대기,,,,,일반사용 대표검증,다른 기기 또는 사용자 체감이 필요한 항목,2026-10-04,,배율·시스템내비게이션 터치여유,UI 레이아웃 단계의 배율·터치 직접확인. 현재 폰 설정 변경/반복 전수는 하지 않음.,조건대기·대표검증,기본/지원 최대 배율의 가독성·터치 여유. 레이아웃 단계의 대표 화면만. 현재 남은 조건: UI 레이아웃 단계의 배율·터치 직접확인. 현재 폰 설정 변경/반복 전수는 하지 않음.
