실행,소스,테스트,상태,상세,근거,범위
button_popups_final,test/custom_alarm_panel_test.dart,one empty slot grows to five; deletion preserves other presets,PASS,,build/full_audit_2026-09-30/button_popups_final.jsonl,로컬 자동검사; 실제 OS/기기 검증 아님
button_popups_final,test/schedule_transfer_layout_test.dart,pattern code regular shows the right sections and confirms before applying,PASS,,build/full_audit_2026-09-30/button_popups_final.jsonl,로컬 자동검사; 실제 OS/기기 검증 아님
button_popups_final,test/onboarding_foldable_layout_test.dart,온보딩 패턴 단계 320.0x568.0 ko: 스크롤되고 버튼이 보인다,PASS,,build/full_audit_2026-09-30/button_popups_final.jsonl,로컬 자동검사; 실제 OS/기기 검증 아님
button_popups_final,test/schedule_transfer_layout_test.dart,pattern code onboarding shows the right sections and confirms before applying,PASS,,build/full_audit_2026-09-30/button_popups_final.jsonl,로컬 자동검사; 실제 OS/기기 검증 아님
button_popups_final,test/schedule_transfer_layout_test.dart,pattern code irregular shows the right sections and confirms before applying,PASS,,build/full_audit_2026-09-30/button_popups_final.jsonl,로컬 자동검사; 실제 OS/기기 검증 아님
button_popups_final,test/schedule_transfer_layout_test.dart,small Korean sharing screen offers share and add without removed pattern shortcut,PASS,,build/full_audit_2026-09-30/button_popups_final.jsonl,로컬 자동검사; 실제 OS/기기 검증 아님
button_popups_final,test/onboarding_foldable_layout_test.dart,온보딩 패턴 단계 320.0x568.0 en: 스크롤되고 버튼이 보인다,PASS,,build/full_audit_2026-09-30/button_popups_final.jsonl,로컬 자동검사; 실제 OS/기기 검증 아님
button_popups_final,test/onboarding_foldable_layout_test.dart,온보딩 패턴 단계 360.0x640.0 ko: 스크롤되고 버튼이 보인다,PASS,,build/full_audit_2026-09-30/button_popups_final.jsonl,로컬 자동검사; 실제 OS/기기 검증 아님
button_popups_final,test/onboarding_foldable_layout_test.dart,온보딩 패턴 단계 360.0x640.0 en: 스크롤되고 버튼이 보인다,PASS,,build/full_audit_2026-09-30/button_popups_final.jsonl,로컬 자동검사; 실제 OS/기기 검증 아님
button_popups_final,test/onboarding_foldable_layout_test.dart,온보딩 패턴 단계 337.0x817.0 ko: 스크롤되고 버튼이 보인다,PASS,,build/full_audit_2026-09-30/button_popups_final.jsonl,로컬 자동검사; 실제 OS/기기 검증 아님
button_popups_final,test/onboarding_foldable_layout_test.dart,온보딩 패턴 단계 337.0x817.0 en: 스크롤되고 버튼이 보인다,PASS,,build/full_audit_2026-09-30/button_popups_final.jsonl,로컬 자동검사; 실제 OS/기기 검증 아님
button_popups_final,test/onboarding_foldable_layout_test.dart,온보딩 패턴 단계 674.0x817.0 ko: 스크롤되고 버튼이 보인다,PASS,,build/full_audit_2026-09-30/button_popups_final.jsonl,로컬 자동검사; 실제 OS/기기 검증 아님
button_popups_final,test/onboarding_foldable_layout_test.dart,온보딩 패턴 단계 674.0x817.0 en: 스크롤되고 버튼이 보인다,PASS,,build/full_audit_2026-09-30/button_popups_final.jsonl,로컬 자동검사; 실제 OS/기기 검증 아님
button_popups_final,test/onboarding_foldable_layout_test.dart,온보딩 패턴 단계 400.0x632.0 ko: 스크롤되고 버튼이 보인다,PASS,,build/full_audit_2026-09-30/button_popups_final.jsonl,로컬 자동검사; 실제 OS/기기 검증 아님
button_popups_final,test/onboarding_foldable_layout_test.dart,온보딩 패턴 단계 400.0x632.0 en: 스크롤되고 버튼이 보인다,PASS,,build/full_audit_2026-09-30/button_popups_final.jsonl,로컬 자동검사; 실제 OS/기기 검증 아님
button_popups_final,test/onboarding_foldable_layout_test.dart,온보딩 패턴 단계 662.0x876.0 ko: 스크롤되고 버튼이 보인다,PASS,,build/full_audit_2026-09-30/button_popups_final.jsonl,로컬 자동검사; 실제 OS/기기 검증 아님
button_popups_final,test/onboarding_foldable_layout_test.dart,온보딩 패턴 단계 662.0x876.0 en: 스크롤되고 버튼이 보인다,PASS,,build/full_audit_2026-09-30/button_popups_final.jsonl,로컬 자동검사; 실제 OS/기기 검증 아님
button_popups_final,test/onboarding_foldable_layout_test.dart,온보딩 패턴 단계 360.0x840.0 ko: 스크롤되고 버튼이 보인다,PASS,,build/full_audit_2026-09-30/button_popups_final.jsonl,로컬 자동검사; 실제 OS/기기 검증 아님
button_popups_final,test/onboarding_foldable_layout_test.dart,온보딩 패턴 단계 360.0x840.0 en: 스크롤되고 버튼이 보인다,PASS,,build/full_audit_2026-09-30/button_popups_final.jsonl,로컬 자동검사; 실제 OS/기기 검증 아님
button_popups_final,test/onboarding_foldable_layout_test.dart,온보딩 패턴 단계 806.0x895.0 ko: 스크롤되고 버튼이 보인다,PASS,,build/full_audit_2026-09-30/button_popups_final.jsonl,로컬 자동검사; 실제 OS/기기 검증 아님
button_popups_final,test/onboarding_foldable_layout_test.dart,온보딩 패턴 단계 806.0x895.0 en: 스크롤되고 버튼이 보인다,PASS,,build/full_audit_2026-09-30/button_popups_final.jsonl,로컬 자동검사; 실제 OS/기기 검증 아님
button_popups_final,test/onboarding_foldable_layout_test.dart,온보딩 패턴 단계 752.0x834.67 ko: 스크롤되고 버튼이 보인다,PASS,,build/full_audit_2026-09-30/button_popups_final.jsonl,로컬 자동검사; 실제 OS/기기 검증 아님
button_popups_final,test/onboarding_foldable_layout_test.dart,온보딩 패턴 단계 752.0x834.67 en: 스크롤되고 버튼이 보인다,PASS,,build/full_audit_2026-09-30/button_popups_final.jsonl,로컬 자동검사; 실제 OS/기기 검증 아님
button_popups_final,test/onboarding_foldable_layout_test.dart,온보딩 패턴 단계 834.67x752.0 ko: 스크롤되고 버튼이 보인다,PASS,,build/full_audit_2026-09-30/button_popups_final.jsonl,로컬 자동검사; 실제 OS/기기 검증 아님
button_popups_final,test/onboarding_foldable_layout_test.dart,온보딩 패턴 단계 834.67x752.0 en: 스크롤되고 버튼이 보인다,PASS,,build/full_audit_2026-09-30/button_popups_final.jsonl,로컬 자동검사; 실제 OS/기기 검증 아님
compact,test/fold_layout_screens_test.dart,next: scale 1.0 fold windows and phone regression,PASS,,build/full_audit_2026-09-30/compact.jsonl,로컬 자동검사; 실제 OS/기기 검증 아님
compact,test/english_release_layout_test.dart,en_US calendar_mainWhite release layout,PASS,,build/full_audit_2026-09-30/compact.jsonl,로컬 자동검사; 실제 OS/기기 검증 아님
compact,test/fold_layout_screens_test.dart,settings: scale 1.0 fold windows and phone regression,PASS,,build/full_audit_2026-09-30/compact.jsonl,로컬 자동검사; 실제 OS/기기 검증 아님
compact,test/fold_layout_screens_test.dart,condition: scale 1.0 fold windows and phone regression,PASS,,build/full_audit_2026-09-30/compact.jsonl,로컬 자동검사; 실제 OS/기기 검증 아님
compact,test/fold_layout_screens_test.dart,english_sleep: scale 1.0 fold windows and phone regression,PASS,,build/full_audit_2026-09-30/compact.jsonl,로컬 자동검사; 실제 OS/기기 검증 아님
compact,test/fold_layout_screens_test.dart,schedule: scale 1.0 fold windows and phone regression,PASS,,build/full_audit_2026-09-30/compact.jsonl,로컬 자동검사; 실제 OS/기기 검증 아님
compact,test/english_release_layout_test.dart,en_US calendar_mainDark release layout,PASS,,build/full_audit_2026-09-30/compact.jsonl,로컬 자동검사; 실제 OS/기기 검증 아님
compact,test/fold_layout_screens_test.dart,onboarding: scale 1.0 fold windows and phone regression,PASS,,build/full_audit_2026-09-30/compact.jsonl,로컬 자동검사; 실제 OS/기기 검증 아님
compact,test/fold_layout_screens_test.dart,permission: scale 1.0 fold windows and phone regression,PASS,,build/full_audit_2026-09-30/compact.jsonl,로컬 자동검사; 실제 OS/기기 검증 아님
compact,test/fold_layout_screens_test.dart,work_hours: scale 1.0 fold windows and phone regression,PASS,,build/full_audit_2026-09-30/compact.jsonl,로컬 자동검사; 실제 OS/기기 검증 아님
compact,test/fold_layout_screens_test.dart,themes: scale 1.0 fold windows and phone regression,PASS,,build/full_audit_2026-09-30/compact.jsonl,로컬 자동검사; 실제 OS/기기 검증 아님
compact,test/english_release_layout_test.dart,en_US calendar_minimal release layout,PASS,,build/full_audit_2026-09-30/compact.jsonl,로컬 자동검사; 실제 OS/기기 검증 아님
compact,test/fold_layout_screens_test.dart,teams: scale 1.0 fold windows and phone regression,PASS,,build/full_audit_2026-09-30/compact.jsonl,로컬 자동검사; 실제 OS/기기 검증 아님
compact,test/fold_layout_screens_test.dart,all_shifts: scale 1.0 fold windows and phone regression,PASS,,build/full_audit_2026-09-30/compact.jsonl,로컬 자동검사; 실제 OS/기기 검증 아님
compact,test/fold_layout_screens_test.dart,alarm_history: scale 1.0 fold windows and phone regression,PASS,,build/full_audit_2026-09-30/compact.jsonl,로컬 자동검사; 실제 OS/기기 검증 아님
compact,test/english_release_layout_test.dart,en_US calendar_materialCard release layout,PASS,,build/full_audit_2026-09-30/compact.jsonl,로컬 자동검사; 실제 OS/기기 검증 아님
compact,test/fold_layout_screens_test.dart,memos: scale 1.0 fold windows and phone regression,PASS,,build/full_audit_2026-09-30/compact.jsonl,로컬 자동검사; 실제 OS/기기 검증 아님
compact,test/fold_layout_screens_test.dart,help: scale 1.0 fold windows and phone regression,PASS,,build/full_audit_2026-09-30/compact.jsonl,로컬 자동검사; 실제 OS/기기 검증 아님
compact,test/fold_layout_screens_test.dart,privacy: scale 1.0 fold windows and phone regression,PASS,,build/full_audit_2026-09-30/compact.jsonl,로컬 자동검사; 실제 OS/기기 검증 아님
compact,test/fold_layout_screens_test.dart,friends: scale 1.0 fold windows and phone regression,PASS,,build/full_audit_2026-09-30/compact.jsonl,로컬 자동검사; 실제 OS/기기 검증 아님
compact,test/english_release_layout_test.dart,en_US calendar_diary release layout,PASS,,build/full_audit_2026-09-30/compact.jsonl,로컬 자동검사; 실제 OS/기기 검증 아님
compact,test/fold_layout_screens_test.dart,friend_calendar: scale 1.0 fold windows and phone regression,PASS,,build/full_audit_2026-09-30/compact.jsonl,로컬 자동검사; 실제 OS/기기 검증 아님
compact,test/fold_layout_screens_test.dart,share_code: scale 1.0 fold windows and phone regression,PASS,,build/full_audit_2026-09-30/compact.jsonl,로컬 자동검사; 실제 OS/기기 검증 아님
compact,test/fold_layout_screens_test.dart,text_import: scale 1.0 fold windows and phone regression,PASS,,build/full_audit_2026-09-30/compact.jsonl,로컬 자동검사; 실제 OS/기기 검증 아님
compact,test/fold_layout_screens_test.dart,text_export: scale 1.0 fold windows and phone regression,PASS,,build/full_audit_2026-09-30/compact.jsonl,로컬 자동검사; 실제 OS/기기 검증 아님
compact,test/english_release_layout_test.dart,en_US calendar_boldGrid release layout,PASS,,build/full_audit_2026-09-30/compact.jsonl,로컬 자동검사; 실제 OS/기기 검증 아님
compact,test/fold_layout_screens_test.dart,sleep_calendar: scale 1.0 fold windows and phone regression,PASS,,build/full_audit_2026-09-30/compact.jsonl,로컬 자동검사; 실제 OS/기기 검증 아님
compact,test/fold_layout_screens_test.dart,calendar_mainWhite: scale 1.0 fold windows and phone regression,PASS,,build/full_audit_2026-09-30/compact.jsonl,로컬 자동검사; 실제 OS/기기 검증 아님
compact,test/fold_layout_screens_test.dart,calendar_mainDark: scale 1.0 fold windows and phone regression,PASS,,build/full_audit_2026-09-30/compact.jsonl,로컬 자동검사; 실제 OS/기기 검증 아님
compact,test/english_release_layout_test.dart,en_US next release layout,FAIL,"Test failed. See exception logs above.
The test description was: en_US next release layout",build/full_audit_2026-09-30/compact.jsonl,로컬 자동검사; 실제 OS/기기 검증 아님
compact,test/fold_layout_screens_test.dart,calendar_minimal: scale 1.0 fold windows and phone regression,PASS,,build/full_audit_2026-09-30/compact.jsonl,로컬 자동검사; 실제 OS/기기 검증 아님
compact,test/english_release_layout_test.dart,en_US snoozed_next release layout,FAIL,"Test failed. See exception logs above.
The test description was: en_US snoozed_next release layout",build/full_audit_2026-09-30/compact.jsonl,로컬 자동검사; 실제 OS/기기 검증 아님
compact,test/fold_layout_screens_test.dart,calendar_materialCard: scale 1.0 fold windows and phone regression,PASS,,build/full_audit_2026-09-30/compact.jsonl,로컬 자동검사; 실제 OS/기기 검증 아님
compact,test/english_release_layout_test.dart,en_US settings release layout,PASS,,build/full_audit_2026-09-30/compact.jsonl,로컬 자동검사; 실제 OS/기기 검증 아님
compact,test/fold_layout_screens_test.dart,calendar_diary: scale 1.0 fold windows and phone regression,PASS,,build/full_audit_2026-09-30/compact.jsonl,로컬 자동검사; 실제 OS/기기 검증 아님
compact,test/fold_layout_screens_test.dart,calendar_boldGrid: scale 1.0 fold windows and phone regression,PASS,,build/full_audit_2026-09-30/compact.jsonl,로컬 자동검사; 실제 OS/기기 검증 아님
compact,test/english_release_layout_test.dart,en_US onboarding release layout,PASS,,build/full_audit_2026-09-30/compact.jsonl,로컬 자동검사; 실제 OS/기기 검증 아님
compact,test/fold_layout_screens_test.dart,calendar_initialBadge: scale 1.0 fold windows and phone regression,PASS,,build/full_audit_2026-09-30/compact.jsonl,로컬 자동검사; 실제 OS/기기 검증 아님
compact,test/fold_layout_screens_test.dart,calendar_eventChip: scale 1.0 fold windows and phone regression,PASS,,build/full_audit_2026-09-30/compact.jsonl,로컬 자동검사; 실제 OS/기기 검증 아님
compact,test/english_release_layout_test.dart,en_US permission release layout,PASS,,build/full_audit_2026-09-30/compact.jsonl,로컬 자동검사; 실제 OS/기기 검증 아님
compact,test/fold_layout_screens_test.dart,calendar_underline: scale 1.0 fold windows and phone regression,PASS,,build/full_audit_2026-09-30/compact.jsonl,로컬 자동검사; 실제 OS/기기 검증 아님
compact,test/english_release_layout_test.dart,en_US work_hours release layout,PASS,,build/full_audit_2026-09-30/compact.jsonl,로컬 자동검사; 실제 OS/기기 검증 아님
compact,test/fold_layout_screens_test.dart,calendar_editorial: scale 1.0 fold windows and phone regression,PASS,,build/full_audit_2026-09-30/compact.jsonl,로컬 자동검사; 실제 OS/기기 검증 아님
compact,test/fold_layout_screens_test.dart,calendar_unassigned: scale 1.0 fold windows and phone regression,PASS,,build/full_audit_2026-09-30/compact.jsonl,로컬 자동검사; 실제 OS/기기 검증 아님
compact,test/english_release_layout_test.dart,en_US themes release layout,PASS,,build/full_audit_2026-09-30/compact.jsonl,로컬 자동검사; 실제 OS/기기 검증 아님
compact,test/english_release_layout_test.dart,en_US teams release layout,PASS,,build/full_audit_2026-09-30/compact.jsonl,로컬 자동검사; 실제 OS/기기 검증 아님
compact,test/english_release_layout_test.dart,en_US all_shifts release layout,PASS,,build/full_audit_2026-09-30/compact.jsonl,로컬 자동검사; 실제 OS/기기 검증 아님
compact,test/english_release_layout_test.dart,en_US history release layout,PASS,,build/full_audit_2026-09-30/compact.jsonl,로컬 자동검사; 실제 OS/기기 검증 아님
compact,test/english_release_layout_test.dart,en_US notes release layout,PASS,,build/full_audit_2026-09-30/compact.jsonl,로컬 자동검사; 실제 OS/기기 검증 아님
compact,test/english_release_layout_test.dart,en_US help release layout,PASS,,build/full_audit_2026-09-30/compact.jsonl,로컬 자동검사; 실제 OS/기기 검증 아님
compact,test/english_release_layout_test.dart,en_US privacy release layout,PASS,,build/full_audit_2026-09-30/compact.jsonl,로컬 자동검사; 실제 OS/기기 검증 아님
compact,test/english_release_layout_test.dart,en_US alarm_editor release layout,PASS,,build/full_audit_2026-09-30/compact.jsonl,로컬 자동검사; 실제 OS/기기 검증 아님
compact,test/english_release_layout_test.dart,en_US navigation release layout,PASS,,build/full_audit_2026-09-30/compact.jsonl,로컬 자동검사; 실제 OS/기기 검증 아님
compact,test/english_release_layout_test.dart,en_GB calendar_mainWhite release layout,PASS,,build/full_audit_2026-09-30/compact.jsonl,로컬 자동검사; 실제 OS/기기 검증 아님
compact,test/english_release_layout_test.dart,en_GB calendar_mainDark release layout,PASS,,build/full_audit_2026-09-30/compact.jsonl,로컬 자동검사; 실제 OS/기기 검증 아님
compact,test/english_release_layout_test.dart,en_GB calendar_minimal release layout,PASS,,build/full_audit_2026-09-30/compact.jsonl,로컬 자동검사; 실제 OS/기기 검증 아님
compact,test/english_release_layout_test.dart,en_GB calendar_materialCard release layout,PASS,,build/full_audit_2026-09-30/compact.jsonl,로컬 자동검사; 실제 OS/기기 검증 아님
compact,test/english_release_layout_test.dart,en_GB calendar_diary release layout,PASS,,build/full_audit_2026-09-30/compact.jsonl,로컬 자동검사; 실제 OS/기기 검증 아님
compact,test/english_release_layout_test.dart,en_GB calendar_boldGrid release layout,PASS,,build/full_audit_2026-09-30/compact.jsonl,로컬 자동검사; 실제 OS/기기 검증 아님
compact,test/english_release_layout_test.dart,en_GB next release layout,FAIL,"Test failed. See exception logs above.
The test description was: en_GB next release layout",build/full_audit_2026-09-30/compact.jsonl,로컬 자동검사; 실제 OS/기기 검증 아님
compact,test/english_release_layout_test.dart,en_GB snoozed_next release layout,FAIL,"Test failed. See exception logs above.
The test description was: en_GB snoozed_next release layout",build/full_audit_2026-09-30/compact.jsonl,로컬 자동검사; 실제 OS/기기 검증 아님
compact,test/english_release_layout_test.dart,en_GB settings release layout,PASS,,build/full_audit_2026-09-30/compact.jsonl,로컬 자동검사; 실제 OS/기기 검증 아님
compact,test/english_release_layout_test.dart,en_GB onboarding release layout,PASS,,build/full_audit_2026-09-30/compact.jsonl,로컬 자동검사; 실제 OS/기기 검증 아님
compact,test/english_release_layout_test.dart,en_GB permission release layout,PASS,,build/full_audit_2026-09-30/compact.jsonl,로컬 자동검사; 실제 OS/기기 검증 아님
compact,test/english_release_layout_test.dart,en_GB work_hours release layout,PASS,,build/full_audit_2026-09-30/compact.jsonl,로컬 자동검사; 실제 OS/기기 검증 아님
compact,test/english_release_layout_test.dart,en_GB themes release layout,PASS,,build/full_audit_2026-09-30/compact.jsonl,로컬 자동검사; 실제 OS/기기 검증 아님
compact,test/english_release_layout_test.dart,en_GB teams release layout,PASS,,build/full_audit_2026-09-30/compact.jsonl,로컬 자동검사; 실제 OS/기기 검증 아님
compact,test/english_release_layout_test.dart,en_GB all_shifts release layout,PASS,,build/full_audit_2026-09-30/compact.jsonl,로컬 자동검사; 실제 OS/기기 검증 아님
compact,test/english_release_layout_test.dart,en_GB history release layout,PASS,,build/full_audit_2026-09-30/compact.jsonl,로컬 자동검사; 실제 OS/기기 검증 아님
compact,test/english_release_layout_test.dart,en_GB notes release layout,PASS,,build/full_audit_2026-09-30/compact.jsonl,로컬 자동검사; 실제 OS/기기 검증 아님
compact,test/english_release_layout_test.dart,en_GB help release layout,PASS,,build/full_audit_2026-09-30/compact.jsonl,로컬 자동검사; 실제 OS/기기 검증 아님
compact,test/english_release_layout_test.dart,en_GB privacy release layout,PASS,,build/full_audit_2026-09-30/compact.jsonl,로컬 자동검사; 실제 OS/기기 검증 아님
compact,test/english_release_layout_test.dart,en_GB alarm_editor release layout,PASS,,build/full_audit_2026-09-30/compact.jsonl,로컬 자동검사; 실제 OS/기기 검증 아님
compact,test/english_release_layout_test.dart,en_GB navigation release layout,PASS,,build/full_audit_2026-09-30/compact.jsonl,로컬 자동검사; 실제 OS/기기 검증 아님
compact,test/english_release_layout_test.dart,switching to English releases one-tap calendar gesture lock,PASS,,build/full_audit_2026-09-30/compact.jsonl,로컬 자동검사; 실제 OS/기기 검증 아님
compact,test/english_release_layout_test.dart,release regional defaults do not equate English with the US,PASS,,build/full_audit_2026-09-30/compact.jsonl,로컬 자동검사; 실제 OS/기기 검증 아님
compact_button_final,test/english_release_layout_test.dart,en_US next release layout,PASS,,build/full_audit_2026-09-30/compact_button_final.jsonl,로컬 자동검사; 실제 OS/기기 검증 아님
compact_button_final,test/fold_layout_screens_test.dart,next: scale 1.0 fold windows and phone regression,PASS,,build/full_audit_2026-09-30/compact_button_final.jsonl,로컬 자동검사; 실제 OS/기기 검증 아님
compact_button_final,test/fold_layout_screens_test.dart,settings: scale 1.0 fold windows and phone regression,PASS,,build/full_audit_2026-09-30/compact_button_final.jsonl,로컬 자동검사; 실제 OS/기기 검증 아님
compact_button_final,test/english_release_layout_test.dart,en_US snoozed_next release layout,PASS,,build/full_audit_2026-09-30/compact_button_final.jsonl,로컬 자동검사; 실제 OS/기기 검증 아님
compact_button_final,test/fold_layout_screens_test.dart,onboarding: scale 1.0 fold windows and phone regression,PASS,,build/full_audit_2026-09-30/compact_button_final.jsonl,로컬 자동검사; 실제 OS/기기 검증 아님
compact_button_final,test/english_release_layout_test.dart,en_US settings release layout,PASS,,build/full_audit_2026-09-30/compact_button_final.jsonl,로컬 자동검사; 실제 OS/기기 검증 아님
compact_button_final,test/english_release_layout_test.dart,en_US onboarding release layout,PASS,,build/full_audit_2026-09-30/compact_button_final.jsonl,로컬 자동검사; 실제 OS/기기 검증 아님
compact_button_final,test/english_release_layout_test.dart,en_GB next release layout,PASS,,build/full_audit_2026-09-30/compact_button_final.jsonl,로컬 자동검사; 실제 OS/기기 검증 아님
compact_button_final,test/english_release_layout_test.dart,en_GB snoozed_next release layout,PASS,,build/full_audit_2026-09-30/compact_button_final.jsonl,로컬 자동검사; 실제 OS/기기 검증 아님
compact_button_final,test/english_release_layout_test.dart,en_GB settings release layout,PASS,,build/full_audit_2026-09-30/compact_button_final.jsonl,로컬 자동검사; 실제 OS/기기 검증 아님
compact_button_final,test/english_release_layout_test.dart,en_GB onboarding release layout,PASS,,build/full_audit_2026-09-30/compact_button_final.jsonl,로컬 자동검사; 실제 OS/기기 검증 아님
critical_final,test/full_audit_critical_test.dart,AUD-A01 all-alarm deletion cancels fixed custom snoozed and keeps history,PASS,,build/full_audit_2026-09-30/critical_final.jsonl,로컬 자동검사; 실제 OS/기기 검증 아님
critical_final,test/full_audit_critical_test.dart,AUD-A02 one-tap native scheduling failure rolls back row and creation log,PASS,,build/full_audit_2026-09-30/critical_final.jsonl,로컬 자동검사; 실제 OS/기기 검증 아님
critical_final,test/full_audit_critical_test.dart,AUD-A03 custom type change then delete preserves source log without fixed override,PASS,,build/full_audit_2026-09-30/critical_final.jsonl,로컬 자동검사; 실제 OS/기기 검증 아님
critical_final,test/full_audit_critical_test.dart,AUD-B01 export includes only future custom plus permanent history,PASS,,build/full_audit_2026-09-30/critical_final.jsonl,로컬 자동검사; 실제 OS/기기 검증 아님
critical_final,test/full_audit_critical_test.dart,AUD-B02 rejects normalized invalid backup date 2030-02-30T07:00:00 before any mutation,PASS,,build/full_audit_2026-09-30/critical_final.jsonl,로컬 자동검사; 실제 OS/기기 검증 아님
critical_final,test/full_audit_critical_test.dart,AUD-B02 rejects normalized invalid backup date 2030-13-01T07:00:00 before any mutation,PASS,,build/full_audit_2026-09-30/critical_final.jsonl,로컬 자동검사; 실제 OS/기기 검증 아님
critical_final,test/full_audit_critical_test.dart,AUD-B02 rejects normalized invalid backup date 2030-01-01T24:00:00 before any mutation,PASS,,build/full_audit_2026-09-30/critical_final.jsonl,로컬 자동검사; 실제 OS/기기 검증 아님
critical_final,test/full_audit_critical_test.dart,AUD-B02 rejects normalized invalid backup date 2030-01-01T07:60:00 before any mutation,PASS,,build/full_audit_2026-09-30/critical_final.jsonl,로컬 자동검사; 실제 OS/기기 검증 아님
critical_final,test/full_audit_critical_test.dart,AUD-B02 rejects normalized invalid backup date 2030-01-01T07:00:60 before any mutation,PASS,,build/full_audit_2026-09-30/critical_final.jsonl,로컬 자동검사; 실제 OS/기기 검증 아님
critical_final,test/full_audit_critical_test.dart,AUD-B03 invalid assigned day is rejected instead of normalized,PASS,,build/full_audit_2026-09-30/critical_final.jsonl,로컬 자동검사; 실제 OS/기기 검증 아님
critical_final,test/full_audit_critical_test.dart,AUD-B16 valid calendar and DST wall time stays restorable 2032-02-29T07:00:00,PASS,,build/full_audit_2026-09-30/critical_final.jsonl,로컬 자동검사; 실제 OS/기기 검증 아님
critical_final,test/friend_list_density_test.dart,"100 friends scroll to last delete control with safe area Size(320.0, 640.0) scale 1.3",PASS,,build/full_audit_2026-09-30/critical_final.jsonl,로컬 자동검사; 실제 OS/기기 검증 아님
critical_final,test/full_audit_critical_test.dart,AUD-B16 valid calendar and DST wall time stays restorable 2030-02-28T23:59:59.123456,PASS,,build/full_audit_2026-09-30/critical_final.jsonl,로컬 자동검사; 실제 OS/기기 검증 아님
critical_final,test/full_audit_critical_test.dart,AUD-B16 valid calendar and DST wall time stays restorable 2026-03-08T02:30:00,PASS,,build/full_audit_2026-09-30/critical_final.jsonl,로컬 자동검사; 실제 OS/기기 검증 아님
critical_final,test/full_audit_critical_test.dart,AUD-B16 valid calendar and DST wall time stays restorable 2026-11-01T01:30:00,PASS,,build/full_audit_2026-09-30/critical_final.jsonl,로컬 자동검사; 실제 OS/기기 검증 아님
critical_final,test/full_audit_critical_test.dart,AUD-B14 backup rejects non-custom fixed before OS changes,PASS,,build/full_audit_2026-09-30/critical_final.jsonl,로컬 자동검사; 실제 OS/기기 검증 아님
critical_final,test/full_audit_critical_test.dart,AUD-B14 backup rejects non-custom snoozed before OS changes,PASS,,build/full_audit_2026-09-30/critical_final.jsonl,로컬 자동검사; 실제 OS/기기 검증 아님
critical_final,test/full_audit_critical_test.dart,AUD-B14 backup rejects unknown alarm type before OS changes,PASS,,build/full_audit_2026-09-30/critical_final.jsonl,로컬 자동검사; 실제 OS/기기 검증 아님
critical_final,test/full_audit_critical_test.dart,AUD-B14 backup rejects invalid clock before OS changes,PASS,,build/full_audit_2026-09-30/critical_final.jsonl,로컬 자동검사; 실제 OS/기기 검증 아님
critical_final,test/full_audit_critical_test.dart,AUD-B14 backup rejects invalid column before OS changes,PASS,,build/full_audit_2026-09-30/critical_final.jsonl,로컬 자동검사; 실제 OS/기기 검증 아님
critical_final,test/full_audit_critical_test.dart,AUD-B14 backup rejects invalid column type before OS changes,PASS,,build/full_audit_2026-09-30/critical_final.jsonl,로컬 자동검사; 실제 OS/기기 검증 아님
critical_final,test/full_audit_critical_test.dart,AUD-B14 backup rejects incomplete preset link before OS changes,PASS,,build/full_audit_2026-09-30/critical_final.jsonl,로컬 자동검사; 실제 OS/기기 검증 아님
critical_final,test/full_audit_critical_test.dart,AUD-B14 backup rejects preset outside five slots before OS changes,PASS,,build/full_audit_2026-09-30/critical_final.jsonl,로컬 자동검사; 실제 OS/기기 검증 아님
critical_final,test/full_audit_critical_test.dart,AUD-B04 restore preserves local snooze on colliding backup ID and keeps local share intent,PASS,,build/full_audit_2026-09-30/critical_final.jsonl,로컬 자동검사; 실제 OS/기기 검증 아님
critical_final,test/full_audit_critical_test.dart,AUD-B05 restoreClearOs failure retains resumable job and retry converges,PASS,,build/full_audit_2026-09-30/critical_final.jsonl,로컬 자동검사; 실제 OS/기기 검증 아님
critical_final,test/full_audit_critical_test.dart,AUD-B05 restoreReconcileOs failure retains resumable job and retry converges,PASS,,build/full_audit_2026-09-30/critical_final.jsonl,로컬 자동검사; 실제 OS/기기 검증 아님
critical_final,test/full_audit_critical_test.dart,AUD-B06 ring epoch changes during restore rollback then retry without duplicate alarms,PASS,,build/full_audit_2026-09-30/critical_final.jsonl,로컬 자동검사; 실제 OS/기기 검증 아님
critical_final,test/full_audit_critical_test.dart,AUD-B07 repeated ring epoch changes stop after bounded attempts and remain resumable,PASS,,build/full_audit_2026-09-30/critical_final.jsonl,로컬 자동검사; 실제 OS/기기 검증 아님
critical_final,test/full_audit_critical_test.dart,AUD-B08 lost restore copy reconciles existing data and clears pending job,PASS,,build/full_audit_2026-09-30/critical_final.jsonl,로컬 자동검사; 실제 OS/기기 검증 아님
critical_final,test/full_audit_critical_test.dart,AUD-B09 DB insertion failure rolls back all source tables and resumes,PASS,,build/full_audit_2026-09-30/critical_final.jsonl,로컬 자동검사; 실제 OS/기기 검증 아님
critical_final,test/full_audit_critical_test.dart,AUD-B10 automatic backup skips identical content but captures preference changes,PASS,,build/full_audit_2026-09-30/critical_final.jsonl,로컬 자동검사; 실제 OS/기기 검증 아님
critical_final,test/full_audit_critical_test.dart,AUD-B11 failed manual write preserves last-success metadata and auto slot,PASS,,build/full_audit_2026-09-30/critical_final.jsonl,로컬 자동검사; 실제 OS/기기 검증 아님
critical_final,test/full_audit_critical_test.dart,AUD-B12 simultaneous manual and auto requests drain both slots after changed data,PASS,,build/full_audit_2026-09-30/critical_final.jsonl,로컬 자동검사; 실제 OS/기기 검증 아님
critical_final,test/full_audit_critical_test.dart,AUD-B13 same backup restored twice merges permanent history once,PASS,,build/full_audit_2026-09-30/critical_final.jsonl,로컬 자동검사; 실제 OS/기기 검증 아님
critical_final,test/full_audit_critical_test.dart,AUD-B15 empty schedule and pending restore never overwrite automatic backup,PASS,,build/full_audit_2026-09-30/critical_final.jsonl,로컬 자동검사; 실제 OS/기기 검증 아님
critical_final,test/full_audit_critical_test.dart,AUD-F01 100 offline friends retain cache and database counts after refresh rename delete,PASS,,build/full_audit_2026-09-30/critical_final.jsonl,로컬 자동검사; 실제 OS/기기 검증 아님
critical_final,test/friend_list_density_test.dart,"100 friends scroll to last delete control with safe area Size(320.0, 640.0) scale 2.0",PASS,,build/full_audit_2026-09-30/critical_final.jsonl,로컬 자동검사; 실제 OS/기기 검증 아님
critical_final,test/friend_list_density_test.dart,"100 friends scroll to last delete control with safe area Size(600.0, 800.0) scale 1.3",PASS,,build/full_audit_2026-09-30/critical_final.jsonl,로컬 자동검사; 실제 OS/기기 검증 아님
critical_final,test/onboarding_popup_delay_test.dart,닫힌 원터치 패널은 안내를 띄우거나 읽음 처리하지 않는다,PASS,,build/full_audit_2026-09-30/critical_final.jsonl,로컬 자동검사; 실제 OS/기기 검증 아님
critical_final,test/friend_list_density_test.dart,"100 friends scroll to last delete control with safe area Size(600.0, 800.0) scale 2.0",PASS,,build/full_audit_2026-09-30/critical_final.jsonl,로컬 자동검사; 실제 OS/기기 검증 아님
critical_final,test/onboarding_popup_delay_test.dart,"지연 시간은 ""아주 약간""의 범위(0.4~1초)",PASS,,build/full_audit_2026-09-30/critical_final.jsonl,로컬 자동검사; 실제 OS/기기 검증 아님
critical_final,test/onboarding_popup_delay_test.dart,팝업은 화면이 뜬 직후가 아니라 지연 뒤에 나타난다,PASS,,build/full_audit_2026-09-30/critical_final.jsonl,로컬 자동검사; 실제 OS/기기 검증 아님
critical_final,test/onboarding_popup_delay_test.dart,"지연 중에 화면이 사라지면 팝업을 띄우지 않고 ""봤다""고도 기록하지 않는다",PASS,,build/full_audit_2026-09-30/critical_final.jsonl,로컬 자동검사; 실제 OS/기기 검증 아님
critical_final,test/onboarding_popup_delay_test.dart,이미 본 팝업은 지연도 없이 아무 것도 하지 않는다,PASS,,build/full_audit_2026-09-30/critical_final.jsonl,로컬 자동검사; 실제 OS/기기 검증 아님
critical_final,test/onboarding_popup_delay_test.dart,규칙적 근무면 근무 배정 안내는 뜨지 않는다(기존 동작 유지),PASS,,build/full_audit_2026-09-30/critical_final.jsonl,로컬 자동검사; 실제 OS/기기 검증 아님
critical_final,test/onboarding_popup_delay_test.dart,다섯 가지 첫 사용 안내는 각각 처음 한 번만 표시된다,PASS,,build/full_audit_2026-09-30/critical_final.jsonl,로컬 자동검사; 실제 OS/기기 검증 아님
critical_final,test/onboarding_popup_delay_test.dart,영어 웰컴 팝업은 제공하는 기능만 안내하고 수면은 안내하지 않는다,PASS,,build/full_audit_2026-09-30/critical_final.jsonl,로컬 자동검사; 실제 OS/기기 검증 아님
critical_final,test/release_audit/g2/friend_sync_state_test.dart,"F-S01 새 설치: off·회차 0·dirty 없음, intent off 영속",PASS,,build/full_audit_2026-09-30/critical_final.jsonl,로컬 자동검사; 실제 OS/기기 검증 아님
critical_final,test/release_audit/g2/friend_sync_state_test.dart,F-S02 legacy(enabled만 있음) 설치는 active 회차 1·dirty로 올리고 재조회해도 유지,PASS,,build/full_audit_2026-09-30/critical_final.jsonl,로컬 자동검사; 실제 OS/기기 검증 아님
critical_final,test/release_audit/g2/friend_sync_state_test.dart,"F-S03 중지: 로컬 즉시 off(enabled false), 서버 확인 전 stop_pending·dirty, 회차 보존 (#24)",PASS,,build/full_audit_2026-09-30/critical_final.jsonl,로컬 자동검사; 실제 OS/기기 검증 아님
critical_final,test/release_audit/g2/friend_sync_state_test.dart,F-S04 stop_pending은 시작·재개·재연결·복원·재시도 어느 진입점에서도 active로 돌아가지 않음 (#24),PASS,,build/full_audit_2026-09-30/critical_final.jsonl,로컬 자동검사; 실제 OS/기기 검증 아님
critical_final,test/release_audit/g2/friend_sync_state_test.dart,F-S05 중지와 동기화가 겹쳐도 최종 로컬 의도는 stop_pending (부활 없음),PASS,,build/full_audit_2026-09-30/critical_final.jsonl,로컬 자동검사; 실제 OS/기기 검증 아님
critical_final,test/release_audit/g2/friend_sync_state_test.dart,"F-S06 Firebase 준비 전 공유 시작은 null이고 상태를 바꾸지 않음, 빈 이름도 null",PASS,,build/full_audit_2026-09-30/critical_final.jsonl,로컬 자동검사; 실제 OS/기기 검증 아님
critical_final,test/release_audit/g2/friend_sync_state_test.dart,F-S07 active 근무표 동기화: 확인 불가면 desired 기록·dirty 유지·confirmed 없음·회차 그대로 (#24),PASS,,build/full_audit_2026-09-30/critical_final.jsonl,로컬 자동검사; 실제 OS/기기 검증 아님
critical_final,test/release_audit/g2/friend_sync_state_test.dart,F-S08 off에서는 동기화·재시도가 dirty·desired를 만들지 않음,PASS,,build/full_audit_2026-09-30/critical_final.jsonl,로컬 자동검사; 실제 OS/기기 검증 아님
critical_final,test/release_audit/g2/friend_sync_state_test.dart,"F-S09 변경 기반 업로드(#30): 서버 확인된 동일 payload는 재제출 표시 안 함, map 순서만 다르면 동일, 실제 변경만 dirty",PASS,,build/full_audit_2026-09-30/critical_final.jsonl,로컬 자동검사; 실제 OS/기기 검증 아님
critical_final,test/release_audit/g2/friend_sync_state_test.dart,F-S10 dirty가 남아 있으면 같은 payload라도 재시도 대상 유지,PASS,,build/full_audit_2026-09-30/critical_final.jsonl,로컬 자동검사; 실제 OS/기기 검증 아님
critical_final,test/release_audit/g2/friend_sync_state_test.dart,F-S11 경계 밖 스케줄은 업로드 목표를 바꾸지 않고 dirty만 남김,PASS,,build/full_audit_2026-09-30/critical_final.jsonl,로컬 자동검사; 실제 OS/기기 검증 아님
critical_final,test/release_audit/g2/friend_sync_state_test.dart,"F-S12 이름 변경: 공유 중 아니면 false·미저장, 공유 중 확인 불가면 false지만 이름 저장·dirty (화면은 대기 안내)",PASS,,build/full_audit_2026-09-30/critical_final.jsonl,로컬 자동검사; 실제 OS/기기 검증 아님
critical_final,test/release_audit/g2/friend_sync_state_test.dart,"F-S13 복원 완료 진입점: active면 dirty로 재업로드 대기, off면 변화 없음",PASS,,build/full_audit_2026-09-30/critical_final.jsonl,로컬 자동검사; 실제 OS/기기 검증 아님
critical_final,test/release_audit/g2/friend_sync_state_test.dart,F-S14 준비 전·잘못된 ownerId 조회는 unavailable - 서버 확인 삭제로 오인하지 않음 (#21),PASS,,build/full_audit_2026-09-30/critical_final.jsonl,로컬 자동검사; 실제 OS/기기 검증 아님
critical_final,test/release_audit/g2/friend_sync_state_test.dart,F-S15 공유 상태 키 7개는 전부 백업 제외 목록에 있음 (G4 인계),PASS,,build/full_audit_2026-09-30/critical_final.jsonl,로컬 자동검사; 실제 OS/기기 검증 아님
critical_final,test/schedule_transfer_layout_test.dart,pattern code regular shows the right sections and confirms before applying,PASS,,build/full_audit_2026-09-30/critical_final.jsonl,로컬 자동검사; 실제 OS/기기 검증 아님
critical_final,test/alarm_snooze_backup_test.dart,both repeated-hour history instants survive existing backup format,PASS,,build/full_audit_2026-09-30/critical_final.jsonl,로컬 자동검사; 실제 OS/기기 검증 아님
critical_final,test/release_audit/g6/cross_review_backup_friend_test.dart,X-09 복원 검증 - 설정 자료형 등록된 bool 키에 문자열이면 거부,PASS,,build/full_audit_2026-09-30/critical_final.jsonl,로컬 자동검사; 실제 OS/기기 검증 아님
critical_final,test/release_audit/g6/cross_review_backup_friend_test.dart,X-09 복원 검증 - 설정 자료형 등록된 키의 올바른 자료형·등록 안 된 기본 자료형은 통과,PASS,,build/full_audit_2026-09-30/critical_final.jsonl,로컬 자동검사; 실제 OS/기기 검증 아님
critical_final,test/release_audit/g6/cross_review_backup_friend_test.dart,X-09 복원 검증 - 설정 자료형 자료형 등록표와 판정 함수가 일치,PASS,,build/full_audit_2026-09-30/critical_final.jsonl,로컬 자동검사; 실제 OS/기기 검증 아님
critical_final,test/release_audit/g6/cross_review_backup_friend_test.dart,X-09 복원 검증 - 알람 날짜 저장 형식 초 단위·밀리초 형식은 통과,PASS,,build/full_audit_2026-09-30/critical_final.jsonl,로컬 자동검사; 실제 OS/기기 검증 아님
critical_final,test/release_audit/g6/cross_review_backup_friend_test.dart,X-09 복원 검증 - 알람 날짜 저장 형식 파싱은 되지만 저장 형식이 아니면 거부,PASS,,build/full_audit_2026-09-30/critical_final.jsonl,로컬 자동검사; 실제 OS/기기 검증 아님
critical_final,test/release_audit/g6/cross_review_backup_friend_test.dart,X-11 긴 공유 이름 80자 초과 이름은 거부하지 않고 80자로 자름,PASS,,build/full_audit_2026-09-30/critical_final.jsonl,로컬 자동검사; 실제 OS/기기 검증 아님
critical_final,test/release_audit/g6/cross_review_backup_friend_test.dart,X-11 긴 공유 이름 clampOwnerName은 80자 이하를 그대로 둠,PASS,,build/full_audit_2026-09-30/critical_final.jsonl,로컬 자동검사; 실제 OS/기기 검증 아님
critical_final,test/schedule_transfer_layout_test.dart,pattern code onboarding shows the right sections and confirms before applying,PASS,,build/full_audit_2026-09-30/critical_final.jsonl,로컬 자동검사; 실제 OS/기기 검증 아님
critical_final,test/schedule_transfer_layout_test.dart,pattern code irregular shows the right sections and confirms before applying,PASS,,build/full_audit_2026-09-30/critical_final.jsonl,로컬 자동검사; 실제 OS/기기 검증 아님
critical_final,test/schedule_transfer_layout_test.dart,small Korean sharing screen offers share and add without removed pattern shortcut,PASS,,build/full_audit_2026-09-30/critical_final.jsonl,로컬 자동검사; 실제 OS/기기 검증 아님
critical_final,test/schedule_transfer_service_test.dart,replaces only shift-linked data and cancels old fixed OS alarm,PASS,,build/full_audit_2026-09-30/critical_final.jsonl,로컬 자동검사; 실제 OS/기기 검증 아님
critical_final,test/schedule_transfer_service_test.dart,import converts an irregular calendar to the received repeating pattern,PASS,,build/full_audit_2026-09-30/critical_final.jsonl,로컬 자동검사; 실제 OS/기기 검증 아님
critical_final,test/schedule_transfer_service_test.dart,database failure rolls back old schedule and fixed alarms,PASS,,build/full_audit_2026-09-30/critical_final.jsonl,로컬 자동검사; 실제 OS/기기 검증 아님
critical_final,test/custom_alarm_service_test.dart,CustomAlarmService.validate 지금 이후면 통과,PASS,,build/full_audit_2026-09-30/critical_final.jsonl,로컬 자동검사; 실제 OS/기기 검증 아님
critical_final,test/custom_alarm_service_test.dart,CustomAlarmService.validate 오늘과 내일만 허용,PASS,,build/full_audit_2026-09-30/critical_final.jsonl,로컬 자동검사; 실제 OS/기기 검증 아님
critical_final,test/custom_alarm_service_test.dart,CustomAlarmService.validate 지난 시각·지금과 같은 시각은 만들지 않음,PASS,,build/full_audit_2026-09-30/critical_final.jsonl,로컬 자동검사; 실제 OS/기기 검증 아님
critical_final,test/custom_alarm_service_test.dart,CustomAlarmService.validate 같은 날짜·같은 분(고정/커스텀/스누즈 모두)이면 중복,PASS,,build/full_audit_2026-09-30/critical_final.jsonl,로컬 자동검사; 실제 OS/기기 검증 아님
critical_final,test/custom_alarm_service_test.dart,CustomAlarmService.validate 같은 분이 아니면 하루 5개가 있어도 추가할 수 있다,PASS,,build/full_audit_2026-09-30/critical_final.jsonl,로컬 자동검사; 실제 OS/기기 검증 아님
critical_final,test/custom_alarm_service_test.dart,CustomAlarmService.validate 자정 넘김 없음 - 그 날짜 기준 시각,PASS,,build/full_audit_2026-09-30/critical_final.jsonl,로컬 자동검사; 실제 OS/기기 검증 아님
critical_final,test/custom_alarm_service_test.dart,"CustomAlarmPreset 저장 형식 항상 5칸, 손상된 값은 빈 칸/기본 종류로",PASS,,build/full_audit_2026-09-30/critical_final.jsonl,로컬 자동검사; 실제 OS/기기 검증 아님
critical_final,test/custom_alarm_service_test.dart,CustomAlarmPreset 저장 형식 왕복 인코딩,PASS,,build/full_audit_2026-09-30/critical_final.jsonl,로컬 자동검사; 실제 OS/기기 검증 아님
critical_final,test/custom_alarm_service_test.dart,실제 DB 할당 연결 offset snooze remains upcoming and cancellation history keeps its instant,PASS,,build/full_audit_2026-09-30/critical_final.jsonl,로컬 자동검사; 실제 OS/기기 검증 아님
critical_final,test/custom_alarm_service_test.dart,실제 DB 할당 연결 history sorts the second 01:04 after the first 01:58,PASS,,build/full_audit_2026-09-30/critical_final.jsonl,로컬 자동검사; 실제 OS/기기 검증 아님
critical_final,test/alarm_snooze_instant_test.dart,America/New_York repeated 01:04 occurrence 1 survives storage and history,PASS,,build/full_audit_2026-09-30/critical_final.jsonl,로컬 자동검사; 실제 OS/기기 검증 아님
critical_final,test/alarm_snooze_instant_test.dart,America/New_York repeated 01:04 occurrence 2 survives storage and history,PASS,,build/full_audit_2026-09-30/critical_final.jsonl,로컬 자동검사; 실제 OS/기기 검증 아님
critical_final,test/alarm_snooze_instant_test.dart,Europe/London repeated 01:04 occurrence 1 survives storage and history,PASS,,build/full_audit_2026-09-30/critical_final.jsonl,로컬 자동검사; 실제 OS/기기 검증 아님
critical_final,test/alarm_snooze_instant_test.dart,Europe/London repeated 01:04 occurrence 2 survives storage and history,PASS,,build/full_audit_2026-09-30/critical_final.jsonl,로컬 자동검사; 실제 OS/기기 검증 아님
critical_final,test/alarm_snooze_instant_test.dart,five elapsed minutes can move the displayed clock backwards,PASS,,build/full_audit_2026-09-30/critical_final.jsonl,로컬 자동검사; 실제 OS/기기 검증 아님
critical_final,test/alarm_snooze_instant_test.dart,ordinary times have no occurrence label,PASS,,build/full_audit_2026-09-30/critical_final.jsonl,로컬 자동검사; 실제 OS/기기 검증 아님
critical_final,test/alarm_snooze_instant_test.dart,"one-tap collision uses the actual minute, not the repeated clock label",PASS,,build/full_audit_2026-09-30/critical_final.jsonl,로컬 자동검사; 실제 OS/기기 검증 아님
critical_final,test/custom_alarm_service_test.dart,실제 DB 할당 연결 5칸을 하루에 한 번씩만 할당하고 설정 칸 삭제는 연결된 날짜를 함께 지운다,PASS,,build/full_audit_2026-09-30/critical_final.jsonl,로컬 자동검사; 실제 OS/기기 검증 아님
critical_final,test/custom_alarm_service_test.dart,실제 DB 할당 연결 원터치 삭제 뒤 잠시 건너뛴 고정을 새 ID로 생성하고 예약한다,PASS,,build/full_audit_2026-09-30/critical_final.jsonl,로컬 자동검사; 실제 OS/기기 검증 아님
critical_final,test/alarm_dst_test.dart,"America/New_York 2026-03-08T02:30:00 generation, offsets and stored date agree",PASS,,build/full_audit_2026-09-30/critical_final.jsonl,로컬 자동검사; 실제 OS/기기 검증 아님
critical_final,test/alarm_dst_test.dart,"America/New_York 2026-11-01T01:30:00 generation, offsets and stored date agree",PASS,,build/full_audit_2026-09-30/critical_final.jsonl,로컬 자동검사; 실제 OS/기기 검증 아님
critical_final,test/alarm_dst_test.dart,"America/Los_Angeles 2026-03-08T02:30:00 generation, offsets and stored date agree",PASS,,build/full_audit_2026-09-30/critical_final.jsonl,로컬 자동검사; 실제 OS/기기 검증 아님
critical_final,test/alarm_dst_test.dart,"America/Los_Angeles 2026-11-01T01:30:00 generation, offsets and stored date agree",PASS,,build/full_audit_2026-09-30/critical_final.jsonl,로컬 자동검사; 실제 OS/기기 검증 아님
critical_final,test/alarm_dst_test.dart,"Europe/London 2026-03-29T01:30:00 generation, offsets and stored date agree",PASS,,build/full_audit_2026-09-30/critical_final.jsonl,로컬 자동검사; 실제 OS/기기 검증 아님
critical_final,test/alarm_dst_test.dart,"Europe/London 2026-10-25T01:30:00 generation, offsets and stored date agree",PASS,,build/full_audit_2026-09-30/critical_final.jsonl,로컬 자동검사; 실제 OS/기기 검증 아님
critical_final,test/alarm_dst_test.dart,"Asia/Seoul 2026-12-31T23:59:00 generation, offsets and stored date agree",PASS,,build/full_audit_2026-09-30/critical_final.jsonl,로컬 자동검사; 실제 OS/기기 검증 아님
critical_final,test/alarm_dst_test.dart,"Europe/London 2028-02-29T00:00:00 generation, offsets and stored date agree",PASS,,build/full_audit_2026-09-30/critical_final.jsonl,로컬 자동검사; 실제 OS/기기 검증 아님
critical_final,test/alarm_dst_test.dart,"Australia/Lord_Howe 2026-10-04T02:15:00 generation, offsets and stored date agree",PASS,,build/full_audit_2026-09-30/critical_final.jsonl,로컬 자동검사; 실제 OS/기기 검증 아님
critical_final,test/alarm_dst_test.dart,"Australia/Lord_Howe 2026-04-05T01:45:00 generation, offsets and stored date agree",PASS,,build/full_audit_2026-09-30/critical_final.jsonl,로컬 자동검사; 실제 OS/기기 검증 아님
critical_final,test/alarm_dst_test.dart,spring gap colliding with 03:30 produces one alarm,PASS,,build/full_audit_2026-09-30/critical_final.jsonl,로컬 자동검사; 실제 OS/기기 검증 아님
critical_final,test/alarm_dst_test.dart,first 01:45 does not discard second 01:30; past occurrence stays past,PASS,,build/full_audit_2026-09-30/critical_final.jsonl,로컬 자동검사; 실제 OS/기기 검증 아님
flutter,test/alarm_dst_test.dart,"America/New_York 2026-03-08T02:30:00 generation, offsets and stored date agree",PASS,,build/full_audit_2026-09-30/flutter.jsonl,로컬 자동검사; 실제 OS/기기 검증 아님
flutter,test/ad_startup_layout_test.dart,delayed consent never blocks geometry; late initialization loads current slot,PASS,,build/full_audit_2026-09-30/flutter.jsonl,로컬 자동검사; 실제 OS/기기 검증 아님
flutter,test/alarm_dst_test.dart,"America/New_York 2026-11-01T01:30:00 generation, offsets and stored date agree",PASS,,build/full_audit_2026-09-30/flutter.jsonl,로컬 자동검사; 실제 OS/기기 검증 아님
flutter,test/alarm_dst_test.dart,"America/Los_Angeles 2026-03-08T02:30:00 generation, offsets and stored date agree",PASS,,build/full_audit_2026-09-30/flutter.jsonl,로컬 자동검사; 실제 OS/기기 검증 아님
flutter,test/alarm_dst_test.dart,"America/Los_Angeles 2026-11-01T01:30:00 generation, offsets and stored date agree",PASS,,build/full_audit_2026-09-30/flutter.jsonl,로컬 자동검사; 실제 OS/기기 검증 아님
flutter,test/alarm_dst_test.dart,"Europe/London 2026-03-29T01:30:00 generation, offsets and stored date agree",PASS,,build/full_audit_2026-09-30/flutter.jsonl,로컬 자동검사; 실제 OS/기기 검증 아님
flutter,test/alarm_dst_test.dart,"Europe/London 2026-10-25T01:30:00 generation, offsets and stored date agree",PASS,,build/full_audit_2026-09-30/flutter.jsonl,로컬 자동검사; 실제 OS/기기 검증 아님
flutter,test/alarm_dst_test.dart,"Asia/Seoul 2026-12-31T23:59:00 generation, offsets and stored date agree",PASS,,build/full_audit_2026-09-30/flutter.jsonl,로컬 자동검사; 실제 OS/기기 검증 아님
flutter,test/alarm_dst_test.dart,"Europe/London 2028-02-29T00:00:00 generation, offsets and stored date agree",PASS,,build/full_audit_2026-09-30/flutter.jsonl,로컬 자동검사; 실제 OS/기기 검증 아님
flutter,test/alarm_dst_test.dart,"Australia/Lord_Howe 2026-10-04T02:15:00 generation, offsets and stored date agree",PASS,,build/full_audit_2026-09-30/flutter.jsonl,로컬 자동검사; 실제 OS/기기 검증 아님
flutter,test/alarm_dst_test.dart,"Australia/Lord_Howe 2026-04-05T01:45:00 generation, offsets and stored date agree",PASS,,build/full_audit_2026-09-30/flutter.jsonl,로컬 자동검사; 실제 OS/기기 검증 아님
flutter,test/alarm_dst_test.dart,spring gap colliding with 03:30 produces one alarm,PASS,,build/full_audit_2026-09-30/flutter.jsonl,로컬 자동검사; 실제 OS/기기 검증 아님
flutter,test/alarm_dst_test.dart,first 01:45 does not discard second 01:30; past occurrence stays past,PASS,,build/full_audit_2026-09-30/flutter.jsonl,로컬 자동검사; 실제 OS/기기 검증 아님
flutter,test/alarm_snooze_backup_test.dart,both repeated-hour history instants survive existing backup format,PASS,,build/full_audit_2026-09-30/flutter.jsonl,로컬 자동검사; 실제 OS/기기 검증 아님
flutter,test/alarm_snooze_instant_test.dart,America/New_York repeated 01:04 occurrence 1 survives storage and history,PASS,,build/full_audit_2026-09-30/flutter.jsonl,로컬 자동검사; 실제 OS/기기 검증 아님
flutter,test/alarm_snooze_instant_test.dart,America/New_York repeated 01:04 occurrence 2 survives storage and history,PASS,,build/full_audit_2026-09-30/flutter.jsonl,로컬 자동검사; 실제 OS/기기 검증 아님
flutter,test/alarm_snooze_instant_test.dart,Europe/London repeated 01:04 occurrence 1 survives storage and history,PASS,,build/full_audit_2026-09-30/flutter.jsonl,로컬 자동검사; 실제 OS/기기 검증 아님
flutter,test/alarm_snooze_instant_test.dart,Europe/London repeated 01:04 occurrence 2 survives storage and history,PASS,,build/full_audit_2026-09-30/flutter.jsonl,로컬 자동검사; 실제 OS/기기 검증 아님
flutter,test/alarm_snooze_instant_test.dart,five elapsed minutes can move the displayed clock backwards,PASS,,build/full_audit_2026-09-30/flutter.jsonl,로컬 자동검사; 실제 OS/기기 검증 아님
flutter,test/alarm_snooze_instant_test.dart,ordinary times have no occurrence label,PASS,,build/full_audit_2026-09-30/flutter.jsonl,로컬 자동검사; 실제 OS/기기 검증 아님
flutter,test/alarm_snooze_instant_test.dart,"one-tap collision uses the actual minute, not the repeated clock label",PASS,,build/full_audit_2026-09-30/flutter.jsonl,로컬 자동검사; 실제 OS/기기 검증 아님
flutter,test/app_analytics_test.dart,"이벤트 이름 GA4 규칙(소문자 시작·영문 소문자/숫자/밑줄·40자 이하, 예약 접두어 금지)",PASS,,build/full_audit_2026-09-30/flutter.jsonl,로컬 자동검사; 실제 OS/기기 검증 아님
flutter,test/app_analytics_test.dart,이벤트 이름 앱 이벤트 목록 == 대시보드 labels.js의 사용자 이벤트 목록,PASS,,build/full_audit_2026-09-30/flutter.jsonl,로컬 자동검사; 실제 OS/기기 검증 아님
flutter,test/app_analytics_test.dart,AppAnalytics.track 이름과 분류 파라미터를 그대로 전달하고 예외를 던지지 않는다,PASS,,build/full_audit_2026-09-30/flutter.jsonl,로컬 자동검사; 실제 OS/기기 검증 아님
flutter,test/app_analytics_test.dart,AppAnalytics.track 싱크가 예외를 던져도 호출부로 새지 않는다,PASS,,build/full_audit_2026-09-30/flutter.jsonl,로컬 자동검사; 실제 OS/기기 검증 아님
flutter,test/app_analytics_test.dart,AlarmUsageAnalytics.reportNew 계측 첫 실행: 옛 이력은 보내지 않고 기준선(최대 id)만 저장,PASS,,build/full_audit_2026-09-30/flutter.jsonl,로컬 자동검사; 실제 OS/기기 검증 아님
flutter,test/app_analytics_test.dart,"AlarmUsageAnalytics.reportNew 새 이력만 종류별로 매핑, ringing/removed·72시간보다 오래된 이력은 제외, 커서는 끝까지 전진",PASS,,build/full_audit_2026-09-30/flutter.jsonl,로컬 자동검사; 실제 OS/기기 검증 아님
flutter,test/app_analytics_test.dart,"AlarmUsageAnalytics.reportNew 한꺼번에 몰려도 종류별 상한만 보내고, 나머지도 다시 보내지 않도록 커서는 전진",PASS,,build/full_audit_2026-09-30/flutter.jsonl,로컬 자동검사; 실제 OS/기기 검증 아님
flutter,test/app_analytics_test.dart,AlarmUsageAnalytics.reportNew 연속 호출 시 같은 이력을 두 번 보내지 않는다,PASS,,build/full_audit_2026-09-30/flutter.jsonl,로컬 자동검사; 실제 OS/기기 검증 아님
flutter,test/app_analytics_test.dart,AlarmUsageAnalytics.reportNew 조회가 실패해도 예외를 던지지 않고 커서를 건드리지 않는다,PASS,,build/full_audit_2026-09-30/flutter.jsonl,로컬 자동검사; 실제 OS/기기 검증 아님
flutter,test/app_analytics_test.dart,통계 커서는 기기별 설정이라 백업·복원 대상이 아니다,PASS,,build/full_audit_2026-09-30/flutter.jsonl,로컬 자동검사; 실제 OS/기기 검증 아님
flutter,test/alarm_time_format_test.dart,12-hour editor preserves all 24 hours and day offsets,PASS,,build/full_audit_2026-09-30/flutter.jsonl,로컬 자동검사; 실제 OS/기기 검증 아님
flutter,test/app_content_width_test.dart,phone scale is preserved and wide design units stay bounded,PASS,,build/full_audit_2026-09-30/flutter.jsonl,로컬 자동검사; 실제 OS/기기 검증 아님
flutter,test/app_content_width_test.dart,bar and Flip reference windows never select the short cover,PASS,,build/full_audit_2026-09-30/flutter.jsonl,로컬 자동검사; 실제 OS/기기 검증 아님
flutter,test/calendar_memo_sizing_test.dart,"shift-size cap targets balanced inner windows, not previous Fold tuning",PASS,,build/full_audit_2026-09-30/flutter.jsonl,로컬 자동검사; 실제 OS/기기 검증 아님
flutter,test/calendar_memo_sizing_test.dart,wide proportions share the same three-line budget by count,PASS,,build/full_audit_2026-09-30/flutter.jsonl,로컬 자동검사; 실제 OS/기기 검증 아님
flutter,test/calendar_memo_sizing_test.dart,Fold cover reduces one and two memos without changing three,PASS,,build/full_audit_2026-09-30/flutter.jsonl,로컬 자동검사; 실제 OS/기기 검증 아님
flutter,test/calendar_memo_sizing_test.dart,narrow phones and tall cover windows keep their original memo sizes,PASS,,build/full_audit_2026-09-30/flutter.jsonl,로컬 자동검사; 실제 OS/기기 검증 아님
flutter,test/calendar_shift_text_scale_test.dart,bar phone only: simple line and soft card use the 1.15 target,PASS,,build/full_audit_2026-09-30/flutter.jsonl,로컬 자동검사; 실제 OS/기기 검증 아님
flutter,test/alarm_time_format_test.dart,24-hour editor preserves all 24 hours and day offsets,PASS,,build/full_audit_2026-09-30/flutter.jsonl,로컬 자동검사; 실제 OS/기기 검증 아님
flutter,test/condition_baseline_load_test.dart,"개인 기준선 계산(baselineWeeklyMinutesAsOf) 규칙적 - 짧은 주기(3조2교대 6일, 12h×4일/6일*7=56시간)",PASS,,build/full_audit_2026-09-30/flutter.jsonl,로컬 자동검사; 실제 OS/기기 검증 아님
flutter,test/condition_baseline_load_test.dart,"개인 기준선 계산(baselineWeeklyMinutesAsOf) 규칙적 - 긴 주기(3조3교대 21일, 8h×15일/21일*7=40시간)",PASS,,build/full_audit_2026-09-30/flutter.jsonl,로컬 자동검사; 실제 OS/기기 검증 아님
flutter,test/condition_baseline_load_test.dart,개인 기준선 계산(baselineWeeklyMinutesAsOf) 불규칙 - 배정된 날이 21일 미만이면 판단 근거 부족으로 null,PASS,,build/full_audit_2026-09-30/flutter.jsonl,로컬 자동검사; 실제 OS/기기 검증 아님
flutter,test/condition_baseline_load_test.dart,개인 기준선 계산(baselineWeeklyMinutesAsOf) 불규칙 - 배정된 날이 21일 이상이면 실측 평균×7,PASS,,build/full_audit_2026-09-30/flutter.jsonl,로컬 자동검사; 실제 OS/기기 검증 아님
flutter,test/condition_baseline_load_test.dart,"회귀 - 정상 패턴은 개인 기준선 대비 조용해야 함(P0 핵심 검증) 3조2교대(6일,12h) - 3주기 내내 조용함",PASS,,build/full_audit_2026-09-30/flutter.jsonl,로컬 자동검사; 실제 OS/기기 검증 아님
flutter,test/condition_baseline_load_test.dart,"회귀 - 정상 패턴은 개인 기준선 대비 조용해야 함(P0 핵심 검증) 4조2교대(8일,12h) - 3주기 내내 조용함",PASS,,build/full_audit_2026-09-30/flutter.jsonl,로컬 자동검사; 실제 OS/기기 검증 아님
flutter,test/condition_baseline_load_test.dart,"회귀 - 정상 패턴은 개인 기준선 대비 조용해야 함(P0 핵심 검증) 4조3교대(8일,8h) - 3주기 내내 조용함",PASS,,build/full_audit_2026-09-30/flutter.jsonl,로컬 자동검사; 실제 OS/기기 검증 아님
flutter,test/condition_baseline_load_test.dart,"회귀 - 정상 패턴은 개인 기준선 대비 조용해야 함(P0 핵심 검증) 3조3교대(21일,8h) - 2주기 내내 조용함",PASS,,build/full_audit_2026-09-30/flutter.jsonl,로컬 자동검사; 실제 OS/기기 검증 아님
flutter,test/condition_baseline_load_test.dart,"회귀 - 정상 패턴은 개인 기준선 대비 조용해야 함(P0 핵심 검증) 2교대(9일,12h, 3+3 블록) - 대부분 조용하지만 이음매(같은 유형 3일 근무가 막 끝난 주)는 실제로 밀도가 높아 발동한다",PASS,,build/full_audit_2026-09-30/flutter.jsonl,로컬 자동검사; 실제 OS/기기 검증 아님
flutter,test/condition_baseline_load_test.dart,양성 대조군 - 실제로 늘어나면 신호가 살아있어야 함 평소 조용한 4조2교대 패턴도 근무변경(휴무→근무)이 생기면 발동한다,PASS,,build/full_audit_2026-09-30/flutter.jsonl,로컬 자동검사; 실제 OS/기기 검증 아님
flutter,test/condition_baseline_load_test.dart,양성 대조군 - 실제로 늘어나면 신호가 살아있어야 함 평소 조용한 3조2교대 패턴도 초과근무가 충분히 쌓이면 발동한다,PASS,,build/full_audit_2026-09-30/flutter.jsonl,로컬 자동검사; 실제 OS/기기 검증 아님
flutter,test/condition_baseline_load_test.dart,총량 동등성 - 하루 근무시간이 달라도 각자 기준선 대비로는 비슷하게 평가된다 12시간×3일/7일 근무자와 8시간×5일/7일 근무자 둘 다 자기 기준선 그대로라 조용함,PASS,,build/full_audit_2026-09-30/flutter.jsonl,로컬 자동검사; 실제 OS/기기 검증 아님
flutter,test/alarm_time_format_test.dart,changing system format while editing preserves canonical time,PASS,,build/full_audit_2026-09-30/flutter.jsonl,로컬 자동검사; 실제 OS/기기 검증 아님
flutter,test/alarm_time_format_test.dart,tapping across noon and midnight converts exactly once,PASS,,build/full_audit_2026-09-30/flutter.jsonl,로컬 자동검사; 실제 OS/기기 검증 아님
flutter,test/alarm_time_format_test.dart,both time formats fit phone and fold windows at larger text,PASS,,build/full_audit_2026-09-30/flutter.jsonl,로컬 자동검사; 실제 OS/기기 검증 아님
flutter,test/condition_rule_engine_v2_test.dart,"역방향 단독(다른 부담 없음) - ATTENTION, RULE_BACKWARD_DIRECTION만",PASS,,build/full_audit_2026-09-30/flutter.jsonl,로컬 자동검사; 실제 OS/기기 검증 아님
flutter,test/condition_rule_engine_v2_test.dart,정방향은 레벨에 영향 없음(컨텍스트로만 표시),PASS,,build/full_audit_2026-09-30/flutter.jsonl,로컬 자동검사; 실제 OS/기기 검증 아님
flutter,test/condition_rule_engine_v2_test.dart,주간 총 근무시간(otMinutesByDate 안 넘기면 기본근무만으로 계산 - 8시간 근무 2일뿐이라 정상),PASS,,build/full_audit_2026-09-30/flutter.jsonl,로컬 자동검사; 실제 OS/기기 검증 아님
flutter,test/condition_rule_engine_v2_test.dart,총 근무시간이 같으면 근무시간대가 달라도 비슷하게 평가된다(12시간×15일/월 vs 8시간×22일/월),PASS,,build/full_audit_2026-09-30/flutter.jsonl,로컬 자동검사; 실제 OS/기기 검증 아님
flutter,test/condition_rule_engine_v2_test.dart,충분히 쉰 뒤의 장시간근무 vs 짧은 근무의 장기 연속근무 - 후자만 신호가 뜬다,PASS,,build/full_audit_2026-09-30/flutter.jsonl,로컬 자동검사; 실제 OS/기기 검증 아님
flutter,test/condition_rule_engine_v2_test.dart,역방향 + 회복시간 부족 겹침 - HIGH_LOAD로 승격 + RULE_COMPOUND_HIGH_LOAD,PASS,,build/full_audit_2026-09-30/flutter.jsonl,로컬 자동검사; 실제 OS/기기 검증 아님
flutter,test/condition_rule_engine_v2_test.dart,"연속 야간근무 3일째 - ATTENTION, RULE_CONSECUTIVE_NIGHT_SHIFTS만(다른 부담 없음)",PASS,,build/full_audit_2026-09-30/flutter.jsonl,로컬 자동검사; 실제 OS/기기 검증 아님
flutter,test/condition_rule_engine_v2_test.dart,연속 야간근무 4일째 - 단독으로 HIGH_LOAD(가속화 구간),PASS,,build/full_audit_2026-09-30/flutter.jsonl,로컬 자동검사; 실제 OS/기기 검증 아님
flutter,test/condition_rule_engine_v2_test.dart,회귀 확인 - 회복시간 부족+장시간근무 조합(v1 원래 케이스)은 그대로 HIGH_LOAD (2026-09-17 재설계로 신호 구성이 바뀜),PASS,,build/full_audit_2026-09-30/flutter.jsonl,로컬 자동검사; 실제 OS/기기 검증 아님
flutter,test/condition_rule_engine_v2_test.dart,문구 다양성 - 완전히 동일한 스케줄이 반복돼도 누적 수치가 다르면 근거 판정 문구가 달라진다,PASS,,build/full_audit_2026-09-30/flutter.jsonl,로컬 자동검사; 실제 OS/기기 검증 아님
flutter,test/custom_alarm_panel_test.dart,one empty slot grows to five; deletion preserves other presets,PASS,,build/full_audit_2026-09-30/flutter.jsonl,로컬 자동검사; 실제 OS/기기 검증 아님
flutter,test/custom_alarm_service_test.dart,CustomAlarmService.validate 지금 이후면 통과,PASS,,build/full_audit_2026-09-30/flutter.jsonl,로컬 자동검사; 실제 OS/기기 검증 아님
flutter,test/custom_alarm_service_test.dart,CustomAlarmService.validate 오늘과 내일만 허용,PASS,,build/full_audit_2026-09-30/flutter.jsonl,로컬 자동검사; 실제 OS/기기 검증 아님
flutter,test/custom_alarm_service_test.dart,CustomAlarmService.validate 지난 시각·지금과 같은 시각은 만들지 않음,PASS,,build/full_audit_2026-09-30/flutter.jsonl,로컬 자동검사; 실제 OS/기기 검증 아님
flutter,test/custom_alarm_service_test.dart,CustomAlarmService.validate 같은 날짜·같은 분(고정/커스텀/스누즈 모두)이면 중복,PASS,,build/full_audit_2026-09-30/flutter.jsonl,로컬 자동검사; 실제 OS/기기 검증 아님
flutter,test/custom_alarm_service_test.dart,CustomAlarmService.validate 같은 분이 아니면 하루 5개가 있어도 추가할 수 있다,PASS,,build/full_audit_2026-09-30/flutter.jsonl,로컬 자동검사; 실제 OS/기기 검증 아님
flutter,test/custom_alarm_service_test.dart,CustomAlarmService.validate 자정 넘김 없음 - 그 날짜 기준 시각,PASS,,build/full_audit_2026-09-30/flutter.jsonl,로컬 자동검사; 실제 OS/기기 검증 아님
flutter,test/custom_alarm_service_test.dart,"CustomAlarmPreset 저장 형식 항상 5칸, 손상된 값은 빈 칸/기본 종류로",PASS,,build/full_audit_2026-09-30/flutter.jsonl,로컬 자동검사; 실제 OS/기기 검증 아님
flutter,test/custom_alarm_service_test.dart,CustomAlarmPreset 저장 형식 왕복 인코딩,PASS,,build/full_audit_2026-09-30/flutter.jsonl,로컬 자동검사; 실제 OS/기기 검증 아님
flutter,test/custom_alarm_service_test.dart,실제 DB 할당 연결 offset snooze remains upcoming and cancellation history keeps its instant,PASS,,build/full_audit_2026-09-30/flutter.jsonl,로컬 자동검사; 실제 OS/기기 검증 아님
flutter,test/custom_alarm_service_test.dart,실제 DB 할당 연결 history sorts the second 01:04 after the first 01:58,PASS,,build/full_audit_2026-09-30/flutter.jsonl,로컬 자동검사; 실제 OS/기기 검증 아님
flutter,test/custom_alarm_service_test.dart,실제 DB 할당 연결 5칸을 하루에 한 번씩만 할당하고 설정 칸 삭제는 연결된 날짜를 함께 지운다,PASS,,build/full_audit_2026-09-30/flutter.jsonl,로컬 자동검사; 실제 OS/기기 검증 아님
flutter,test/custom_alarm_service_test.dart,실제 DB 할당 연결 원터치 삭제 뒤 잠시 건너뛴 고정을 새 ID로 생성하고 예약한다,PASS,,build/full_audit_2026-09-30/flutter.jsonl,로컬 자동검사; 실제 OS/기기 검증 아님
flutter,test/english_condition_layout_test.dart,영어 수면 화면은 접힌 폭과 펼친 폭에서 큰 글씨에도 넘치지 않는다,PASS,,build/full_audit_2026-09-30/flutter.jsonl,로컬 자동검사; 실제 OS/기기 검증 아님
flutter,test/english_recovery_summary_test.dart,"night-shift guidance uses confirmed overlap, not pending estimates",PASS,,build/full_audit_2026-09-30/flutter.jsonl,로컬 자동검사; 실제 OS/기기 검증 아님
flutter,test/english_recovery_summary_test.dart,upcoming night shift is identified without inventing sleep data,PASS,,build/full_audit_2026-09-30/flutter.jsonl,로컬 자동검사; 실제 OS/기기 검증 아님
flutter,test/english_recovery_summary_test.dart,an ongoing shift is shown instead of asking for work hours,PASS,,build/full_audit_2026-09-30/flutter.jsonl,로컬 자동검사; 실제 OS/기기 검증 아님
flutter,test/english_recovery_summary_test.dart,overlapping confirmed records count shared sleep only once,PASS,,build/full_audit_2026-09-30/flutter.jsonl,로컬 자동검사; 실제 OS/기기 검증 아님
flutter,test/english_release_copy_test.dart,English messages cover every Korean key and preserve ICU arguments,PASS,,build/full_audit_2026-09-30/flutter.jsonl,로컬 자동검사; 실제 OS/기기 검증 아님
flutter,test/english_release_copy_test.dart,English onboarding defaults satisfy the same shift-name validation as edits,PASS,,build/full_audit_2026-09-30/flutter.jsonl,로컬 자동검사; 실제 OS/기기 검증 아님
flutter,test/english_release_copy_test.dart,English rest names do not mistake Office or Forestry for time off,PASS,,build/full_audit_2026-09-30/flutter.jsonl,로컬 자동검사; 실제 OS/기기 검증 아님
flutter,test/english_release_layout_test.dart,en_US calendar_mainWhite release layout,PASS,,build/full_audit_2026-09-30/flutter.jsonl,로컬 자동검사; 실제 OS/기기 검증 아님
flutter,test/english_sleep_copy_test.dart,"durations and record counts read naturally at zero, one and many",PASS,,build/full_audit_2026-09-30/flutter.jsonl,로컬 자동검사; 실제 OS/기기 검증 아님
flutter,test/english_sleep_copy_test.dart,missing work hours and pending estimates have honest explanations,PASS,,build/full_audit_2026-09-30/flutter.jsonl,로컬 자동검사; 실제 OS/기기 검증 아님
flutter,test/english_sleep_copy_test.dart,night-shift messages and next-shift message do not contradict,PASS,,build/full_audit_2026-09-30/flutter.jsonl,로컬 자동검사; 실제 OS/기기 검증 아님
flutter,test/english_sleep_copy_test.dart,"generic advice appears only before a near shift, not days early",PASS,,build/full_audit_2026-09-30/flutter.jsonl,로컬 자동검사; 실제 OS/기기 검증 아님
flutter,test/firebase_bootstrap_test.dart,missing Analytics channel must not disable initialized Firestore,PASS,,build/full_audit_2026-09-30/flutter.jsonl,로컬 자동검사; 실제 OS/기기 검증 아님
flutter,test/fold8_content_frame_test.dart,Fold8 cover keeps the normal phone width,PASS,,build/full_audit_2026-09-30/flutter.jsonl,로컬 자동검사; 실제 OS/기기 검증 아님
flutter,test/fold8_content_frame_test.dart,Fold8 inner uses the full window,PASS,,build/full_audit_2026-09-30/flutter.jsonl,로컬 자동검사; 실제 OS/기기 검증 아님
flutter,test/fold_layout_screens_test.dart,next: scale 1.0 fold windows and phone regression,PASS,,build/full_audit_2026-09-30/flutter.jsonl,로컬 자동검사; 실제 OS/기기 검증 아님
flutter,test/english_release_layout_test.dart,en_US calendar_mainDark release layout,PASS,,build/full_audit_2026-09-30/flutter.jsonl,로컬 자동검사; 실제 OS/기기 검증 아님
flutter,test/fold_layout_screens_test.dart,settings: scale 1.0 fold windows and phone regression,PASS,,build/full_audit_2026-09-30/flutter.jsonl,로컬 자동검사; 실제 OS/기기 검증 아님
flutter,test/english_release_layout_test.dart,en_US calendar_minimal release layout,PASS,,build/full_audit_2026-09-30/flutter.jsonl,로컬 자동검사; 실제 OS/기기 검증 아님
flutter,test/english_release_layout_test.dart,en_US calendar_materialCard release layout,PASS,,build/full_audit_2026-09-30/flutter.jsonl,로컬 자동검사; 실제 OS/기기 검증 아님
flutter,test/english_release_layout_test.dart,en_US calendar_diary release layout,PASS,,build/full_audit_2026-09-30/flutter.jsonl,로컬 자동검사; 실제 OS/기기 검증 아님
flutter,test/english_release_layout_test.dart,en_US calendar_boldGrid release layout,PASS,,build/full_audit_2026-09-30/flutter.jsonl,로컬 자동검사; 실제 OS/기기 검증 아님
flutter,test/english_release_layout_test.dart,en_US next release layout,PASS,,build/full_audit_2026-09-30/flutter.jsonl,로컬 자동검사; 실제 OS/기기 검증 아님
flutter,test/english_release_layout_test.dart,en_US snoozed_next release layout,PASS,,build/full_audit_2026-09-30/flutter.jsonl,로컬 자동검사; 실제 OS/기기 검증 아님
flutter,test/english_release_layout_test.dart,en_US settings release layout,PASS,,build/full_audit_2026-09-30/flutter.jsonl,로컬 자동검사; 실제 OS/기기 검증 아님
flutter,test/english_release_layout_test.dart,en_US onboarding release layout,PASS,,build/full_audit_2026-09-30/flutter.jsonl,로컬 자동검사; 실제 OS/기기 검증 아님
flutter,test/english_release_layout_test.dart,en_US permission release layout,PASS,,build/full_audit_2026-09-30/flutter.jsonl,로컬 자동검사; 실제 OS/기기 검증 아님
flutter,test/english_release_layout_test.dart,en_US work_hours release layout,PASS,,build/full_audit_2026-09-30/flutter.jsonl,로컬 자동검사; 실제 OS/기기 검증 아님
flutter,test/english_release_layout_test.dart,en_US themes release layout,PASS,,build/full_audit_2026-09-30/flutter.jsonl,로컬 자동검사; 실제 OS/기기 검증 아님
flutter,test/english_release_layout_test.dart,en_US teams release layout,PASS,,build/full_audit_2026-09-30/flutter.jsonl,로컬 자동검사; 실제 OS/기기 검증 아님
flutter,test/english_release_layout_test.dart,en_US all_shifts release layout,PASS,,build/full_audit_2026-09-30/flutter.jsonl,로컬 자동검사; 실제 OS/기기 검증 아님
flutter,test/english_release_layout_test.dart,en_US history release layout,PASS,,build/full_audit_2026-09-30/flutter.jsonl,로컬 자동검사; 실제 OS/기기 검증 아님
flutter,test/english_release_layout_test.dart,en_US notes release layout,PASS,,build/full_audit_2026-09-30/flutter.jsonl,로컬 자동검사; 실제 OS/기기 검증 아님
flutter,test/english_release_layout_test.dart,en_US help release layout,PASS,,build/full_audit_2026-09-30/flutter.jsonl,로컬 자동검사; 실제 OS/기기 검증 아님
flutter,test/english_release_layout_test.dart,en_US privacy release layout,PASS,,build/full_audit_2026-09-30/flutter.jsonl,로컬 자동검사; 실제 OS/기기 검증 아님
flutter,test/english_release_layout_test.dart,en_US alarm_editor release layout,PASS,,build/full_audit_2026-09-30/flutter.jsonl,로컬 자동검사; 실제 OS/기기 검증 아님
flutter,test/fold_layout_screens_test.dart,condition: scale 1.0 fold windows and phone regression,PASS,,build/full_audit_2026-09-30/flutter.jsonl,로컬 자동검사; 실제 OS/기기 검증 아님
flutter,test/english_release_layout_test.dart,en_US navigation release layout,PASS,,build/full_audit_2026-09-30/flutter.jsonl,로컬 자동검사; 실제 OS/기기 검증 아님
flutter,test/fold_layout_screens_test.dart,english_sleep: scale 1.0 fold windows and phone regression,PASS,,build/full_audit_2026-09-30/flutter.jsonl,로컬 자동검사; 실제 OS/기기 검증 아님
flutter,test/fold_layout_screens_test.dart,schedule: scale 1.0 fold windows and phone regression,PASS,,build/full_audit_2026-09-30/flutter.jsonl,로컬 자동검사; 실제 OS/기기 검증 아님
flutter,test/english_release_layout_test.dart,en_GB calendar_mainWhite release layout,PASS,,build/full_audit_2026-09-30/flutter.jsonl,로컬 자동검사; 실제 OS/기기 검증 아님
flutter,test/fold_layout_screens_test.dart,onboarding: scale 1.0 fold windows and phone regression,PASS,,build/full_audit_2026-09-30/flutter.jsonl,로컬 자동검사; 실제 OS/기기 검증 아님
flutter,test/fold_layout_screens_test.dart,permission: scale 1.0 fold windows and phone regression,PASS,,build/full_audit_2026-09-30/flutter.jsonl,로컬 자동검사; 실제 OS/기기 검증 아님
flutter,test/english_release_layout_test.dart,en_GB calendar_mainDark release layout,PASS,,build/full_audit_2026-09-30/flutter.jsonl,로컬 자동검사; 실제 OS/기기 검증 아님
flutter,test/fold_layout_screens_test.dart,work_hours: scale 1.0 fold windows and phone regression,PASS,,build/full_audit_2026-09-30/flutter.jsonl,로컬 자동검사; 실제 OS/기기 검증 아님
flutter,test/fold_layout_screens_test.dart,themes: scale 1.0 fold windows and phone regression,PASS,,build/full_audit_2026-09-30/flutter.jsonl,로컬 자동검사; 실제 OS/기기 검증 아님
flutter,test/english_release_layout_test.dart,en_GB calendar_minimal release layout,PASS,,build/full_audit_2026-09-30/flutter.jsonl,로컬 자동검사; 실제 OS/기기 검증 아님
flutter,test/fold_layout_screens_test.dart,teams: scale 1.0 fold windows and phone regression,PASS,,build/full_audit_2026-09-30/flutter.jsonl,로컬 자동검사; 실제 OS/기기 검증 아님
flutter,test/fold_layout_screens_test.dart,all_shifts: scale 1.0 fold windows and phone regression,PASS,,build/full_audit_2026-09-30/flutter.jsonl,로컬 자동검사; 실제 OS/기기 검증 아님
flutter,test/english_release_layout_test.dart,en_GB calendar_materialCard release layout,PASS,,build/full_audit_2026-09-30/flutter.jsonl,로컬 자동검사; 실제 OS/기기 검증 아님
flutter,test/fold_layout_screens_test.dart,alarm_history: scale 1.0 fold windows and phone regression,PASS,,build/full_audit_2026-09-30/flutter.jsonl,로컬 자동검사; 실제 OS/기기 검증 아님
flutter,test/fold_layout_screens_test.dart,memos: scale 1.0 fold windows and phone regression,PASS,,build/full_audit_2026-09-30/flutter.jsonl,로컬 자동검사; 실제 OS/기기 검증 아님
flutter,test/english_release_layout_test.dart,en_GB calendar_diary release layout,PASS,,build/full_audit_2026-09-30/flutter.jsonl,로컬 자동검사; 실제 OS/기기 검증 아님
flutter,test/fold_layout_screens_test.dart,help: scale 1.0 fold windows and phone regression,PASS,,build/full_audit_2026-09-30/flutter.jsonl,로컬 자동검사; 실제 OS/기기 검증 아님
flutter,test/fold_layout_screens_test.dart,privacy: scale 1.0 fold windows and phone regression,PASS,,build/full_audit_2026-09-30/flutter.jsonl,로컬 자동검사; 실제 OS/기기 검증 아님
flutter,test/fold_layout_screens_test.dart,friends: scale 1.0 fold windows and phone regression,PASS,,build/full_audit_2026-09-30/flutter.jsonl,로컬 자동검사; 실제 OS/기기 검증 아님
flutter,test/english_release_layout_test.dart,en_GB calendar_boldGrid release layout,PASS,,build/full_audit_2026-09-30/flutter.jsonl,로컬 자동검사; 실제 OS/기기 검증 아님
flutter,test/fold_layout_screens_test.dart,friend_calendar: scale 1.0 fold windows and phone regression,PASS,,build/full_audit_2026-09-30/flutter.jsonl,로컬 자동검사; 실제 OS/기기 검증 아님
flutter,test/fold_layout_screens_test.dart,share_code: scale 1.0 fold windows and phone regression,PASS,,build/full_audit_2026-09-30/flutter.jsonl,로컬 자동검사; 실제 OS/기기 검증 아님
flutter,test/english_release_layout_test.dart,en_GB next release layout,PASS,,build/full_audit_2026-09-30/flutter.jsonl,로컬 자동검사; 실제 OS/기기 검증 아님
flutter,test/fold_layout_screens_test.dart,text_import: scale 1.0 fold windows and phone regression,PASS,,build/full_audit_2026-09-30/flutter.jsonl,로컬 자동검사; 실제 OS/기기 검증 아님
flutter,test/english_release_layout_test.dart,en_GB snoozed_next release layout,PASS,,build/full_audit_2026-09-30/flutter.jsonl,로컬 자동검사; 실제 OS/기기 검증 아님
flutter,test/fold_layout_screens_test.dart,text_export: scale 1.0 fold windows and phone regression,PASS,,build/full_audit_2026-09-30/flutter.jsonl,로컬 자동검사; 실제 OS/기기 검증 아님
flutter,test/english_release_layout_test.dart,en_GB settings release layout,PASS,,build/full_audit_2026-09-30/flutter.jsonl,로컬 자동검사; 실제 OS/기기 검증 아님
flutter,test/fold_layout_screens_test.dart,sleep_calendar: scale 1.0 fold windows and phone regression,PASS,,build/full_audit_2026-09-30/flutter.jsonl,로컬 자동검사; 실제 OS/기기 검증 아님
flutter,test/english_release_layout_test.dart,en_GB onboarding release layout,PASS,,build/full_audit_2026-09-30/flutter.jsonl,로컬 자동검사; 실제 OS/기기 검증 아님
flutter,test/english_release_layout_test.dart,en_GB permission release layout,PASS,,build/full_audit_2026-09-30/flutter.jsonl,로컬 자동검사; 실제 OS/기기 검증 아님
flutter,test/fold_layout_screens_test.dart,calendar_mainWhite: scale 1.0 fold windows and phone regression,PASS,,build/full_audit_2026-09-30/flutter.jsonl,로컬 자동검사; 실제 OS/기기 검증 아님
flutter,test/english_release_layout_test.dart,en_GB work_hours release layout,PASS,,build/full_audit_2026-09-30/flutter.jsonl,로컬 자동검사; 실제 OS/기기 검증 아님
flutter,test/english_release_layout_test.dart,en_GB themes release layout,PASS,,build/full_audit_2026-09-30/flutter.jsonl,로컬 자동검사; 실제 OS/기기 검증 아님
flutter,test/english_release_layout_test.dart,en_GB teams release layout,PASS,,build/full_audit_2026-09-30/flutter.jsonl,로컬 자동검사; 실제 OS/기기 검증 아님
flutter,test/english_release_layout_test.dart,en_GB all_shifts release layout,PASS,,build/full_audit_2026-09-30/flutter.jsonl,로컬 자동검사; 실제 OS/기기 검증 아님
flutter,test/english_release_layout_test.dart,en_GB history release layout,PASS,,build/full_audit_2026-09-30/flutter.jsonl,로컬 자동검사; 실제 OS/기기 검증 아님
flutter,test/english_release_layout_test.dart,en_GB notes release layout,PASS,,build/full_audit_2026-09-30/flutter.jsonl,로컬 자동검사; 실제 OS/기기 검증 아님
flutter,test/english_release_layout_test.dart,en_GB help release layout,PASS,,build/full_audit_2026-09-30/flutter.jsonl,로컬 자동검사; 실제 OS/기기 검증 아님
flutter,test/english_release_layout_test.dart,en_GB privacy release layout,PASS,,build/full_audit_2026-09-30/flutter.jsonl,로컬 자동검사; 실제 OS/기기 검증 아님
flutter,test/english_release_layout_test.dart,en_GB alarm_editor release layout,PASS,,build/full_audit_2026-09-30/flutter.jsonl,로컬 자동검사; 실제 OS/기기 검증 아님
flutter,test/english_release_layout_test.dart,en_GB navigation release layout,PASS,,build/full_audit_2026-09-30/flutter.jsonl,로컬 자동검사; 실제 OS/기기 검증 아님
flutter,test/english_release_layout_test.dart,switching to English releases one-tap calendar gesture lock,PASS,,build/full_audit_2026-09-30/flutter.jsonl,로컬 자동검사; 실제 OS/기기 검증 아님
flutter,test/english_release_layout_test.dart,release regional defaults do not equate English with the US,PASS,,build/full_audit_2026-09-30/flutter.jsonl,로컬 자동검사; 실제 OS/기기 검증 아님
flutter,test/friend_web_calendar_test.dart,"Size(411.4, 780.0) scale=1.0 banner=none",PASS,,build/full_audit_2026-09-30/flutter.jsonl,로컬 자동검사; 실제 OS/기기 검증 아님
flutter,test/friend_web_calendar_test.dart,"Size(411.4, 780.0) scale=1.0 banner=install",PASS,,build/full_audit_2026-09-30/flutter.jsonl,로컬 자동검사; 실제 OS/기기 검증 아님
flutter,test/friend_web_calendar_test.dart,"Size(411.4, 780.0) scale=1.0 banner=browser",PASS,,build/full_audit_2026-09-30/flutter.jsonl,로컬 자동검사; 실제 OS/기기 검증 아님
flutter,test/friend_web_calendar_test.dart,"Size(411.4, 780.0) scale=1.0 banner=app",PASS,,build/full_audit_2026-09-30/flutter.jsonl,로컬 자동검사; 실제 OS/기기 검증 아님
flutter,test/friend_web_calendar_test.dart,"Size(411.4, 780.0) scale=1.3 banner=none",PASS,,build/full_audit_2026-09-30/flutter.jsonl,로컬 자동검사; 실제 OS/기기 검증 아님
flutter,test/friend_web_calendar_test.dart,"Size(411.4, 780.0) scale=1.3 banner=install",PASS,,build/full_audit_2026-09-30/flutter.jsonl,로컬 자동검사; 실제 OS/기기 검증 아님
flutter,test/friend_web_calendar_test.dart,"Size(411.4, 780.0) scale=1.3 banner=browser",PASS,,build/full_audit_2026-09-30/flutter.jsonl,로컬 자동검사; 실제 OS/기기 검증 아님
flutter,test/friend_web_calendar_test.dart,"Size(411.4, 780.0) scale=1.3 banner=app",PASS,,build/full_audit_2026-09-30/flutter.jsonl,로컬 자동검사; 실제 OS/기기 검증 아님
flutter,test/friend_web_calendar_test.dart,"Size(411.4, 780.0) scale=2.0 banner=none",PASS,,build/full_audit_2026-09-30/flutter.jsonl,로컬 자동검사; 실제 OS/기기 검증 아님
flutter,test/friend_web_calendar_test.dart,"Size(411.4, 780.0) scale=2.0 banner=install",PASS,,build/full_audit_2026-09-30/flutter.jsonl,로컬 자동검사; 실제 OS/기기 검증 아님
flutter,test/friend_web_calendar_test.dart,"Size(411.4, 780.0) scale=2.0 banner=browser",PASS,,build/full_audit_2026-09-30/flutter.jsonl,로컬 자동검사; 실제 OS/기기 검증 아님
flutter,test/friend_web_calendar_test.dart,"Size(411.4, 780.0) scale=2.0 banner=app",PASS,,build/full_audit_2026-09-30/flutter.jsonl,로컬 자동검사; 실제 OS/기기 검증 아님
flutter,test/friend_web_calendar_test.dart,"Size(411.4, 850.0) scale=1.0 banner=none",PASS,,build/full_audit_2026-09-30/flutter.jsonl,로컬 자동검사; 실제 OS/기기 검증 아님
flutter,test/friend_web_calendar_test.dart,"Size(411.4, 850.0) scale=1.0 banner=install",PASS,,build/full_audit_2026-09-30/flutter.jsonl,로컬 자동검사; 실제 OS/기기 검증 아님
flutter,test/friend_web_calendar_test.dart,"Size(411.4, 850.0) scale=1.0 banner=browser",PASS,,build/full_audit_2026-09-30/flutter.jsonl,로컬 자동검사; 실제 OS/기기 검증 아님
flutter,test/friend_web_calendar_test.dart,"Size(411.4, 850.0) scale=1.0 banner=app",PASS,,build/full_audit_2026-09-30/flutter.jsonl,로컬 자동검사; 실제 OS/기기 검증 아님
flutter,test/friend_web_calendar_test.dart,"Size(411.4, 850.0) scale=1.3 banner=none",PASS,,build/full_audit_2026-09-30/flutter.jsonl,로컬 자동검사; 실제 OS/기기 검증 아님
flutter,test/friend_web_calendar_test.dart,"Size(411.4, 850.0) scale=1.3 banner=install",PASS,,build/full_audit_2026-09-30/flutter.jsonl,로컬 자동검사; 실제 OS/기기 검증 아님
flutter,test/friend_web_calendar_test.dart,"Size(411.4, 850.0) scale=1.3 banner=browser",PASS,,build/full_audit_2026-09-30/flutter.jsonl,로컬 자동검사; 실제 OS/기기 검증 아님
flutter,test/friend_web_calendar_test.dart,"Size(411.4, 850.0) scale=1.3 banner=app",PASS,,build/full_audit_2026-09-30/flutter.jsonl,로컬 자동검사; 실제 OS/기기 검증 아님
flutter,test/friend_web_calendar_test.dart,"Size(411.4, 850.0) scale=2.0 banner=none",PASS,,build/full_audit_2026-09-30/flutter.jsonl,로컬 자동검사; 실제 OS/기기 검증 아님
flutter,test/friend_web_calendar_test.dart,"Size(411.4, 850.0) scale=2.0 banner=install",PASS,,build/full_audit_2026-09-30/flutter.jsonl,로컬 자동검사; 실제 OS/기기 검증 아님
flutter,test/friend_web_calendar_test.dart,"Size(411.4, 850.0) scale=2.0 banner=browser",PASS,,build/full_audit_2026-09-30/flutter.jsonl,로컬 자동검사; 실제 OS/기기 검증 아님
flutter,test/friend_web_calendar_test.dart,"Size(411.4, 850.0) scale=2.0 banner=app",PASS,,build/full_audit_2026-09-30/flutter.jsonl,로컬 자동검사; 실제 OS/기기 검증 아님
flutter,test/friend_web_calendar_test.dart,"Size(320.0, 568.0) scale=1.0 banner=none",PASS,,build/full_audit_2026-09-30/flutter.jsonl,로컬 자동검사; 실제 OS/기기 검증 아님
flutter,test/friend_web_calendar_test.dart,"Size(320.0, 568.0) scale=1.0 banner=install",PASS,,build/full_audit_2026-09-30/flutter.jsonl,로컬 자동검사; 실제 OS/기기 검증 아님
flutter,test/friend_web_calendar_test.dart,"Size(320.0, 568.0) scale=1.0 banner=browser",PASS,,build/full_audit_2026-09-30/flutter.jsonl,로컬 자동검사; 실제 OS/기기 검증 아님
flutter,test/friend_web_calendar_test.dart,"Size(320.0, 568.0) scale=1.0 banner=app",PASS,,build/full_audit_2026-09-30/flutter.jsonl,로컬 자동검사; 실제 OS/기기 검증 아님
flutter,test/friend_web_calendar_test.dart,"Size(320.0, 568.0) scale=1.3 banner=none",PASS,,build/full_audit_2026-09-30/flutter.jsonl,로컬 자동검사; 실제 OS/기기 검증 아님
flutter,test/friend_web_calendar_test.dart,"Size(320.0, 568.0) scale=1.3 banner=install",PASS,,build/full_audit_2026-09-30/flutter.jsonl,로컬 자동검사; 실제 OS/기기 검증 아님
flutter,test/friend_web_calendar_test.dart,"Size(320.0, 568.0) scale=1.3 banner=browser",PASS,,build/full_audit_2026-09-30/flutter.jsonl,로컬 자동검사; 실제 OS/기기 검증 아님
flutter,test/friend_web_calendar_test.dart,"Size(320.0, 568.0) scale=1.3 banner=app",PASS,,build/full_audit_2026-09-30/flutter.jsonl,로컬 자동검사; 실제 OS/기기 검증 아님
flutter,test/friend_web_calendar_test.dart,"Size(320.0, 568.0) scale=2.0 banner=none",PASS,,build/full_audit_2026-09-30/flutter.jsonl,로컬 자동검사; 실제 OS/기기 검증 아님
flutter,test/friend_web_calendar_test.dart,"Size(320.0, 568.0) scale=2.0 banner=install",PASS,,build/full_audit_2026-09-30/flutter.jsonl,로컬 자동검사; 실제 OS/기기 검증 아님
flutter,test/friend_web_calendar_test.dart,"Size(320.0, 568.0) scale=2.0 banner=browser",PASS,,build/full_audit_2026-09-30/flutter.jsonl,로컬 자동검사; 실제 OS/기기 검증 아님
flutter,test/friend_web_calendar_test.dart,"Size(320.0, 568.0) scale=2.0 banner=app",PASS,,build/full_audit_2026-09-30/flutter.jsonl,로컬 자동검사; 실제 OS/기기 검증 아님
flutter,test/friend_web_calendar_test.dart,"Size(360.0, 698.0) scale=1.0 banner=none",PASS,,build/full_audit_2026-09-30/flutter.jsonl,로컬 자동검사; 실제 OS/기기 검증 아님
flutter,test/friend_web_calendar_test.dart,"Size(360.0, 698.0) scale=1.0 banner=install",PASS,,build/full_audit_2026-09-30/flutter.jsonl,로컬 자동검사; 실제 OS/기기 검증 아님
flutter,test/friend_web_calendar_test.dart,"Size(360.0, 698.0) scale=1.0 banner=browser",PASS,,build/full_audit_2026-09-30/flutter.jsonl,로컬 자동검사; 실제 OS/기기 검증 아님
flutter,test/friend_web_calendar_test.dart,"Size(360.0, 698.0) scale=1.0 banner=app",PASS,,build/full_audit_2026-09-30/flutter.jsonl,로컬 자동검사; 실제 OS/기기 검증 아님
flutter,test/friend_web_calendar_test.dart,"Size(360.0, 698.0) scale=1.3 banner=none",PASS,,build/full_audit_2026-09-30/flutter.jsonl,로컬 자동검사; 실제 OS/기기 검증 아님
flutter,test/friend_web_calendar_test.dart,"Size(360.0, 698.0) scale=1.3 banner=install",PASS,,build/full_audit_2026-09-30/flutter.jsonl,로컬 자동검사; 실제 OS/기기 검증 아님
flutter,test/friend_web_calendar_test.dart,"Size(360.0, 698.0) scale=1.3 banner=browser",PASS,,build/full_audit_2026-09-30/flutter.jsonl,로컬 자동검사; 실제 OS/기기 검증 아님
flutter,test/friend_web_calendar_test.dart,"Size(360.0, 698.0) scale=1.3 banner=app",PASS,,build/full_audit_2026-09-30/flutter.jsonl,로컬 자동검사; 실제 OS/기기 검증 아님
flutter,test/friend_web_calendar_test.dart,"Size(360.0, 698.0) scale=2.0 banner=none",PASS,,build/full_audit_2026-09-30/flutter.jsonl,로컬 자동검사; 실제 OS/기기 검증 아님
flutter,test/friend_web_calendar_test.dart,"Size(360.0, 698.0) scale=2.0 banner=install",PASS,,build/full_audit_2026-09-30/flutter.jsonl,로컬 자동검사; 실제 OS/기기 검증 아님
flutter,test/friend_web_calendar_test.dart,"Size(360.0, 698.0) scale=2.0 banner=browser",PASS,,build/full_audit_2026-09-30/flutter.jsonl,로컬 자동검사; 실제 OS/기기 검증 아님
flutter,test/friend_web_calendar_test.dart,"Size(360.0, 698.0) scale=2.0 banner=app",PASS,,build/full_audit_2026-09-30/flutter.jsonl,로컬 자동검사; 실제 OS/기기 검증 아님
flutter,test/friend_web_calendar_test.dart,"Size(752.0, 653.0) scale=1.0 banner=none",PASS,,build/full_audit_2026-09-30/flutter.jsonl,로컬 자동검사; 실제 OS/기기 검증 아님
flutter,test/friend_web_calendar_test.dart,"Size(752.0, 653.0) scale=1.0 banner=install",PASS,,build/full_audit_2026-09-30/flutter.jsonl,로컬 자동검사; 실제 OS/기기 검증 아님
flutter,test/friend_web_calendar_test.dart,"Size(752.0, 653.0) scale=1.0 banner=browser",PASS,,build/full_audit_2026-09-30/flutter.jsonl,로컬 자동검사; 실제 OS/기기 검증 아님
flutter,test/friend_web_calendar_test.dart,"Size(752.0, 653.0) scale=1.0 banner=app",PASS,,build/full_audit_2026-09-30/flutter.jsonl,로컬 자동검사; 실제 OS/기기 검증 아님
flutter,test/friend_web_calendar_test.dart,"Size(752.0, 653.0) scale=1.3 banner=none",PASS,,build/full_audit_2026-09-30/flutter.jsonl,로컬 자동검사; 실제 OS/기기 검증 아님
flutter,test/friend_web_calendar_test.dart,"Size(752.0, 653.0) scale=1.3 banner=install",PASS,,build/full_audit_2026-09-30/flutter.jsonl,로컬 자동검사; 실제 OS/기기 검증 아님
flutter,test/friend_web_calendar_test.dart,"Size(752.0, 653.0) scale=1.3 banner=browser",PASS,,build/full_audit_2026-09-30/flutter.jsonl,로컬 자동검사; 실제 OS/기기 검증 아님
flutter,test/friend_web_calendar_test.dart,"Size(752.0, 653.0) scale=1.3 banner=app",PASS,,build/full_audit_2026-09-30/flutter.jsonl,로컬 자동검사; 실제 OS/기기 검증 아님
flutter,test/friend_web_calendar_test.dart,"Size(752.0, 653.0) scale=2.0 banner=none",PASS,,build/full_audit_2026-09-30/flutter.jsonl,로컬 자동검사; 실제 OS/기기 검증 아님
flutter,test/friend_web_calendar_test.dart,"Size(752.0, 653.0) scale=2.0 banner=install",PASS,,build/full_audit_2026-09-30/flutter.jsonl,로컬 자동검사; 실제 OS/기기 검증 아님
flutter,test/friend_web_calendar_test.dart,"Size(752.0, 653.0) scale=2.0 banner=browser",PASS,,build/full_audit_2026-09-30/flutter.jsonl,로컬 자동검사; 실제 OS/기기 검증 아님
flutter,test/friend_web_calendar_test.dart,"Size(752.0, 653.0) scale=2.0 banner=app",PASS,,build/full_audit_2026-09-30/flutter.jsonl,로컬 자동검사; 실제 OS/기기 검증 아님
flutter,test/friend_web_calendar_test.dart,"Size(475.0, 605.0) scale=1.0 banner=none",PASS,,build/full_audit_2026-09-30/flutter.jsonl,로컬 자동검사; 실제 OS/기기 검증 아님
flutter,test/friend_web_calendar_test.dart,"Size(475.0, 605.0) scale=1.0 banner=install",PASS,,build/full_audit_2026-09-30/flutter.jsonl,로컬 자동검사; 실제 OS/기기 검증 아님
flutter,test/friend_web_calendar_test.dart,"Size(475.0, 605.0) scale=1.0 banner=browser",PASS,,build/full_audit_2026-09-30/flutter.jsonl,로컬 자동검사; 실제 OS/기기 검증 아님
flutter,test/friend_web_calendar_test.dart,"Size(475.0, 605.0) scale=1.0 banner=app",PASS,,build/full_audit_2026-09-30/flutter.jsonl,로컬 자동검사; 실제 OS/기기 검증 아님
flutter,test/friend_web_calendar_test.dart,"Size(475.0, 605.0) scale=1.3 banner=none",PASS,,build/full_audit_2026-09-30/flutter.jsonl,로컬 자동검사; 실제 OS/기기 검증 아님
flutter,test/friend_web_calendar_test.dart,"Size(475.0, 605.0) scale=1.3 banner=install",PASS,,build/full_audit_2026-09-30/flutter.jsonl,로컬 자동검사; 실제 OS/기기 검증 아님
flutter,test/friend_web_calendar_test.dart,"Size(475.0, 605.0) scale=1.3 banner=browser",PASS,,build/full_audit_2026-09-30/flutter.jsonl,로컬 자동검사; 실제 OS/기기 검증 아님
flutter,test/friend_web_calendar_test.dart,"Size(475.0, 605.0) scale=1.3 banner=app",PASS,,build/full_audit_2026-09-30/flutter.jsonl,로컬 자동검사; 실제 OS/기기 검증 아님
flutter,test/friend_web_calendar_test.dart,"Size(475.0, 605.0) scale=2.0 banner=none",PASS,,build/full_audit_2026-09-30/flutter.jsonl,로컬 자동검사; 실제 OS/기기 검증 아님
flutter,test/friend_web_calendar_test.dart,"Size(475.0, 605.0) scale=2.0 banner=install",PASS,,build/full_audit_2026-09-30/flutter.jsonl,로컬 자동검사; 실제 OS/기기 검증 아님
flutter,test/friend_web_calendar_test.dart,"Size(475.0, 605.0) scale=2.0 banner=browser",PASS,,build/full_audit_2026-09-30/flutter.jsonl,로컬 자동검사; 실제 OS/기기 검증 아님
flutter,test/friend_web_calendar_test.dart,"Size(475.0, 605.0) scale=2.0 banner=app",PASS,,build/full_audit_2026-09-30/flutter.jsonl,로컬 자동검사; 실제 OS/기기 검증 아님
flutter,test/friend_web_calendar_test.dart,"Size(932.0, 520.0) scale=1.0 banner=none",PASS,,build/full_audit_2026-09-30/flutter.jsonl,로컬 자동검사; 실제 OS/기기 검증 아님
flutter,test/friend_web_calendar_test.dart,"Size(932.0, 520.0) scale=1.0 banner=install",PASS,,build/full_audit_2026-09-30/flutter.jsonl,로컬 자동검사; 실제 OS/기기 검증 아님
flutter,test/friend_web_calendar_test.dart,"Size(932.0, 520.0) scale=1.0 banner=browser",PASS,,build/full_audit_2026-09-30/flutter.jsonl,로컬 자동검사; 실제 OS/기기 검증 아님
flutter,test/friend_web_calendar_test.dart,"Size(932.0, 520.0) scale=1.0 banner=app",PASS,,build/full_audit_2026-09-30/flutter.jsonl,로컬 자동검사; 실제 OS/기기 검증 아님
flutter,test/friend_web_calendar_test.dart,"Size(932.0, 520.0) scale=1.3 banner=none",PASS,,build/full_audit_2026-09-30/flutter.jsonl,로컬 자동검사; 실제 OS/기기 검증 아님
flutter,test/friend_web_calendar_test.dart,"Size(932.0, 520.0) scale=1.3 banner=install",PASS,,build/full_audit_2026-09-30/flutter.jsonl,로컬 자동검사; 실제 OS/기기 검증 아님
flutter,test/friend_web_calendar_test.dart,"Size(932.0, 520.0) scale=1.3 banner=browser",PASS,,build/full_audit_2026-09-30/flutter.jsonl,로컬 자동검사; 실제 OS/기기 검증 아님
flutter,test/friend_web_calendar_test.dart,"Size(932.0, 520.0) scale=1.3 banner=app",PASS,,build/full_audit_2026-09-30/flutter.jsonl,로컬 자동검사; 실제 OS/기기 검증 아님
flutter,test/friend_web_calendar_test.dart,"Size(932.0, 520.0) scale=2.0 banner=none",PASS,,build/full_audit_2026-09-30/flutter.jsonl,로컬 자동검사; 실제 OS/기기 검증 아님
flutter,test/friend_web_calendar_test.dart,"Size(932.0, 520.0) scale=2.0 banner=install",PASS,,build/full_audit_2026-09-30/flutter.jsonl,로컬 자동검사; 실제 OS/기기 검증 아님
flutter,test/friend_web_calendar_test.dart,"Size(932.0, 520.0) scale=2.0 banner=browser",PASS,,build/full_audit_2026-09-30/flutter.jsonl,로컬 자동검사; 실제 OS/기기 검증 아님
flutter,test/friend_web_calendar_test.dart,"Size(932.0, 520.0) scale=2.0 banner=app",PASS,,build/full_audit_2026-09-30/flutter.jsonl,로컬 자동검사; 실제 OS/기기 검증 아님
flutter,test/friend_web_calendar_test.dart,"Size(475.0, 751.0) scale=1.0 banner=none",PASS,,build/full_audit_2026-09-30/flutter.jsonl,로컬 자동검사; 실제 OS/기기 검증 아님
flutter,test/friend_web_calendar_test.dart,"Size(475.0, 751.0) scale=1.0 banner=install",PASS,,build/full_audit_2026-09-30/flutter.jsonl,로컬 자동검사; 실제 OS/기기 검증 아님
flutter,test/friend_web_calendar_test.dart,"Size(475.0, 751.0) scale=1.0 banner=browser",PASS,,build/full_audit_2026-09-30/flutter.jsonl,로컬 자동검사; 실제 OS/기기 검증 아님
flutter,test/friend_web_calendar_test.dart,"Size(475.0, 751.0) scale=1.0 banner=app",PASS,,build/full_audit_2026-09-30/flutter.jsonl,로컬 자동검사; 실제 OS/기기 검증 아님
flutter,test/friend_web_calendar_test.dart,"Size(475.0, 751.0) scale=1.3 banner=none",PASS,,build/full_audit_2026-09-30/flutter.jsonl,로컬 자동검사; 실제 OS/기기 검증 아님
flutter,test/friend_web_calendar_test.dart,"Size(475.0, 751.0) scale=1.3 banner=install",PASS,,build/full_audit_2026-09-30/flutter.jsonl,로컬 자동검사; 실제 OS/기기 검증 아님
flutter,test/friend_web_calendar_test.dart,"Size(475.0, 751.0) scale=1.3 banner=browser",PASS,,build/full_audit_2026-09-30/flutter.jsonl,로컬 자동검사; 실제 OS/기기 검증 아님
flutter,test/friend_web_calendar_test.dart,"Size(475.0, 751.0) scale=1.3 banner=app",PASS,,build/full_audit_2026-09-30/flutter.jsonl,로컬 자동검사; 실제 OS/기기 검증 아님
flutter,test/friend_web_calendar_test.dart,"Size(475.0, 751.0) scale=2.0 banner=none",PASS,,build/full_audit_2026-09-30/flutter.jsonl,로컬 자동검사; 실제 OS/기기 검증 아님
flutter,test/friend_web_calendar_test.dart,"Size(475.0, 751.0) scale=2.0 banner=install",PASS,,build/full_audit_2026-09-30/flutter.jsonl,로컬 자동검사; 실제 OS/기기 검증 아님
flutter,test/friend_web_calendar_test.dart,"Size(475.0, 751.0) scale=2.0 banner=browser",PASS,,build/full_audit_2026-09-30/flutter.jsonl,로컬 자동검사; 실제 OS/기기 검증 아님
flutter,test/friend_web_calendar_test.dart,"Size(475.0, 751.0) scale=2.0 banner=app",PASS,,build/full_audit_2026-09-30/flutter.jsonl,로컬 자동검사; 실제 OS/기기 검증 아님
flutter,test/friend_web_calendar_test.dart,"Size(933.0, 530.0) scale=1.0 banner=none",PASS,,build/full_audit_2026-09-30/flutter.jsonl,로컬 자동검사; 실제 OS/기기 검증 아님
flutter,test/friend_web_calendar_test.dart,"Size(933.0, 530.0) scale=1.0 banner=install",PASS,,build/full_audit_2026-09-30/flutter.jsonl,로컬 자동검사; 실제 OS/기기 검증 아님
flutter,test/friend_web_calendar_test.dart,"Size(933.0, 530.0) scale=1.0 banner=browser",PASS,,build/full_audit_2026-09-30/flutter.jsonl,로컬 자동검사; 실제 OS/기기 검증 아님
flutter,test/friend_web_calendar_test.dart,"Size(933.0, 530.0) scale=1.0 banner=app",PASS,,build/full_audit_2026-09-30/flutter.jsonl,로컬 자동검사; 실제 OS/기기 검증 아님
flutter,test/friend_web_calendar_test.dart,"Size(933.0, 530.0) scale=1.3 banner=none",PASS,,build/full_audit_2026-09-30/flutter.jsonl,로컬 자동검사; 실제 OS/기기 검증 아님
flutter,test/friend_web_calendar_test.dart,"Size(933.0, 530.0) scale=1.3 banner=install",PASS,,build/full_audit_2026-09-30/flutter.jsonl,로컬 자동검사; 실제 OS/기기 검증 아님
flutter,test/friend_web_calendar_test.dart,"Size(933.0, 530.0) scale=1.3 banner=browser",PASS,,build/full_audit_2026-09-30/flutter.jsonl,로컬 자동검사; 실제 OS/기기 검증 아님
flutter,test/friend_web_calendar_test.dart,"Size(933.0, 530.0) scale=1.3 banner=app",PASS,,build/full_audit_2026-09-30/flutter.jsonl,로컬 자동검사; 실제 OS/기기 검증 아님
flutter,test/friend_web_calendar_test.dart,"Size(933.0, 530.0) scale=2.0 banner=none",PASS,,build/full_audit_2026-09-30/flutter.jsonl,로컬 자동검사; 실제 OS/기기 검증 아님
flutter,test/friend_web_calendar_test.dart,"Size(933.0, 530.0) scale=2.0 banner=install",PASS,,build/full_audit_2026-09-30/flutter.jsonl,로컬 자동검사; 실제 OS/기기 검증 아님
flutter,test/friend_web_calendar_test.dart,"Size(933.0, 530.0) scale=2.0 banner=browser",PASS,,build/full_audit_2026-09-30/flutter.jsonl,로컬 자동검사; 실제 OS/기기 검증 아님
flutter,test/friend_web_calendar_test.dart,"Size(933.0, 530.0) scale=2.0 banner=app",PASS,,build/full_audit_2026-09-30/flutter.jsonl,로컬 자동검사; 실제 OS/기기 검증 아님
flutter,test/friend_web_calendar_test.dart,"Size(780.0, 360.0) scale=1.0 banner=none",PASS,,build/full_audit_2026-09-30/flutter.jsonl,로컬 자동검사; 실제 OS/기기 검증 아님
flutter,test/friend_web_calendar_test.dart,"Size(780.0, 360.0) scale=1.0 banner=install",PASS,,build/full_audit_2026-09-30/flutter.jsonl,로컬 자동검사; 실제 OS/기기 검증 아님
flutter,test/friend_web_calendar_test.dart,"Size(780.0, 360.0) scale=1.0 banner=browser",PASS,,build/full_audit_2026-09-30/flutter.jsonl,로컬 자동검사; 실제 OS/기기 검증 아님
flutter,test/friend_web_calendar_test.dart,"Size(780.0, 360.0) scale=1.0 banner=app",PASS,,build/full_audit_2026-09-30/flutter.jsonl,로컬 자동검사; 실제 OS/기기 검증 아님
flutter,test/friend_web_calendar_test.dart,"Size(780.0, 360.0) scale=1.3 banner=none",PASS,,build/full_audit_2026-09-30/flutter.jsonl,로컬 자동검사; 실제 OS/기기 검증 아님
flutter,test/friend_web_calendar_test.dart,"Size(780.0, 360.0) scale=1.3 banner=install",PASS,,build/full_audit_2026-09-30/flutter.jsonl,로컬 자동검사; 실제 OS/기기 검증 아님
flutter,test/friend_web_calendar_test.dart,"Size(780.0, 360.0) scale=1.3 banner=browser",PASS,,build/full_audit_2026-09-30/flutter.jsonl,로컬 자동검사; 실제 OS/기기 검증 아님
flutter,test/friend_web_calendar_test.dart,"Size(780.0, 360.0) scale=1.3 banner=app",PASS,,build/full_audit_2026-09-30/flutter.jsonl,로컬 자동검사; 실제 OS/기기 검증 아님
flutter,test/friend_web_calendar_test.dart,"Size(780.0, 360.0) scale=2.0 banner=none",PASS,,build/full_audit_2026-09-30/flutter.jsonl,로컬 자동검사; 실제 OS/기기 검증 아님
flutter,test/friend_web_calendar_test.dart,"Size(780.0, 360.0) scale=2.0 banner=install",PASS,,build/full_audit_2026-09-30/flutter.jsonl,로컬 자동검사; 실제 OS/기기 검증 아님
flutter,test/friend_web_calendar_test.dart,"Size(780.0, 360.0) scale=2.0 banner=browser",PASS,,build/full_audit_2026-09-30/flutter.jsonl,로컬 자동검사; 실제 OS/기기 검증 아님
flutter,test/friend_web_calendar_test.dart,"Size(780.0, 360.0) scale=2.0 banner=app",PASS,,build/full_audit_2026-09-30/flutter.jsonl,로컬 자동검사; 실제 OS/기기 검증 아님
flutter,test/holiday_overrides_test.dart,원격 값이 없으면 기존 하드코딩 목록 그대로,PASS,,build/full_audit_2026-09-30/flutter.jsonl,로컬 자동검사; 실제 OS/기기 검증 아님
flutter,test/holiday_overrides_test.dart,"add는 추가·이름 변경, remove는 하드코딩(고정·변동) 목록에서 제외",PASS,,build/full_audit_2026-09-30/flutter.jsonl,로컬 자동검사; 실제 OS/기기 검증 아님
flutter,test/holiday_overrides_test.dart,영어 로케일에서는 원격 값이 있어도 표시 안 함(기존 결정 유지),PASS,,build/full_audit_2026-09-30/flutter.jsonl,로컬 자동검사; 실제 OS/기기 검증 아님
flutter,test/holiday_overrides_test.dart,형식이 틀린 항목은 버리고 나머지만 적용,PASS,,build/full_audit_2026-09-30/flutter.jsonl,로컬 자동검사; 실제 OS/기기 검증 아님
flutter,test/holiday_overrides_test.dart,캐시 왕복,PASS,,build/full_audit_2026-09-30/flutter.jsonl,로컬 자동검사; 실제 OS/기기 검증 아님
flutter,test/holiday_source_parity_test.dart,앱·웹 공용 공휴일 날짜와 Android 위젯 날짜가 일치한다,PASS,,build/full_audit_2026-09-30/flutter.jsonl,로컬 자동검사; 실제 OS/기기 검증 아님
flutter,test/legacy_work_hours_hint_test.dart,예전 총 근무시간만 있으면 출퇴근 시각 입력 안내가 필요하다,PASS,,build/full_audit_2026-09-30/flutter.jsonl,로컬 자동검사; 실제 OS/기기 검증 아님
flutter,test/legacy_work_hours_hint_test.dart,실제 출퇴근 시각을 입력하면 안내가 자동으로 사라진다,PASS,,build/full_audit_2026-09-30/flutter.jsonl,로컬 자동검사; 실제 OS/기기 검증 아님
flutter,test/legacy_work_hours_hint_test.dart,예전 총 근무시간도 없는 신규 사용자는 안내하지 않는다,PASS,,build/full_audit_2026-09-30/flutter.jsonl,로컬 자동검사; 실제 OS/기기 검증 아님
flutter,test/lunar_calendar_util_test.dart,solarToLunar 설날(음력 1.1) - 2025-01-29,PASS,,build/full_audit_2026-09-30/flutter.jsonl,로컬 자동검사; 실제 OS/기기 검증 아님
flutter,test/lunar_calendar_util_test.dart,solarToLunar 추석(음력 8.15) - 2026-09-25,PASS,,build/full_audit_2026-09-30/flutter.jsonl,로컬 자동검사; 실제 OS/기기 검증 아님
flutter,test/lunar_calendar_util_test.dart,solarToLunar 설날(음력 1.1) - 2024-02-10,PASS,,build/full_audit_2026-09-30/flutter.jsonl,로컬 자동검사; 실제 OS/기기 검증 아님
flutter,test/lunar_calendar_util_test.dart,solarToLunar 윤달 - 2017-06-24 (음력 윤5.1),PASS,,build/full_audit_2026-09-30/flutter.jsonl,로컬 자동검사; 실제 OS/기기 검증 아님
flutter,test/lunar_calendar_util_test.dart,solarToLunar 설날(음력 1.1) - 2027-02-07,PASS,,build/full_audit_2026-09-30/flutter.jsonl,로컬 자동검사; 실제 OS/기기 검증 아님
flutter,test/lunar_calendar_util_test.dart,solarToLunar 설날(음력 1.1) - 2029-02-13 (설날 가운데 날짜),PASS,,build/full_audit_2026-09-30/flutter.jsonl,로컬 자동검사; 실제 OS/기기 검증 아님
flutter,test/lunar_calendar_util_test.dart,solarToLunar 표 범위 밖(과거)이면 null,PASS,,build/full_audit_2026-09-30/flutter.jsonl,로컬 자동검사; 실제 OS/기기 검증 아님
flutter,test/lunar_calendar_util_test.dart,solarToLunar 표 범위 밖(미래)이면 null,PASS,,build/full_audit_2026-09-30/flutter.jsonl,로컬 자동검사; 실제 OS/기기 검증 아님
flutter,test/lunar_calendar_util_test.dart,solarToLunar 연속된 날짜는 하루씩 증가(월 경계 포함),PASS,,build/full_audit_2026-09-30/flutter.jsonl,로컬 자동검사; 실제 OS/기기 검증 아님
flutter,test/lunar_calendar_util_test.dart,formatLunarDate 평달 - 상세팝업용,PASS,,build/full_audit_2026-09-30/flutter.jsonl,로컬 자동검사; 실제 OS/기기 검증 아님
flutter,test/lunar_calendar_util_test.dart,formatLunarDate 윤달 - 상세팝업용,PASS,,build/full_audit_2026-09-30/flutter.jsonl,로컬 자동검사; 실제 OS/기기 검증 아님
flutter,test/lunar_calendar_util_test.dart,formatLunarDate 평달 - 메인 달력 셀용,PASS,,build/full_audit_2026-09-30/flutter.jsonl,로컬 자동검사; 실제 OS/기기 검증 아님
flutter,test/lunar_calendar_util_test.dart,formatLunarDate 윤달 - 메인 달력 셀용,PASS,,build/full_audit_2026-09-30/flutter.jsonl,로컬 자동검사; 실제 OS/기기 검증 아님
flutter,test/memo_category_classifier_test.dart,모델 자산이 정상적으로 로드된다,PASS,,build/full_audit_2026-09-30/flutter.jsonl,로컬 자동검사; 실제 OS/기기 검증 아님
flutter,test/memo_category_classifier_test.dart,키워드 하드매핑(ML까지 안 감) 직계가족 키워드가 다른 활동 키워드보다 우선한다,PASS,,build/full_audit_2026-09-30/flutter.jsonl,로컬 자동검사; 실제 OS/기기 검증 아님
flutter,test/memo_category_classifier_test.dart,키워드 하드매핑(ML까지 안 감) 인척 키워드도 가족으로 분류된다,PASS,,build/full_audit_2026-09-30/flutter.jsonl,로컬 자동검사; 실제 OS/기기 검증 아님
flutter,test/memo_category_classifier_test.dart,키워드 하드매핑(ML까지 안 감) 사람을 만나는 표현은 사교로 분류된다,PASS,,build/full_audit_2026-09-30/flutter.jsonl,로컬 자동검사; 실제 OS/기기 검증 아님
flutter,test/memo_category_classifier_test.dart,키워드 하드매핑(ML까지 안 감) 명확한 스포츠 키워드는 운동으로 분류된다,PASS,,build/full_audit_2026-09-30/flutter.jsonl,로컬 자동검사; 실제 OS/기기 검증 아님
flutter,test/memo_category_classifier_test.dart,"키워드 하드매핑(ML까지 안 감) ""동창회""는 ""동창"" 부분일치로 오탐되지 않는다(어절 전체 일치만 허용)",PASS,,build/full_audit_2026-09-30/flutter.jsonl,로컬 자동검사; 실제 OS/기기 검증 아님
flutter,test/memo_category_classifier_test.dart,"키워드 하드매핑(ML까지 안 감) 인척 존칭(""장모님"")도 가족으로 잡힌다",PASS,,build/full_audit_2026-09-30/flutter.jsonl,로컬 자동검사; 실제 OS/기기 검증 아님
flutter,test/memo_category_classifier_test.dart,"활동 키워드 하드매핑(tier4, 2026-08-27 추가) 짧은 동사 결합형도 접두어 매칭으로 잡힌다",PASS,,build/full_audit_2026-09-30/flutter.jsonl,로컬 자동검사; 실제 OS/기기 검증 아님
flutter,test/memo_category_classifier_test.dart,"활동 키워드 하드매핑(tier4, 2026-08-27 추가) 카테고리 이름 그 자체(복합어 포함)도 정확히 잡힌다",PASS,,build/full_audit_2026-09-30/flutter.jsonl,로컬 자동검사; 실제 OS/기기 검증 아님
flutter,test/memo_category_classifier_test.dart,"활동 키워드 하드매핑(tier4, 2026-08-27 추가) 실측으로 보강한 치과·약국·네일 표현을 잡는다",PASS,,build/full_audit_2026-09-30/flutter.jsonl,로컬 자동검사; 실제 OS/기기 검증 아님
flutter,test/memo_category_classifier_test.dart,"활동 키워드 하드매핑(tier4, 2026-08-27 추가) ""모임""이 같이 있으면 활동 하드매핑을 보류하고 ML에 맡긴다",PASS,,build/full_audit_2026-09-30/flutter.jsonl,로컬 자동검사; 실제 OS/기기 검증 아님
flutter,test/memo_category_classifier_test.dart,"활동 키워드 하드매핑(tier4, 2026-08-27 추가) 이미 있던 스포츠 하드매핑은 그대로 유지된다",PASS,,build/full_audit_2026-09-30/flutter.jsonl,로컬 자동검사; 실제 OS/기기 검증 아님
flutter,test/memo_category_classifier_test.dart,"자전거/요가·필라테스 하드매핑(tier3b, 2026-09-03 신설) 자전거/따릉이는 공백 있는 형태도, ""타다"" 활용형 붙여쓴 형태도 잡힌다",PASS,,build/full_audit_2026-09-30/flutter.jsonl,로컬 자동검사; 실제 OS/기기 검증 아님
flutter,test/memo_category_classifier_test.dart,"자전거/요가·필라테스 하드매핑(tier3b, 2026-09-03 신설) 요가하러가기/필라테스 학원 고고/스트레칭 - 사용자 예시 문구가 그대로 잡힌다",PASS,,build/full_audit_2026-09-30/flutter.jsonl,로컬 자동검사; 실제 OS/기기 검증 아님
flutter,test/memo_category_classifier_test.dart,"자전거/요가·필라테스 하드매핑(tier3b, 2026-09-03 신설) ""필요가 있다""는 ""요가""로 끝나도 요가로 오탐되지 않는다",PASS,,build/full_audit_2026-09-30/flutter.jsonl,로컬 자동검사; 실제 OS/기기 검증 아님
flutter,test/memo_category_classifier_test.dart,"자전거/요가·필라테스 하드매핑(tier3b, 2026-09-03 신설) 자전거 헬멧을 사기만 하는 문장은 하드매핑을 defer한다(tier3b_cycling 아님)",PASS,,build/full_audit_2026-09-30/flutter.jsonl,로컬 자동검사; 실제 OS/기기 검증 아님
flutter,test/memo_category_classifier_test.dart,"자전거/요가·필라테스 하드매핑(tier3b, 2026-09-03 신설) 자전거 정비만 맡기는 문장(타는 동작 없음)은 기타로 분류된다",PASS,,build/full_audit_2026-09-30/flutter.jsonl,로컬 자동검사; 실제 OS/기기 검증 아님
flutter,test/memo_category_classifier_test.dart,"자전거/요가·필라테스 하드매핑(tier3b, 2026-09-03 신설) 구매 후 실제로 타면(콤보 문장) 자전거로 잡힌다",PASS,,build/full_audit_2026-09-30/flutter.jsonl,로컬 자동검사; 실제 OS/기기 검증 아님
flutter,test/memo_category_classifier_test.dart,"종목별 스포츠 분리 + PT/여행 하드매핑(tier3, 2026-09-12 신설) 라켓 스포츠(테니스/배드민턴/탁구/스쿼시)는 전용 카테고리로 분류된다",PASS,,build/full_audit_2026-09-30/flutter.jsonl,로컬 자동검사; 실제 OS/기기 검증 아님
flutter,test/memo_category_classifier_test.dart,"종목별 스포츠 분리 + PT/여행 하드매핑(tier3, 2026-09-12 신설) 축구/농구/야구는 각각 전용 카테고리로 분류되고, 배구는 구기종목으로 뭉뚱그려진다",PASS,,build/full_audit_2026-09-30/flutter.jsonl,로컬 자동검사; 실제 OS/기기 검증 아님
flutter,test/memo_category_classifier_test.dart,"종목별 스포츠 분리 + PT/여행 하드매핑(tier3, 2026-09-12 신설) 공을 사기만 하는 문장은 여전히 하드매핑을 defer한다(구기종목 오탐 방지)",PASS,,build/full_audit_2026-09-30/flutter.jsonl,로컬 자동검사; 실제 OS/기기 검증 아님
flutter,test/memo_category_classifier_test.dart,"종목별 스포츠 분리 + PT/여행 하드매핑(tier3, 2026-09-12 신설) 입식 격투기(복싱/킥복싱/무에타이)는 전용 카테고리로 분류된다",PASS,,build/full_audit_2026-09-30/flutter.jsonl,로컬 자동검사; 실제 OS/기기 검증 아님
flutter,test/memo_category_classifier_test.dart,"종목별 스포츠 분리 + PT/여행 하드매핑(tier3, 2026-09-12 신설) ""PT받기""는 병원이 아니라 운동(헬스장 개인 트레이닝)으로 분류된다",PASS,,build/full_audit_2026-09-30/flutter.jsonl,로컬 자동검사; 실제 OS/기기 검증 아님
flutter,test/memo_category_classifier_test.dart,"종목별 스포츠 분리 + PT/여행 하드매핑(tier3, 2026-09-12 신설) ""PT"" 대소문자를 구분하지 않고, 띄어 써도 잡힌다",PASS,,build/full_audit_2026-09-30/flutter.jsonl,로컬 자동검사; 실제 OS/기기 검증 아님
flutter,test/memo_category_classifier_test.dart,"종목별 스포츠 분리 + PT/여행 하드매핑(tier3, 2026-09-12 신설) 개인 트레이닝 맥락 신호가 없는 bare ""PT""는 하드매핑을 강제하지 않는다",PASS,,build/full_audit_2026-09-30/flutter.jsonl,로컬 자동검사; 실제 OS/기기 검증 아님
flutter,test/memo_category_classifier_test.dart,"종목별 스포츠 분리 + PT/여행 하드매핑(tier3, 2026-09-12 신설) ""PT 자료 준비""처럼 업무 발표 맥락이면 운동으로 강제되지 않는다",PASS,,build/full_audit_2026-09-30/flutter.jsonl,로컬 자동검사; 실제 OS/기기 검증 아님
flutter,test/memo_category_classifier_test.dart,"종목별 스포츠 분리 + PT/여행 하드매핑(tier3, 2026-09-12 신설) ""사파리투어""는 쇼핑이 아니라 여가/휴식으로 분류된다",PASS,,build/full_audit_2026-09-30/flutter.jsonl,로컬 자동검사; 실제 OS/기기 검증 아님
flutter,test/memo_category_classifier_test.dart,"종목별 스포츠 분리 + PT/여행 하드매핑(tier3, 2026-09-12 신설) ""관광""이 포함된 무관한 복합명사는 여가로 강제되지 않는다",PASS,,build/full_audit_2026-09-30/flutter.jsonl,로컬 자동검사; 실제 OS/기기 검증 아님
flutter,test/memo_category_classifier_test.dart,ML 모델(TF-IDF + LogisticRegression) 진료 예약하기 -> 병원·건강관리 (하드매핑 안 걸림),PASS,,build/full_audit_2026-09-30/flutter.jsonl,로컬 자동검사; 실제 OS/기기 검증 아님
flutter,test/memo_category_classifier_test.dart,ML 모델(TF-IDF + LogisticRegression) 마트에서 장보기 -> 쇼핑,PASS,,build/full_audit_2026-09-30/flutter.jsonl,로컬 자동검사; 실제 OS/기기 검증 아님
flutter,test/memo_category_classifier_test.dart,ML 모델(TF-IDF + LogisticRegression) 넷플릭스 보기 -> 문화생활(학습 데이터 다수결),PASS,,build/full_audit_2026-09-30/flutter.jsonl,로컬 자동검사; 실제 OS/기기 검증 아님
flutter,test/memo_category_classifier_test.dart,ML 모델(TF-IDF + LogisticRegression) 회의 준비 -> 업무,PASS,,build/full_audit_2026-09-30/flutter.jsonl,로컬 자동검사; 실제 OS/기기 검증 아님
flutter,test/memo_category_classifier_test.dart,"ML 모델(TF-IDF + LogisticRegression) 자격증 시험 접수 -> 공부 (margin이 커서 확신도 높음, 하드매핑 안 걸림)",PASS,,build/full_audit_2026-09-30/flutter.jsonl,로컬 자동검사; 실제 OS/기기 검증 아님
flutter,test/memo_category_classifier_test.dart,ML 모델(TF-IDF + LogisticRegression) 소파에서 뒹굴거리기 -> 여가/휴식,PASS,,build/full_audit_2026-09-30/flutter.jsonl,로컬 자동검사; 실제 OS/기기 검증 아님
flutter,test/memo_category_classifier_test.dart,경계 케이스 빈 문자열은 기타로 분류된다,PASS,,build/full_audit_2026-09-30/flutter.jsonl,로컬 자동검사; 실제 OS/기기 검증 아님
flutter,test/memo_category_classifier_test.dart,경계 케이스 공백만 있는 문자열도 기타로 분류된다,PASS,,build/full_audit_2026-09-30/flutter.jsonl,로컬 자동검사; 실제 OS/기기 검증 아님
flutter,test/night_shift_sleep_attribution_test.dart,"9/27~29 연속 야간: 근무 중 수면의 날짜와 슬롯 9/27 22시~9/28 01시는 9/27 낮잠, 퇴근 후 수면은 9/27 주 수면",PASS,,build/full_audit_2026-09-30/flutter.jsonl,로컬 자동검사; 실제 OS/기기 검증 아님
flutter,test/night_shift_sleep_attribution_test.dart,9/27~29 연속 야간: 근무 중 수면의 날짜와 슬롯 9/29 00~02시 수면은 9/28 야간근무의 낮잠,PASS,,build/full_audit_2026-09-30/flutter.jsonl,로컬 자동검사; 실제 OS/기기 검증 아님
flutter,test/night_shift_sleep_attribution_test.dart,9/27~29 연속 야간: 근무 중 수면의 날짜와 슬롯 수면 이력도 연속 야간의 출근 전 낮잠을 다음 근무일에 한 번만 합산한다,PASS,,build/full_audit_2026-09-30/flutter.jsonl,로컬 자동검사; 실제 OS/기기 검증 아님
flutter,test/night_shift_sleep_attribution_test.dart,9/27~29 연속 야간: 근무 중 수면의 날짜와 슬롯 퇴근 후 수면 통계가 다음 야간의 출근 전 낮잠을 훔쳐오지 않는다,PASS,,build/full_audit_2026-09-30/flutter.jsonl,로컬 자동검사; 실제 OS/기기 검증 아님
flutter,test/night_shift_sleep_attribution_test.dart,주간·휴무 뒤 자정 넘긴 밤잠 주간 다음날이 야간이어도 00:30 취침은 전날 주 수면,PASS,,build/full_audit_2026-09-30/flutter.jsonl,로컬 자동검사; 실제 OS/기기 검증 아님
flutter,test/night_shift_sleep_attribution_test.dart,주간·휴무 뒤 자정 넘긴 밤잠 휴무 다음날이 야간이어도 00:30 취침은 전날 주 수면,PASS,,build/full_audit_2026-09-30/flutter.jsonl,로컬 자동검사; 실제 OS/기기 검증 아님
flutter,test/night_shift_sleep_attribution_test.dart,주간·휴무 뒤 자정 넘긴 밤잠 새벽 6시 이후 시작한 잠은 당일에 둔다,PASS,,build/full_audit_2026-09-30/flutter.jsonl,로컬 자동검사; 실제 OS/기기 검증 아님
flutter,test/night_shift_sleep_attribution_test.dart,주간·휴무 뒤 자정 넘긴 밤잠 근무시간 정보가 없어도 새벽 취침은 전날 밤잠으로 묶는다,PASS,,build/full_audit_2026-09-30/flutter.jsonl,로컬 자동검사; 실제 OS/기기 검증 아님
flutter,test/night_shift_sleep_attribution_test.dart,"연속 야간 - 아침 회복수면과 출근 전 수면의 분리(사용자 신고 항목 5) 아침 회복수면은 야간1(어제) 주 수면, 오후 출근 전 수면은 야간2(오늘) 낮잠으로 갈린다",PASS,,build/full_audit_2026-09-30/flutter.jsonl,로컬 자동검사; 실제 OS/기기 검증 아님
flutter,test/night_shift_sleep_attribution_test.dart,"연속 야간 - 아침 회복수면과 출근 전 수면의 분리(사용자 신고 항목 5) 오늘이 휴무면 경계는 예전처럼 21시 - 아침 회복수면은 어제, 그날 밤 취침은 오늘",PASS,,build/full_audit_2026-09-30/flutter.jsonl,로컬 자동검사; 실제 OS/기기 검증 아님
flutter,test/night_shift_sleep_attribution_test.dart,"수면량 문구 - ""출근 전 7시간""이 아니라 ""지난 24시간""(사용자 신고 항목 2) 야간 첫날(어제 휴무) - 전날 밤잠 8시간 + 출근 전 낮잠 2시간이면 부족 경고가 없어야 한다",PASS,,build/full_audit_2026-09-30/flutter.jsonl,로컬 자동검사; 실제 OS/기기 검증 아님
flutter,test/night_shift_sleep_attribution_test.dart,"수면량 문구 - ""출근 전 7시간""이 아니라 ""지난 24시간""(사용자 신고 항목 2) 연속 야간 둘째 날 - 아침 회복수면 5시간 + 출근 전 2시간이면 합쳐서 7시간으로 본다",PASS,,build/full_audit_2026-09-30/flutter.jsonl,로컬 자동검사; 실제 OS/기기 검증 아님
flutter,test/night_shift_sleep_attribution_test.dart,"수면량 문구 - ""출근 전 7시간""이 아니라 ""지난 24시간""(사용자 신고 항목 2) 실제로 부족하면(2시간만 잠) 여전히 권장 7시간보다 적다고 알린다",PASS,,build/full_audit_2026-09-30/flutter.jsonl,로컬 자동검사; 실제 OS/기기 검증 아님
flutter,test/night_shift_sleep_attribution_test.dart,"수면량 문구 - ""출근 전 7시간""이 아니라 ""지난 24시간""(사용자 신고 항목 2) 기록이 비어 있으면 사실에서 끝내지 않고 기록 안내 행동까지 준다(항목 1)",PASS,,build/full_audit_2026-09-30/flutter.jsonl,로컬 자동검사; 실제 OS/기기 검증 아님
flutter,test/night_shift_sleep_attribution_test.dart,근무시간을 하나도 입력하지 않아도 수면 사실은 계속 나온다(항목 3),PASS,,build/full_audit_2026-09-30/flutter.jsonl,로컬 자동검사; 실제 OS/기기 검증 아님
flutter,test/onboarding_foldable_layout_test.dart,온보딩 패턴 단계 320.0x568.0 ko: 스크롤되고 버튼이 보인다,PASS,,build/full_audit_2026-09-30/flutter.jsonl,로컬 자동검사; 실제 OS/기기 검증 아님
flutter,test/onboarding_foldable_layout_test.dart,온보딩 패턴 단계 320.0x568.0 en: 스크롤되고 버튼이 보인다,PASS,,build/full_audit_2026-09-30/flutter.jsonl,로컬 자동검사; 실제 OS/기기 검증 아님
flutter,test/onboarding_foldable_layout_test.dart,온보딩 패턴 단계 360.0x640.0 ko: 스크롤되고 버튼이 보인다,PASS,,build/full_audit_2026-09-30/flutter.jsonl,로컬 자동검사; 실제 OS/기기 검증 아님
flutter,test/onboarding_foldable_layout_test.dart,온보딩 패턴 단계 360.0x640.0 en: 스크롤되고 버튼이 보인다,PASS,,build/full_audit_2026-09-30/flutter.jsonl,로컬 자동검사; 실제 OS/기기 검증 아님
flutter,test/onboarding_foldable_layout_test.dart,온보딩 패턴 단계 337.0x817.0 ko: 스크롤되고 버튼이 보인다,PASS,,build/full_audit_2026-09-30/flutter.jsonl,로컬 자동검사; 실제 OS/기기 검증 아님
flutter,test/onboarding_foldable_layout_test.dart,온보딩 패턴 단계 337.0x817.0 en: 스크롤되고 버튼이 보인다,PASS,,build/full_audit_2026-09-30/flutter.jsonl,로컬 자동검사; 실제 OS/기기 검증 아님
flutter,test/onboarding_foldable_layout_test.dart,온보딩 패턴 단계 674.0x817.0 ko: 스크롤되고 버튼이 보인다,PASS,,build/full_audit_2026-09-30/flutter.jsonl,로컬 자동검사; 실제 OS/기기 검증 아님
flutter,test/onboarding_foldable_layout_test.dart,온보딩 패턴 단계 674.0x817.0 en: 스크롤되고 버튼이 보인다,PASS,,build/full_audit_2026-09-30/flutter.jsonl,로컬 자동검사; 실제 OS/기기 검증 아님
flutter,test/onboarding_foldable_layout_test.dart,온보딩 패턴 단계 400.0x632.0 ko: 스크롤되고 버튼이 보인다,PASS,,build/full_audit_2026-09-30/flutter.jsonl,로컬 자동검사; 실제 OS/기기 검증 아님
flutter,test/onboarding_foldable_layout_test.dart,온보딩 패턴 단계 400.0x632.0 en: 스크롤되고 버튼이 보인다,PASS,,build/full_audit_2026-09-30/flutter.jsonl,로컬 자동검사; 실제 OS/기기 검증 아님
flutter,test/onboarding_foldable_layout_test.dart,온보딩 패턴 단계 662.0x876.0 ko: 스크롤되고 버튼이 보인다,PASS,,build/full_audit_2026-09-30/flutter.jsonl,로컬 자동검사; 실제 OS/기기 검증 아님
flutter,test/onboarding_foldable_layout_test.dart,온보딩 패턴 단계 662.0x876.0 en: 스크롤되고 버튼이 보인다,PASS,,build/full_audit_2026-09-30/flutter.jsonl,로컬 자동검사; 실제 OS/기기 검증 아님
flutter,test/onboarding_foldable_layout_test.dart,온보딩 패턴 단계 360.0x840.0 ko: 스크롤되고 버튼이 보인다,PASS,,build/full_audit_2026-09-30/flutter.jsonl,로컬 자동검사; 실제 OS/기기 검증 아님
flutter,test/onboarding_foldable_layout_test.dart,온보딩 패턴 단계 360.0x840.0 en: 스크롤되고 버튼이 보인다,PASS,,build/full_audit_2026-09-30/flutter.jsonl,로컬 자동검사; 실제 OS/기기 검증 아님
flutter,test/onboarding_foldable_layout_test.dart,온보딩 패턴 단계 806.0x895.0 ko: 스크롤되고 버튼이 보인다,PASS,,build/full_audit_2026-09-30/flutter.jsonl,로컬 자동검사; 실제 OS/기기 검증 아님
flutter,test/onboarding_foldable_layout_test.dart,온보딩 패턴 단계 806.0x895.0 en: 스크롤되고 버튼이 보인다,PASS,,build/full_audit_2026-09-30/flutter.jsonl,로컬 자동검사; 실제 OS/기기 검증 아님
flutter,test/onboarding_foldable_layout_test.dart,온보딩 패턴 단계 752.0x834.67 ko: 스크롤되고 버튼이 보인다,PASS,,build/full_audit_2026-09-30/flutter.jsonl,로컬 자동검사; 실제 OS/기기 검증 아님
flutter,test/onboarding_foldable_layout_test.dart,온보딩 패턴 단계 752.0x834.67 en: 스크롤되고 버튼이 보인다,PASS,,build/full_audit_2026-09-30/flutter.jsonl,로컬 자동검사; 실제 OS/기기 검증 아님
flutter,test/onboarding_foldable_layout_test.dart,온보딩 패턴 단계 834.67x752.0 ko: 스크롤되고 버튼이 보인다,PASS,,build/full_audit_2026-09-30/flutter.jsonl,로컬 자동검사; 실제 OS/기기 검증 아님
flutter,test/onboarding_foldable_layout_test.dart,온보딩 패턴 단계 834.67x752.0 en: 스크롤되고 버튼이 보인다,PASS,,build/full_audit_2026-09-30/flutter.jsonl,로컬 자동검사; 실제 OS/기기 검증 아님
flutter,test/onboarding_popup_delay_test.dart,닫힌 원터치 패널은 안내를 띄우거나 읽음 처리하지 않는다,PASS,,build/full_audit_2026-09-30/flutter.jsonl,로컬 자동검사; 실제 OS/기기 검증 아님
flutter,test/onboarding_popup_delay_test.dart,"지연 시간은 ""아주 약간""의 범위(0.4~1초)",PASS,,build/full_audit_2026-09-30/flutter.jsonl,로컬 자동검사; 실제 OS/기기 검증 아님
flutter,test/onboarding_popup_delay_test.dart,팝업은 화면이 뜬 직후가 아니라 지연 뒤에 나타난다,PASS,,build/full_audit_2026-09-30/flutter.jsonl,로컬 자동검사; 실제 OS/기기 검증 아님
flutter,test/onboarding_popup_delay_test.dart,"지연 중에 화면이 사라지면 팝업을 띄우지 않고 ""봤다""고도 기록하지 않는다",PASS,,build/full_audit_2026-09-30/flutter.jsonl,로컬 자동검사; 실제 OS/기기 검증 아님
flutter,test/onboarding_popup_delay_test.dart,이미 본 팝업은 지연도 없이 아무 것도 하지 않는다,PASS,,build/full_audit_2026-09-30/flutter.jsonl,로컬 자동검사; 실제 OS/기기 검증 아님
flutter,test/onboarding_popup_delay_test.dart,규칙적 근무면 근무 배정 안내는 뜨지 않는다(기존 동작 유지),PASS,,build/full_audit_2026-09-30/flutter.jsonl,로컬 자동검사; 실제 OS/기기 검증 아님
flutter,test/onboarding_popup_delay_test.dart,다섯 가지 첫 사용 안내는 각각 처음 한 번만 표시된다,PASS,,build/full_audit_2026-09-30/flutter.jsonl,로컬 자동검사; 실제 OS/기기 검증 아님
flutter,test/onboarding_popup_delay_test.dart,영어 로케일 웰컴 팝업이 수면 기록 기능을 안내한다,FAIL,"Test failed. See exception logs above.
The test description was: 영어 로케일 웰컴 팝업이 수면 기록 기능을 안내한다",build/full_audit_2026-09-30/flutter.jsonl,로컬 자동검사; 실제 OS/기기 검증 아님
flutter,test/pattern_math_test.dart,패턴 계산 1년치 정확성 검증 4교대 패턴이 366일 내내 정확히 순환한다,PASS,,build/full_audit_2026-09-30/flutter.jsonl,로컬 자동검사; 실제 OS/기기 검증 아님
flutter,test/pattern_math_test.dart,패턴 계산 1년치 정확성 검증 연도 경계(12/31→1/1)를 넘어가도 안 깨진다,PASS,,build/full_audit_2026-09-30/flutter.jsonl,로컬 자동검사; 실제 OS/기기 검증 아님
flutter,test/pattern_math_test.dart,패턴 계산 1년치 정확성 검증 윤년 2/29을 포함해도 정상 동작한다 (2028년),PASS,,build/full_audit_2026-09-30/flutter.jsonl,로컬 자동검사; 실제 OS/기기 검증 아님
flutter,test/pattern_math_test.dart,패턴 계산 1년치 정확성 검증 assignedDates 예외가 패턴보다 우선 적용된다 (10일치 윈도우 밖 날짜에도),PASS,,build/full_audit_2026-09-30/flutter.jsonl,로컬 자동검사; 실제 OS/기기 검증 아님
flutter,test/pattern_math_test.dart,패턴 계산 1년치 정확성 검증 패턴 길이가 1이어도(매일 같은 근무) 안 깨진다,PASS,,build/full_audit_2026-09-30/flutter.jsonl,로컬 자동검사; 실제 OS/기기 검증 아님
flutter,test/pattern_math_test.dart,패턴 계산 1년치 정확성 검증 음수 today_index / 음수 daysDiff도 안전하게 처리된다,PASS,,build/full_audit_2026-09-30/flutter.jsonl,로컬 자동검사; 실제 OS/기기 검증 아님
flutter,test/permission_intro_layout_test.dart,320x568 글자 x1.0 ko: 넘치지 않고 버튼이 보인다,PASS,,build/full_audit_2026-09-30/flutter.jsonl,로컬 자동검사; 실제 OS/기기 검증 아님
flutter,test/fold_layout_screens_test.dart,calendar_mainDark: scale 1.0 fold windows and phone regression,PASS,,build/full_audit_2026-09-30/flutter.jsonl,로컬 자동검사; 실제 OS/기기 검증 아님
flutter,test/permission_intro_layout_test.dart,320x568 글자 x1.0 en: 넘치지 않고 버튼이 보인다,PASS,,build/full_audit_2026-09-30/flutter.jsonl,로컬 자동검사; 실제 OS/기기 검증 아님
flutter,test/permission_intro_layout_test.dart,320x568 글자 x1.5 ko: 넘치지 않고 버튼이 보인다,PASS,,build/full_audit_2026-09-30/flutter.jsonl,로컬 자동검사; 실제 OS/기기 검증 아님
flutter,test/permission_intro_layout_test.dart,320x568 글자 x1.5 en: 넘치지 않고 버튼이 보인다,PASS,,build/full_audit_2026-09-30/flutter.jsonl,로컬 자동검사; 실제 OS/기기 검증 아님
flutter,test/permission_intro_layout_test.dart,320x568 글자 x2.0 ko: 넘치지 않고 버튼이 보인다,PASS,,build/full_audit_2026-09-30/flutter.jsonl,로컬 자동검사; 실제 OS/기기 검증 아님
flutter,test/permission_intro_layout_test.dart,320x568 글자 x2.0 en: 넘치지 않고 버튼이 보인다,PASS,,build/full_audit_2026-09-30/flutter.jsonl,로컬 자동검사; 실제 OS/기기 검증 아님
flutter,test/permission_intro_layout_test.dart,360x640 글자 x1.0 ko: 넘치지 않고 버튼이 보인다,PASS,,build/full_audit_2026-09-30/flutter.jsonl,로컬 자동검사; 실제 OS/기기 검증 아님
flutter,test/permission_intro_layout_test.dart,360x640 글자 x1.0 en: 넘치지 않고 버튼이 보인다,PASS,,build/full_audit_2026-09-30/flutter.jsonl,로컬 자동검사; 실제 OS/기기 검증 아님
flutter,test/permission_intro_layout_test.dart,360x640 글자 x1.5 ko: 넘치지 않고 버튼이 보인다,PASS,,build/full_audit_2026-09-30/flutter.jsonl,로컬 자동검사; 실제 OS/기기 검증 아님
flutter,test/permission_intro_layout_test.dart,360x640 글자 x1.5 en: 넘치지 않고 버튼이 보인다,PASS,,build/full_audit_2026-09-30/flutter.jsonl,로컬 자동검사; 실제 OS/기기 검증 아님
flutter,test/permission_intro_layout_test.dart,360x640 글자 x2.0 ko: 넘치지 않고 버튼이 보인다,PASS,,build/full_audit_2026-09-30/flutter.jsonl,로컬 자동검사; 실제 OS/기기 검증 아님
flutter,test/permission_intro_layout_test.dart,360x640 글자 x2.0 en: 넘치지 않고 버튼이 보인다,PASS,,build/full_audit_2026-09-30/flutter.jsonl,로컬 자동검사; 실제 OS/기기 검증 아님
flutter,test/permission_intro_layout_test.dart,411x891 글자 x1.0 ko: 넘치지 않고 버튼이 보인다,PASS,,build/full_audit_2026-09-30/flutter.jsonl,로컬 자동검사; 실제 OS/기기 검증 아님
flutter,test/permission_intro_layout_test.dart,411x891 글자 x1.0 en: 넘치지 않고 버튼이 보인다,PASS,,build/full_audit_2026-09-30/flutter.jsonl,로컬 자동검사; 실제 OS/기기 검증 아님
flutter,test/permission_intro_layout_test.dart,411x891 글자 x1.5 ko: 넘치지 않고 버튼이 보인다,PASS,,build/full_audit_2026-09-30/flutter.jsonl,로컬 자동검사; 실제 OS/기기 검증 아님
flutter,test/permission_intro_layout_test.dart,411x891 글자 x1.5 en: 넘치지 않고 버튼이 보인다,PASS,,build/full_audit_2026-09-30/flutter.jsonl,로컬 자동검사; 실제 OS/기기 검증 아님
flutter,test/permission_intro_layout_test.dart,411x891 글자 x2.0 ko: 넘치지 않고 버튼이 보인다,PASS,,build/full_audit_2026-09-30/flutter.jsonl,로컬 자동검사; 실제 OS/기기 검증 아님
flutter,test/permission_intro_layout_test.dart,411x891 글자 x2.0 en: 넘치지 않고 버튼이 보인다,PASS,,build/full_audit_2026-09-30/flutter.jsonl,로컬 자동검사; 실제 OS/기기 검증 아님
flutter,test/recovery_briefing_engine_test.dart,야간 뒤 회복 중 · 수면이 아직 부족 - 늦어도 몇 시에 잠들지와 카페인 시각을 준다,PASS,,build/full_audit_2026-09-30/flutter.jsonl,로컬 자동검사; 실제 OS/기기 검증 아님
flutter,test/recovery_briefing_engine_test.dart,"야간 근무 중 퇴근 1시간 반 전 - 퇴근길 안전이 첫 행동, 행동은 최대 3개",PASS,,build/full_audit_2026-09-30/flutter.jsonl,로컬 자동검사; 실제 OS/기기 검증 아님
flutter,test/recovery_briefing_engine_test.dart,"오후 23시 퇴근 → 다음날 주간 07시: 회복 8시간을 경고하고 ""지금 바로 자도 최대""를 안내",PASS,,build/full_audit_2026-09-30/flutter.jsonl,로컬 자동검사; 실제 OS/기기 검증 아님
flutter,test/recovery_briefing_engine_test.dart,출퇴근 시각이 없는 근무가 끼면 다음 근무·회복시간을 단정하지 않고 판단 범위에 적는다,PASS,,build/full_audit_2026-09-30/flutter.jsonl,로컬 자동검사; 실제 OS/기기 검증 아님
flutter,test/recovery_briefing_engine_test.dart,"야간 뒤 휴무 밤 - 수면 회복 우선 행동, 야간 퇴근 뒤 수면은 야간 근무일(어제)로 집계",PASS,,build/full_audit_2026-09-30/flutter.jsonl,로컬 자동검사; 실제 OS/기기 검증 아님
flutter,test/recovery_briefing_engine_test.dart,"퇴근 후 이미 7시간 이상 잤으면 수면 행동은 빼고, 야간 출근 전 짧은 낮잠만 권한다",PASS,,build/full_audit_2026-09-30/flutter.jsonl,로컬 자동검사; 실제 OS/기기 검증 아님
flutter,test/recovery_briefing_engine_test.dart,확인 전 자동 기록은 반영하지 않았다고 판단 범위에 적는다,PASS,,build/full_audit_2026-09-30/flutter.jsonl,로컬 자동검사; 실제 OS/기기 검증 아님
flutter,test/recovery_briefing_engine_test.dart,최근 7일 평균 수면은 기록한 날이 3일 이상일 때만 보여준다,PASS,,build/full_audit_2026-09-30/flutter.jsonl,로컬 자동검사; 실제 OS/기기 검증 아님
flutter,test/recovery_briefing_engine_test.dart,최근 수면이 같은 근무 유형의 개인 평균보다 1시간 이상 적으면 사실과 행동에 반영한다,PASS,,build/full_audit_2026-09-30/flutter.jsonl,로컬 자동검사; 실제 OS/기기 검증 아님
flutter,test/recovery_briefing_engine_test.dart,최근 7일 실근무시간이 평소보다 많이 늘면 사실과 행동에 근거를 단다(2026-09-18 개인기준선 재설계),PASS,,build/full_audit_2026-09-30/flutter.jsonl,로컬 자동검사; 실제 OS/기기 검증 아님
flutter,test/recovery_briefing_engine_test.dart,"근거 규칙 - 모든 근거 ID는 실제 근거 DB에 있고, 기록 안내를 뺀 모든 행동은 근거를 가진다",PASS,,build/full_audit_2026-09-30/flutter.jsonl,로컬 자동검사; 실제 OS/기기 검증 아님
flutter,test/recovery_briefing_engine_test.dart,Q-07 - 수면 기록 한 행의 날짜가 깨져도 나머지 기록은 그대로 읽는다,PASS,,build/full_audit_2026-09-30/flutter.jsonl,로컬 자동검사; 실제 OS/기기 검증 아님
flutter,test/recovery_briefing_overlap_scenarios_test.dart,겹침 시나리오 - 문구 중복/캡 노출 회귀 야간 연속 + 근무중(퇴근임박) + 주간총량과다 - longWorkStreak가 하나로 합쳐진다,PASS,,build/full_audit_2026-09-30/flutter.jsonl,로컬 자동검사; 실제 OS/기기 검증 아님
flutter,test/recovery_briefing_overlap_scenarios_test.dart,겹침 시나리오 - 문구 중복/캡 노출 회귀 8시간대 근무 5일 연속 뒤 짧은 근무를 섞어 총 8일 연속 - 버킷값과 전체값이 달라 괄호로 합쳐진다,PASS,,build/full_audit_2026-09-30/flutter.jsonl,로컬 자동검사; 실제 OS/기기 검증 아님
flutter,test/recovery_briefing_overlap_scenarios_test.dart,겹침 시나리오 - 문구 중복/캡 노출 회귀 휴무 첫날 - 어제까지 4시간 근무 10일 연속(근거 버킷 대상 아님)을 마친 직후에도 사실이 뜬다,PASS,,build/full_audit_2026-09-30/flutter.jsonl,로컬 자동검사; 실제 OS/기기 검증 아님
flutter,test/recovery_briefing_overlap_scenarios_test.dart,겹침 시나리오 - 문구 중복/캡 노출 회귀 쉬는 날이 없는(patternHasNoRestDay) 패턴 - 안전 상한 문구로 대체되고 180이 새지 않는다,PASS,,build/full_audit_2026-09-30/flutter.jsonl,로컬 자동검사; 실제 OS/기기 검증 아님
flutter,test/recovery_briefing_overlap_scenarios_test.dart,겹침 시나리오 - 문구 중복/캡 노출 회귀 퇴근 직후(recovering) + 야간연속 + 연속근무일수과다 + 수면기록없음 - 여러 topic이 겹쳐도 중복 없이 뜬다,PASS,,build/full_audit_2026-09-30/flutter.jsonl,로컬 자동검사; 실제 OS/기기 검증 아님
flutter,test/recovery_briefing_overlap_scenarios_test.dart,겹침 시나리오 - 문구 중복/캡 노출 회귀 표준 12시간 패턴의 평범한 하루 - 과부하 신호가 안 뜨는 정상 케이스(회귀 방지),PASS,,build/full_audit_2026-09-30/flutter.jsonl,로컬 자동검사; 실제 OS/기기 검증 아님
flutter,test/recovery_briefing_overlap_scenarios_test.dart,겹침 시나리오 - 문구 중복/캡 노출 회귀 근무시간대가 달라도 총량이 비슷하면 브리핑 레벨도 비슷하다(12시간×3일/7 vs 8시간×5일/7),PASS,,build/full_audit_2026-09-30/flutter.jsonl,로컬 자동검사; 실제 OS/기기 검증 아님
flutter,test/recovery_briefing_overlap_scenarios_test.dart,겹침 시나리오 - 문구 중복/캡 노출 회귀 역방향 교대 전환 + 짧은 회복시간 겹침 - 두 topic이 각자 하나씩만 뜬다,PASS,,build/full_audit_2026-09-30/flutter.jsonl,로컬 자동검사; 실제 OS/기기 검증 아님
flutter,test/release_audit/g0/db_migration_dart_test.dart,"MIG-ALL + REOPEN: v1~v23 fixture를 v25로 올리면 기대 데이터·기준 구조와 같고, 다시 열어도 변화 0",PASS,,build/full_audit_2026-09-30/flutter.jsonl,로컬 자동검사; 실제 OS/기기 검증 아님
flutter,test/release_audit/g0/db_migration_dart_test.dart,"실제 v24 구조에서 v25 업그레이드: 기존 알람·영구 이력 보존, 실패 시 전체 롤백",PASS,,build/full_audit_2026-09-30/flutter.jsonl,로컬 자동검사; 실제 OS/기기 검증 아님
flutter,test/release_audit/g0/db_migration_dart_test.dart,"음성 대조: fixture가 23개이고, 비교기가 틀린 기대값·다른 구조를 실제로 잡아냄",PASS,,build/full_audit_2026-09-30/flutter.jsonl,로컬 자동검사; 실제 OS/기기 검증 아님
flutter,test/release_audit/g0/db_migration_dart_test.dart,"ROLLBACK: v12→v25 중 v20에서 SQL 실패 → 스키마·데이터·user_version 전부 시작 상태, 원인 제거 후 성공",PASS,,build/full_audit_2026-09-30/flutter.jsonl,로컬 자동검사; 실제 OS/기기 검증 아님
flutter,test/release_audit/g0/db_migration_dart_test.dart,FRIEND-ROLLBACK: v16에서 v17 DROP·CREATE 직후 실패 → 옛 friends 스키마와 701 행 복원,PASS,,build/full_audit_2026-09-30/flutter.jsonl,로컬 자동검사; 실제 OS/기기 검증 아님
flutter,test/release_audit/g0/db_migration_dart_test.dart,MISSING-COLUMN: 버전만 24로 선행하고 컬럼·인덱스·테이블이 빠진 DB를 repair가 채우고 데이터 보존,PASS,,build/full_audit_2026-09-30/flutter.jsonl,로컬 자동검사; 실제 OS/기기 검증 아님
flutter,test/release_audit/g0/db_migration_dart_test.dart,"ALTER-FAIL(repair): 누락 컬럼 ALTER가 실패하면 예외 전파, 같은 트랜잭션의 다른 복구도 롤백",PASS,,build/full_audit_2026-09-30/flutter.jsonl,로컬 자동검사; 실제 OS/기기 검증 아님
flutter,test/release_audit/g0/db_migration_dart_test.dart,ALTER-FAIL(migration): 없는 테이블에 대한 ALTER는 건너뛰지 않고 실패,PASS,,build/full_audit_2026-09-30/flutter.jsonl,로컬 자동검사; 실제 OS/기기 검증 아님
flutter,test/release_audit/g0/db_migration_dart_test.dart,"FUTURE-VERSION: user_version 26 DB는 다운그레이드 거부, 버전·데이터 무변경",PASS,,build/full_audit_2026-09-30/flutter.jsonl,로컬 자동검사; 실제 OS/기기 검증 아님
flutter,test/release_audit/g0/db_migration_dart_test.dart,REPAIR-REJECT (현재 동작 기록): v17 전환 없이 24로 찍힌 옛 friends DB,PASS,,build/full_audit_2026-09-30/flutter.jsonl,로컬 자동검사; 실제 OS/기기 검증 아님
flutter,test/release_audit/g0/db_migration_dart_test.dart,"파싱 규칙 케이스 (runner_rule_cases.json, Kotlin과 공유) 원본 그대로 → accept",PASS,,build/full_audit_2026-09-30/flutter.jsonl,로컬 자동검사; 실제 OS/기기 검증 아님
flutter,test/release_audit/g0/db_migration_dart_test.dart,"파싱 규칙 케이스 (runner_rule_cases.json, Kotlin과 공유) repair DROP 거부 → reject",PASS,,build/full_audit_2026-09-30/flutter.jsonl,로컬 자동검사; 실제 OS/기기 검증 아님
flutter,test/release_audit/g0/db_migration_dart_test.dart,"파싱 규칙 케이스 (runner_rule_cases.json, Kotlin과 공유) repair UPDATE 거부 → reject",PASS,,build/full_audit_2026-09-30/flutter.jsonl,로컬 자동검사; 실제 OS/기기 검증 아님
flutter,test/release_audit/g0/db_migration_dart_test.dart,"파싱 규칙 케이스 (runner_rule_cases.json, Kotlin과 공유) repair DELETE 거부 → reject",PASS,,build/full_audit_2026-09-30/flutter.jsonl,로컬 자동검사; 실제 OS/기기 검증 아님
flutter,test/release_audit/g0/db_migration_dart_test.dart,"파싱 규칙 케이스 (runner_rule_cases.json, Kotlin과 공유) repair RENAME 거부 → reject",PASS,,build/full_audit_2026-09-30/flutter.jsonl,로컬 자동검사; 실제 OS/기기 검증 아님
flutter,test/release_audit/g0/db_migration_dart_test.dart,"파싱 규칙 케이스 (runner_rule_cases.json, Kotlin과 공유) repair INSERT 거부 → reject",PASS,,build/full_audit_2026-09-30/flutter.jsonl,로컬 자동검사; 실제 OS/기기 검증 아님
flutter,test/release_audit/g0/db_migration_dart_test.dart,"파싱 규칙 케이스 (runner_rule_cases.json, Kotlin과 공유) repair DROP COLUMN 거부 → reject",PASS,,build/full_audit_2026-09-30/flutter.jsonl,로컬 자동검사; 실제 OS/기기 검증 아님
flutter,test/release_audit/g0/db_migration_dart_test.dart,"파싱 규칙 케이스 (runner_rule_cases.json, Kotlin과 공유) repair 세미콜론으로 두 문장 거부 → reject",PASS,,build/full_audit_2026-09-30/flutter.jsonl,로컬 자동검사; 실제 OS/기기 검증 아님
flutter,test/release_audit/g0/db_migration_dart_test.dart,"파싱 규칙 케이스 (runner_rule_cases.json, Kotlin과 공유) repair IF NOT EXISTS 없는 CREATE TABLE 거부 → reject",PASS,,build/full_audit_2026-09-30/flutter.jsonl,로컬 자동검사; 실제 OS/기기 검증 아님
flutter,test/release_audit/g0/db_migration_dart_test.dart,"파싱 규칙 케이스 (runner_rule_cases.json, Kotlin과 공유) repair CREATE TABLE이 ALTER/INDEX 뒤에 오면 거부 → reject",PASS,,build/full_audit_2026-09-30/flutter.jsonl,로컬 자동검사; 실제 OS/기기 검증 아님
flutter,test/release_audit/g0/db_migration_dart_test.dart,"파싱 규칙 케이스 (runner_rule_cases.json, Kotlin과 공유) repair ALTER 대상 테이블의 CREATE가 없으면 거부 → reject",PASS,,build/full_audit_2026-09-30/flutter.jsonl,로컬 자동검사; 실제 OS/기기 검증 아님
flutter,test/release_audit/g0/db_migration_dart_test.dart,"파싱 규칙 케이스 (runner_rule_cases.json, Kotlin과 공유) repair INDEX 대상 테이블의 CREATE가 없으면 거부 → reject",PASS,,build/full_audit_2026-09-30/flutter.jsonl,로컬 자동검사; 실제 OS/기기 검증 아님
flutter,test/release_audit/g0/db_migration_dart_test.dart,"파싱 규칙 케이스 (runner_rule_cases.json, Kotlin과 공유) repair 인덱스 추가 허용 → accept",PASS,,build/full_audit_2026-09-30/flutter.jsonl,로컬 자동검사; 실제 OS/기기 검증 아님
flutter,test/release_audit/g0/db_migration_dart_test.dart,"파싱 규칙 케이스 (runner_rule_cases.json, Kotlin과 공유) repair UNIQUE 인덱스 추가 허용 → accept",PASS,,build/full_audit_2026-09-30/flutter.jsonl,로컬 자동검사; 실제 OS/기기 검증 아님
flutter,test/release_audit/g0/db_migration_dart_test.dart,"파싱 규칙 케이스 (runner_rule_cases.json, Kotlin과 공유) repair 소문자 허용 형태 허용 → accept",PASS,,build/full_audit_2026-09-30/flutter.jsonl,로컬 자동검사; 실제 OS/기기 검증 아님
flutter,test/release_audit/g0/db_migration_dart_test.dart,"파싱 규칙 케이스 (runner_rule_cases.json, Kotlin과 공유) migrations 중간 버전 누락 거부 → reject",PASS,,build/full_audit_2026-09-30/flutter.jsonl,로컬 자동검사; 실제 OS/기기 검증 아님
flutter,test/release_audit/g0/db_migration_dart_test.dart,"파싱 규칙 케이스 (runner_rule_cases.json, Kotlin과 공유) migrations 버전 중복 거부 → reject",PASS,,build/full_audit_2026-09-30/flutter.jsonl,로컬 자동검사; 실제 OS/기기 검증 아님
flutter,test/release_audit/g0/db_migration_dart_test.dart,"파싱 규칙 케이스 (runner_rule_cases.json, Kotlin과 공유) migrations 한 항목 두 문장 거부 → reject",PASS,,build/full_audit_2026-09-30/flutter.jsonl,로컬 자동검사; 실제 OS/기기 검증 아님
flutter,test/release_audit/g0/db_migration_dart_test.dart,"파싱 규칙 케이스 (runner_rule_cases.json, Kotlin과 공유) targetVersion보다 migrations가 모자라면 거부 → reject",PASS,,build/full_audit_2026-09-30/flutter.jsonl,로컬 자동검사; 실제 OS/기기 검증 아님
flutter,test/release_audit/g0/db_migration_dart_test.dart,"파싱 규칙 케이스 (runner_rule_cases.json, Kotlin과 공유) format 2 거부 → reject",PASS,,build/full_audit_2026-09-30/flutter.jsonl,로컬 자동검사; 실제 OS/기기 검증 아님
flutter,test/release_audit/g0/db_reference_schema_test.dart,"신규 설치 v25 구조 = 기준 스냅샷, 프리셋 3종, alarm_overrides 제약",PASS,,build/full_audit_2026-09-30/flutter.jsonl,로컬 자동검사; 실제 OS/기기 검증 아님
flutter,test/release_audit/g0/db_service_upgrade_v12_test.dart,DatabaseService가 v12 fixture를 v24로 올림 - 기대 데이터·기준 구조 일치,PASS,,build/full_audit_2026-09-30/flutter.jsonl,로컬 자동검사; 실제 OS/기기 검증 아님
flutter,test/release_audit/g0/db_service_upgrade_v18_test.dart,DatabaseService가 v18 fixture를 v24로 올림 - 기대 데이터·기준 구조 일치,PASS,,build/full_audit_2026-09-30/flutter.jsonl,로컬 자동검사; 실제 OS/기기 검증 아님
flutter,test/release_audit/g0/r0_db_init_test.dart,"Android에서 DB 경로 조회 실패 → 예외 전파, 일반 경로 DB 미생성, 새는 오류 없음, 다음 호출은 새로 시도",PASS,,build/full_audit_2026-09-30/flutter.jsonl,로컬 자동검사; 실제 OS/기기 검증 아님
flutter,test/release_audit/g0/r0_preset_repair_test.dart,"프리셋 2·3이 빠진 v23 DB → 업그레이드 후 2·3만 채움, 프리셋 1 사용자 값·사용자 타입 41 보존",PASS,,build/full_audit_2026-09-30/flutter.jsonl,로컬 자동검사; 실제 OS/기기 검증 아님
flutter,test/release_audit/g0/r0_repro/r0_01_device_protected_path_test.dart,R0-01: DP 경로 조회 실패가 일반 DB 성공으로 바뀌지 않는다,PASS,,build/full_audit_2026-09-30/flutter.jsonl,로컬 자동검사; 실제 OS/기기 검증 아님
flutter,test/release_audit/g0/r0_repro/r0_02_startup_timeout_test.dart,R0-02: 필수 초기화 무한 대기를 재시도할 수 있다,PASS,,build/full_audit_2026-09-30/flutter.jsonl,로컬 자동검사; 실제 OS/기기 검증 아님
flutter,test/release_audit/g0/r0_repro/r0_03_preset_repair_test.dart,R0-03: 두 번째 프리셋 insert 실패 뒤 재시도가 전체 프리셋을 완성한다,PASS,,build/full_audit_2026-09-30/flutter.jsonl,로컬 자동검사; 실제 OS/기기 검증 아님
flutter,test/release_audit/g0/r0_repro/r0_04_database_init_error_test.dart,R0-04: 단독 첫 초기화 실패가 미처리 Completer 오류를 추가로 만들지 않는다,PASS,,build/full_audit_2026-09-30/flutter.jsonl,로컬 자동검사; 실제 OS/기기 검증 아님
flutter,test/release_audit/g0/startup_gate_test.dart,성공하면 builder 결과를 그림,PASS,,build/full_audit_2026-09-30/flutter.jsonl,로컬 자동검사; 실제 OS/기기 검증 아님
flutter,test/release_audit/g0/startup_gate_test.dart,"필수 초기화 실패 → 실패 화면(재시도 버튼), 재시도 성공 → 앱",PASS,,build/full_audit_2026-09-30/flutter.jsonl,로컬 자동검사; 실제 OS/기기 검증 아님
flutter,test/release_audit/g0/startup_gate_test.dart,"지연되면 준비 중 표시, 그동안 재시도 버튼 없음·중복 실행 없음, 끝나면 앱",PASS,,build/full_audit_2026-09-30/flutter.jsonl,로컬 자동검사; 실제 OS/기기 검증 아님
flutter,test/release_audit/g0/startup_gate_test.dart,"R0-02: 끝나지 않는 초기화 → stallThreshold 뒤 다시 시도 버튼, 새 시도 성공 시 앱, 늦게 끝난 옛 시도는 무시",PASS,,build/full_audit_2026-09-30/flutter.jsonl,로컬 자동검사; 실제 OS/기기 검증 아님
flutter,test/release_audit/g0/startup_gate_test.dart,실패가 여러 번 이어져도 다시 시도할 때마다 한 번씩만 실행,PASS,,build/full_audit_2026-09-30/flutter.jsonl,로컬 자동검사; 실제 OS/기기 검증 아님
flutter,test/release_audit/g0/startup_gate_test.dart,오류 원문은 errorDetail이 있을 때만 표시 (릴리스에서는 StartupGate가 null을 넘김),PASS,,build/full_audit_2026-09-30/flutter.jsonl,로컬 자동검사; 실제 OS/기기 검증 아님
flutter,test/release_audit/g1/g1_alarm_regeneration_diff_test.dart,T11-05 동일 입력 재생성은 두 번 모두 DB와 OS diff가 0이고 ID를 보존한다,PASS,,build/full_audit_2026-09-30/flutter.jsonl,로컬 자동검사; 실제 OS/기기 검증 아님
flutter,test/release_audit/g1/g1_alarm_regeneration_diff_test.dart,먼저 저장한 원터치 시각에는 고정 알람을 생성하지 않는다,PASS,,build/full_audit_2026-09-30/flutter.jsonl,로컬 자동검사; 실제 OS/기기 검증 아님
flutter,test/release_audit/g1/g1_generation_fixture_test.dart,fixture 창 크기가 제품 상수와 같다,PASS,,build/full_audit_2026-09-30/flutter.jsonl,로컬 자동검사; 실제 OS/기기 검증 아님
flutter,test/release_audit/g1/g1_generation_fixture_test.dart,#26 #31 생성 계산 fixture REGULAR_COLLISION_WINDOW_AND_PAST,PASS,,build/full_audit_2026-09-30/flutter.jsonl,로컬 자동검사; 실제 OS/기기 검증 아님
flutter,test/release_audit/g1/g1_generation_fixture_test.dart,#26 #31 생성 계산 fixture IRREGULAR_OUTSIDE_ASSIGNMENT_CONTRIBUTION,PASS,,build/full_audit_2026-09-30/flutter.jsonl,로컬 자동검사; 실제 OS/기기 검증 아님
flutter,test/release_audit/g1/g1_generation_fixture_test.dart,#26 #31 생성 계산 fixture EMPTY_TEMPLATES_CLEAN_FIXED,PASS,,build/full_audit_2026-09-30/flutter.jsonl,로컬 자동검사; 실제 OS/기기 검증 아님
flutter,test/release_audit/g1/g1_generation_fixture_test.dart,#26 #31 생성 계산 fixture OVERRIDE_SKIP_AND_SET_TYPE,PASS,,build/full_audit_2026-09-30/flutter.jsonl,로컬 자동검사; 실제 OS/기기 검증 아님
flutter,test/release_audit/g1/g1_generation_fixture_test.dart,#26 #31 생성 계산 fixture EXACT_NOW_AND_OUTSIDE_ORIGIN,PASS,,build/full_audit_2026-09-30/flutter.jsonl,로컬 자동검사; 실제 OS/기기 검증 아님
flutter,test/release_audit/g1/g1_generation_fixture_test.dart,#26 #31 생성 계산 fixture IDEMPOTENT_EXACT_EXISTING,PASS,,build/full_audit_2026-09-30/flutter.jsonl,로컬 자동검사; 실제 OS/기기 검증 아님
flutter,test/release_audit/g1/g1_generation_fixture_test.dart,#26 #31 생성 계산 fixture OFFSET_ORIGIN_TRANSITION_SAME_VISIBLE_KEY,PASS,,build/full_audit_2026-09-30/flutter.jsonl,로컬 자동검사; 실제 OS/기기 검증 아님
flutter,test/release_audit/g1/g1_generation_fixture_test.dart,#26 #31 생성 계산 fixture DART_REGEN_IDEMPOTENT_EXISTING_ROW,PASS,,build/full_audit_2026-09-30/flutter.jsonl,로컬 자동검사; 실제 OS/기기 검증 아님
flutter,test/release_audit/g1/g1_override_state_test.dart,#31 사용자 변경 기록 미래 템플릿 알람을 지우면 같은 트랜잭션에서 skip 예외가 남는다(전날 알람의 배정일은 다음날),PASS,,build/full_audit_2026-09-30/flutter.jsonl,로컬 자동검사; 실제 OS/기기 검증 아님
flutter,test/release_audit/g1/g1_override_state_test.dart,#31 사용자 변경 기록 custom 알람·이미 지난 알람을 지우면 예외를 남기지 않는다,PASS,,build/full_audit_2026-09-30/flutter.jsonl,로컬 자동검사; 실제 OS/기기 검증 아님
flutter,test/release_audit/g1/g1_override_state_test.dart,#31 사용자 변경 기록 타입 변경은 set_type 예외로 남고 같은 슬롯을 다시 바꾸면 교체된다,PASS,,build/full_audit_2026-09-30/flutter.jsonl,로컬 자동검사; 실제 OS/기기 검증 아님
flutter,test/release_audit/g1/g1_override_state_test.dart,D12 원본 변경 시 예외 정리 D12_ASSIGNMENT_CHANGE - 근무가 바뀐 배정일에서 나온 예외만 삭제,PASS,,build/full_audit_2026-09-30/flutter.jsonl,로컬 자동검사; 실제 OS/기기 검증 아님
flutter,test/release_audit/g1/g1_override_state_test.dart,D12 원본 변경 시 예외 정리 D12_ASSIGNMENT_ABA - 되돌려도 삭제된 예외가 부활하지 않는다,PASS,,build/full_audit_2026-09-30/flutter.jsonl,로컬 자동검사; 실제 OS/기기 검증 아님
flutter,test/release_audit/g1/g1_override_state_test.dart,D12 원본 변경 시 예외 정리 근무가 안 바뀐 근무표 저장(색상 등)은 예외를 지우지 않는다,PASS,,build/full_audit_2026-09-30/flutter.jsonl,로컬 자동검사; 실제 OS/기기 검증 아님
flutter,test/release_audit/g1/g1_override_state_test.dart,D12 원본 변경 시 예외 정리 D12_TEMPLATE_CHANGE - 템플릿이 바뀐 근무의 미래 예외만 삭제(과거·다른 근무 보존),PASS,,build/full_audit_2026-09-30/flutter.jsonl,로컬 자동검사; 실제 OS/기기 검증 아님
flutter,test/fold_layout_screens_test.dart,calendar_minimal: scale 1.0 fold windows and phone regression,PASS,,build/full_audit_2026-09-30/flutter.jsonl,로컬 자동검사; 실제 OS/기기 검증 아님
flutter,test/release_audit/g1/g1_override_state_test.dart,D12 원본 변경 시 예외 정리 D12_TEMPLATE_ABA - 템플릿을 원래대로 되돌려도 예외가 부활하지 않는다,PASS,,build/full_audit_2026-09-30/flutter.jsonl,로컬 자동검사; 실제 OS/기기 검증 아님
flutter,test/release_audit/g1/g1_override_state_test.dart,D12 원본 변경 시 예외 정리 템플릿 저장이 중간에 실패하면 예외 삭제도 함께 롤백된다(원자성),PASS,,build/full_audit_2026-09-30/flutter.jsonl,로컬 자동검사; 실제 OS/기기 검증 아님
flutter,test/release_audit/g1/g1_override_state_test.dart,D12 원본 변경 시 예외 정리 D12_SHIFT_RENAME - 근무명 변경은 예외의 shift_type·origin_shift를 같은 트랜잭션에서 바꾼다,PASS,,build/full_audit_2026-09-30/flutter.jsonl,로컬 자동검사; 실제 OS/기기 검증 아님
flutter,test/release_audit/g1/g1_override_state_test.dart,changedTemplateShifts - 시각·타입·오프셋 중 하나라도 바뀐 근무만,PASS,,build/full_audit_2026-09-30/flutter.jsonl,로컬 자동검사; 실제 OS/기기 검증 아님
flutter,test/release_audit/g1/g1_revision_test.dart,근무표 저장·수정 성공 뒤 shiftSchedule·workHoursSettings 통지,PASS,,build/full_audit_2026-09-30/flutter.jsonl,로컬 자동검사; 실제 OS/기기 검증 아님
flutter,test/release_audit/g1/g1_revision_test.dart,근무표 수정이 DB에서 실패하면 통지하지 않는다,PASS,,build/full_audit_2026-09-30/flutter.jsonl,로컬 자동검사; 실제 OS/기기 검증 아님
flutter,test/release_audit/g1/g1_revision_test.dart,근로시간 설정 저장 성공 뒤 workHoursSettings 통지,PASS,,build/full_audit_2026-09-30/flutter.jsonl,로컬 자동검사; 실제 OS/기기 검증 아님
flutter,test/release_audit/g1/g1_revision_test.dart,OT 증감 성공 뒤 overtime 통지,PASS,,build/full_audit_2026-09-30/flutter.jsonl,로컬 자동검사; 실제 OS/기기 검증 아님
flutter,test/release_audit/g1/g1_revision_test.dart,출퇴근 시각 저장·삭제 뒤 shiftTimes 통지,PASS,,build/full_audit_2026-09-30/flutter.jsonl,로컬 자동검사; 실제 OS/기기 검증 아님
flutter,test/release_audit/g1/g1_revision_test.dart,T11-08 출퇴근 한 트랜잭션은 shiftTimes와 workHoursSettings만 각각 1회 통지,PASS,,build/full_audit_2026-09-30/flutter.jsonl,로컬 자동검사; 실제 OS/기기 검증 아님
flutter,test/release_audit/g1/g1_schedule_failure_test.dart,#13 AlarmScheduleOutcome 시도 0개는 실패 아님,PASS,,build/full_audit_2026-09-30/flutter.jsonl,로컬 자동검사; 실제 OS/기기 검증 아님
flutter,test/release_audit/g1/g1_schedule_failure_test.dart,#13 AlarmScheduleOutcome 전부 실패,PASS,,build/full_audit_2026-09-30/flutter.jsonl,로컬 자동검사; 실제 OS/기기 검증 아님
flutter,test/release_audit/g1/g1_schedule_failure_test.dart,#13 AlarmScheduleOutcome 일부 실패,PASS,,build/full_audit_2026-09-30/flutter.jsonl,로컬 자동검사; 실제 OS/기기 검증 아님
flutter,test/release_audit/g1/g1_schedule_failure_test.dart,#13 AlarmScheduleOutcome 실패 없음,PASS,,build/full_audit_2026-09-30/flutter.jsonl,로컬 자동검사; 실제 OS/기기 검증 아님
flutter,test/release_audit/g1/g1_schedule_failure_test.dart,#13 ScheduleNotificationService.syncForSchedule Native가 true면 true,PASS,,build/full_audit_2026-09-30/flutter.jsonl,로컬 자동검사; 실제 OS/기기 검증 아님
flutter,test/release_audit/g1/g1_schedule_failure_test.dart,#13 ScheduleNotificationService.syncForSchedule Native가 false(예약 거부)면 false,PASS,,build/full_audit_2026-09-30/flutter.jsonl,로컬 자동검사; 실제 OS/기기 검증 아님
flutter,test/release_audit/g1/g1_schedule_failure_test.dart,#13 ScheduleNotificationService.syncForSchedule 채널 오류면 false,PASS,,build/full_audit_2026-09-30/flutter.jsonl,로컬 자동검사; 실제 OS/기기 검증 아님
flutter,test/release_audit/g1/g1_schedule_failure_test.dart,#13 ScheduleNotificationService.syncForSchedule Native 결과가 bool이 아니면(null) 성공으로 보지 않음,PASS,,build/full_audit_2026-09-30/flutter.jsonl,로컬 자동검사; 실제 OS/기기 검증 아님
flutter,test/release_audit/g1/g1_schedule_failure_test.dart,#13 ScheduleNotificationService.syncForSchedule 알림이 꺼져 있으면 예약 없이 true,PASS,,build/full_audit_2026-09-30/flutter.jsonl,로컬 자동검사; 실제 OS/기기 검증 아님
flutter,test/release_audit/g1/g1_schedule_failure_test.dart,#13 ScheduleNotificationService.syncForSchedule 이미 지난 시각이면 예약 없이 true,PASS,,build/full_audit_2026-09-30/flutter.jsonl,로컬 자동검사; 실제 OS/기기 검증 아님
flutter,test/release_audit/g1/g1_schedule_failure_test.dart,#13 ScheduleNotificationService.syncForSchedule 날짜 형식 오류면 false,PASS,,build/full_audit_2026-09-30/flutter.jsonl,로컬 자동검사; 실제 OS/기기 검증 아님
flutter,test/release_audit/g1/g1_schedule_failure_test.dart,#13 PermissionService.checkExactAlarmPermissionState true → granted,PASS,,build/full_audit_2026-09-30/flutter.jsonl,로컬 자동검사; 실제 OS/기기 검증 아님
flutter,test/release_audit/g1/g1_schedule_failure_test.dart,#13 PermissionService.checkExactAlarmPermissionState false → denied,PASS,,build/full_audit_2026-09-30/flutter.jsonl,로컬 자동검사; 실제 OS/기기 검증 아님
flutter,test/release_audit/g1/g1_schedule_failure_test.dart,#13 PermissionService.checkExactAlarmPermissionState 채널 오류 → unknown (허용으로 보지 않음),PASS,,build/full_audit_2026-09-30/flutter.jsonl,로컬 자동검사; 실제 OS/기기 검증 아님
flutter,test/release_audit/g1/g1_schedule_failure_test.dart,#13 PermissionService.checkExactAlarmPermissionState 형식 이상(null) → unknown,PASS,,build/full_audit_2026-09-30/flutter.jsonl,로컬 자동검사; 실제 OS/기기 검증 아님
flutter,test/release_audit/g1/g1_schedule_failure_test.dart,#13 PermissionService.checkExactAlarmPermissionState T11-01 채널 오류 unknown은 권한 허용으로 축약하지 않는다,PASS,,build/full_audit_2026-09-30/flutter.jsonl,로컬 자동검사; 실제 OS/기기 검증 아님
flutter,test/release_audit/g1/g1_schedule_failure_test.dart,#13 PermissionService.checkExactAlarmPermissionState T11-01 형식 이상 unknown도 권한 허용으로 축약하지 않는다,PASS,,build/full_audit_2026-09-30/flutter.jsonl,로컬 자동검사; 실제 OS/기기 검증 아님
flutter,test/release_audit/g1/g1_schedule_tab_sync_test.dart,저장된 일정관리 탭 설정(false)을 Native로 보낸다,PASS,,build/full_audit_2026-09-30/flutter.jsonl,로컬 자동검사; 실제 OS/기기 검증 아님
flutter,test/release_audit/g1/g1_schedule_tab_sync_test.dart,설정이 없으면 기본값 true를 보낸다,PASS,,build/full_audit_2026-09-30/flutter.jsonl,로컬 자동검사; 실제 OS/기기 검증 아님
flutter,test/release_audit/g1/g1_schedule_tab_sync_test.dart,컨디션 탭 설정은 Native로 보내지 않는다,PASS,,build/full_audit_2026-09-30/flutter.jsonl,로컬 자동검사; 실제 OS/기기 검증 아님
flutter,test/release_audit/g1/g1_schedule_tab_sync_test.dart,T11-07 Native 동기화 실패 시 일정 탭 로컬 상태와 prefs를 바꾸지 않는다,PASS,,build/full_audit_2026-09-30/flutter.jsonl,로컬 자동검사; 실제 OS/기기 검증 아님
flutter,test/release_audit/g1/g1_schedule_tab_sync_test.dart,C-03 탭 전환 StateError를 SnackBar로 안내하고 후속 동작을 막는다,PASS,,build/full_audit_2026-09-30/flutter.jsonl,로컬 자동검사; 실제 OS/기기 검증 아님
flutter,test/release_audit/g1/g1_shift_name_test.dart,#11 validateShiftName 정상 이름,PASS,,build/full_audit_2026-09-30/flutter.jsonl,로컬 자동검사; 실제 OS/기기 검증 아님
flutter,test/release_audit/g1/g1_shift_name_test.dart,#11 validateShiftName 빈 이름,PASS,,build/full_audit_2026-09-30/flutter.jsonl,로컬 자동검사; 실제 OS/기기 검증 아님
flutter,test/release_audit/g1/g1_shift_name_test.dart,#11 validateShiftName 길이 초과,PASS,,build/full_audit_2026-09-30/flutter.jsonl,로컬 자동검사; 실제 OS/기기 검증 아님
flutter,test/release_audit/g1/g1_shift_name_test.dart,#11 validateShiftName 쉼표,PASS,,build/full_audit_2026-09-30/flutter.jsonl,로컬 자동검사; 실제 OS/기기 검증 아님
flutter,test/release_audit/g1/g1_shift_name_test.dart,#11 validateShiftName 예약어 미설정,PASS,,build/full_audit_2026-09-30/flutter.jsonl,로컬 자동검사; 실제 OS/기기 검증 아님
flutter,test/release_audit/g1/g1_shift_name_test.dart,#11 validateShiftName 예약어 없음,PASS,,build/full_audit_2026-09-30/flutter.jsonl,로컬 자동검사; 실제 OS/기기 검증 아님
flutter,test/release_audit/g1/g1_shift_name_test.dart,#11 validateShiftName 중복,PASS,,build/full_audit_2026-09-30/flutter.jsonl,로컬 자동검사; 실제 OS/기기 검증 아님
flutter,test/release_audit/g1/g1_shift_name_test.dart,#11 D6 invalidStoredShiftNames 정상 근무표는 비어 있음,PASS,,build/full_audit_2026-09-30/flutter.jsonl,로컬 자동검사; 실제 OS/기기 검증 아님
flutter,test/release_audit/g1/g1_shift_name_test.dart,#11 D6 invalidStoredShiftNames 예약어·중복·쉼표로 쪼개진 흔적을 찾되 데이터는 바꾸지 않음,PASS,,build/full_audit_2026-09-30/flutter.jsonl,로컬 자동검사; 실제 OS/기기 검증 아님
flutter,test/release_audit/g1/g1_shift_name_test.dart,#12 renameShiftAtomic A↔B 맞바꾸기 - 모든 참조가 서로 섞이지 않고 이름만 바뀐다,PASS,,build/full_audit_2026-09-30/flutter.jsonl,로컬 자동검사; 실제 OS/기기 검증 아님
flutter,test/release_audit/g1/g1_shift_name_test.dart,#12 renameShiftAtomic A→B→C→A 순환,PASS,,build/full_audit_2026-09-30/flutter.jsonl,로컬 자동검사; 실제 OS/기기 검증 아님
flutter,test/release_audit/g1/g1_shift_name_test.dart,#12 renameShiftAtomic 변경 후 두 근무가 같은 이름이 되면 거부하고 아무것도 바꾸지 않는다,PASS,,build/full_audit_2026-09-30/flutter.jsonl,로컬 자동검사; 실제 OS/기기 검증 아님
flutter,test/release_audit/g1/g1_shift_name_test.dart,#12 renameShiftAtomic 새 이름에 쉼표·예약어가 있으면 거부한다,PASS,,build/full_audit_2026-09-30/flutter.jsonl,로컬 자동검사; 실제 OS/기기 검증 아님
flutter,test/release_audit/g1/g1_shift_name_test.dart,#12 renameShiftAtomic 트랜잭션 마지막 단계(근무표 행)에서 실패하면 앞선 참조 변경까지 모두 롤백된다,PASS,,build/full_audit_2026-09-30/flutter.jsonl,로컬 자동검사; 실제 OS/기기 검증 아님
flutter,test/release_audit/g1/g1_shift_name_test.dart,#28 saveShiftTimeRange 두 근무를 연달아 저장해도 DB 최신 맵의 해당 키만 바뀐다(옛 스냅샷 덮어쓰기 없음),PASS,,build/full_audit_2026-09-30/flutter.jsonl,로컬 자동검사; 실제 OS/기기 검증 아님
flutter,test/release_audit/g1/g1_shift_name_test.dart,#28 saveShiftTimeRange 되돌리기는 시각을 지우고 근로시간을 0(설정 안 함)으로 - 다른 근무는 그대로,PASS,,build/full_audit_2026-09-30/flutter.jsonl,로컬 자동검사; 실제 OS/기기 검증 아님
flutter,test/release_audit/g1/g1_shift_name_test.dart,#28 saveShiftTimeRange 근로시간 저장이 실패하면 출퇴근 시각 저장도 함께 롤백된다,PASS,,build/full_audit_2026-09-30/flutter.jsonl,로컬 자동검사; 실제 OS/기기 검증 아님
flutter,test/release_audit/g1/g1_shift_name_test.dart,#28 saveShiftTimeRange 근무표가 없으면 아무것도 저장하지 않는다,PASS,,build/full_audit_2026-09-30/flutter.jsonl,로컬 자동검사; 실제 OS/기기 검증 아님
flutter,test/release_audit/g2/friend_provider_cache_test.dart,F-P01 확인 불가(unavailable) 새로고침은 친구·캐시를 지우지 않고 unconfirmed로 표시 (#21),PASS,,build/full_audit_2026-09-30/flutter.jsonl,로컬 자동검사; 실제 OS/기기 검증 아님
flutter,test/release_audit/g2/friend_provider_cache_test.dart,F-P02 refreshAll은 친구 수와 무관하게 마지막에 load 1회 (#30),PASS,,build/full_audit_2026-09-30/flutter.jsonl,로컬 자동검사; 실제 OS/기기 검증 아님
flutter,test/release_audit/g2/friend_provider_cache_test.dart,F-P03 2분 스로틀: 비강제 재호출은 건너뛰고 force는 다시 실행 (#30),PASS,,build/full_audit_2026-09-30/flutter.jsonl,로컬 자동검사; 실제 OS/기기 검증 아님
flutter,test/release_audit/g2/friend_provider_cache_test.dart,F-P04 생성 직후 자동 새로고침도 초기 SQLite load를 기다린 뒤 전체 친구를 처리,PASS,,build/full_audit_2026-09-30/flutter.jsonl,로컬 자동검사; 실제 OS/기기 검증 아님
flutter,test/release_audit/g2/friend_provider_cache_test.dart,F-P05 깨졌거나 경계 밖 캐시는 data null로 표시하고 목록은 유지,PASS,,build/full_audit_2026-09-30/flutter.jsonl,로컬 자동검사; 실제 OS/기기 검증 아님
flutter,test/release_audit/g2/friend_provider_cache_test.dart,"F-P06 친구 추가: 잘못된 코드·중복 거부, 확인 불가면 등록 후 unconfirmed",PASS,,build/full_audit_2026-09-30/flutter.jsonl,로컬 자동검사; 실제 OS/기기 검증 아님
flutter,test/release_audit/g2/friend_schedule_data_test.dart,"F-D01 정상 규칙적 payload 파싱, 이름 trim",PASS,,build/full_audit_2026-09-30/flutter.jsonl,로컬 자동검사; 실제 OS/기기 검증 아님
flutter,test/release_audit/g2/friend_schedule_data_test.dart,F-D02 불규칙은 pattern/todayIndex/startDate 없어도 허용,PASS,,build/full_audit_2026-09-30/flutter.jsonl,로컬 자동검사; 실제 OS/기기 검증 아님
flutter,test/release_audit/g2/friend_schedule_data_test.dart,F-D03 ownerName 자료형·길이(80) 경계,PASS,,build/full_audit_2026-09-30/flutter.jsonl,로컬 자동검사; 실제 OS/기기 검증 아님
flutter,test/release_audit/g2/friend_schedule_data_test.dart,F-D04 자료형 위반 거부,PASS,,build/full_audit_2026-09-30/flutter.jsonl,로컬 자동검사; 실제 OS/기기 검증 아님
flutter,test/release_audit/g2/friend_schedule_data_test.dart,F-D05 pattern 길이(128)·근무명(1..80) 경계,PASS,,build/full_audit_2026-09-30/flutter.jsonl,로컬 자동검사; 실제 OS/기기 검증 아님
flutter,test/release_audit/g2/friend_schedule_data_test.dart,F-D06 규칙적 근무의 todayIndex 범위·startDate 필수,PASS,,build/full_audit_2026-09-30/flutter.jsonl,로컬 자동검사; 실제 OS/기기 검증 아님
flutter,test/release_audit/g2/friend_schedule_data_test.dart,F-D07 shiftColors 개수(5000)·ARGB 범위·키 경계,PASS,,build/full_audit_2026-09-30/flutter.jsonl,로컬 자동검사; 실제 OS/기기 검증 아님
flutter,test/release_audit/g2/friend_schedule_data_test.dart,F-D08 assignedDates 날짜 키 형식·실재 날짜·개수(5000) 경계,PASS,,build/full_audit_2026-09-30/flutter.jsonl,로컬 자동검사; 실제 OS/기기 검증 아님
flutter,test/release_audit/g2/friend_schedule_data_test.dart,"F-D09 fromJson은 FormatException, 캐시 문자열 왕복 보존",PASS,,build/full_audit_2026-09-30/flutter.jsonl,로컬 자동검사; 실제 OS/기기 검증 아님
flutter,test/release_audit/g2/friend_share_codec_test.dart,F-C01 encode/decode 왕복,PASS,,build/full_audit_2026-09-30/flutter.jsonl,로컬 자동검사; 실제 OS/기기 검증 아님
flutter,test/release_audit/g2/friend_share_codec_test.dart,F-C02 앞뒤·접두사 뒤 공백은 허용(붙여넣기 대비),PASS,,build/full_audit_2026-09-30/flutter.jsonl,로컬 자동검사; 실제 OS/기기 검증 아님
flutter,test/release_audit/g2/friend_share_codec_test.dart,F-C03 길이 경계 1..128,PASS,,build/full_audit_2026-09-30/flutter.jsonl,로컬 자동검사; 실제 OS/기기 검증 아님
flutter,test/release_audit/g2/friend_share_codec_test.dart,F-C04 경로·특수 문자·다른 접두사 거부,PASS,,build/full_audit_2026-09-30/flutter.jsonl,로컬 자동검사; 실제 OS/기기 검증 아님
flutter,test/release_audit/g2/friend_share_codec_test.dart,F-C05 잘못된 ownerId는 인코딩 단계에서 FormatException,PASS,,build/full_audit_2026-09-30/flutter.jsonl,로컬 자동검사; 실제 OS/기기 검증 아님
flutter,test/release_audit/g2/friend_sync_state_test.dart,"F-S01 새 설치: off·회차 0·dirty 없음, intent off 영속",PASS,,build/full_audit_2026-09-30/flutter.jsonl,로컬 자동검사; 실제 OS/기기 검증 아님
flutter,test/release_audit/g2/friend_sync_state_test.dart,F-S02 legacy(enabled만 있음) 설치는 active 회차 1·dirty로 올리고 재조회해도 유지,PASS,,build/full_audit_2026-09-30/flutter.jsonl,로컬 자동검사; 실제 OS/기기 검증 아님
flutter,test/release_audit/g2/friend_sync_state_test.dart,"F-S03 중지: 로컬 즉시 off(enabled false), 서버 확인 전 stop_pending·dirty, 회차 보존 (#24)",PASS,,build/full_audit_2026-09-30/flutter.jsonl,로컬 자동검사; 실제 OS/기기 검증 아님
flutter,test/release_audit/g2/friend_sync_state_test.dart,F-S04 stop_pending은 시작·재개·재연결·복원·재시도 어느 진입점에서도 active로 돌아가지 않음 (#24),PASS,,build/full_audit_2026-09-30/flutter.jsonl,로컬 자동검사; 실제 OS/기기 검증 아님
flutter,test/release_audit/g2/friend_sync_state_test.dart,F-S05 중지와 동기화가 겹쳐도 최종 로컬 의도는 stop_pending (부활 없음),PASS,,build/full_audit_2026-09-30/flutter.jsonl,로컬 자동검사; 실제 OS/기기 검증 아님
flutter,test/release_audit/g2/friend_sync_state_test.dart,"F-S06 Firebase 준비 전 공유 시작은 null이고 상태를 바꾸지 않음, 빈 이름도 null",PASS,,build/full_audit_2026-09-30/flutter.jsonl,로컬 자동검사; 실제 OS/기기 검증 아님
flutter,test/release_audit/g2/friend_sync_state_test.dart,F-S07 active 근무표 동기화: 확인 불가면 desired 기록·dirty 유지·confirmed 없음·회차 그대로 (#24),FAIL,"Expected: not null
  Actual: <null>
",build/full_audit_2026-09-30/flutter.jsonl,로컬 자동검사; 실제 OS/기기 검증 아님
flutter,test/release_audit/g2/friend_sync_state_test.dart,F-S08 off에서는 동기화·재시도가 dirty·desired를 만들지 않음,PASS,,build/full_audit_2026-09-30/flutter.jsonl,로컬 자동검사; 실제 OS/기기 검증 아님
flutter,test/release_audit/g2/friend_sync_state_test.dart,"F-S09 변경 기반 업로드(#30): 서버 확인된 동일 payload는 재제출 표시 안 함, map 순서만 다르면 동일, 실제 변경만 dirty",FAIL,Null check operator used on a null value,build/full_audit_2026-09-30/flutter.jsonl,로컬 자동검사; 실제 OS/기기 검증 아님
flutter,test/release_audit/g2/friend_sync_state_test.dart,F-S10 dirty가 남아 있으면 같은 payload라도 재시도 대상 유지,FAIL,Null check operator used on a null value,build/full_audit_2026-09-30/flutter.jsonl,로컬 자동검사; 실제 OS/기기 검증 아님
flutter,test/release_audit/g2/friend_sync_state_test.dart,F-S11 경계 밖 스케줄은 업로드 목표를 바꾸지 않고 dirty만 남김,FAIL,Null check operator used on a null value,build/full_audit_2026-09-30/flutter.jsonl,로컬 자동검사; 실제 OS/기기 검증 아님
flutter,test/release_audit/g2/friend_sync_state_test.dart,"F-S12 이름 변경: 공유 중 아니면 false·미저장, 공유 중 확인 불가면 false지만 이름 저장·dirty (화면은 대기 안내)",PASS,,build/full_audit_2026-09-30/flutter.jsonl,로컬 자동검사; 실제 OS/기기 검증 아님
flutter,test/release_audit/g2/friend_sync_state_test.dart,"F-S13 복원 완료 진입점: active면 dirty로 재업로드 대기, off면 변화 없음",PASS,,build/full_audit_2026-09-30/flutter.jsonl,로컬 자동검사; 실제 OS/기기 검증 아님
flutter,test/release_audit/g2/friend_sync_state_test.dart,F-S14 준비 전·잘못된 ownerId 조회는 unavailable - 서버 확인 삭제로 오인하지 않음 (#21),PASS,,build/full_audit_2026-09-30/flutter.jsonl,로컬 자동검사; 실제 OS/기기 검증 아님
flutter,test/release_audit/g2/friend_sync_state_test.dart,F-S15 공유 상태 키 7개는 전부 백업 제외 목록에 있음 (G4 인계),PASS,,build/full_audit_2026-09-30/flutter.jsonl,로컬 자동검사; 실제 OS/기기 검증 아님
flutter,test/release_audit/g2/my_share_code_pending_banner_test.dart,"F-W01 off: 대기 안내 없음, 공유 시작 버튼",PASS,,build/full_audit_2026-09-30/flutter.jsonl,로컬 자동검사; 실제 OS/기기 검증 아님
flutter,test/release_audit/g2/my_share_code_pending_banner_test.dart,"F-W02 stop_pending: 중지 대기 안내 표시(삭제 완료로 표시 안 함), 재시도 후에도 대기면 토스트·안내 유지",PASS,,build/full_audit_2026-09-30/flutter.jsonl,로컬 자동검사; 실제 OS/기기 검증 아님
flutter,test/release_audit/g2/my_share_code_pending_banner_test.dart,F-W03 active+dirty: 반영 대기 안내 표시(연결 실패 카드와 함께),PASS,,build/full_audit_2026-09-30/flutter.jsonl,로컬 자동검사; 실제 OS/기기 검증 아님
flutter,test/release_audit/g2/my_share_code_pending_banner_test.dart,F-W04 active+반영 완료(dirty false): 대기 안내 없음,PASS,,build/full_audit_2026-09-30/flutter.jsonl,로컬 자동검사; 실제 OS/기기 검증 아님
flutter,test/release_audit/g2/my_share_code_pending_banner_test.dart,F-W05 legacy enabled만 있는 설치: active·dirty로 올라가 반영 대기 안내,PASS,,build/full_audit_2026-09-30/flutter.jsonl,로컬 자동검사; 실제 OS/기기 검증 아님
flutter,test/release_audit/g6/cross_review_backup_friend_test.dart,X-09 복원 검증 - 설정 자료형 등록된 bool 키에 문자열이면 거부,PASS,,build/full_audit_2026-09-30/flutter.jsonl,로컬 자동검사; 실제 OS/기기 검증 아님
flutter,test/release_audit/g6/cross_review_backup_friend_test.dart,X-09 복원 검증 - 설정 자료형 등록된 키의 올바른 자료형·등록 안 된 기본 자료형은 통과,PASS,,build/full_audit_2026-09-30/flutter.jsonl,로컬 자동검사; 실제 OS/기기 검증 아님
flutter,test/release_audit/g6/cross_review_backup_friend_test.dart,X-09 복원 검증 - 설정 자료형 자료형 등록표와 판정 함수가 일치,PASS,,build/full_audit_2026-09-30/flutter.jsonl,로컬 자동검사; 실제 OS/기기 검증 아님
flutter,test/release_audit/g6/cross_review_backup_friend_test.dart,X-09 복원 검증 - 알람 날짜 저장 형식 초 단위·밀리초 형식은 통과,PASS,,build/full_audit_2026-09-30/flutter.jsonl,로컬 자동검사; 실제 OS/기기 검증 아님
flutter,test/release_audit/g6/cross_review_backup_friend_test.dart,X-09 복원 검증 - 알람 날짜 저장 형식 파싱은 되지만 저장 형식이 아니면 거부,PASS,,build/full_audit_2026-09-30/flutter.jsonl,로컬 자동검사; 실제 OS/기기 검증 아님
flutter,test/release_audit/g6/cross_review_backup_friend_test.dart,X-11 긴 공유 이름 80자 초과 이름은 거부하지 않고 80자로 자름,PASS,,build/full_audit_2026-09-30/flutter.jsonl,로컬 자동검사; 실제 OS/기기 검증 아님
flutter,test/release_audit/g6/cross_review_backup_friend_test.dart,X-11 긴 공유 이름 clampOwnerName은 80자 이하를 그대로 둠,PASS,,build/full_audit_2026-09-30/flutter.jsonl,로컬 자동검사; 실제 OS/기기 검증 아님
flutter,test/release_audit/g6/recheck_aud_test.dart,"AUD-01 runWithBlockingProgress 뒤로가기로 안 닫히고, 끝나면 자기 진행창만 닫음",PASS,,build/full_audit_2026-09-30/flutter.jsonl,로컬 자동검사; 실제 OS/기기 검증 아님
flutter,test/release_audit/g6/recheck_aud_test.dart,AUD-01 runWithBlockingProgress 작업이 실패해도 진행창만 닫고 예외를 그대로 전달,PASS,,build/full_audit_2026-09-30/flutter.jsonl,로컬 자동검사; 실제 OS/기기 검증 아님
flutter,test/release_audit/g6/recheck_aud_test.dart,AUD-02 restartAppWhenNoAlarmRinging 네이티브가 거절하면 대기 안내 후 다시 요청,PASS,,build/full_audit_2026-09-30/flutter.jsonl,로컬 자동검사; 실제 OS/기기 검증 아님
flutter,test/release_audit/g6/recheck_aud_test.dart,AUD-02 restartAppWhenNoAlarmRinging 울림 상태 조회 실패는 네이티브 최종 판단에 맡김(거절되면 재시도),PASS,,build/full_audit_2026-09-30/flutter.jsonl,로컬 자동검사; 실제 OS/기기 검증 아님
flutter,test/release_audit/g6/recheck_aud_test.dart,AUD-05 currentDateProvider 자정을 넘기면 오늘을 구독하는 provider만 다시 계산,PASS,,build/full_audit_2026-09-30/flutter.jsonl,로컬 자동검사; 실제 OS/기기 검증 아님
flutter,test/schedule_transfer_codec_test.dart,round trip carries only the pattern anchored to generation day,PASS,,build/full_audit_2026-09-30/flutter.jsonl,로컬 자동검사; 실제 OS/기기 검증 아님
flutter,test/schedule_transfer_codec_test.dart,"rejects tampered, oversized and unsupported inputs",PASS,,build/full_audit_2026-09-30/flutter.jsonl,로컬 자동검사; 실제 OS/기기 검증 아님
flutter,test/schedule_transfer_codec_test.dart,irregular schedule cannot be sent as a repeating pattern,PASS,,build/full_audit_2026-09-30/flutter.jsonl,로컬 자동검사; 실제 OS/기기 검증 아님
flutter,test/schedule_transfer_layout_test.dart,pattern code regular shows the right sections and confirms before applying,PASS,,build/full_audit_2026-09-30/flutter.jsonl,로컬 자동검사; 실제 OS/기기 검증 아님
flutter,test/schedule_transfer_layout_test.dart,pattern code onboarding shows the right sections and confirms before applying,PASS,,build/full_audit_2026-09-30/flutter.jsonl,로컬 자동검사; 실제 OS/기기 검증 아님
flutter,test/schedule_transfer_layout_test.dart,pattern code irregular shows the right sections and confirms before applying,PASS,,build/full_audit_2026-09-30/flutter.jsonl,로컬 자동검사; 실제 OS/기기 검증 아님
flutter,test/fold_layout_screens_test.dart,calendar_materialCard: scale 1.0 fold windows and phone regression,PASS,,build/full_audit_2026-09-30/flutter.jsonl,로컬 자동검사; 실제 OS/기기 검증 아님
flutter,test/schedule_transfer_layout_test.dart,small sharing screen offers three distinct paths in ko,FAIL,"Test failed. See exception logs above.
The test description was: small sharing screen offers three distinct paths in ko",build/full_audit_2026-09-30/flutter.jsonl,로컬 자동검사; 실제 OS/기기 검증 아님
flutter,test/schedule_transfer_layout_test.dart,small sharing screen offers three distinct paths in en,FAIL,"Test failed. See exception logs above.
The test description was: small sharing screen offers three distinct paths in en",build/full_audit_2026-09-30/flutter.jsonl,로컬 자동검사; 실제 OS/기기 검증 아님
flutter,test/schedule_transfer_service_test.dart,replaces only shift-linked data and cancels old fixed OS alarm,PASS,,build/full_audit_2026-09-30/flutter.jsonl,로컬 자동검사; 실제 OS/기기 검증 아님
flutter,test/schedule_transfer_service_test.dart,import converts an irregular calendar to the received repeating pattern,PASS,,build/full_audit_2026-09-30/flutter.jsonl,로컬 자동검사; 실제 OS/기기 검증 아님
flutter,test/schedule_transfer_service_test.dart,database failure rolls back old schedule and fixed alarms,PASS,,build/full_audit_2026-09-30/flutter.jsonl,로컬 자동검사; 실제 OS/기기 검증 아님
flutter,test/sleep_by_category_stats_test.dart,"야간 근무 다음날 아침 회복수면은 night 카테고리로, 휴무일 밤잠은 off 카테고리로 집계된다",PASS,,build/full_audit_2026-09-30/flutter.jsonl,로컬 자동검사; 실제 OS/기기 검증 아님
flutter,test/sleep_by_category_stats_test.dart,표본이 최소 기준(3일) 미만인 카테고리는 결과에서 빠진다,PASS,,build/full_audit_2026-09-30/flutter.jsonl,로컬 자동검사; 실제 OS/기기 검증 아님
flutter,test/sleep_by_category_stats_test.dart,"연속 야간 - 아침 회복수면은 주 수면 평균, 출근 전 낮잠은 낮잠 평균으로 나뉜다",PASS,,build/full_audit_2026-09-30/flutter.jsonl,로컬 자동검사; 실제 OS/기기 검증 아님
flutter,test/sleep_by_category_stats_test.dart,낮잠이 없는 카테고리는 낮잠 평균이 0(낮잠 있는 날만 세어 부풀리지 않는다),PASS,,build/full_audit_2026-09-30/flutter.jsonl,로컬 자동검사; 실제 OS/기기 검증 아님
flutter,test/sleep_day_slots_test.dart,1. 근무 중 6시간 수면 - 길어도 낮잠 칸에 들어가야 함(주 수면 아님),PASS,,build/full_audit_2026-09-30/flutter.jsonl,로컬 자동검사; 실제 OS/기기 검증 아님
flutter,test/sleep_day_slots_test.dart,2. 근무 중 수면(4시간) + 퇴근 후 진짜 주 수면(7시간) - 각각 낮잠/주 수면 칸에 분리 배정,PASS,,build/full_audit_2026-09-30/flutter.jsonl,로컬 자동검사; 실제 OS/기기 검증 아님
flutter,test/sleep_day_slots_test.dart,3. 근무와 무관한 평범한 6시간 수면 - 여전히 주 수면 칸(회귀 확인),PASS,,build/full_audit_2026-09-30/flutter.jsonl,로컬 자동검사; 실제 OS/기기 검증 아님
flutter,test/sleep_day_slots_test.dart,"4. 어제=휴무(밤잠 8h) / 오늘=야간(출근 전 낮잠 5h, 19시 출근)",PASS,,build/full_audit_2026-09-30/flutter.jsonl,로컬 자동검사; 실제 OS/기기 검증 아님
flutter,test/sleep_day_slots_test.dart,"5. 어제=야간(설정상 07시 종료)/오늘=휴무, 실제 취침이 설정보다 10분 이른 06:50",PASS,,build/full_audit_2026-09-30/flutter.jsonl,로컬 자동검사; 실제 OS/기기 검증 아님
flutter,test/sleep_day_slots_test.dart,"6. 어제=야간(19~07시 종료)/오늘=휴무 - 회복수면(07~13시)은 어제 주수면, 그날 밤(23~06시)은 오늘 자신의 주수면으로 각각 분리돼야 함",PASS,,build/full_audit_2026-09-30/flutter.jsonl,로컬 자동검사; 실제 OS/기기 검증 아님
flutter,test/sleep_day_slots_test.dart,"7. 어제=야간(퇴근이 09시로 늦음) - 그날 밤 22시 취침은 ""16시간 이내""라도 오늘 자신의 주수면이어야 함(고정 16시간 방식이었다면 실패했을 케이스)",PASS,,build/full_audit_2026-09-30/flutter.jsonl,로컬 자동검사; 실제 OS/기기 검증 아님
flutter,test/sleep_day_slots_test.dart,"8. 휴무일 - 낮 4시간 낮잠 + 그날 밤 7시간 정상 취침이 같이 있으면 더 긴 밤잠이 주 수면, 낮잠은 낮잠 칸으로",PASS,,build/full_audit_2026-09-30/flutter.jsonl,로컬 자동검사; 실제 OS/기기 검증 아님
flutter,test/sleep_history_test.dart,1. 메인 수면 1건만 - 기존과 동일하게 그 길이 그대로,PASS,,build/full_audit_2026-09-30/flutter.jsonl,로컬 자동검사; 실제 OS/기기 검증 아님
flutter,test/sleep_history_test.dart,2. 짧은 낮잠(30분) 먼저 + 몇 시간 뒤 메인 수면(6.5시간) - 합쳐서 7시간이어야 함(버그 수정 검증),PASS,,build/full_audit_2026-09-30/flutter.jsonl,로컬 자동검사; 실제 OS/기기 검증 아님
flutter,test/sleep_history_test.dart,3. 낮잠 2번 + 메인 수면 1번 - 전부 합산되는지,PASS,,build/full_audit_2026-09-30/flutter.jsonl,로컬 자동검사; 실제 OS/기기 검증 아님
flutter,test/sleep_history_test.dart,4. 낮잠만 있고 메인 수면이 진짜로 없는 경우 - 여전히 부족으로 잡혀야 함(과보정 방지 확인),PASS,,build/full_audit_2026-09-30/flutter.jsonl,로컬 자동검사; 실제 OS/기기 검증 아님
flutter,test/sleep_history_test.dart,"5. 통합 검증 - 낮잠+메인수면 합계가 충분하면 오늘의 컨디션이 ""수면 부족""으로 안내하지 않는지",PASS,,build/full_audit_2026-09-30/flutter.jsonl,로컬 자동검사; 실제 OS/기기 검증 아님
flutter,test/sleep_history_test.dart,6. 근무 중 수면(6시간) - 총 수면엔 가산되지만 취침/기상 패턴엔 안 들어가야 함,PASS,,build/full_audit_2026-09-30/flutter.jsonl,로컬 자동검사; 실제 OS/기기 검증 아님
flutter,test/sleep_history_test.dart,7. 근무 중 수면(4시간) + 퇴근 후 진짜 주 수면(7시간) - 둘 다 합산되고 패턴은 퇴근 후 수면 기준,PASS,,build/full_audit_2026-09-30/flutter.jsonl,로컬 자동검사; 실제 OS/기기 검증 아님
flutter,test/sleep_history_test.dart,"8. 어제=휴무(밤잠 8h) / 오늘=야간, 출근 전 낮잠(2h) - 오늘 총 수면에 가산돼야 함",PASS,,build/full_audit_2026-09-30/flutter.jsonl,로컬 자동검사; 실제 OS/기기 검증 아님
flutter,test/sleep_opportunity_test.dart,1. 주간 07~19시(21시 이전 퇴근) - 창은 그대로 21시부터(회귀 확인),PASS,,build/full_audit_2026-09-30/flutter.jsonl,로컬 자동검사; 실제 OS/기기 검증 아님
flutter,test/sleep_opportunity_test.dart,2. 주간 10~22시(21시를 넘겨 끝나는 12시간 근무) - 창이 실제 퇴근(22시)까지 밀려야 함,PASS,,build/full_audit_2026-09-30/flutter.jsonl,로컬 자동검사; 실제 OS/기기 검증 아님
flutter,test/sleep_opportunity_test.dart,3. 휴무일 - 비교할 종료시각이 없으니 그대로 21시,PASS,,build/full_audit_2026-09-30/flutter.jsonl,로컬 자동검사; 실제 OS/기기 검증 아님
flutter,test/sleep_opportunity_test.dart,야간 출근 전 낮잠창 연속 야간 - 낮잠창은 회복창이 끝난 뒤(15시)부터 출근(19시)까지,PASS,,build/full_audit_2026-09-30/flutter.jsonl,로컬 자동검사; 실제 OS/기기 검증 아님
flutter,test/sleep_opportunity_test.dart,야간 출근 전 낮잠창 야간 첫날(어제 휴무) - 회복창이 없으니 출근 6시간 전(13시)부터,PASS,,build/full_audit_2026-09-30/flutter.jsonl,로컬 자동검사; 실제 OS/기기 검증 아님
flutter,test/sleep_opportunity_test.dart,야간 출근 전 낮잠창 연속 야간 16시 - 실제로 낮잠창이 활성 창으로 선택된다(예전엔 내일 06시를 반환),PASS,,build/full_audit_2026-09-30/flutter.jsonl,로컬 자동검사; 실제 OS/기기 검증 아님
flutter,test/sleep_opportunity_test.dart,야간 출근 전 낮잠창 연속 야간 10시 - 아침 회복창(메인 잠)이 그대로 우선,PASS,,build/full_audit_2026-09-30/flutter.jsonl,로컬 자동검사; 실제 OS/기기 검증 아님
flutter,test/sleep_opportunity_test.dart,야간 출근 전 낮잠창 야간 근무일 22시(근무 중) - 플랫창이 열리면 안 된다,PASS,,build/full_audit_2026-09-30/flutter.jsonl,로컬 자동검사; 실제 OS/기기 검증 아님
flutter,test/sleep_opportunity_test.dart,"야간 출근 전 낮잠창 내일이 야간이어도, 오늘 밤 자고 있는 플랫창(활성)을 가로채면 안 된다",PASS,,build/full_audit_2026-09-30/flutter.jsonl,로컬 자동검사; 실제 OS/기기 검증 아님
flutter,test/sleep_overlap_test.dart,mergedSleepMinutesBetween 겹치지 않으면 단순 합과 같다,PASS,,build/full_audit_2026-09-30/flutter.jsonl,로컬 자동검사; 실제 OS/기기 검증 아님
flutter,test/sleep_overlap_test.dart,mergedSleepMinutesBetween 일부 겹침은 한 번만 센다,PASS,,build/full_audit_2026-09-30/flutter.jsonl,로컬 자동검사; 실제 OS/기기 검증 아님
flutter,test/sleep_overlap_test.dart,mergedSleepMinutesBetween 완전히 포함된 기록은 더하지 않는다,PASS,,build/full_audit_2026-09-30/flutter.jsonl,로컬 자동검사; 실제 OS/기기 검증 아님
flutter,test/sleep_overlap_test.dart,mergedSleepMinutesBetween 맞닿은 기록은 이어서 센다,PASS,,build/full_audit_2026-09-30/flutter.jsonl,로컬 자동검사; 실제 OS/기기 검증 아님
flutter,test/sleep_overlap_test.dart,mergedSleepMinutesBetween 창 경계에 걸친 기록은 창 안 부분만 센다,PASS,,build/full_audit_2026-09-30/flutter.jsonl,로컬 자동검사; 실제 OS/기기 검증 아님
flutter,test/sleep_overlap_test.dart,mergedSleepMinutesBetween 끝나지 않은 기록과 빈 창은 0,PASS,,build/full_audit_2026-09-30/flutter.jsonl,로컬 자동검사; 실제 OS/기기 검증 아님
flutter,test/sleep_overlap_test.dart,findOverlappingSleep 겹치면 그 기록을 돌려준다,PASS,,build/full_audit_2026-09-30/flutter.jsonl,로컬 자동검사; 실제 OS/기기 검증 아님
flutter,test/sleep_overlap_test.dart,findOverlappingSleep 맞닿기만 하면 겹침이 아니다,PASS,,build/full_audit_2026-09-30/flutter.jsonl,로컬 자동검사; 실제 OS/기기 검증 아님
flutter,test/sleep_overlap_test.dart,findOverlappingSleep 수정 중인 자기 자신은 뺀다,PASS,,build/full_audit_2026-09-30/flutter.jsonl,로컬 자동검사; 실제 OS/기기 검증 아님
flutter,test/sleep_overlap_test.dart,findOverlappingSleep 확인 대기 중인 자동 후보는 직접 입력을 막지 않는다,PASS,,build/full_audit_2026-09-30/flutter.jsonl,로컬 자동검사; 실제 OS/기기 검증 아님
flutter,test/sleep_overlap_test.dart,findOverlappingSleep 진행 중인 확정 기록은 지금까지 이어진 것으로 본다,PASS,,build/full_audit_2026-09-30/flutter.jsonl,로컬 자동검사; 실제 OS/기기 검증 아님
flutter,test/sleep_overlap_test.dart,findOverlappingSleep 여러 개가 겹치면 가장 이른 것,PASS,,build/full_audit_2026-09-30/flutter.jsonl,로컬 자동검사; 실제 OS/기기 검증 아님
flutter,test/sleep_overlap_test.dart,낮잠이 3개인 날도 합계는 전부를 센다(칸은 2개),PASS,,build/full_audit_2026-09-30/flutter.jsonl,로컬 자동검사; 실제 OS/기기 검증 아님
flutter,test/sleep_responsive_layout_test.dart,320dp 화면과 큰 글씨에서도 수면 편집 시트가 넘치지 않는다,PASS,,build/full_audit_2026-09-30/flutter.jsonl,로컬 자동검사; 실제 OS/기기 검증 아님
flutter,test/ultra_calendar_cell_test.dart,mainWhite: Ultra two-line annotations stay beside memos,PASS,,build/full_audit_2026-09-30/flutter.jsonl,로컬 자동검사; 실제 OS/기기 검증 아님
flutter,test/ultra_calendar_cell_test.dart,mainDark: Ultra two-line annotations stay beside memos,PASS,,build/full_audit_2026-09-30/flutter.jsonl,로컬 자동검사; 실제 OS/기기 검증 아님
flutter,test/ultra_calendar_cell_test.dart,minimal: Ultra two-line annotations stay beside memos,PASS,,build/full_audit_2026-09-30/flutter.jsonl,로컬 자동검사; 실제 OS/기기 검증 아님
flutter,test/ultra_calendar_cell_test.dart,materialCard: Ultra two-line annotations stay beside memos,PASS,,build/full_audit_2026-09-30/flutter.jsonl,로컬 자동검사; 실제 OS/기기 검증 아님
flutter,test/ultra_calendar_cell_test.dart,boldGrid: Ultra two-line annotations stay beside memos,PASS,,build/full_audit_2026-09-30/flutter.jsonl,로컬 자동검사; 실제 OS/기기 검증 아님
flutter,test/ultra_calendar_cell_test.dart,initialBadge: Ultra two-line annotations stay beside memos,PASS,,build/full_audit_2026-09-30/flutter.jsonl,로컬 자동검사; 실제 OS/기기 검증 아님
flutter,test/ultra_calendar_cell_test.dart,underline: Ultra two-line annotations stay beside memos,PASS,,build/full_audit_2026-09-30/flutter.jsonl,로컬 자동검사; 실제 OS/기기 검증 아님
flutter,test/ultra_calendar_cell_test.dart,eventChip: Ultra two-line annotations stay beside memos,PASS,,build/full_audit_2026-09-30/flutter.jsonl,로컬 자동검사; 실제 OS/기기 검증 아님
flutter,test/ultra_calendar_cell_test.dart,editorial: Ultra two-line annotations stay beside memos,PASS,,build/full_audit_2026-09-30/flutter.jsonl,로컬 자동검사; 실제 OS/기기 검증 아님
flutter,test/ultra_calendar_cell_test.dart,diary: Ultra two-line annotations stay beside memos,PASS,,build/full_audit_2026-09-30/flutter.jsonl,로컬 자동검사; 실제 OS/기기 검증 아님
flutter,test/update_release_note_test.dart,이번 업데이트 노트는 기존 사용자에게 정확히 한 번만 표시된다,PASS,,build/full_audit_2026-09-30/flutter.jsonl,로컬 자동검사; 실제 OS/기기 검증 아님
flutter,test/update_release_note_test.dart,신규 설치 온보딩 기준을 기록하면 업데이트 노트를 표시하지 않는다,PASS,,build/full_audit_2026-09-30/flutter.jsonl,로컬 자동검사; 실제 OS/기기 검증 아님
flutter,test/wide_calendar_cell_test.dart,Fold inner windows use split cells; covers retain original renderers,PASS,,build/full_audit_2026-09-30/flutter.jsonl,로컬 자동검사; 실제 OS/기기 검증 아님
flutter,test/wide_calendar_cell_test.dart,"mainWhite: fixed annotations, bounded type, 40:60 placement",PASS,,build/full_audit_2026-09-30/flutter.jsonl,로컬 자동검사; 실제 OS/기기 검증 아님
flutter,test/wide_calendar_cell_test.dart,"mainDark: fixed annotations, bounded type, 40:60 placement",PASS,,build/full_audit_2026-09-30/flutter.jsonl,로컬 자동검사; 실제 OS/기기 검증 아님
flutter,test/wide_calendar_cell_test.dart,"minimal: fixed annotations, bounded type, 40:60 placement",PASS,,build/full_audit_2026-09-30/flutter.jsonl,로컬 자동검사; 실제 OS/기기 검증 아님
flutter,test/wide_calendar_cell_test.dart,"materialCard: fixed annotations, bounded type, 40:60 placement",PASS,,build/full_audit_2026-09-30/flutter.jsonl,로컬 자동검사; 실제 OS/기기 검증 아님
flutter,test/wide_calendar_cell_test.dart,"boldGrid: fixed annotations, bounded type, 40:60 placement",PASS,,build/full_audit_2026-09-30/flutter.jsonl,로컬 자동검사; 실제 OS/기기 검증 아님
flutter,test/fold_layout_screens_test.dart,calendar_diary: scale 1.0 fold windows and phone regression,PASS,,build/full_audit_2026-09-30/flutter.jsonl,로컬 자동검사; 실제 OS/기기 검증 아님
flutter,test/wide_calendar_cell_test.dart,"initialBadge: fixed annotations, bounded type, 40:60 placement",PASS,,build/full_audit_2026-09-30/flutter.jsonl,로컬 자동검사; 실제 OS/기기 검증 아님
flutter,test/wide_calendar_cell_test.dart,"underline: fixed annotations, bounded type, 40:60 placement",PASS,,build/full_audit_2026-09-30/flutter.jsonl,로컬 자동검사; 실제 OS/기기 검증 아님
flutter,test/wide_calendar_cell_test.dart,"eventChip: fixed annotations, bounded type, 40:60 placement",PASS,,build/full_audit_2026-09-30/flutter.jsonl,로컬 자동검사; 실제 OS/기기 검증 아님
flutter,test/wide_calendar_cell_test.dart,"editorial: fixed annotations, bounded type, 40:60 placement",PASS,,build/full_audit_2026-09-30/flutter.jsonl,로컬 자동검사; 실제 OS/기기 검증 아님
flutter,test/wide_calendar_cell_test.dart,"diary: fixed annotations, bounded type, 40:60 placement",PASS,,build/full_audit_2026-09-30/flutter.jsonl,로컬 자동검사; 실제 OS/기기 검증 아님
flutter,test/widget_test.dart,MyApp builds without throwing,PASS,,build/full_audit_2026-09-30/flutter.jsonl,로컬 자동검사; 실제 OS/기기 검증 아님
flutter,test/fold_layout_screens_test.dart,calendar_boldGrid: scale 1.0 fold windows and phone regression,PASS,,build/full_audit_2026-09-30/flutter.jsonl,로컬 자동검사; 실제 OS/기기 검증 아님
flutter,test/fold_layout_screens_test.dart,calendar_initialBadge: scale 1.0 fold windows and phone regression,PASS,,build/full_audit_2026-09-30/flutter.jsonl,로컬 자동검사; 실제 OS/기기 검증 아님
flutter,test/fold_layout_screens_test.dart,calendar_eventChip: scale 1.0 fold windows and phone regression,PASS,,build/full_audit_2026-09-30/flutter.jsonl,로컬 자동검사; 실제 OS/기기 검증 아님
flutter,test/fold_layout_screens_test.dart,calendar_underline: scale 1.0 fold windows and phone regression,PASS,,build/full_audit_2026-09-30/flutter.jsonl,로컬 자동검사; 실제 OS/기기 검증 아님
flutter,test/fold_layout_screens_test.dart,calendar_editorial: scale 1.0 fold windows and phone regression,PASS,,build/full_audit_2026-09-30/flutter.jsonl,로컬 자동검사; 실제 OS/기기 검증 아님
flutter,test/fold_layout_screens_test.dart,calendar_unassigned: scale 1.0 fold windows and phone regression,PASS,,build/full_audit_2026-09-30/flutter.jsonl,로컬 자동검사; 실제 OS/기기 검증 아님
restore_resume_regression,test/alarm_snooze_backup_test.dart,both repeated-hour history instants survive existing backup format,PASS,,build/usb_audit_2026-09-30/restore_resume_regression.jsonl,로컬 자동검사; 실제 OS/기기 검증 아님
restore_resume_regression,test/full_audit_critical_test.dart,AUD-A01 all-alarm deletion cancels fixed custom snoozed and keeps history,PASS,,build/usb_audit_2026-09-30/restore_resume_regression.jsonl,로컬 자동검사; 실제 OS/기기 검증 아님
restore_resume_regression,test/full_audit_critical_test.dart,AUD-A02 one-tap native scheduling failure rolls back row and creation log,PASS,,build/usb_audit_2026-09-30/restore_resume_regression.jsonl,로컬 자동검사; 실제 OS/기기 검증 아님
restore_resume_regression,test/full_audit_critical_test.dart,AUD-A03 custom type change then delete preserves source log without fixed override,PASS,,build/usb_audit_2026-09-30/restore_resume_regression.jsonl,로컬 자동검사; 실제 OS/기기 검증 아님
restore_resume_regression,test/full_audit_critical_test.dart,AUD-B01 export includes only future custom plus permanent history,PASS,,build/usb_audit_2026-09-30/restore_resume_regression.jsonl,로컬 자동검사; 실제 OS/기기 검증 아님
restore_resume_regression,test/full_audit_critical_test.dart,AUD-B02 rejects normalized invalid backup date 2030-02-30T07:00:00 before any mutation,PASS,,build/usb_audit_2026-09-30/restore_resume_regression.jsonl,로컬 자동검사; 실제 OS/기기 검증 아님
restore_resume_regression,test/full_audit_critical_test.dart,AUD-B02 rejects normalized invalid backup date 2030-13-01T07:00:00 before any mutation,PASS,,build/usb_audit_2026-09-30/restore_resume_regression.jsonl,로컬 자동검사; 실제 OS/기기 검증 아님
restore_resume_regression,test/full_audit_critical_test.dart,AUD-B02 rejects normalized invalid backup date 2030-01-01T24:00:00 before any mutation,PASS,,build/usb_audit_2026-09-30/restore_resume_regression.jsonl,로컬 자동검사; 실제 OS/기기 검증 아님
restore_resume_regression,test/full_audit_critical_test.dart,AUD-B02 rejects normalized invalid backup date 2030-01-01T07:60:00 before any mutation,PASS,,build/usb_audit_2026-09-30/restore_resume_regression.jsonl,로컬 자동검사; 실제 OS/기기 검증 아님
restore_resume_regression,test/full_audit_critical_test.dart,AUD-B02 rejects normalized invalid backup date 2030-01-01T07:00:60 before any mutation,PASS,,build/usb_audit_2026-09-30/restore_resume_regression.jsonl,로컬 자동검사; 실제 OS/기기 검증 아님
restore_resume_regression,test/full_audit_critical_test.dart,AUD-B03 invalid assigned day is rejected instead of normalized,PASS,,build/usb_audit_2026-09-30/restore_resume_regression.jsonl,로컬 자동검사; 실제 OS/기기 검증 아님
restore_resume_regression,test/full_audit_critical_test.dart,AUD-B16 valid calendar and DST wall time stays restorable 2032-02-29T07:00:00,PASS,,build/usb_audit_2026-09-30/restore_resume_regression.jsonl,로컬 자동검사; 실제 OS/기기 검증 아님
restore_resume_regression,test/release_audit/g6/cross_review_backup_friend_test.dart,X-09 복원 검증 - 설정 자료형 등록된 bool 키에 문자열이면 거부,PASS,,build/usb_audit_2026-09-30/restore_resume_regression.jsonl,로컬 자동검사; 실제 OS/기기 검증 아님
restore_resume_regression,test/full_audit_critical_test.dart,AUD-B16 valid calendar and DST wall time stays restorable 2030-02-28T23:59:59.123456,PASS,,build/usb_audit_2026-09-30/restore_resume_regression.jsonl,로컬 자동검사; 실제 OS/기기 검증 아님
restore_resume_regression,test/release_audit/g6/cross_review_backup_friend_test.dart,X-09 복원 검증 - 설정 자료형 등록된 키의 올바른 자료형·등록 안 된 기본 자료형은 통과,PASS,,build/usb_audit_2026-09-30/restore_resume_regression.jsonl,로컬 자동검사; 실제 OS/기기 검증 아님
restore_resume_regression,test/release_audit/g6/cross_review_backup_friend_test.dart,X-09 복원 검증 - 설정 자료형 자료형 등록표와 판정 함수가 일치,PASS,,build/usb_audit_2026-09-30/restore_resume_regression.jsonl,로컬 자동검사; 실제 OS/기기 검증 아님
restore_resume_regression,test/release_audit/g6/cross_review_backup_friend_test.dart,X-09 복원 검증 - 알람 날짜 저장 형식 초 단위·밀리초 형식은 통과,PASS,,build/usb_audit_2026-09-30/restore_resume_regression.jsonl,로컬 자동검사; 실제 OS/기기 검증 아님
restore_resume_regression,test/full_audit_critical_test.dart,AUD-B16 valid calendar and DST wall time stays restorable 2026-03-08T02:30:00,PASS,,build/usb_audit_2026-09-30/restore_resume_regression.jsonl,로컬 자동검사; 실제 OS/기기 검증 아님
restore_resume_regression,test/release_audit/g6/cross_review_backup_friend_test.dart,X-09 복원 검증 - 알람 날짜 저장 형식 파싱은 되지만 저장 형식이 아니면 거부,PASS,,build/usb_audit_2026-09-30/restore_resume_regression.jsonl,로컬 자동검사; 실제 OS/기기 검증 아님
restore_resume_regression,test/release_audit/g6/cross_review_backup_friend_test.dart,X-11 긴 공유 이름 80자 초과 이름은 거부하지 않고 80자로 자름,PASS,,build/usb_audit_2026-09-30/restore_resume_regression.jsonl,로컬 자동검사; 실제 OS/기기 검증 아님
restore_resume_regression,test/release_audit/g6/cross_review_backup_friend_test.dart,X-11 긴 공유 이름 clampOwnerName은 80자 이하를 그대로 둠,PASS,,build/usb_audit_2026-09-30/restore_resume_regression.jsonl,로컬 자동검사; 실제 OS/기기 검증 아님
restore_resume_regression,test/full_audit_critical_test.dart,AUD-B16 valid calendar and DST wall time stays restorable 2026-11-01T01:30:00,PASS,,build/usb_audit_2026-09-30/restore_resume_regression.jsonl,로컬 자동검사; 실제 OS/기기 검증 아님
restore_resume_regression,test/full_audit_critical_test.dart,AUD-B14 backup rejects non-custom fixed before OS changes,PASS,,build/usb_audit_2026-09-30/restore_resume_regression.jsonl,로컬 자동검사; 실제 OS/기기 검증 아님
restore_resume_regression,test/full_audit_critical_test.dart,AUD-B14 backup rejects non-custom snoozed before OS changes,PASS,,build/usb_audit_2026-09-30/restore_resume_regression.jsonl,로컬 자동검사; 실제 OS/기기 검증 아님
restore_resume_regression,test/full_audit_critical_test.dart,AUD-B14 backup rejects unknown alarm type before OS changes,PASS,,build/usb_audit_2026-09-30/restore_resume_regression.jsonl,로컬 자동검사; 실제 OS/기기 검증 아님
restore_resume_regression,test/full_audit_critical_test.dart,AUD-B14 backup rejects invalid clock before OS changes,PASS,,build/usb_audit_2026-09-30/restore_resume_regression.jsonl,로컬 자동검사; 실제 OS/기기 검증 아님
restore_resume_regression,test/full_audit_critical_test.dart,AUD-B14 backup rejects invalid column before OS changes,PASS,,build/usb_audit_2026-09-30/restore_resume_regression.jsonl,로컬 자동검사; 실제 OS/기기 검증 아님
restore_resume_regression,test/full_audit_critical_test.dart,AUD-B14 backup rejects invalid column type before OS changes,PASS,,build/usb_audit_2026-09-30/restore_resume_regression.jsonl,로컬 자동검사; 실제 OS/기기 검증 아님
restore_resume_regression,test/full_audit_critical_test.dart,AUD-B14 backup rejects incomplete preset link before OS changes,PASS,,build/usb_audit_2026-09-30/restore_resume_regression.jsonl,로컬 자동검사; 실제 OS/기기 검증 아님
restore_resume_regression,test/full_audit_critical_test.dart,AUD-B14 backup rejects preset outside five slots before OS changes,PASS,,build/usb_audit_2026-09-30/restore_resume_regression.jsonl,로컬 자동검사; 실제 OS/기기 검증 아님
restore_resume_regression,test/full_audit_critical_test.dart,AUD-B04 restore preserves local snooze on colliding backup ID and keeps local share intent,PASS,,build/usb_audit_2026-09-30/restore_resume_regression.jsonl,로컬 자동검사; 실제 OS/기기 검증 아님
restore_resume_regression,test/full_audit_critical_test.dart,AUD-B05 restoreClearOs failure retains resumable job and retry converges,PASS,,build/usb_audit_2026-09-30/restore_resume_regression.jsonl,로컬 자동검사; 실제 OS/기기 검증 아님
restore_resume_regression,test/full_audit_critical_test.dart,AUD-B05 restoreReconcileOs failure retains resumable job and retry converges,PASS,,build/usb_audit_2026-09-30/restore_resume_regression.jsonl,로컬 자동검사; 실제 OS/기기 검증 아님
restore_resume_regression,test/full_audit_critical_test.dart,AUD-B06 ring epoch changes during restore rollback then retry without duplicate alarms,PASS,,build/usb_audit_2026-09-30/restore_resume_regression.jsonl,로컬 자동검사; 실제 OS/기기 검증 아님
restore_resume_regression,test/full_audit_critical_test.dart,AUD-B07 repeated ring epoch changes stop after bounded attempts and remain resumable,PASS,,build/usb_audit_2026-09-30/restore_resume_regression.jsonl,로컬 자동검사; 실제 OS/기기 검증 아님
restore_resume_regression,test/full_audit_critical_test.dart,AUD-B08 lost restore copy reconciles existing data and clears pending job,PASS,,build/usb_audit_2026-09-30/restore_resume_regression.jsonl,로컬 자동검사; 실제 OS/기기 검증 아님
restore_resume_regression,test/full_audit_critical_test.dart,AUD-B09 DB insertion failure rolls back all source tables and resumes,PASS,,build/usb_audit_2026-09-30/restore_resume_regression.jsonl,로컬 자동검사; 실제 OS/기기 검증 아님
restore_resume_regression,test/full_audit_critical_test.dart,AUD-B09b resume clears reservations recreated by failure recovery before replacing DB,PASS,,build/usb_audit_2026-09-30/restore_resume_regression.jsonl,로컬 자동검사; 실제 OS/기기 검증 아님
restore_resume_regression,test/full_audit_critical_test.dart,AUD-B10 automatic backup skips identical content but captures preference changes,PASS,,build/usb_audit_2026-09-30/restore_resume_regression.jsonl,로컬 자동검사; 실제 OS/기기 검증 아님
restore_resume_regression,test/full_audit_critical_test.dart,AUD-B11 failed manual write preserves last-success metadata and auto slot,PASS,,build/usb_audit_2026-09-30/restore_resume_regression.jsonl,로컬 자동검사; 실제 OS/기기 검증 아님
restore_resume_regression,test/full_audit_critical_test.dart,AUD-B12 simultaneous manual and auto requests drain both slots after changed data,PASS,,build/usb_audit_2026-09-30/restore_resume_regression.jsonl,로컬 자동검사; 실제 OS/기기 검증 아님
restore_resume_regression,test/full_audit_critical_test.dart,AUD-B13 same backup restored twice merges permanent history once,PASS,,build/usb_audit_2026-09-30/restore_resume_regression.jsonl,로컬 자동검사; 실제 OS/기기 검증 아님
restore_resume_regression,test/full_audit_critical_test.dart,AUD-B15 empty schedule and pending restore never overwrite automatic backup,PASS,,build/usb_audit_2026-09-30/restore_resume_regression.jsonl,로컬 자동검사; 실제 OS/기기 검증 아님
restore_resume_regression,test/full_audit_critical_test.dart,AUD-F01 100 offline friends retain cache and database counts after refresh rename delete,PASS,,build/usb_audit_2026-09-30/restore_resume_regression.jsonl,로컬 자동검사; 실제 OS/기기 검증 아님
alarm_list_layout_final,test/english_release_layout_test.dart,en_US alarm_list release layout,PASS,,build/usb_audit_2026-09-30/alarm_list_layout_final.jsonl,로컬 자동검사; 실제 OS/기기 검증 아님
alarm_list_layout_final,test/english_release_layout_test.dart,en_GB alarm_list release layout,PASS,,build/usb_audit_2026-09-30/alarm_list_layout_final.jsonl,로컬 자동검사; 실제 OS/기기 검증 아님
english_label_alignment,test/english_calendar_label_alignment_test.dart,fitted English shift names stay centered in a fixed-height badge,PASS,,build/usb_audit_2026-09-30/english_label_alignment.jsonl,로컬 자동검사; 실제 OS/기기 검증 아님
english_calendar_alignment_layout,test/english_release_layout_test.dart,en_US calendar_mainWhite release layout,PASS,,build/usb_audit_2026-09-30/english_calendar_alignment_layout.jsonl,로컬 자동검사; 실제 OS/기기 검증 아님
english_calendar_alignment_layout,test/english_release_layout_test.dart,en_US calendar_mainDark release layout,PASS,,build/usb_audit_2026-09-30/english_calendar_alignment_layout.jsonl,로컬 자동검사; 실제 OS/기기 검증 아님
english_calendar_alignment_layout,test/english_release_layout_test.dart,en_US calendar_minimal release layout,PASS,,build/usb_audit_2026-09-30/english_calendar_alignment_layout.jsonl,로컬 자동검사; 실제 OS/기기 검증 아님
english_calendar_alignment_layout,test/english_release_layout_test.dart,en_US calendar_materialCard release layout,PASS,,build/usb_audit_2026-09-30/english_calendar_alignment_layout.jsonl,로컬 자동검사; 실제 OS/기기 검증 아님
english_calendar_alignment_layout,test/english_release_layout_test.dart,en_US calendar_diary release layout,PASS,,build/usb_audit_2026-09-30/english_calendar_alignment_layout.jsonl,로컬 자동검사; 실제 OS/기기 검증 아님
english_calendar_alignment_layout,test/english_release_layout_test.dart,en_US calendar_boldGrid release layout,PASS,,build/usb_audit_2026-09-30/english_calendar_alignment_layout.jsonl,로컬 자동검사; 실제 OS/기기 검증 아님
english_calendar_alignment_layout,test/english_release_layout_test.dart,en_GB calendar_mainWhite release layout,PASS,,build/usb_audit_2026-09-30/english_calendar_alignment_layout.jsonl,로컬 자동검사; 실제 OS/기기 검증 아님
english_calendar_alignment_layout,test/english_release_layout_test.dart,en_GB calendar_mainDark release layout,PASS,,build/usb_audit_2026-09-30/english_calendar_alignment_layout.jsonl,로컬 자동검사; 실제 OS/기기 검증 아님
english_calendar_alignment_layout,test/english_release_layout_test.dart,en_GB calendar_minimal release layout,PASS,,build/usb_audit_2026-09-30/english_calendar_alignment_layout.jsonl,로컬 자동검사; 실제 OS/기기 검증 아님
english_calendar_alignment_layout,test/english_release_layout_test.dart,en_GB calendar_materialCard release layout,PASS,,build/usb_audit_2026-09-30/english_calendar_alignment_layout.jsonl,로컬 자동검사; 실제 OS/기기 검증 아님
english_calendar_alignment_layout,test/english_release_layout_test.dart,en_GB calendar_diary release layout,PASS,,build/usb_audit_2026-09-30/english_calendar_alignment_layout.jsonl,로컬 자동검사; 실제 OS/기기 검증 아님
english_calendar_alignment_layout,test/english_release_layout_test.dart,en_GB calendar_boldGrid release layout,PASS,,build/usb_audit_2026-09-30/english_calendar_alignment_layout.jsonl,로컬 자동검사; 실제 OS/기기 검증 아님
time_format_resume,test/alarm_time_format_test.dart,12-hour editor preserves all 24 hours and day offsets,PASS,,build/usb_audit_2026-09-30/time_format_resume.jsonl,로컬 자동검사; 실제 OS/기기 검증 아님
time_format_resume,test/custom_alarm_panel_test.dart,one empty slot grows to five; deletion preserves other presets,PASS,,build/usb_audit_2026-09-30/time_format_resume.jsonl,로컬 자동검사; 실제 OS/기기 검증 아님
time_format_resume,test/alarm_time_format_test.dart,24-hour editor preserves all 24 hours and day offsets,PASS,,build/usb_audit_2026-09-30/time_format_resume.jsonl,로컬 자동검사; 실제 OS/기기 검증 아님
time_format_resume,test/alarm_time_format_test.dart,changing system format while editing preserves canonical time,PASS,,build/usb_audit_2026-09-30/time_format_resume.jsonl,로컬 자동검사; 실제 OS/기기 검증 아님
time_format_resume,test/alarm_time_format_test.dart,resume reads Android format when Flutter settings are stale,PASS,,build/usb_audit_2026-09-30/time_format_resume.jsonl,로컬 자동검사; 실제 OS/기기 검증 아님
time_format_resume,test/alarm_time_format_test.dart,tapping across noon and midnight converts exactly once,PASS,,build/usb_audit_2026-09-30/time_format_resume.jsonl,로컬 자동검사; 실제 OS/기기 검증 아님
time_format_resume,test/alarm_time_format_test.dart,both time formats fit phone and fold windows at larger text,PASS,,build/usb_audit_2026-09-30/time_format_resume.jsonl,로컬 자동검사; 실제 OS/기기 검증 아님
delete_all_regression,test/full_audit_critical_test.dart,AUD-A01 all-alarm deletion cancels fixed custom snoozed and keeps history,PASS,,build/usb_audit_2026-09-30/delete_all_regression.jsonl,로컬 자동검사; 실제 OS/기기 검증 아님
delete_all_regression,test/full_audit_critical_test.dart,AUD-A02 one-tap native scheduling failure rolls back row and creation log,PASS,,build/usb_audit_2026-09-30/delete_all_regression.jsonl,로컬 자동검사; 실제 OS/기기 검증 아님
delete_all_regression,test/full_audit_critical_test.dart,AUD-A01b schedule reset commits deletion before Native cancellation,PASS,,build/usb_audit_2026-09-30/delete_all_regression.jsonl,로컬 자동검사; 실제 OS/기기 검증 아님
delete_all_regression,test/full_audit_critical_test.dart,AUD-A01c failed all-delete transaction preserves rows templates and history,PASS,,build/usb_audit_2026-09-30/delete_all_regression.jsonl,로컬 자동검사; 실제 OS/기기 검증 아님
delete_all_regression,test/full_audit_critical_test.dart,AUD-A03 custom type change then delete preserves source log without fixed override,PASS,,build/usb_audit_2026-09-30/delete_all_regression.jsonl,로컬 자동검사; 실제 OS/기기 검증 아님
delete_all_regression,test/full_audit_critical_test.dart,AUD-B01 export includes only future custom plus permanent history,PASS,,build/usb_audit_2026-09-30/delete_all_regression.jsonl,로컬 자동검사; 실제 OS/기기 검증 아님
delete_all_regression,test/full_audit_critical_test.dart,AUD-B02 rejects normalized invalid backup date 2030-02-30T07:00:00 before any mutation,PASS,,build/usb_audit_2026-09-30/delete_all_regression.jsonl,로컬 자동검사; 실제 OS/기기 검증 아님
delete_all_regression,test/full_audit_critical_test.dart,AUD-B02 rejects normalized invalid backup date 2030-13-01T07:00:00 before any mutation,PASS,,build/usb_audit_2026-09-30/delete_all_regression.jsonl,로컬 자동검사; 실제 OS/기기 검증 아님
delete_all_regression,test/full_audit_critical_test.dart,AUD-B02 rejects normalized invalid backup date 2030-01-01T24:00:00 before any mutation,PASS,,build/usb_audit_2026-09-30/delete_all_regression.jsonl,로컬 자동검사; 실제 OS/기기 검증 아님
delete_all_regression,test/full_audit_critical_test.dart,AUD-B02 rejects normalized invalid backup date 2030-01-01T07:60:00 before any mutation,PASS,,build/usb_audit_2026-09-30/delete_all_regression.jsonl,로컬 자동검사; 실제 OS/기기 검증 아님
delete_all_regression,test/full_audit_critical_test.dart,AUD-B02 rejects normalized invalid backup date 2030-01-01T07:00:60 before any mutation,PASS,,build/usb_audit_2026-09-30/delete_all_regression.jsonl,로컬 자동검사; 실제 OS/기기 검증 아님
delete_all_regression,test/full_audit_critical_test.dart,AUD-B03 invalid assigned day is rejected instead of normalized,PASS,,build/usb_audit_2026-09-30/delete_all_regression.jsonl,로컬 자동검사; 실제 OS/기기 검증 아님
delete_all_regression,test/full_audit_critical_test.dart,AUD-B16 valid calendar and DST wall time stays restorable 2032-02-29T07:00:00,PASS,,build/usb_audit_2026-09-30/delete_all_regression.jsonl,로컬 자동검사; 실제 OS/기기 검증 아님
delete_all_regression,test/full_audit_critical_test.dart,AUD-B16 valid calendar and DST wall time stays restorable 2030-02-28T23:59:59.123456,PASS,,build/usb_audit_2026-09-30/delete_all_regression.jsonl,로컬 자동검사; 실제 OS/기기 검증 아님
delete_all_regression,test/full_audit_critical_test.dart,AUD-B16 valid calendar and DST wall time stays restorable 2026-03-08T02:30:00,PASS,,build/usb_audit_2026-09-30/delete_all_regression.jsonl,로컬 자동검사; 실제 OS/기기 검증 아님
delete_all_regression,test/full_audit_critical_test.dart,AUD-B16 valid calendar and DST wall time stays restorable 2026-11-01T01:30:00,PASS,,build/usb_audit_2026-09-30/delete_all_regression.jsonl,로컬 자동검사; 실제 OS/기기 검증 아님
delete_all_regression,test/full_audit_critical_test.dart,AUD-B14 backup rejects non-custom fixed before OS changes,PASS,,build/usb_audit_2026-09-30/delete_all_regression.jsonl,로컬 자동검사; 실제 OS/기기 검증 아님
delete_all_regression,test/full_audit_critical_test.dart,AUD-B14 backup rejects non-custom snoozed before OS changes,PASS,,build/usb_audit_2026-09-30/delete_all_regression.jsonl,로컬 자동검사; 실제 OS/기기 검증 아님
delete_all_regression,test/full_audit_critical_test.dart,AUD-B14 backup rejects unknown alarm type before OS changes,PASS,,build/usb_audit_2026-09-30/delete_all_regression.jsonl,로컬 자동검사; 실제 OS/기기 검증 아님
delete_all_regression,test/full_audit_critical_test.dart,AUD-B14 backup rejects invalid clock before OS changes,PASS,,build/usb_audit_2026-09-30/delete_all_regression.jsonl,로컬 자동검사; 실제 OS/기기 검증 아님
delete_all_regression,test/full_audit_critical_test.dart,AUD-B14 backup rejects invalid column before OS changes,PASS,,build/usb_audit_2026-09-30/delete_all_regression.jsonl,로컬 자동검사; 실제 OS/기기 검증 아님
delete_all_regression,test/full_audit_critical_test.dart,AUD-B14 backup rejects invalid column type before OS changes,PASS,,build/usb_audit_2026-09-30/delete_all_regression.jsonl,로컬 자동검사; 실제 OS/기기 검증 아님
delete_all_regression,test/full_audit_critical_test.dart,AUD-B14 backup rejects incomplete preset link before OS changes,PASS,,build/usb_audit_2026-09-30/delete_all_regression.jsonl,로컬 자동검사; 실제 OS/기기 검증 아님
delete_all_regression,test/full_audit_critical_test.dart,AUD-B14 backup rejects preset outside five slots before OS changes,PASS,,build/usb_audit_2026-09-30/delete_all_regression.jsonl,로컬 자동검사; 실제 OS/기기 검증 아님
delete_all_regression,test/full_audit_critical_test.dart,AUD-B04 restore preserves local snooze on colliding backup ID and keeps local share intent,PASS,,build/usb_audit_2026-09-30/delete_all_regression.jsonl,로컬 자동검사; 실제 OS/기기 검증 아님
delete_all_regression,test/full_audit_critical_test.dart,AUD-B05 restoreClearOs failure retains resumable job and retry converges,PASS,,build/usb_audit_2026-09-30/delete_all_regression.jsonl,로컬 자동검사; 실제 OS/기기 검증 아님
delete_all_regression,test/full_audit_critical_test.dart,AUD-B05 restoreReconcileOs failure retains resumable job and retry converges,PASS,,build/usb_audit_2026-09-30/delete_all_regression.jsonl,로컬 자동검사; 실제 OS/기기 검증 아님
delete_all_regression,test/full_audit_critical_test.dart,AUD-B06 ring epoch changes during restore rollback then retry without duplicate alarms,PASS,,build/usb_audit_2026-09-30/delete_all_regression.jsonl,로컬 자동검사; 실제 OS/기기 검증 아님
delete_all_regression,test/full_audit_critical_test.dart,AUD-B07 repeated ring epoch changes stop after bounded attempts and remain resumable,PASS,,build/usb_audit_2026-09-30/delete_all_regression.jsonl,로컬 자동검사; 실제 OS/기기 검증 아님
delete_all_regression,test/full_audit_critical_test.dart,AUD-B08 lost restore copy reconciles existing data and clears pending job,PASS,,build/usb_audit_2026-09-30/delete_all_regression.jsonl,로컬 자동검사; 실제 OS/기기 검증 아님
delete_all_regression,test/full_audit_critical_test.dart,AUD-B09 DB insertion failure rolls back all source tables and resumes,PASS,,build/usb_audit_2026-09-30/delete_all_regression.jsonl,로컬 자동검사; 실제 OS/기기 검증 아님
delete_all_regression,test/full_audit_critical_test.dart,AUD-B09b resume clears reservations recreated by failure recovery before replacing DB,PASS,,build/usb_audit_2026-09-30/delete_all_regression.jsonl,로컬 자동검사; 실제 OS/기기 검증 아님
delete_all_regression,test/full_audit_critical_test.dart,AUD-B10 automatic backup skips identical content but captures preference changes,PASS,,build/usb_audit_2026-09-30/delete_all_regression.jsonl,로컬 자동검사; 실제 OS/기기 검증 아님
delete_all_regression,test/full_audit_critical_test.dart,AUD-B11 failed manual write preserves last-success metadata and auto slot,PASS,,build/usb_audit_2026-09-30/delete_all_regression.jsonl,로컬 자동검사; 실제 OS/기기 검증 아님
delete_all_regression,test/full_audit_critical_test.dart,AUD-B12 simultaneous manual and auto requests drain both slots after changed data,PASS,,build/usb_audit_2026-09-30/delete_all_regression.jsonl,로컬 자동검사; 실제 OS/기기 검증 아님
delete_all_regression,test/full_audit_critical_test.dart,AUD-B13 same backup restored twice merges permanent history once,PASS,,build/usb_audit_2026-09-30/delete_all_regression.jsonl,로컬 자동검사; 실제 OS/기기 검증 아님
delete_all_regression,test/full_audit_critical_test.dart,AUD-B15 empty schedule and pending restore never overwrite automatic backup,PASS,,build/usb_audit_2026-09-30/delete_all_regression.jsonl,로컬 자동검사; 실제 OS/기기 검증 아님
delete_all_regression,test/full_audit_critical_test.dart,AUD-F01 100 offline friends retain cache and database counts after refresh rename delete,PASS,,build/usb_audit_2026-09-30/delete_all_regression.jsonl,로컬 자동검사; 실제 OS/기기 검증 아님
overtime_settings_layout,test/english_release_layout_test.dart,en_US settings release layout,PASS,,build/usb_audit_2026-09-30/overtime_settings_layout.jsonl,로컬 자동검사; 실제 OS/기기 검증 아님
overtime_settings_layout,test/english_release_layout_test.dart,en_US work_hours release layout,PASS,,build/usb_audit_2026-09-30/overtime_settings_layout.jsonl,로컬 자동검사; 실제 OS/기기 검증 아님
overtime_settings_layout,test/english_release_layout_test.dart,en_GB settings release layout,PASS,,build/usb_audit_2026-09-30/overtime_settings_layout.jsonl,로컬 자동검사; 실제 OS/기기 검증 아님
overtime_settings_layout,test/english_release_layout_test.dart,en_GB work_hours release layout,PASS,,build/usb_audit_2026-09-30/overtime_settings_layout.jsonl,로컬 자동검사; 실제 OS/기기 검증 아님
friend_density_safe_area,test/friend_list_density_test.dart,"100 friends scroll to last delete control with safe area Size(320.0, 640.0) scale 1.3",PASS,,build/usb_audit_2026-09-30/friend_density_safe_area.jsonl,로컬 자동검사; 실제 OS/기기 검증 아님
friend_density_safe_area,test/friend_list_density_test.dart,"100 friends scroll to last delete control with safe area Size(320.0, 640.0) scale 2.0",PASS,,build/usb_audit_2026-09-30/friend_density_safe_area.jsonl,로컬 자동검사; 실제 OS/기기 검증 아님
friend_density_safe_area,test/friend_list_density_test.dart,"100 friends scroll to last delete control with safe area Size(600.0, 800.0) scale 1.3",PASS,,build/usb_audit_2026-09-30/friend_density_safe_area.jsonl,로컬 자동검사; 실제 OS/기기 검증 아님
friend_density_safe_area,test/friend_list_density_test.dart,"100 friends scroll to last delete control with safe area Size(600.0, 800.0) scale 2.0",PASS,,build/usb_audit_2026-09-30/friend_density_safe_area.jsonl,로컬 자동검사; 실제 OS/기기 검증 아님
r2_date_alarm_popup_layout,test/english_release_layout_test.dart,en_US date_alarm_popup release layout,PASS,,build/usb_audit_2026-09-30/r2_date_alarm_popup_layout.jsonl,로컬 자동검사; 실제 OS/기기 검증 아님
r2_date_alarm_popup_layout,test/english_release_layout_test.dart,en_GB date_alarm_popup release layout,PASS,,build/usb_audit_2026-09-30/r2_date_alarm_popup_layout.jsonl,로컬 자동검사; 실제 OS/기기 검증 아님
native_final,com.hwani1103.shiftbell.AlarmDayOffsetPriorityTest,시각이 겹치지 않으면 당일과 전날 기여 알람이 둘 다 생성된다,PASS,,build/full_audit_2026-09-30/native_final/TEST-com.hwani1103.shiftbell.AlarmDayOffsetPriorityTest.xml,Robolectric/JVM; 실제 울림 전달 아님
native_final,com.hwani1103.shiftbell.AlarmDayOffsetPriorityTest,같은 시각에 당일 알람과 전날 기여 알람이 겹치면 당일이 우선한다,PASS,,build/full_audit_2026-09-30/native_final/TEST-com.hwani1103.shiftbell.AlarmDayOffsetPriorityTest.xml,Robolectric/JVM; 실제 울림 전달 아님
native_final,com.hwani1103.shiftbell.AlarmDayOffsetPriorityTest,미설정(패턴 없음) 근무는 알람을 만들지 않는다,PASS,,build/full_audit_2026-09-30/native_final/TEST-com.hwani1103.shiftbell.AlarmDayOffsetPriorityTest.xml,Robolectric/JVM; 실제 울림 전달 아님
native_final,com.hwani1103.shiftbell.AlarmDstTest,changingTimeZoneKeepsLocalClockAndChangesScheduledInstant,PASS,,build/full_audit_2026-09-30/native_final/TEST-com.hwani1103.shiftbell.AlarmDstTest.xml,Robolectric/JVM; 실제 울림 전달 아님
native_final,com.hwani1103.shiftbell.AlarmDstTest,gapCollisionProducesOneAlarmAndRepeatedHourUsesTheFutureOccurrence,PASS,,build/full_audit_2026-09-30/native_final/TEST-com.hwani1103.shiftbell.AlarmDstTest.xml,Robolectric/JVM; 실제 울림 전달 아님
native_final,com.hwani1103.shiftbell.AlarmDstTest,sharedFixturesAgreeAcrossGenerationStorageAndDayOffsets,PASS,,build/full_audit_2026-09-30/native_final/TEST-com.hwani1103.shiftbell.AlarmDstTest.xml,Robolectric/JVM; 실제 울림 전달 아님
native_final,com.hwani1103.shiftbell.AlarmRefreshEngineH2Test,대조군 - 아무 것도 실패하지 않으면 매일 알람이 정상 삽입된다,PASS,,build/full_audit_2026-09-30/native_final/TEST-com.hwani1103.shiftbell.AlarmRefreshEngineH2Test.xml,Robolectric/JVM; 실제 울림 전달 아님
native_final,com.hwani1103.shiftbell.AlarmRefreshEngineH2Test,원터치 알람이 먼저 있으면 같은 시각의 고정 알람은 생성하지 않는다,PASS,,build/full_audit_2026-09-30/native_final/TEST-com.hwani1103.shiftbell.AlarmRefreshEngineH2Test.xml,Robolectric/JVM; 실제 울림 전달 아님
native_final,com.hwani1103.shiftbell.AlarmRefreshEngineH2Test,H2 수정 - N번째 OS 알람 등록이 실패해도 DB 알람은 모두 남고 실패만 기록된다,PASS,,build/full_audit_2026-09-30/native_final/TEST-com.hwani1103.shiftbell.AlarmRefreshEngineH2Test.xml,Robolectric/JVM; 실제 울림 전달 아님
native_final,com.hwani1103.shiftbell.AlarmSnoozeDstTest,newYorkFirstHour,PASS,,build/full_audit_2026-09-30/native_final/TEST-com.hwani1103.shiftbell.AlarmSnoozeDstTest.xml,Robolectric/JVM; 실제 울림 전달 아님
native_final,com.hwani1103.shiftbell.AlarmSnoozeDstTest,ordinarySeoul,PASS,,build/full_audit_2026-09-30/native_final/TEST-com.hwani1103.shiftbell.AlarmSnoozeDstTest.xml,Robolectric/JVM; 실제 울림 전달 아님
native_final,com.hwani1103.shiftbell.AlarmSnoozeDstTest,sameClockDifferentOccurrenceDoesNotCollide,PASS,,build/full_audit_2026-09-30/native_final/TEST-com.hwani1103.shiftbell.AlarmSnoozeDstTest.xml,Robolectric/JVM; 실제 울림 전달 아님
native_final,com.hwani1103.shiftbell.AlarmSnoozeDstTest,londonClockBack,PASS,,build/full_audit_2026-09-30/native_final/TEST-com.hwani1103.shiftbell.AlarmSnoozeDstTest.xml,Robolectric/JVM; 실제 울림 전달 아님
native_final,com.hwani1103.shiftbell.AlarmSnoozeDstTest,newYorkClockBack,PASS,,build/full_audit_2026-09-30/native_final/TEST-com.hwani1103.shiftbell.AlarmSnoozeDstTest.xml,Robolectric/JVM; 실제 울림 전달 아님
native_final,com.hwani1103.shiftbell.AlarmSnoozeDstTest,springJump,PASS,,build/full_audit_2026-09-30/native_final/TEST-com.hwani1103.shiftbell.AlarmSnoozeDstTest.xml,Robolectric/JVM; 실제 울림 전달 아님
native_final,com.hwani1103.shiftbell.AlarmSnoozeDstTest,londonFirstHour,PASS,,build/full_audit_2026-09-30/native_final/TEST-com.hwani1103.shiftbell.AlarmSnoozeDstTest.xml,Robolectric/JVM; 실제 울림 전달 아님
native_final,com.hwani1103.shiftbell.AlarmSnoozeDstTest,sameInstantDifferentOffsetStillCollides,PASS,,build/full_audit_2026-09-30/native_final/TEST-com.hwani1103.shiftbell.AlarmSnoozeDstTest.xml,Robolectric/JVM; 실제 울림 전달 아님
native_final,com.hwani1103.shiftbell.BackupFileNamingTest,classify_newLegacyAndForeign,PASS,,build/full_audit_2026-09-30/native_final/TEST-com.hwani1103.shiftbell.BackupFileNamingTest.xml,Robolectric/JVM; 실제 울림 전달 아님
native_final,com.hwani1103.shiftbell.BackupFileNamingTest,manualWrite_deletesOnlyOtherManual,PASS,,build/full_audit_2026-09-30/native_final/TEST-com.hwani1103.shiftbell.BackupFileNamingTest.xml,Robolectric/JVM; 실제 울림 전달 아님
native_final,com.hwani1103.shiftbell.BackupFileNamingTest,channelArg_defaultsToAuto,PASS,,build/full_audit_2026-09-30/native_final/TEST-com.hwani1103.shiftbell.BackupFileNamingTest.xml,Robolectric/JVM; 실제 울림 전달 아님
native_final,com.hwani1103.shiftbell.BackupFileNamingTest,autoWrite_deletesOtherAutoAndLegacy_neverManual,PASS,,build/full_audit_2026-09-30/native_final/TEST-com.hwani1103.shiftbell.BackupFileNamingTest.xml,Robolectric/JVM; 실제 울림 전달 아님
native_final,com.hwani1103.shiftbell.BackupFileNamingTest,displayName_hasKindAndSeconds,PASS,,build/full_audit_2026-09-30/native_final/TEST-com.hwani1103.shiftbell.BackupFileNamingTest.xml,Robolectric/JVM; 실제 울림 전달 아님
native_final,com.hwani1103.shiftbell.BackupFileReaderTest,버퍼보다 큰 정상 파일도 끝까지 읽는다,PASS,,build/full_audit_2026-09-30/native_final/TEST-com.hwani1103.shiftbell.BackupFileReaderTest.xml,Robolectric/JVM; 실제 울림 전달 아님
native_final,com.hwani1103.shiftbell.BackupFileReaderTest,상한을 1바이트라도 넘으면 null,PASS,,build/full_audit_2026-09-30/native_final/TEST-com.hwani1103.shiftbell.BackupFileReaderTest.xml,Robolectric/JVM; 실제 울림 전달 아님
native_final,com.hwani1103.shiftbell.BackupFileReaderTest,상한 이하는 그대로 읽는다 - 한글 포함,PASS,,build/full_audit_2026-09-30/native_final/TEST-com.hwani1103.shiftbell.BackupFileReaderTest.xml,Robolectric/JVM; 실제 울림 전달 아님
native_final,com.hwani1103.shiftbell.CoverAlarmFlexWindowTest,flexWindowControlsAvoidCutoutAndHiddenBarsAcrossZoomAndFontSizes,PASS,,build/full_audit_2026-09-30/native_final/TEST-com.hwani1103.shiftbell.CoverAlarmFlexWindowTest.xml,Robolectric/JVM; 실제 울림 전달 아님
native_final,com.hwani1103.shiftbell.CoverAlarmLayoutTest,controlsStayInsideSmallAndLargeCoverWindows,PASS,,build/full_audit_2026-09-30/native_final/TEST-com.hwani1103.shiftbell.CoverAlarmLayoutTest.xml,Robolectric/JVM; 실제 울림 전달 아님
native_final,com.hwani1103.shiftbell.CoverAlarmNotificationTest,staleCoverCannotReplaceNewRingNotification,PASS,,build/full_audit_2026-09-30/native_final/TEST-com.hwani1103.shiftbell.CoverAlarmNotificationTest.xml,Robolectric/JVM; 실제 울림 전달 아님
native_final,com.hwani1103.shiftbell.CoverAlarmNotificationTest,quietCoverKeepsActionsAndUnfoldRestoresOriginalChannelWithoutLaunchingAgain,PASS,,build/full_audit_2026-09-30/native_final/TEST-com.hwani1103.shiftbell.CoverAlarmNotificationTest.xml,Robolectric/JVM; 실제 울림 전달 아님
native_final,com.hwani1103.shiftbell.DiagLogTest,한 줄 형식 - 줄바꿈과 구분자는 공백으로,PASS,,build/full_audit_2026-09-30/native_final/TEST-com.hwani1103.shiftbell.DiagLogTest.xml,Robolectric/JVM; 실제 울림 전달 아님
native_final,com.hwani1103.shiftbell.DiagLogTest,두 파일을 번갈아 써서 총량이 상한을 넘지 않고 최근 기록은 남는다,PASS,,build/full_audit_2026-09-30/native_final/TEST-com.hwani1103.shiftbell.DiagLogTest.xml,Robolectric/JVM; 실제 울림 전달 아님
native_final,com.hwani1103.shiftbell.EnglishReleaseTest,sleepWidgetCanBeHiddenAndRestoredWithoutDisablingTheCalendar,PASS,,build/full_audit_2026-09-30/native_final/TEST-com.hwani1103.shiftbell.EnglishReleaseTest.xml,Robolectric/JVM; 실제 울림 전달 아님
native_final,com.hwani1103.shiftbell.EnglishReleaseTest,weekdayOrderAndRemovedFeaturesFollowTheAppLocale,PASS,,build/full_audit_2026-09-30/native_final/TEST-com.hwani1103.shiftbell.EnglishReleaseTest.xml,Robolectric/JVM; 실제 울림 전달 아님
native_final,com.hwani1103.shiftbell.EnglishReleaseTest,calendarWidgetPreviewsUseEnglishAndBoundedShiftText,PASS,,build/full_audit_2026-09-30/native_final/TEST-com.hwani1103.shiftbell.EnglishReleaseTest.xml,Robolectric/JVM; 실제 울림 전달 아님
native_final,com.hwani1103.shiftbell.G0NativeMigrationTest,friendRollback_v16_failureAfterV17Drop_restoresOldFriends,PASS,,build/full_audit_2026-09-30/native_final/TEST-com.hwani1103.shiftbell.G0NativeMigrationTest.xml,Robolectric/JVM; 실제 울림 전달 아님
native_final,com.hwani1103.shiftbell.G0NativeMigrationTest,nativeNew_noFile_returnsNull_andDoesNotCreateFile,PASS,,build/full_audit_2026-09-30/native_final/TEST-com.hwani1103.shiftbell.G0NativeMigrationTest.xml,Robolectric/JVM; 실제 울림 전달 아님
native_final,com.hwani1103.shiftbell.G0NativeMigrationTest,alterFail_repair_propagates_andRollsBackOtherRepairs,PASS,,build/full_audit_2026-09-30/native_final/TEST-com.hwani1103.shiftbell.G0NativeMigrationTest.xml,Robolectric/JVM; 실제 울림 전달 아님
native_final,com.hwani1103.shiftbell.G0NativeMigrationTest,ruleCases_sharedWithDart,PASS,,build/full_audit_2026-09-30/native_final/TEST-com.hwani1103.shiftbell.G0NativeMigrationTest.xml,Robolectric/JVM; 실제 울림 전달 아님
native_final,com.hwani1103.shiftbell.G0NativeMigrationTest,versionZero_existingFile_nativeDoesNotCreateSchema,PASS,,build/full_audit_2026-09-30/native_final/TEST-com.hwani1103.shiftbell.G0NativeMigrationTest.xml,Robolectric/JVM; 실제 울림 전달 아님
native_final,com.hwani1103.shiftbell.G0NativeMigrationTest,onUpgrade_rereadsVersionInsideLock,PASS,,build/full_audit_2026-09-30/native_final/TEST-com.hwani1103.shiftbell.G0NativeMigrationTest.xml,Robolectric/JVM; 실제 울림 전달 아님
native_final,com.hwani1103.shiftbell.G0NativeMigrationTest,assetPath_nativeLoadsSameScriptAsRepo_andUpgradesWithoutOverride,PASS,,build/full_audit_2026-09-30/native_final/TEST-com.hwani1103.shiftbell.G0NativeMigrationTest.xml,Robolectric/JVM; 실제 울림 전달 아님
native_final,com.hwani1103.shiftbell.G0NativeMigrationTest,futureVersion_26_gateSkips_andOnDowngradeThrows_versionAndDataUnchanged,PASS,,build/full_audit_2026-09-30/native_final/TEST-com.hwani1103.shiftbell.G0NativeMigrationTest.xml,Robolectric/JVM; 실제 울림 전달 아님
native_final,com.hwani1103.shiftbell.G0NativeMigrationTest,alterFail_migration_missingTable_isNotSkipped,PASS,,build/full_audit_2026-09-30/native_final/TEST-com.hwani1103.shiftbell.G0NativeMigrationTest.xml,Robolectric/JVM; 실제 울림 전달 아님
native_final,com.hwani1103.shiftbell.G0NativeMigrationTest,rollback_v12_failureAtV20_restoresEverything_thenRetrySucceeds,PASS,,build/full_audit_2026-09-30/native_final/TEST-com.hwani1103.shiftbell.G0NativeMigrationTest.xml,Robolectric/JVM; 실제 울림 전달 아님
native_final,com.hwani1103.shiftbell.G0NativeMigrationTest,missingColumn_stamped24_repairFillsSchema_keepsData,PASS,,build/full_audit_2026-09-30/native_final/TEST-com.hwani1103.shiftbell.G0NativeMigrationTest.xml,Robolectric/JVM; 실제 울림 전달 아님
native_final,com.hwani1103.shiftbell.G0NativeMigrationTest,migAll_reopen_v1toV23_matchExpectedDataAndReferenceSchema,PASS,,build/full_audit_2026-09-30/native_final/TEST-com.hwani1103.shiftbell.G0NativeMigrationTest.xml,Robolectric/JVM; 실제 울림 전달 아님
native_final,com.hwani1103.shiftbell.G0NativeMigrationTest,repairReject_oldFriendsStamped24_currentBehaviorRecorded,PASS,,build/full_audit_2026-09-30/native_final/TEST-com.hwani1103.shiftbell.G0NativeMigrationTest.xml,Robolectric/JVM; 실제 울림 전달 아님
native_final,com.hwani1103.shiftbell.G1GenerationEngineTest,#26 P1 - 정책 버전은 갱신이 성공한 뒤에만 기록되고 낮으면 오늘 갱신했어도 강제 갱신을 트리거한다,PASS,,build/full_audit_2026-09-30/native_final/TEST-com.hwani1103.shiftbell.G1GenerationEngineTest.xml,Robolectric/JVM; 실제 울림 전달 아님
native_final,com.hwani1103.shiftbell.G1GenerationEngineTest,#26 멱등 - 같은 입력으로 두 번 갱신해도 추가·삭제·이력이 없고 ID가 그대로다,PASS,,build/full_audit_2026-09-30/native_final/TEST-com.hwani1103.shiftbell.G1GenerationEngineTest.xml,Robolectric/JVM; 실제 울림 전달 아님
native_final,com.hwani1103.shiftbell.G1GenerationEngineTest,#31 엔진 경로에서도 skip·set_type 예외가 적용된다,PASS,,build/full_audit_2026-09-30/native_final/TEST-com.hwani1103.shiftbell.G1GenerationEngineTest.xml,Robolectric/JVM; 실제 울림 전달 아님
native_final,com.hwani1103.shiftbell.G1GenerationEngineTest,DST repeated hour preserves existing IDs and reschedules future local alarms,PASS,,build/full_audit_2026-09-30/native_final/TEST-com.hwani1103.shiftbell.G1GenerationEngineTest.xml,Robolectric/JVM; 실제 울림 전달 아님
native_final,com.hwani1103.shiftbell.G1GenerationEngineTest,D11 - 슬롯 시각이 30일 이상 지난 예외만 정리하고 이력 테이블은 건드리지 않는다,PASS,,build/full_audit_2026-09-30/native_final/TEST-com.hwani1103.shiftbell.G1GenerationEngineTest.xml,Robolectric/JVM; 실제 울림 전달 아님
native_final,com.hwani1103.shiftbell.G1GenerationEngineTest,T11-03 같은 시각과 타입이어도 day_offset이 바뀌면 원점 metadata를 갱신한다,PASS,,build/full_audit_2026-09-30/native_final/TEST-com.hwani1103.shiftbell.G1GenerationEngineTest.xml,Robolectric/JVM; 실제 울림 전달 아님
native_final,com.hwani1103.shiftbell.G1GenerationEngineTest,#26 불규칙 - 창 밖 배정의 창 안 기여까지 엔진이 알람을 만든다,PASS,,build/full_audit_2026-09-30/native_final/TEST-com.hwani1103.shiftbell.G1GenerationEngineTest.xml,Robolectric/JVM; 실제 울림 전달 아님
native_final,com.hwani1103.shiftbell.G1GenerationEngineTest,#26 템플릿 0개면 옛 fixed만 정리하고 custom·snoozed·울리는 알람은 보존한다,PASS,,build/full_audit_2026-09-30/native_final/TEST-com.hwani1103.shiftbell.G1GenerationEngineTest.xml,Robolectric/JVM; 실제 울림 전달 아님
native_final,com.hwani1103.shiftbell.G1GenerationEngineTest,#26 템플릿 조회 실패는 빈 결과로 바꾸지 않고 전파되며 아무것도 바꾸지 않는다,PASS,,build/full_audit_2026-09-30/native_final/TEST-com.hwani1103.shiftbell.G1GenerationEngineTest.xml,Robolectric/JVM; 실제 울림 전달 아님
native_final,com.hwani1103.shiftbell.G1GenerationFixtureTest,#26 #31 생성 계산이 독립 fixture 기대값과 같다,PASS,,build/full_audit_2026-09-30/native_final/TEST-com.hwani1103.shiftbell.G1GenerationFixtureTest.xml,Robolectric/JVM; 실제 울림 전달 아님
native_final,com.hwani1103.shiftbell.G1LocaleTest,#17 기기 로케일과 무관하게 불규칙 배정일 조회와 생성 문자열이 fixture와 같다,PASS,,build/full_audit_2026-09-30/native_final/TEST-com.hwani1103.shiftbell.G1LocaleTest.xml,Robolectric/JVM; 실제 울림 전달 아님
native_final,com.hwani1103.shiftbell.G1LocaleTest,#17 스누즈가 저장한 날짜와 수신 판정 파싱이 기기 로케일과 무관하다,PASS,,build/full_audit_2026-09-30/native_final/TEST-com.hwani1103.shiftbell.G1LocaleTest.xml,Robolectric/JVM; 실제 울림 전달 아님
native_final,com.hwani1103.shiftbell.G1RingRoundTest,#4 울리는 즉시 끄기·5분 후 버튼과 전체화면 인텐트를 가진 유지형 제어 알림이 이 회차로 게시된다,PASS,,build/full_audit_2026-09-30/native_final/TEST-com.hwani1103.shiftbell.G1RingRoundTest.xml,Robolectric/JVM; 실제 울림 전달 아님
native_final,com.hwani1103.shiftbell.G1RingRoundTest,#3 수신 - 울리는 순간 회차 종료가 예약되고 같은 알람 중복 수신이면 이전 회차 예약을 거둬들인다,PASS,,build/full_audit_2026-09-30/native_final/TEST-com.hwani1103.shiftbell.G1RingRoundTest.xml,Robolectric/JVM; 실제 울림 전달 아님
native_final,com.hwani1103.shiftbell.G1RingRoundTest,#3 회차 정보 없는 알림 끄기 요청은 울리는 알람을 끄지 않는다,PASS,,build/full_audit_2026-09-30/native_final/TEST-com.hwani1103.shiftbell.G1RingRoundTest.xml,Robolectric/JVM; 실제 울림 전달 아님
native_final,com.hwani1103.shiftbell.G1RingRoundTest,#23 재생 준비가 실패한 MediaPlayer는 해제된다,PASS,,build/full_audit_2026-09-30/native_final/TEST-com.hwani1103.shiftbell.G1RingRoundTest.xml,Robolectric/JVM; 실제 울림 전달 아님
native_final,com.hwani1103.shiftbell.G1RingRoundTest,#3 회차는 폐기 후에도 계속 증가하고 지난 회차 종료 요청은 새 회차를 끄지 못한다,PASS,,build/full_audit_2026-09-30/native_final/TEST-com.hwani1103.shiftbell.G1RingRoundTest.xml,Robolectric/JVM; 실제 울림 전달 아님
native_final,com.hwani1103.shiftbell.G1RingRoundTest,5분 후 같은 분에 다른 알람이 있으면 스누즈 대신 현재 알람을 종료한다,PASS,,build/full_audit_2026-09-30/native_final/TEST-com.hwani1103.shiftbell.G1RingRoundTest.xml,Robolectric/JVM; 실제 울림 전달 아님
native_final,com.hwani1103.shiftbell.G1RingRoundTest,T11-06 진동 알람 뒤 무음 알람으로 인계하면 이전 진동을 즉시 끈다,PASS,,build/full_audit_2026-09-30/native_final/TEST-com.hwani1103.shiftbell.G1RingRoundTest.xml,Robolectric/JVM; 실제 울림 전달 아님
native_final,com.hwani1103.shiftbell.G1RingRoundTest,#3 commit이 계속 실패해도 ID만 비교하지 않고 메모리 회차로 판정한다,PASS,,build/full_audit_2026-09-30/native_final/TEST-com.hwani1103.shiftbell.G1RingRoundTest.xml,Robolectric/JVM; 실제 울림 전달 아님
native_final,com.hwani1103.shiftbell.G1RingRoundTest,#3 종료 예약은 지난 회차면 무시하고 현재 회차만 timeout 이력 1건으로 끝낸다,PASS,,build/full_audit_2026-09-30/native_final/TEST-com.hwani1103.shiftbell.G1RingRoundTest.xml,Robolectric/JVM; 실제 울림 전달 아님
native_final,com.hwani1103.shiftbell.G1RingRoundTest,"#4 제어 알림 끄기 - swiped 이력 1건과 행 삭제, 제어 알림 제거",PASS,,build/full_audit_2026-09-30/native_final/TEST-com.hwani1103.shiftbell.G1RingRoundTest.xml,Robolectric/JVM; 실제 울림 전달 아님
native_final,com.hwani1103.shiftbell.G1RingRoundTest,#4 제어 알림 5분 후 - 지난 회차는 무시하고 현재 회차만 스누즈하며 제어 알림을 지운다,PASS,,build/full_audit_2026-09-30/native_final/TEST-com.hwani1103.shiftbell.G1RingRoundTest.xml,Robolectric/JVM; 실제 울림 전달 아님
native_final,com.hwani1103.shiftbell.G1RingRoundTest,#23 재생에 성공한 MediaPlayer는 유지되다가 stopAlarm에서 해제된다,PASS,,build/full_audit_2026-09-30/native_final/TEST-com.hwani1103.shiftbell.G1RingRoundTest.xml,Robolectric/JVM; 실제 울림 전달 아님
native_final,com.hwani1103.shiftbell.G1RingRoundTest,#3 프로세스 재시작 뒤에도 저장된 회차로 이어가고 이전 버전의 ID만 있는 값은 회차 0으로 읽는다,PASS,,build/full_audit_2026-09-30/native_final/TEST-com.hwani1103.shiftbell.G1RingRoundTest.xml,Robolectric/JVM; 실제 울림 전달 아님
native_final,com.hwani1103.shiftbell.G1RingRoundTest,#14 다른 알람을 삭제하면 울리는 알람은 그대로 - 같은 알람일 때만 울림 종료,PASS,,build/full_audit_2026-09-30/native_final/TEST-com.hwani1103.shiftbell.G1RingRoundTest.xml,Robolectric/JVM; 실제 울림 전달 아님
native_final,com.hwani1103.shiftbell.G1RingRoundTest,#3 수신 - 다른 알람이 도착하면 이전 회차를 관문으로 끝내 인계 이력 1건과 새 회차 예약만 남긴다,PASS,,build/full_audit_2026-09-30/native_final/TEST-com.hwani1103.shiftbell.G1RingRoundTest.xml,Robolectric/JVM; 실제 울림 전달 아님
native_final,com.hwani1103.shiftbell.G1ScheduleNotifyTest,#5 행이 없거나 알림이 꺼졌거나 탭을 숨겼으면 표시하지 않는다,PASS,,build/full_audit_2026-09-30/native_final/TEST-com.hwani1103.shiftbell.G1ScheduleNotifyTest.xml,Robolectric/JVM; 실제 울림 전달 아님
native_final,com.hwani1103.shiftbell.G1ScheduleNotifyTest,#5 예정 시각이 DB와 같으면 Intent의 옛 내용이 아니라 DB 내용으로 표시한다,PASS,,build/full_audit_2026-09-30/native_final/TEST-com.hwani1103.shiftbell.G1ScheduleNotifyTest.xml,Robolectric/JVM; 실제 울림 전달 아님
native_final,com.hwani1103.shiftbell.G1ScheduleNotifyTest,#5 앱 시작 동기화 - 값이 바뀔 때만 예약을 거두거나 되살린다,PASS,,build/full_audit_2026-09-30/native_final/TEST-com.hwani1103.shiftbell.G1ScheduleNotifyTest.xml,Robolectric/JVM; 실제 울림 전달 아님
native_final,com.hwani1103.shiftbell.G1ScheduleNotifyTest,#10 시간대 변경 수신 시 일정 알림을 DB 기준으로 다시 걸고 지난 일정의 옛 예약은 지운다,PASS,,build/full_audit_2026-09-30/native_final/TEST-com.hwani1103.shiftbell.G1ScheduleNotifyTest.xml,Robolectric/JVM; 실제 울림 전달 아님
native_final,com.hwani1103.shiftbell.G1ScheduleNotifyTest,V6 정확한 알람 권한 상태 변경 - 허용이 아니면 재조정하지 않고 허용이면 같은 재조정을 한다,PASS,,build/full_audit_2026-09-30/native_final/TEST-com.hwani1103.shiftbell.G1ScheduleNotifyTest.xml,Robolectric/JVM; 실제 울림 전달 아님
native_final,com.hwani1103.shiftbell.G1ScheduleNotifyTest,V6 앱 업데이트 수신 시 기상 알람 실패 목록과 일정 알림을 다시 맞춘다,PASS,,build/full_audit_2026-09-30/native_final/TEST-com.hwani1103.shiftbell.G1ScheduleNotifyTest.xml,Robolectric/JVM; 실제 울림 전달 아님
native_final,com.hwani1103.shiftbell.G1ScheduleNotifyTest,#5 같은 일정의 시각을 바꾼 뒤 옛 예약이 오면 표시하지 않고 새 시각으로 다시 예약한다,PASS,,build/full_audit_2026-09-30/native_final/TEST-com.hwani1103.shiftbell.G1ScheduleNotifyTest.xml,Robolectric/JVM; 실제 울림 전달 아님
native_final,com.hwani1103.shiftbell.G1ScheduleNotifyTest,#5 탭을 숨긴 상태면 재부팅 재예약과 신규 예약이 아무것도 걸지 않는다,PASS,,build/full_audit_2026-09-30/native_final/TEST-com.hwani1103.shiftbell.G1ScheduleNotifyTest.xml,Robolectric/JVM; 실제 울림 전달 아님
native_final,com.hwani1103.shiftbell.G1ScheduleNotifyTest,T11-02 예정 시각 extra가 없는 옛 예약은 DB 트리거가 지났어도 표시하지 않는다,PASS,,build/full_audit_2026-09-30/native_final/TEST-com.hwani1103.shiftbell.G1ScheduleNotifyTest.xml,Robolectric/JVM; 실제 울림 전달 아님
native_final,com.hwani1103.shiftbell.G1ScheduleResultTest,#13 예약에 성공하면 true를 돌려주고 실제로 예약된다,PASS,,build/full_audit_2026-09-30/native_final/TEST-com.hwani1103.shiftbell.G1ScheduleResultTest.xml,Robolectric/JVM; 실제 울림 전달 아님
native_final,com.hwani1103.shiftbell.G1ScheduleResultTest,#13 정확한 알람 권한이 없어 OS가 거부하면 false를 돌려준다,PASS,,build/full_audit_2026-09-30/native_final/TEST-com.hwani1103.shiftbell.G1ScheduleResultTest.xml,Robolectric/JVM; 실제 울림 전달 아님
native_final,com.hwani1103.shiftbell.G1WakeSyncTest,#27 수신 - 옛 예약이 늦게 도착했고 DB 시각이 미래면 울리지 않고 DB 시각으로 재예약한다,PASS,,build/full_audit_2026-09-30/native_final/TEST-com.hwani1103.shiftbell.G1WakeSyncTest.xml,Robolectric/JVM; 실제 울림 전달 아님
native_final,com.hwani1103.shiftbell.G1WakeSyncTest,#27 수신 - 예정 시각이 DB 행과 같으면 울린다,PASS,,build/full_audit_2026-09-30/native_final/TEST-com.hwani1103.shiftbell.G1WakeSyncTest.xml,Robolectric/JVM; 실제 울림 전달 아님
native_final,com.hwani1103.shiftbell.G1WakeSyncTest,C-01 DB 없는 dismiss도 사용자가 명시적으로 끈 OS 예약을 취소한다,PASS,,build/full_audit_2026-09-30/native_final/TEST-com.hwani1103.shiftbell.G1WakeSyncTest.xml,Robolectric/JVM; 실제 울림 전달 아님
native_final,com.hwani1103.shiftbell.G1WakeSyncTest,#27 수신 - 예정 시각 extra가 없는 수정 이전 예약은 행이 있으면 울린다,PASS,,build/full_audit_2026-09-30/native_final/TEST-com.hwani1103.shiftbell.G1WakeSyncTest.xml,Robolectric/JVM; 실제 울림 전달 아님
native_final,com.hwani1103.shiftbell.G1WakeSyncTest,#27 예약 재확인 - 행이 없거나 시각이 바뀌었으면 버리고 같을 때만 예약한다,PASS,,build/full_audit_2026-09-30/native_final/TEST-com.hwani1103.shiftbell.G1WakeSyncTest.xml,Robolectric/JVM; 실제 울림 전달 아님
native_final,com.hwani1103.shiftbell.G1WakeSyncTest,#27 재부팅 경로와 다른 경로가 같은 알람을 예약해도 OS 예약은 하나다(재부팅 중복 수신 재현),PASS,,build/full_audit_2026-09-30/native_final/TEST-com.hwani1103.shiftbell.G1WakeSyncTest.xml,Robolectric/JVM; 실제 울림 전달 아님
native_final,com.hwani1103.shiftbell.G1WakeSyncTest,#27 수신 - 예정 시각이 달라도 DB 시각이 이미 지났으면 늦게라도 울린다,PASS,,build/full_audit_2026-09-30/native_final/TEST-com.hwani1103.shiftbell.G1WakeSyncTest.xml,Robolectric/JVM; 실제 울림 전달 아님
native_final,com.hwani1103.shiftbell.G1WakeSyncTest,#27 OS 예약 실패는 기록되고 다음 재시도에서 DB 기준으로 예약된 뒤 기록이 지워진다,PASS,,build/full_audit_2026-09-30/native_final/TEST-com.hwani1103.shiftbell.G1WakeSyncTest.xml,Robolectric/JVM; 실제 울림 전달 아님
native_final,com.hwani1103.shiftbell.G1WakeSyncTest,T11-04 취소 전 DB 재조회 실패는 기존 snooze 예약을 보존한다,PASS,,build/full_audit_2026-09-30/native_final/TEST-com.hwani1103.shiftbell.G1WakeSyncTest.xml,Robolectric/JVM; 실제 울림 전달 아님
native_final,com.hwani1103.shiftbell.G1WakeSyncTest,#27 수신 - DB에 행이 없으면 울리지 않는다,PASS,,build/full_audit_2026-09-30/native_final/TEST-com.hwani1103.shiftbell.G1WakeSyncTest.xml,Robolectric/JVM; 실제 울림 전달 아님
native_final,com.hwani1103.shiftbell.G1WakeSyncTest,#27 취소 재확인 - 행이 없으면 항상 취소하고 행이 남아 있으면 DB 시각으로 재예약한다,PASS,,build/full_audit_2026-09-30/native_final/TEST-com.hwani1103.shiftbell.G1WakeSyncTest.xml,Robolectric/JVM; 실제 울림 전달 아님
native_final,com.hwani1103.shiftbell.G1WakeSyncTest,C-02 예약 전 DB를 확인할 수 없어도 예약하고 실패 ID를 남긴다,PASS,,build/full_audit_2026-09-30/native_final/TEST-com.hwani1103.shiftbell.G1WakeSyncTest.xml,Robolectric/JVM; 실제 울림 전달 아님
native_final,com.hwani1103.shiftbell.G6CrossReviewTest,carryStateKeepsEndingIdUntilTransitionFinishes,PASS,,build/full_audit_2026-09-30/native_final/TEST-com.hwani1103.shiftbell.G6CrossReviewTest.xml,Robolectric/JVM; 실제 울림 전달 아님
native_final,com.hwani1103.shiftbell.G6CrossReviewTest,legacyIntentWithoutRoundMapsOnlyToLegacyActiveRingOfSameId,PASS,,build/full_audit_2026-09-30/native_final/TEST-com.hwani1103.shiftbell.G6CrossReviewTest.xml,Robolectric/JVM; 실제 울림 전달 아님
native_final,com.hwani1103.shiftbell.G6CrossReviewTest,intentWithoutRoundNeverMapsToNewRound,PASS,,build/full_audit_2026-09-30/native_final/TEST-com.hwani1103.shiftbell.G6CrossReviewTest.xml,Robolectric/JVM; 실제 울림 전달 아님
native_final,com.hwani1103.shiftbell.G6CrossReviewTest,ringSnapshotSaveReportsSecuredWhenAlreadyPresent,PASS,,build/full_audit_2026-09-30/native_final/TEST-com.hwani1103.shiftbell.G6CrossReviewTest.xml,Robolectric/JVM; 실제 울림 전달 아님
native_final,com.hwani1103.shiftbell.G6RecheckTest,overlappingAlarmAcquireKeepsFirstOriginalVolume,PASS,,build/full_audit_2026-09-30/native_final/TEST-com.hwani1103.shiftbell.G6RecheckTest.xml,Robolectric/JVM; 실제 울림 전달 아님
native_final,com.hwani1103.shiftbell.G6RecheckTest,previewEndingDuringRealAlarmDoesNotRestoreUntilAlarmEnds,PASS,,build/full_audit_2026-09-30/native_final/TEST-com.hwani1103.shiftbell.G6RecheckTest.xml,Robolectric/JVM; 실제 울림 전달 아님
native_final,com.hwani1103.shiftbell.G6RecheckTest,restartRunsOnlyWhenNoLiveRingInThisProcess,PASS,,build/full_audit_2026-09-30/native_final/TEST-com.hwani1103.shiftbell.G6RecheckTest.xml,Robolectric/JVM; 실제 울림 전달 아님
native_final,com.hwani1103.shiftbell.G6RecheckTest,ringDurationPrefersRestoreSnapshotOverDb,PASS,,build/full_audit_2026-09-30/native_final/TEST-com.hwani1103.shiftbell.G6RecheckTest.xml,Robolectric/JVM; 실제 울림 전달 아님
native_final,com.hwani1103.shiftbell.G6RecheckTest,activeRingLoadedFromPreviousProcessDoesNotBlockRestart,PASS,,build/full_audit_2026-09-30/native_final/TEST-com.hwani1103.shiftbell.G6RecheckTest.xml,Robolectric/JVM; 실제 울림 전달 아님
native_final,com.hwani1103.shiftbell.ScheduleNotificationSchedulerTest,N분 전 오프셋은 자정을 넘어 전날로 정확히 넘어간다(경계값),PASS,,build/full_audit_2026-09-30/native_final/TEST-com.hwani1103.shiftbell.ScheduleNotificationSchedulerTest.xml,Robolectric/JVM; 실제 울림 전달 아님
native_final,com.hwani1103.shiftbell.ScheduleNotificationSchedulerTest,자정 정각(0분) 일정도 정확히 계산된다,PASS,,build/full_audit_2026-09-30/native_final/TEST-com.hwani1103.shiftbell.ScheduleNotificationSchedulerTest.xml,Robolectric/JVM; 실제 울림 전달 아님
native_final,com.hwani1103.shiftbell.ScheduleNotificationSchedulerTest,22시대 알림 - 오프셋을 빼도 같은 날 안에서 정상 계산된다,PASS,,build/full_audit_2026-09-30/native_final/TEST-com.hwani1103.shiftbell.ScheduleNotificationSchedulerTest.xml,Robolectric/JVM; 실제 울림 전달 아님
native_final,com.hwani1103.shiftbell.ScheduleNotificationSchedulerTest,정시(오프셋 0)는 startMinutes 그대로 그날 자정 기준으로 계산된다,PASS,,build/full_audit_2026-09-30/native_final/TEST-com.hwani1103.shiftbell.ScheduleNotificationSchedulerTest.xml,Robolectric/JVM; 실제 울림 전달 아님
native_final,com.hwani1103.shiftbell.ScheduleNotificationSchedulerTest,날짜 형식이 잘못되면 예외 없이 null을 반환한다,PASS,,build/full_audit_2026-09-30/native_final/TEST-com.hwani1103.shiftbell.ScheduleNotificationSchedulerTest.xml,Robolectric/JVM; 실제 울림 전달 아님
native_final,com.hwani1103.shiftbell.ScheduleNotificationSchedulerTest,먼 미래 일정도 별도 기간 제한 없이 계산한다,PASS,,build/full_audit_2026-09-30/native_final/TEST-com.hwani1103.shiftbell.ScheduleNotificationSchedulerTest.xml,Robolectric/JVM; 실제 울림 전달 아님
r3_native_results,com.hwani1103.shiftbell.G1GenerationEngineTest,#26 P1 - 정책 버전은 갱신이 성공한 뒤에만 기록되고 낮으면 오늘 갱신했어도 강제 갱신을 트리거한다,PASS,,build/usb_audit_2026-09-30/r3_native_results/TEST-com.hwani1103.shiftbell.G1GenerationEngineTest.xml,Robolectric/JVM; 실제 울림 전달 아님
r3_native_results,com.hwani1103.shiftbell.G1GenerationEngineTest,alarmInsertFailureRollsBackRefresh,PASS,,build/usb_audit_2026-09-30/r3_native_results/TEST-com.hwani1103.shiftbell.G1GenerationEngineTest.xml,Robolectric/JVM; 실제 울림 전달 아님
r3_native_results,com.hwani1103.shiftbell.G1GenerationEngineTest,historyInsertFailureRollsBackRefresh,PASS,,build/usb_audit_2026-09-30/r3_native_results/TEST-com.hwani1103.shiftbell.G1GenerationEngineTest.xml,Robolectric/JVM; 실제 울림 전달 아님
r3_native_results,com.hwani1103.shiftbell.G1GenerationEngineTest,#26 멱등 - 같은 입력으로 두 번 갱신해도 추가·삭제·이력이 없고 ID가 그대로다,PASS,,build/usb_audit_2026-09-30/r3_native_results/TEST-com.hwani1103.shiftbell.G1GenerationEngineTest.xml,Robolectric/JVM; 실제 울림 전달 아님
r3_native_results,com.hwani1103.shiftbell.G1GenerationEngineTest,#31 엔진 경로에서도 skip·set_type 예외가 적용된다,PASS,,build/usb_audit_2026-09-30/r3_native_results/TEST-com.hwani1103.shiftbell.G1GenerationEngineTest.xml,Robolectric/JVM; 실제 울림 전달 아님
r3_native_results,com.hwani1103.shiftbell.G1GenerationEngineTest,DST repeated hour preserves existing IDs and reschedules future local alarms,PASS,,build/usb_audit_2026-09-30/r3_native_results/TEST-com.hwani1103.shiftbell.G1GenerationEngineTest.xml,Robolectric/JVM; 실제 울림 전달 아님
r3_native_results,com.hwani1103.shiftbell.G1GenerationEngineTest,D11 - 슬롯 시각이 30일 이상 지난 예외만 정리하고 이력 테이블은 건드리지 않는다,PASS,,build/usb_audit_2026-09-30/r3_native_results/TEST-com.hwani1103.shiftbell.G1GenerationEngineTest.xml,Robolectric/JVM; 실제 울림 전달 아님
r3_native_results,com.hwani1103.shiftbell.G1GenerationEngineTest,T11-03 같은 시각과 타입이어도 day_offset이 바뀌면 원점 metadata를 갱신한다,PASS,,build/usb_audit_2026-09-30/r3_native_results/TEST-com.hwani1103.shiftbell.G1GenerationEngineTest.xml,Robolectric/JVM; 실제 울림 전달 아님
r3_native_results,com.hwani1103.shiftbell.G1GenerationEngineTest,#26 불규칙 - 창 밖 배정의 창 안 기여까지 엔진이 알람을 만든다,PASS,,build/usb_audit_2026-09-30/r3_native_results/TEST-com.hwani1103.shiftbell.G1GenerationEngineTest.xml,Robolectric/JVM; 실제 울림 전달 아님
r3_native_results,com.hwani1103.shiftbell.G1GenerationEngineTest,#26 템플릿 0개면 옛 fixed만 정리하고 custom·snoozed·울리는 알람은 보존한다,PASS,,build/usb_audit_2026-09-30/r3_native_results/TEST-com.hwani1103.shiftbell.G1GenerationEngineTest.xml,Robolectric/JVM; 실제 울림 전달 아님
r3_native_results,com.hwani1103.shiftbell.G1GenerationEngineTest,creationLogInsertFailureRollsBackRefresh,PASS,,build/usb_audit_2026-09-30/r3_native_results/TEST-com.hwani1103.shiftbell.G1GenerationEngineTest.xml,Robolectric/JVM; 실제 울림 전달 아님
r3_native_results,com.hwani1103.shiftbell.G1GenerationEngineTest,#26 템플릿 조회 실패는 빈 결과로 바꾸지 않고 전파되며 아무것도 바꾸지 않는다,PASS,,build/usb_audit_2026-09-30/r3_native_results/TEST-com.hwani1103.shiftbell.G1GenerationEngineTest.xml,Robolectric/JVM; 실제 울림 전달 아님
firestore,t13_rules.test.mjs,"FS-01 소유자 본인 문서 create(앱 payload 형식) 허용 (4582.1355ms)",PASS,,build/full_audit_2026-09-30/firestore.log,demo Firestore 로컬 규칙
firestore,t13_rules.test.mjs,"FS-02 다른 uid가 남의 ownerId 문서 create 거부 (257.3069ms)",PASS,,build/full_audit_2026-09-30/firestore.log,demo Firestore 로컬 규칙
firestore,t13_rules.test.mjs,"FS-03 미인증 create 거부 (125.5331ms)",PASS,,build/full_audit_2026-09-30/firestore.log,demo Firestore 로컬 규칙
firestore,t13_rules.test.mjs,"FS-04 소유자 update 허용 / 다른 uid update 거부 (395.681ms)",PASS,,build/full_audit_2026-09-30/firestore.log,demo Firestore 로컬 규칙
firestore,t13_rules.test.mjs,"FS-05 소유자 delete 허용 / 다른 uid·미인증 delete 거부 (292.5815ms)",PASS,,build/full_audit_2026-09-30/firestore.log,demo Firestore 로컬 규칙
firestore,t13_rules.test.mjs,"FS-06 공유 코드 get은 미인증도 허용(제품 의도), 없는 문서 get도 허용(notFound 구분 가능) (315.0089ms)",PASS,,build/full_audit_2026-09-30/firestore.log,demo Firestore 로컬 규칙
firestore,t13_rules.test.mjs,"FS-07 friend_schedules list/query 거부(미인증·인증·소유자 필터 포함) (418.2033ms)",PASS,,build/full_audit_2026-09-30/firestore.log,demo Firestore 로컬 규칙
firestore,t13_rules.test.mjs,"FS-08 app_config get 허용, list·write 거부 (261.2961ms)",PASS,,build/full_audit_2026-09-30/firestore.log,demo Firestore 로컬 규칙
firestore,t13_rules.test.mjs,"FS-09 삭제된 health_tips는 get·list·write 모두 거부 (292.8703ms)",PASS,,build/full_audit_2026-09-30/firestore.log,demo Firestore 로컬 규칙
firestore,t13_rules.test.mjs,"FS-10 정의 안 된 컬렉션·friend_schedules 하위 컬렉션 read/write 거부 (247.1354ms)",PASS,,build/full_audit_2026-09-30/firestore.log,demo Firestore 로컬 규칙
firestore,t13_rules.test.mjs,"FS-11 legacy 문서(generation·revoked 없음)를 새 앱 payload로 소유자 set 허용(전환 호환) (154.2572ms)",PASS,,build/full_audit_2026-09-30/firestore.log,demo Firestore 로컬 규칙
firestore,t13_rules.test.mjs,"FS-12 구버전 앱 형식(generation 없음) 소유자 set 허용 (79.9249ms)",PASS,,build/full_audit_2026-09-30/firestore.log,demo Firestore 로컬 규칙
firestore,t13_rules.test.mjs,"FS-OBS-1 형식 위반(ownerName 숫자·isRegular 문자열·임의 필드) 소유자 write가 서버에서 허용됨 (80.2465ms)",PASS,,build/full_audit_2026-09-30/firestore.log,demo Firestore 로컬 규칙
firestore,t13_rules.test.mjs,"FS-OBS-2 크기 경계 초과(assignedDates 6000개, ownerName 5000자) 소유자 write가 서버에서 허용됨 (466.7813ms)",PASS,,build/full_audit_2026-09-30/firestore.log,demo Firestore 로컬 규칙
firestore,t13_rules.test.mjs,"FS-OBS-3 generation 있는 문서 delete 허용 → 이후 옛 회차 set으로 재생성(부활) 허용 (D7 상태표 마지막 행 미적용) (212.9803ms)",PASS,,build/full_audit_2026-09-30/firestore.log,demo Firestore 로컬 규칙
firestore,t13_rules.test.mjs,"FS-OBS-4 revoked(g) tombstone 위에 더 낮은 회차 active set 허용 (134.0104ms)",PASS,,build/full_audit_2026-09-30/firestore.log,demo Firestore 로컬 규칙
dashboard,transform.test.mjs,"ymd: GA4의 YYYYMMDD를 ISO 날짜로 바꾼다 (2.6091ms)",PASS,,build/full_audit_2026-09-30/dashboard.log,로컬 집계 로직
dashboard,transform.test.mjs,"table: rows가 없으면 빈 배열(빈 응답에서 죽지 않는다) (3.2882ms)",PASS,,build/full_audit_2026-09-30/dashboard.log,로컬 집계 로직
dashboard,transform.test.mjs,"buildSeries: 핵심 지표와 설치/삭제(first_open/app_remove)를 같은 날짜 축에 맞춘다 (1.8129ms)",PASS,,build/full_audit_2026-09-30/dashboard.log,로컬 집계 로직
dashboard,transform.test.mjs,"buildSeries: 광고 리포트가 있으면 그 값을 쓰고, 전부 0이면 광고 없음 (1.4333ms)",PASS,,build/full_audit_2026-09-30/dashboard.log,로컬 집계 로직
dashboard,transform.test.mjs,"buildEvents: 상위 N개 밖의 실제 기능도 보관한다 (1.2774ms)",PASS,,build/full_audit_2026-09-30/dashboard.log,로컬 집계 로직
dashboard,transform.test.mjs,"buildCohort: N일차 잔존율 = N일차 활성 / 0일차 (0.8225ms)",PASS,,build/full_audit_2026-09-30/dashboard.log,로컬 집계 로직
dashboard,transform.test.mjs,"buildDocs: summary KPI는 마지막 날 기준이고 사용자 정의 이벤트 여부를 플래그로 낸다 (18.5552ms)",PASS,,build/full_audit_2026-09-30/dashboard.log,로컬 집계 로직
dashboard,transform.test.mjs,"사용자 행동의 사용자 수는 횟수와 동일한 날짜 범위에서만 표시한다 (134.0435ms)",PASS,,build/full_audit_2026-09-30/dashboard.log,로컬 집계 로직
dashboard,transform.test.mjs,"동기화 결과에 기간별 사용자 수와 해당 날짜를 함께 저장한다 (1.2905ms)",PASS,,build/full_audit_2026-09-30/dashboard.log,로컬 집계 로직
dashboard,transform.test.mjs,"웹 친구 열람은 앱 이벤트 목록과 분리해 요약한다 (0.9856ms)",PASS,,build/full_audit_2026-09-30/dashboard.log,로컬 집계 로직
dashboard,transform.test.mjs,"출시 앱만 집계: 모든 리포트에 streamId 필터가 걸린다(dev·웹 스트림 제외) (1.4844ms)",PASS,,build/full_audit_2026-09-30/dashboard.log,로컬 집계 로직
dashboard,transform.test.mjs,"모의 데이터도 같은 스키마·불변식을 지킨다(mau>=wau>=dau, 배열 길이 일치) (20.6605ms)",PASS,,build/full_audit_2026-09-30/dashboard.log,로컬 집계 로직
prod_dev_review_targeted,test/team_rules_test.dart,independent 8/3/4/12-day rules allow all teams on the same shift,PASS,dev 04822f6; 13파일 140검사 전체 성공 로그에서 연결,build/prod_dev_review_targeted.log,로컬 Flutter 회귀; SQLite/모의 채널 등 각 테스트 범위. 실제 Play/기기 검증으로 확대하지 않음; 과거 실행과 중복 가능
prod_dev_review_targeted,test/team_rules_test.dart,"weekday conversion stays anchored across years, leap days and DST dates",PASS,dev 04822f6; 13파일 140검사 전체 성공 로그에서 연결,build/prod_dev_review_targeted.log,로컬 Flutter 회귀; SQLite/모의 채널 등 각 테스트 범위. 실제 Play/기기 검증으로 확대하지 않음; 과거 실행과 중복 가능
prod_dev_review_targeted,test/team_rules_test.dart,legacy offsets migrate without changing any team date,PASS,dev 04822f6; 13파일 140검사 전체 성공 로그에서 연결,build/prod_dev_review_targeted.log,로컬 Flutter 회귀; SQLite/모의 채널 등 각 테스트 범위. 실제 Play/기기 검증으로 확대하지 않음; 과거 실행과 중복 가능
prod_dev_review_targeted,test/team_rules_test.dart,legacy duplicate positions preserve teams as independent rules,PASS,dev 04822f6; 13파일 140검사 전체 성공 로그에서 연결,build/prod_dev_review_targeted.log,로컬 Flutter 회귀; SQLite/모의 채널 등 각 테스트 범위. 실제 Play/기기 검증으로 확대하지 않음; 과거 실행과 중복 가능
prod_dev_review_targeted,test/team_rules_test.dart,switch A to E to C keeps every roster rule and can return to A,PASS,dev 04822f6; 13파일 140검사 전체 성공 로그에서 연결,build/prod_dev_review_targeted.log,로컬 Flutter 회귀; SQLite/모의 채널 등 각 테스트 범위. 실제 Play/기기 검증으로 확대하지 않음; 과거 실행과 중복 가능
prod_dev_review_targeted,test/team_rules_test.dart,"reset commits schedule, roster and alarm settings together",PASS,dev 04822f6; 13파일 140검사 전체 성공 로그에서 연결,build/prod_dev_review_targeted.log,로컬 Flutter 회귀; SQLite/모의 채널 등 각 테스트 범위. 실제 Play/기기 검증으로 확대하지 않음; 과거 실행과 중복 가능
prod_dev_review_targeted,test/team_rules_test.dart,SQL failure rolls calendar and roster back together,PASS,dev 04822f6; 13파일 140검사 전체 성공 로그에서 연결,build/prod_dev_review_targeted.log,로컬 Flutter 회귀; SQLite/모의 채널 등 각 테스트 범위. 실제 Play/기기 검증으로 확대하지 않음; 과거 실행과 중복 가능
prod_dev_review_targeted,test/team_rules_test.dart,settings schedule change deletes both basic and individual rosters,PASS,dev 04822f6; 13파일 140검사 전체 성공 로그에서 연결,build/prod_dev_review_targeted.log,로컬 Flutter 회귀; SQLite/모의 채널 등 각 테스트 범위. 실제 Play/기기 검증으로 확대하지 않음; 과거 실행과 중복 가능
prod_dev_review_targeted,test/team_rules_test.dart,stale editor cannot overwrite a changed roster,PASS,dev 04822f6; 13파일 140검사 전체 성공 로그에서 연결,build/prod_dev_review_targeted.log,로컬 Flutter 회귀; SQLite/모의 채널 등 각 테스트 범위. 실제 Play/기기 검증으로 확대하지 않음; 과거 실행과 중복 가능
prod_dev_review_targeted,test/team_rules_test.dart,only-other-team shift names are protected; swap rename updates every rule,PASS,dev 04822f6; 13파일 140검사 전체 성공 로그에서 연결,build/prod_dev_review_targeted.log,로컬 Flutter 회귀; SQLite/모의 채널 등 각 테스트 범위. 실제 Play/기기 검증으로 확대하지 않음; 과거 실행과 중복 가능
prod_dev_review_targeted,test/team_rules_test.dart,backup validates complete rules and rejects broken weekly/name references,PASS,dev 04822f6; 13파일 140검사 전체 성공 로그에서 연결,build/prod_dev_review_targeted.log,로컬 Flutter 회귀; SQLite/모의 채널 등 각 테스트 범위. 실제 Play/기기 검증으로 확대하지 않음; 과거 실행과 중복 가능
prod_dev_review_targeted,test/team_schedule_apply_test.dart,C to A saves main calendar before native alarm refresh and preserves every team position,PASS,dev 04822f6; 13파일 140검사 전체 성공 로그에서 연결,build/prod_dev_review_targeted.log,로컬 Flutter 회귀; SQLite/모의 채널 등 각 테스트 범위. 실제 Play/기기 검증으로 확대하지 않음; 과거 실행과 중복 가능
prod_dev_review_targeted,test/release_audit/g2/friend_share_protocol_test.dart,start/edit/dedupe/stop removes every schedule field; new share gets higher server generation,PASS,dev 04822f6; 13파일 140검사 전체 성공 로그에서 연결,build/prod_dev_review_targeted.log,로컬 Flutter 회귀; SQLite/모의 채널 등 각 테스트 범위. 실제 Play/기기 검증으로 확대하지 않음; 과거 실행과 중복 가능
prod_dev_review_targeted,test/release_audit/g2/friend_share_protocol_test.dart,offline stop survives service restart and no schedule/English; reconnect retries tombstone,PASS,dev 04822f6; 13파일 140검사 전체 성공 로그에서 연결,build/prod_dev_review_targeted.log,로컬 Flutter 회귀; SQLite/모의 채널 등 각 테스트 범위. 실제 Play/기기 검증으로 확대하지 않음; 과거 실행과 중복 가능
prod_dev_review_targeted,test/release_audit/g2/friend_share_protocol_test.dart,late upload after offline stop cannot resurrect or clear pending,PASS,dev 04822f6; 13파일 140검사 전체 성공 로그에서 연결,build/prod_dev_review_targeted.log,로컬 Flutter 회귀; SQLite/모의 채널 등 각 테스트 범위. 실제 Play/기기 검증으로 확대하지 않음; 과거 실행과 중복 가능
prod_dev_review_targeted,test/release_audit/g2/friend_share_protocol_test.dart,late stop after immediate re-share cannot revoke the new session,PASS,dev 04822f6; 13파일 140검사 전체 성공 로그에서 연결,build/prod_dev_review_targeted.log,로컬 Flutter 회귀; SQLite/모의 채널 등 각 테스트 범위. 실제 Play/기기 검증으로 확대하지 않음; 과거 실행과 중복 가능
prod_dev_review_targeted,test/release_audit/g2/friend_share_protocol_test.dart,A -> B -> A late ACK cannot confirm the new A revision,PASS,dev 04822f6; 13파일 140검사 전체 성공 로그에서 연결,build/prod_dev_review_targeted.log,로컬 Flutter 회귀; SQLite/모의 채널 등 각 테스트 범위. 실제 Play/기기 검증으로 확대하지 않음; 과거 실행과 중복 가능
prod_dev_review_targeted,test/release_audit/g2/friend_share_protocol_test.dart,"lost local generation: automatic resume denied, explicit start recovers above server",PASS,dev 04822f6; 13파일 140검사 전체 성공 로그에서 연결,build/prod_dev_review_targeted.log,로컬 Flutter 회귀; SQLite/모의 채널 등 각 테스트 범위. 실제 Play/기기 검증으로 확대하지 않음; 과거 실행과 중복 가능
prod_dev_review_targeted,test/release_audit/g2/friend_share_protocol_test.dart,"legacy active migration uses existing link and higher generation, without explicit opt-in",PASS,dev 04822f6; 13파일 140검사 전체 성공 로그에서 연결,build/prod_dev_review_targeted.log,로컬 Flutter 회귀; SQLite/모의 채널 등 각 테스트 범위. 실제 Play/기기 검증으로 확대하지 않음; 과거 실행과 중복 가능
prod_dev_review_targeted,test/release_audit/g2/friend_share_protocol_test.dart,stale revision and same-session restart after tombstone fail even without local callback,PASS,dev 04822f6; 13파일 140검사 전체 성공 로그에서 연결,build/prod_dev_review_targeted.log,로컬 Flutter 회귀; SQLite/모의 채널 등 각 테스트 범위. 실제 Play/기기 검증으로 확대하지 않음; 과거 실행과 중복 가능
prod_dev_review_targeted,test/release_audit/g2/friend_share_protocol_test.dart,durable v2 record excluded from backup and malformed record never auto-resumes,PASS,dev 04822f6; 13파일 140검사 전체 성공 로그에서 연결,build/prod_dev_review_targeted.log,로컬 Flutter 회귀; SQLite/모의 채널 등 각 테스트 범위. 실제 Play/기기 검증으로 확대하지 않음; 과거 실행과 중복 가능
prod_dev_review_targeted,test/release_audit/g2/friend_share_protocol_test.dart,unchanged payload retry after lost ACK is idempotent,PASS,dev 04822f6; 13파일 140검사 전체 성공 로그에서 연결,build/prod_dev_review_targeted.log,로컬 Flutter 회귀; SQLite/모의 채널 등 각 테스트 범위. 실제 Play/기기 검증으로 확대하지 않음; 과거 실행과 중복 가능
prod_dev_review_targeted,test/schedule_reset_confirmation_test.dart,Existing reset dialog ko/1.0 remains readable and cancellable at 360dp,PASS,dev 04822f6; 13파일 140검사 전체 성공 로그에서 연결,build/prod_dev_review_targeted.log,로컬 Flutter 회귀; SQLite/모의 채널 등 각 테스트 범위. 실제 Play/기기 검증으로 확대하지 않음; 과거 실행과 중복 가능
prod_dev_review_targeted,test/schedule_reset_confirmation_test.dart,Existing reset dialog ko/1.3 remains readable and cancellable at 360dp,PASS,dev 04822f6; 13파일 140검사 전체 성공 로그에서 연결,build/prod_dev_review_targeted.log,로컬 Flutter 회귀; SQLite/모의 채널 등 각 테스트 범위. 실제 Play/기기 검증으로 확대하지 않음; 과거 실행과 중복 가능
prod_dev_review_targeted,test/schedule_reset_confirmation_test.dart,Existing reset dialog en/1.0 remains readable and cancellable at 360dp,PASS,dev 04822f6; 13파일 140검사 전체 성공 로그에서 연결,build/prod_dev_review_targeted.log,로컬 Flutter 회귀; SQLite/모의 채널 등 각 테스트 범위. 실제 Play/기기 검증으로 확대하지 않음; 과거 실행과 중복 가능
prod_dev_review_targeted,test/schedule_reset_confirmation_test.dart,Existing reset dialog en/1.3 remains readable and cancellable at 360dp,PASS,dev 04822f6; 13파일 140검사 전체 성공 로그에서 연결,build/prod_dev_review_targeted.log,로컬 Flutter 회귀; SQLite/모의 채널 등 각 테스트 범위. 실제 Play/기기 검증으로 확대하지 않음; 과거 실행과 중복 가능
prod_dev_review_targeted,test/full_audit_critical_test.dart,AUD-A01 all-alarm deletion cancels fixed custom snoozed and keeps history,PASS,dev 04822f6; 13파일 140검사 전체 성공 로그에서 연결,build/prod_dev_review_targeted.log,로컬 Flutter 회귀; SQLite/모의 채널 등 각 테스트 범위. 실제 Play/기기 검증으로 확대하지 않음; 과거 실행과 중복 가능
prod_dev_review_targeted,test/full_audit_critical_test.dart,AUD-A02 one-tap native scheduling failure rolls back row and creation log,PASS,dev 04822f6; 13파일 140검사 전체 성공 로그에서 연결,build/prod_dev_review_targeted.log,로컬 Flutter 회귀; SQLite/모의 채널 등 각 테스트 범위. 실제 Play/기기 검증으로 확대하지 않음; 과거 실행과 중복 가능
prod_dev_review_targeted,test/full_audit_critical_test.dart,AUD-A01b schedule reset commits deletion before Native cancellation,PASS,dev 04822f6; 13파일 140검사 전체 성공 로그에서 연결,build/prod_dev_review_targeted.log,로컬 Flutter 회귀; SQLite/모의 채널 등 각 테스트 범위. 실제 Play/기기 검증으로 확대하지 않음; 과거 실행과 중복 가능
prod_dev_review_targeted,test/full_audit_critical_test.dart,AUD-A01c failed all-delete transaction preserves rows templates and history,PASS,dev 04822f6; 13파일 140검사 전체 성공 로그에서 연결,build/prod_dev_review_targeted.log,로컬 Flutter 회귀; SQLite/모의 채널 등 각 테스트 범위. 실제 Play/기기 검증으로 확대하지 않음; 과거 실행과 중복 가능
prod_dev_review_targeted,test/full_audit_critical_test.dart,AUD-A03 custom type change then delete preserves source log without fixed override,PASS,dev 04822f6; 13파일 140검사 전체 성공 로그에서 연결,build/prod_dev_review_targeted.log,로컬 Flutter 회귀; SQLite/모의 채널 등 각 테스트 범위. 실제 Play/기기 검증으로 확대하지 않음; 과거 실행과 중복 가능
prod_dev_review_targeted,test/full_audit_critical_test.dart,AUD-B01 export includes only future custom plus permanent history,PASS,dev 04822f6; 13파일 140검사 전체 성공 로그에서 연결,build/prod_dev_review_targeted.log,로컬 Flutter 회귀; SQLite/모의 채널 등 각 테스트 범위. 실제 Play/기기 검증으로 확대하지 않음; 과거 실행과 중복 가능
prod_dev_review_targeted,test/full_audit_critical_test.dart,AUD-B02 rejects normalized invalid backup date 2030-02-30T07:00:00 before any mutation,PASS,dev 04822f6; 13파일 140검사 전체 성공 로그에서 연결,build/prod_dev_review_targeted.log,로컬 Flutter 회귀; SQLite/모의 채널 등 각 테스트 범위. 실제 Play/기기 검증으로 확대하지 않음; 과거 실행과 중복 가능
prod_dev_review_targeted,test/full_audit_critical_test.dart,AUD-B02 rejects normalized invalid backup date 2030-13-01T07:00:00 before any mutation,PASS,dev 04822f6; 13파일 140검사 전체 성공 로그에서 연결,build/prod_dev_review_targeted.log,로컬 Flutter 회귀; SQLite/모의 채널 등 각 테스트 범위. 실제 Play/기기 검증으로 확대하지 않음; 과거 실행과 중복 가능
prod_dev_review_targeted,test/full_audit_critical_test.dart,AUD-B02 rejects normalized invalid backup date 2030-01-01T24:00:00 before any mutation,PASS,dev 04822f6; 13파일 140검사 전체 성공 로그에서 연결,build/prod_dev_review_targeted.log,로컬 Flutter 회귀; SQLite/모의 채널 등 각 테스트 범위. 실제 Play/기기 검증으로 확대하지 않음; 과거 실행과 중복 가능
prod_dev_review_targeted,test/full_audit_critical_test.dart,AUD-B02 rejects normalized invalid backup date 2030-01-01T07:60:00 before any mutation,PASS,dev 04822f6; 13파일 140검사 전체 성공 로그에서 연결,build/prod_dev_review_targeted.log,로컬 Flutter 회귀; SQLite/모의 채널 등 각 테스트 범위. 실제 Play/기기 검증으로 확대하지 않음; 과거 실행과 중복 가능
prod_dev_review_targeted,test/full_audit_critical_test.dart,AUD-B02 rejects normalized invalid backup date 2030-01-01T07:00:60 before any mutation,PASS,dev 04822f6; 13파일 140검사 전체 성공 로그에서 연결,build/prod_dev_review_targeted.log,로컬 Flutter 회귀; SQLite/모의 채널 등 각 테스트 범위. 실제 Play/기기 검증으로 확대하지 않음; 과거 실행과 중복 가능
prod_dev_review_targeted,test/full_audit_critical_test.dart,AUD-B03 invalid assigned day is rejected instead of normalized,PASS,dev 04822f6; 13파일 140검사 전체 성공 로그에서 연결,build/prod_dev_review_targeted.log,로컬 Flutter 회귀; SQLite/모의 채널 등 각 테스트 범위. 실제 Play/기기 검증으로 확대하지 않음; 과거 실행과 중복 가능
prod_dev_review_targeted,test/full_audit_critical_test.dart,AUD-B16 valid calendar and DST wall time stays restorable 2032-02-29T07:00:00,PASS,dev 04822f6; 13파일 140검사 전체 성공 로그에서 연결,build/prod_dev_review_targeted.log,로컬 Flutter 회귀; SQLite/모의 채널 등 각 테스트 범위. 실제 Play/기기 검증으로 확대하지 않음; 과거 실행과 중복 가능
prod_dev_review_targeted,test/full_audit_critical_test.dart,AUD-B16 valid calendar and DST wall time stays restorable 2030-02-28T23:59:59.123456,PASS,dev 04822f6; 13파일 140검사 전체 성공 로그에서 연결,build/prod_dev_review_targeted.log,로컬 Flutter 회귀; SQLite/모의 채널 등 각 테스트 범위. 실제 Play/기기 검증으로 확대하지 않음; 과거 실행과 중복 가능
prod_dev_review_targeted,test/full_audit_critical_test.dart,AUD-B16 valid calendar and DST wall time stays restorable 2026-03-08T02:30:00,PASS,dev 04822f6; 13파일 140검사 전체 성공 로그에서 연결,build/prod_dev_review_targeted.log,로컬 Flutter 회귀; SQLite/모의 채널 등 각 테스트 범위. 실제 Play/기기 검증으로 확대하지 않음; 과거 실행과 중복 가능
prod_dev_review_targeted,test/full_audit_critical_test.dart,AUD-B16 valid calendar and DST wall time stays restorable 2026-11-01T01:30:00,PASS,dev 04822f6; 13파일 140검사 전체 성공 로그에서 연결,build/prod_dev_review_targeted.log,로컬 Flutter 회귀; SQLite/모의 채널 등 각 테스트 범위. 실제 Play/기기 검증으로 확대하지 않음; 과거 실행과 중복 가능
prod_dev_review_targeted,test/full_audit_critical_test.dart,AUD-B14 backup rejects non-custom fixed before OS changes,PASS,dev 04822f6; 13파일 140검사 전체 성공 로그에서 연결,build/prod_dev_review_targeted.log,로컬 Flutter 회귀; SQLite/모의 채널 등 각 테스트 범위. 실제 Play/기기 검증으로 확대하지 않음; 과거 실행과 중복 가능
prod_dev_review_targeted,test/full_audit_critical_test.dart,AUD-B14 backup rejects non-custom snoozed before OS changes,PASS,dev 04822f6; 13파일 140검사 전체 성공 로그에서 연결,build/prod_dev_review_targeted.log,로컬 Flutter 회귀; SQLite/모의 채널 등 각 테스트 범위. 실제 Play/기기 검증으로 확대하지 않음; 과거 실행과 중복 가능
prod_dev_review_targeted,test/full_audit_critical_test.dart,AUD-B14 backup rejects unknown alarm type before OS changes,PASS,dev 04822f6; 13파일 140검사 전체 성공 로그에서 연결,build/prod_dev_review_targeted.log,로컬 Flutter 회귀; SQLite/모의 채널 등 각 테스트 범위. 실제 Play/기기 검증으로 확대하지 않음; 과거 실행과 중복 가능
prod_dev_review_targeted,test/full_audit_critical_test.dart,AUD-B14 backup rejects invalid clock before OS changes,PASS,dev 04822f6; 13파일 140검사 전체 성공 로그에서 연결,build/prod_dev_review_targeted.log,로컬 Flutter 회귀; SQLite/모의 채널 등 각 테스트 범위. 실제 Play/기기 검증으로 확대하지 않음; 과거 실행과 중복 가능
prod_dev_review_targeted,test/full_audit_critical_test.dart,AUD-B14 backup rejects invalid column before OS changes,PASS,dev 04822f6; 13파일 140검사 전체 성공 로그에서 연결,build/prod_dev_review_targeted.log,로컬 Flutter 회귀; SQLite/모의 채널 등 각 테스트 범위. 실제 Play/기기 검증으로 확대하지 않음; 과거 실행과 중복 가능
prod_dev_review_targeted,test/full_audit_critical_test.dart,AUD-B14 backup rejects invalid column type before OS changes,PASS,dev 04822f6; 13파일 140검사 전체 성공 로그에서 연결,build/prod_dev_review_targeted.log,로컬 Flutter 회귀; SQLite/모의 채널 등 각 테스트 범위. 실제 Play/기기 검증으로 확대하지 않음; 과거 실행과 중복 가능
prod_dev_review_targeted,test/full_audit_critical_test.dart,AUD-B14 backup rejects incomplete preset link before OS changes,PASS,dev 04822f6; 13파일 140검사 전체 성공 로그에서 연결,build/prod_dev_review_targeted.log,로컬 Flutter 회귀; SQLite/모의 채널 등 각 테스트 범위. 실제 Play/기기 검증으로 확대하지 않음; 과거 실행과 중복 가능
prod_dev_review_targeted,test/full_audit_critical_test.dart,AUD-B14 backup rejects preset outside five slots before OS changes,PASS,dev 04822f6; 13파일 140검사 전체 성공 로그에서 연결,build/prod_dev_review_targeted.log,로컬 Flutter 회귀; SQLite/모의 채널 등 각 테스트 범위. 실제 Play/기기 검증으로 확대하지 않음; 과거 실행과 중복 가능
prod_dev_review_targeted,test/full_audit_critical_test.dart,AUD-B04 restore preserves local snooze on colliding backup ID and keeps local share intent,PASS,dev 04822f6; 13파일 140검사 전체 성공 로그에서 연결,build/prod_dev_review_targeted.log,로컬 Flutter 회귀; SQLite/모의 채널 등 각 테스트 범위. 실제 Play/기기 검증으로 확대하지 않음; 과거 실행과 중복 가능
prod_dev_review_targeted,test/full_audit_critical_test.dart,AUD-B05 restoreClearOs failure retains resumable job and retry converges,PASS,dev 04822f6; 13파일 140검사 전체 성공 로그에서 연결,build/prod_dev_review_targeted.log,로컬 Flutter 회귀; SQLite/모의 채널 등 각 테스트 범위. 실제 Play/기기 검증으로 확대하지 않음; 과거 실행과 중복 가능
prod_dev_review_targeted,test/full_audit_critical_test.dart,AUD-B05 restoreReconcileOs failure retains resumable job and retry converges,PASS,dev 04822f6; 13파일 140검사 전체 성공 로그에서 연결,build/prod_dev_review_targeted.log,로컬 Flutter 회귀; SQLite/모의 채널 등 각 테스트 범위. 실제 Play/기기 검증으로 확대하지 않음; 과거 실행과 중복 가능
prod_dev_review_targeted,test/full_audit_critical_test.dart,AUD-B06 ring epoch changes during restore rollback then retry without duplicate alarms,PASS,dev 04822f6; 13파일 140검사 전체 성공 로그에서 연결,build/prod_dev_review_targeted.log,로컬 Flutter 회귀; SQLite/모의 채널 등 각 테스트 범위. 실제 Play/기기 검증으로 확대하지 않음; 과거 실행과 중복 가능
prod_dev_review_targeted,test/full_audit_critical_test.dart,AUD-B07 repeated ring epoch changes stop after bounded attempts and remain resumable,PASS,dev 04822f6; 13파일 140검사 전체 성공 로그에서 연결,build/prod_dev_review_targeted.log,로컬 Flutter 회귀; SQLite/모의 채널 등 각 테스트 범위. 실제 Play/기기 검증으로 확대하지 않음; 과거 실행과 중복 가능
prod_dev_review_targeted,test/full_audit_critical_test.dart,AUD-B07b repeated epochs with snooze collision and stop_pending converge on resume,PASS,dev 04822f6; 13파일 140검사 전체 성공 로그에서 연결,build/prod_dev_review_targeted.log,로컬 Flutter 회귀; SQLite/모의 채널 등 각 테스트 범위. 실제 Play/기기 검증으로 확대하지 않음; 과거 실행과 중복 가능
prod_dev_review_targeted,test/full_audit_critical_test.dart,AUD-B08 lost restore copy reconciles existing data and clears pending job,PASS,dev 04822f6; 13파일 140검사 전체 성공 로그에서 연결,build/prod_dev_review_targeted.log,로컬 Flutter 회귀; SQLite/모의 채널 등 각 테스트 범위. 실제 Play/기기 검증으로 확대하지 않음; 과거 실행과 중복 가능
prod_dev_review_targeted,test/full_audit_critical_test.dart,AUD-B09 DB insertion failure rolls back all source tables and resumes,PASS,dev 04822f6; 13파일 140검사 전체 성공 로그에서 연결,build/prod_dev_review_targeted.log,로컬 Flutter 회귀; SQLite/모의 채널 등 각 테스트 범위. 실제 Play/기기 검증으로 확대하지 않음; 과거 실행과 중복 가능
prod_dev_review_targeted,test/full_audit_critical_test.dart,AUD-B09b resume clears reservations recreated by failure recovery before replacing DB,PASS,dev 04822f6; 13파일 140검사 전체 성공 로그에서 연결,build/prod_dev_review_targeted.log,로컬 Flutter 회귀; SQLite/모의 채널 등 각 테스트 범위. 실제 Play/기기 검증으로 확대하지 않음; 과거 실행과 중복 가능
prod_dev_review_targeted,test/full_audit_critical_test.dart,AUD-B10 automatic backup skips identical content but captures preference changes,PASS,dev 04822f6; 13파일 140검사 전체 성공 로그에서 연결,build/prod_dev_review_targeted.log,로컬 Flutter 회귀; SQLite/모의 채널 등 각 테스트 범위. 실제 Play/기기 검증으로 확대하지 않음; 과거 실행과 중복 가능
prod_dev_review_targeted,test/full_audit_critical_test.dart,AUD-B11 failed manual write preserves last-success metadata and auto slot,PASS,dev 04822f6; 13파일 140검사 전체 성공 로그에서 연결,build/prod_dev_review_targeted.log,로컬 Flutter 회귀; SQLite/모의 채널 등 각 테스트 범위. 실제 Play/기기 검증으로 확대하지 않음; 과거 실행과 중복 가능
prod_dev_review_targeted,test/full_audit_critical_test.dart,AUD-B12 simultaneous manual and auto requests drain both slots after changed data,PASS,dev 04822f6; 13파일 140검사 전체 성공 로그에서 연결,build/prod_dev_review_targeted.log,로컬 Flutter 회귀; SQLite/모의 채널 등 각 테스트 범위. 실제 Play/기기 검증으로 확대하지 않음; 과거 실행과 중복 가능
prod_dev_review_targeted,test/full_audit_critical_test.dart,AUD-B13 same backup restored twice merges permanent history once,PASS,dev 04822f6; 13파일 140검사 전체 성공 로그에서 연결,build/prod_dev_review_targeted.log,로컬 Flutter 회귀; SQLite/모의 채널 등 각 테스트 범위. 실제 Play/기기 검증으로 확대하지 않음; 과거 실행과 중복 가능
prod_dev_review_targeted,test/full_audit_critical_test.dart,AUD-B15 empty schedule and pending restore never overwrite automatic backup,PASS,dev 04822f6; 13파일 140검사 전체 성공 로그에서 연결,build/prod_dev_review_targeted.log,로컬 Flutter 회귀; SQLite/모의 채널 등 각 테스트 범위. 실제 Play/기기 검증으로 확대하지 않음; 과거 실행과 중복 가능
prod_dev_review_targeted,test/full_audit_critical_test.dart,AUD-F01 100 offline friends retain cache and database counts after refresh rename delete,PASS,dev 04822f6; 13파일 140검사 전체 성공 로그에서 연결,build/prod_dev_review_targeted.log,로컬 Flutter 회귀; SQLite/모의 채널 등 각 테스트 범위. 실제 Play/기기 검증으로 확대하지 않음; 과거 실행과 중복 가능
prod_dev_review_targeted,test/custom_alarm_service_test.dart,CustomAlarmService.validate 지금 이후면 통과,PASS,dev 04822f6; 13파일 140검사 전체 성공 로그에서 연결,build/prod_dev_review_targeted.log,로컬 Flutter 회귀; SQLite/모의 채널 등 각 테스트 범위. 실제 Play/기기 검증으로 확대하지 않음; 과거 실행과 중복 가능
prod_dev_review_targeted,test/custom_alarm_service_test.dart,CustomAlarmService.validate 오늘과 내일만 허용,PASS,dev 04822f6; 13파일 140검사 전체 성공 로그에서 연결,build/prod_dev_review_targeted.log,로컬 Flutter 회귀; SQLite/모의 채널 등 각 테스트 범위. 실제 Play/기기 검증으로 확대하지 않음; 과거 실행과 중복 가능
prod_dev_review_targeted,test/custom_alarm_service_test.dart,CustomAlarmService.validate 지난 시각·지금과 같은 시각은 만들지 않음,PASS,dev 04822f6; 13파일 140검사 전체 성공 로그에서 연결,build/prod_dev_review_targeted.log,로컬 Flutter 회귀; SQLite/모의 채널 등 각 테스트 범위. 실제 Play/기기 검증으로 확대하지 않음; 과거 실행과 중복 가능
prod_dev_review_targeted,test/custom_alarm_service_test.dart,CustomAlarmService.validate 같은 날짜·같은 분(고정/커스텀/스누즈 모두)이면 중복,PASS,dev 04822f6; 13파일 140검사 전체 성공 로그에서 연결,build/prod_dev_review_targeted.log,로컬 Flutter 회귀; SQLite/모의 채널 등 각 테스트 범위. 실제 Play/기기 검증으로 확대하지 않음; 과거 실행과 중복 가능
prod_dev_review_targeted,test/custom_alarm_service_test.dart,CustomAlarmService.validate 같은 분이 아니면 하루 5개가 있어도 추가할 수 있다,PASS,dev 04822f6; 13파일 140검사 전체 성공 로그에서 연결,build/prod_dev_review_targeted.log,로컬 Flutter 회귀; SQLite/모의 채널 등 각 테스트 범위. 실제 Play/기기 검증으로 확대하지 않음; 과거 실행과 중복 가능
prod_dev_review_targeted,test/custom_alarm_service_test.dart,CustomAlarmService.validate 자정 넘김 없음 - 그 날짜 기준 시각,PASS,dev 04822f6; 13파일 140검사 전체 성공 로그에서 연결,build/prod_dev_review_targeted.log,로컬 Flutter 회귀; SQLite/모의 채널 등 각 테스트 범위. 실제 Play/기기 검증으로 확대하지 않음; 과거 실행과 중복 가능
prod_dev_review_targeted,test/custom_alarm_service_test.dart,"CustomAlarmPreset 저장 형식 항상 5칸, 손상된 값은 빈 칸/기본 종류로",PASS,dev 04822f6; 13파일 140검사 전체 성공 로그에서 연결,build/prod_dev_review_targeted.log,로컬 Flutter 회귀; SQLite/모의 채널 등 각 테스트 범위. 실제 Play/기기 검증으로 확대하지 않음; 과거 실행과 중복 가능
prod_dev_review_targeted,test/custom_alarm_service_test.dart,CustomAlarmPreset 저장 형식 왕복 인코딩,PASS,dev 04822f6; 13파일 140검사 전체 성공 로그에서 연결,build/prod_dev_review_targeted.log,로컬 Flutter 회귀; SQLite/모의 채널 등 각 테스트 범위. 실제 Play/기기 검증으로 확대하지 않음; 과거 실행과 중복 가능
prod_dev_review_targeted,test/custom_alarm_service_test.dart,실제 DB 할당 연결 offset snooze remains upcoming and cancellation history keeps its instant,PASS,dev 04822f6; 13파일 140검사 전체 성공 로그에서 연결,build/prod_dev_review_targeted.log,로컬 Flutter 회귀; SQLite/모의 채널 등 각 테스트 범위. 실제 Play/기기 검증으로 확대하지 않음; 과거 실행과 중복 가능
prod_dev_review_targeted,test/custom_alarm_service_test.dart,실제 DB 할당 연결 history sorts the second 01:04 after the first 01:58,PASS,dev 04822f6; 13파일 140검사 전체 성공 로그에서 연결,build/prod_dev_review_targeted.log,로컬 Flutter 회귀; SQLite/모의 채널 등 각 테스트 범위. 실제 Play/기기 검증으로 확대하지 않음; 과거 실행과 중복 가능
prod_dev_review_targeted,test/custom_alarm_service_test.dart,실제 DB 할당 연결 5칸을 하루에 한 번씩만 할당하고 설정 칸 삭제는 연결된 날짜를 함께 지운다,PASS,dev 04822f6; 13파일 140검사 전체 성공 로그에서 연결,build/prod_dev_review_targeted.log,로컬 Flutter 회귀; SQLite/모의 채널 등 각 테스트 범위. 실제 Play/기기 검증으로 확대하지 않음; 과거 실행과 중복 가능
prod_dev_review_targeted,test/custom_alarm_service_test.dart,실제 DB 할당 연결 Native 예약 실패 시 원터치 행과 생성 원장을 지우고 재시도를 허용한다,PASS,dev 04822f6; 13파일 140검사 전체 성공 로그에서 연결,build/prod_dev_review_targeted.log,로컬 Flutter 회귀; SQLite/모의 채널 등 각 테스트 범위. 실제 Play/기기 검증으로 확대하지 않음; 과거 실행과 중복 가능
prod_dev_review_targeted,test/custom_alarm_service_test.dart,실제 DB 할당 연결 replacement scheduling failure reports failure and requests native retry,PASS,dev 04822f6; 13파일 140검사 전체 성공 로그에서 연결,build/prod_dev_review_targeted.log,로컬 Flutter 회귀; SQLite/모의 채널 등 각 테스트 범위. 실제 Play/기기 검증으로 확대하지 않음; 과거 실행과 중복 가능
prod_dev_review_targeted,test/custom_alarm_service_test.dart,실제 DB 할당 연결 원터치 삭제 뒤 잠시 건너뛴 고정을 새 ID로 생성하고 예약한다,PASS,dev 04822f6; 13파일 140검사 전체 성공 로그에서 연결,build/prod_dev_review_targeted.log,로컬 Flutter 회귀; SQLite/모의 채널 등 각 테스트 범위. 실제 Play/기기 검증으로 확대하지 않음; 과거 실행과 중복 가능
prod_dev_review_targeted,test/alarm_dst_test.dart,"America/New_York 2026-03-08T02:30:00 generation, offsets and stored date agree",PASS,dev 04822f6; 13파일 140검사 전체 성공 로그에서 연결,build/prod_dev_review_targeted.log,로컬 Flutter 회귀; SQLite/모의 채널 등 각 테스트 범위. 실제 Play/기기 검증으로 확대하지 않음; 과거 실행과 중복 가능
prod_dev_review_targeted,test/alarm_dst_test.dart,"America/New_York 2026-11-01T01:30:00 generation, offsets and stored date agree",PASS,dev 04822f6; 13파일 140검사 전체 성공 로그에서 연결,build/prod_dev_review_targeted.log,로컬 Flutter 회귀; SQLite/모의 채널 등 각 테스트 범위. 실제 Play/기기 검증으로 확대하지 않음; 과거 실행과 중복 가능
prod_dev_review_targeted,test/alarm_dst_test.dart,"America/Los_Angeles 2026-03-08T02:30:00 generation, offsets and stored date agree",PASS,dev 04822f6; 13파일 140검사 전체 성공 로그에서 연결,build/prod_dev_review_targeted.log,로컬 Flutter 회귀; SQLite/모의 채널 등 각 테스트 범위. 실제 Play/기기 검증으로 확대하지 않음; 과거 실행과 중복 가능
prod_dev_review_targeted,test/alarm_dst_test.dart,"America/Los_Angeles 2026-11-01T01:30:00 generation, offsets and stored date agree",PASS,dev 04822f6; 13파일 140검사 전체 성공 로그에서 연결,build/prod_dev_review_targeted.log,로컬 Flutter 회귀; SQLite/모의 채널 등 각 테스트 범위. 실제 Play/기기 검증으로 확대하지 않음; 과거 실행과 중복 가능
prod_dev_review_targeted,test/alarm_dst_test.dart,"Europe/London 2026-03-29T01:30:00 generation, offsets and stored date agree",PASS,dev 04822f6; 13파일 140검사 전체 성공 로그에서 연결,build/prod_dev_review_targeted.log,로컬 Flutter 회귀; SQLite/모의 채널 등 각 테스트 범위. 실제 Play/기기 검증으로 확대하지 않음; 과거 실행과 중복 가능
prod_dev_review_targeted,test/alarm_dst_test.dart,"Europe/London 2026-10-25T01:30:00 generation, offsets and stored date agree",PASS,dev 04822f6; 13파일 140검사 전체 성공 로그에서 연결,build/prod_dev_review_targeted.log,로컬 Flutter 회귀; SQLite/모의 채널 등 각 테스트 범위. 실제 Play/기기 검증으로 확대하지 않음; 과거 실행과 중복 가능
prod_dev_review_targeted,test/alarm_dst_test.dart,"Asia/Seoul 2026-12-31T23:59:00 generation, offsets and stored date agree",PASS,dev 04822f6; 13파일 140검사 전체 성공 로그에서 연결,build/prod_dev_review_targeted.log,로컬 Flutter 회귀; SQLite/모의 채널 등 각 테스트 범위. 실제 Play/기기 검증으로 확대하지 않음; 과거 실행과 중복 가능
prod_dev_review_targeted,test/alarm_dst_test.dart,"Europe/London 2028-02-29T00:00:00 generation, offsets and stored date agree",PASS,dev 04822f6; 13파일 140검사 전체 성공 로그에서 연결,build/prod_dev_review_targeted.log,로컬 Flutter 회귀; SQLite/모의 채널 등 각 테스트 범위. 실제 Play/기기 검증으로 확대하지 않음; 과거 실행과 중복 가능
prod_dev_review_targeted,test/alarm_dst_test.dart,"Australia/Lord_Howe 2026-10-04T02:15:00 generation, offsets and stored date agree",PASS,dev 04822f6; 13파일 140검사 전체 성공 로그에서 연결,build/prod_dev_review_targeted.log,로컬 Flutter 회귀; SQLite/모의 채널 등 각 테스트 범위. 실제 Play/기기 검증으로 확대하지 않음; 과거 실행과 중복 가능
prod_dev_review_targeted,test/alarm_dst_test.dart,"Australia/Lord_Howe 2026-04-05T01:45:00 generation, offsets and stored date agree",PASS,dev 04822f6; 13파일 140검사 전체 성공 로그에서 연결,build/prod_dev_review_targeted.log,로컬 Flutter 회귀; SQLite/모의 채널 등 각 테스트 범위. 실제 Play/기기 검증으로 확대하지 않음; 과거 실행과 중복 가능
prod_dev_review_targeted,test/alarm_dst_test.dart,spring gap colliding with 03:30 produces one alarm,PASS,dev 04822f6; 13파일 140검사 전체 성공 로그에서 연결,build/prod_dev_review_targeted.log,로컬 Flutter 회귀; SQLite/모의 채널 등 각 테스트 범위. 실제 Play/기기 검증으로 확대하지 않음; 과거 실행과 중복 가능
prod_dev_review_targeted,test/alarm_dst_test.dart,first 01:45 does not discard second 01:30; past occurrence stays past,PASS,dev 04822f6; 13파일 140검사 전체 성공 로그에서 연결,build/prod_dev_review_targeted.log,로컬 Flutter 회귀; SQLite/모의 채널 등 각 테스트 범위. 실제 Play/기기 검증으로 확대하지 않음; 과거 실행과 중복 가능
prod_dev_review_targeted,test/alarm_snooze_instant_test.dart,America/New_York repeated 01:04 occurrence 1 survives storage and history,PASS,dev 04822f6; 13파일 140검사 전체 성공 로그에서 연결,build/prod_dev_review_targeted.log,로컬 Flutter 회귀; SQLite/모의 채널 등 각 테스트 범위. 실제 Play/기기 검증으로 확대하지 않음; 과거 실행과 중복 가능
prod_dev_review_targeted,test/alarm_snooze_instant_test.dart,America/New_York repeated 01:04 occurrence 2 survives storage and history,PASS,dev 04822f6; 13파일 140검사 전체 성공 로그에서 연결,build/prod_dev_review_targeted.log,로컬 Flutter 회귀; SQLite/모의 채널 등 각 테스트 범위. 실제 Play/기기 검증으로 확대하지 않음; 과거 실행과 중복 가능
prod_dev_review_targeted,test/alarm_snooze_instant_test.dart,Europe/London repeated 01:04 occurrence 1 survives storage and history,PASS,dev 04822f6; 13파일 140검사 전체 성공 로그에서 연결,build/prod_dev_review_targeted.log,로컬 Flutter 회귀; SQLite/모의 채널 등 각 테스트 범위. 실제 Play/기기 검증으로 확대하지 않음; 과거 실행과 중복 가능
prod_dev_review_targeted,test/alarm_snooze_instant_test.dart,Europe/London repeated 01:04 occurrence 2 survives storage and history,PASS,dev 04822f6; 13파일 140검사 전체 성공 로그에서 연결,build/prod_dev_review_targeted.log,로컬 Flutter 회귀; SQLite/모의 채널 등 각 테스트 범위. 실제 Play/기기 검증으로 확대하지 않음; 과거 실행과 중복 가능
prod_dev_review_targeted,test/alarm_snooze_instant_test.dart,five elapsed minutes can move the displayed clock backwards,PASS,dev 04822f6; 13파일 140검사 전체 성공 로그에서 연결,build/prod_dev_review_targeted.log,로컬 Flutter 회귀; SQLite/모의 채널 등 각 테스트 범위. 실제 Play/기기 검증으로 확대하지 않음; 과거 실행과 중복 가능
prod_dev_review_targeted,test/alarm_snooze_instant_test.dart,ordinary times have no occurrence label,PASS,dev 04822f6; 13파일 140검사 전체 성공 로그에서 연결,build/prod_dev_review_targeted.log,로컬 Flutter 회귀; SQLite/모의 채널 등 각 테스트 범위. 실제 Play/기기 검증으로 확대하지 않음; 과거 실행과 중복 가능
prod_dev_review_targeted,test/alarm_snooze_instant_test.dart,"one-tap collision uses the actual minute, not the repeated clock label",PASS,dev 04822f6; 13파일 140검사 전체 성공 로그에서 연결,build/prod_dev_review_targeted.log,로컬 Flutter 회귀; SQLite/모의 채널 등 각 테스트 범위. 실제 Play/기기 검증으로 확대하지 않음; 과거 실행과 중복 가능
prod_dev_review_targeted,test/holiday_overrides_test.dart,원격 값이 없으면 기존 하드코딩 목록 그대로,PASS,dev 04822f6; 13파일 140검사 전체 성공 로그에서 연결,build/prod_dev_review_targeted.log,로컬 Flutter 회귀; SQLite/모의 채널 등 각 테스트 범위. 실제 Play/기기 검증으로 확대하지 않음; 과거 실행과 중복 가능
prod_dev_review_targeted,test/holiday_overrides_test.dart,"add는 추가·이름 변경, remove는 하드코딩(고정·변동) 목록에서 제외",PASS,dev 04822f6; 13파일 140검사 전체 성공 로그에서 연결,build/prod_dev_review_targeted.log,로컬 Flutter 회귀; SQLite/모의 채널 등 각 테스트 범위. 실제 Play/기기 검증으로 확대하지 않음; 과거 실행과 중복 가능
prod_dev_review_targeted,test/holiday_overrides_test.dart,영어 로케일에서는 원격 값이 있어도 표시 안 함(기존 결정 유지),PASS,dev 04822f6; 13파일 140검사 전체 성공 로그에서 연결,build/prod_dev_review_targeted.log,로컬 Flutter 회귀; SQLite/모의 채널 등 각 테스트 범위. 실제 Play/기기 검증으로 확대하지 않음; 과거 실행과 중복 가능
prod_dev_review_targeted,test/holiday_overrides_test.dart,형식이 틀린 항목은 버리고 나머지만 적용,PASS,dev 04822f6; 13파일 140검사 전체 성공 로그에서 연결,build/prod_dev_review_targeted.log,로컬 Flutter 회귀; SQLite/모의 채널 등 각 테스트 범위. 실제 Play/기기 검증으로 확대하지 않음; 과거 실행과 중복 가능
prod_dev_review_targeted,test/holiday_overrides_test.dart,캐시 왕복,PASS,dev 04822f6; 13파일 140검사 전체 성공 로그에서 연결,build/prod_dev_review_targeted.log,로컬 Flutter 회귀; SQLite/모의 채널 등 각 테스트 범위. 실제 Play/기기 검증으로 확대하지 않음; 과거 실행과 중복 가능
prod_dev_review_targeted,test/holiday_source_parity_test.dart,2026 공휴일 지정과 2027 월력요항: 시행 전 비소급 및 영어 숨김,PASS,dev 04822f6; 13파일 140검사 전체 성공 로그에서 연결,build/prod_dev_review_targeted.log,로컬 Flutter 회귀; SQLite/모의 채널 등 각 테스트 범위. 실제 Play/기기 검증으로 확대하지 않음; 과거 실행과 중복 가능
prod_dev_review_targeted,test/holiday_source_parity_test.dart,앱·웹 공용 공휴일 날짜와 Android 위젯 날짜가 일치한다,PASS,dev 04822f6; 13파일 140검사 전체 성공 로그에서 연결,build/prod_dev_review_targeted.log,로컬 Flutter 회귀; SQLite/모의 채널 등 각 테스트 범위. 실제 Play/기기 검증으로 확대하지 않음; 과거 실행과 중복 가능
prod_dev_review_targeted,test/update_play_check_test.dart,Play unavailable update records cooldown without showing a dialog,PASS,dev 04822f6; 13파일 140검사 전체 성공 로그에서 연결,build/prod_dev_review_targeted.log,로컬 Flutter 회귀; SQLite/모의 채널 등 각 테스트 범위. 실제 Play/기기 검증으로 확대하지 않음; 과거 실행과 중복 가능
prod_dev_review_targeted,test/update_play_check_test.dart,failed Play query permits retry and concurrent calls use one query,PASS,dev 04822f6; 13파일 140검사 전체 성공 로그에서 연결,build/prod_dev_review_targeted.log,로컬 Flutter 회귀; SQLite/모의 채널 등 각 테스트 범위. 실제 Play/기기 검증으로 확대하지 않음; 과거 실행과 중복 가능
prod_dev_review_targeted,test/update_play_check_test.dart,later suppresses same version but a newer version is shown; dismiss remains unseen,PASS,dev 04822f6; 13파일 140검사 전체 성공 로그에서 연결,build/prod_dev_review_targeted.log,로컬 Flutter 회귀; SQLite/모의 채널 등 각 테스트 범위. 실제 Play/기기 검증으로 확대하지 않음; 과거 실행과 중복 가능
prod_dev_review_targeted,test/update_play_check_test.dart,late Play response after disposing context does not open a dialog,PASS,dev 04822f6; 13파일 140검사 전체 성공 로그에서 연결,build/prod_dev_review_targeted.log,로컬 Flutter 회귀; SQLite/모의 채널 등 각 테스트 범위. 실제 Play/기기 검증으로 확대하지 않음; 과거 실행과 중복 가능
prod_dev_review_targeted,test/release_audit/g0/db_migration_dart_test.dart,"MIG-ALL + REOPEN: v1~v23 fixture를 v25로 올리면 기대 데이터·기준 구조와 같고, 다시 열어도 변화 0",PASS,dev 04822f6; 13파일 140검사 전체 성공 로그에서 연결,build/prod_dev_review_targeted.log,로컬 Flutter 회귀; SQLite/모의 채널 등 각 테스트 범위. 실제 Play/기기 검증으로 확대하지 않음; 과거 실행과 중복 가능
prod_dev_review_targeted,test/release_audit/g0/db_migration_dart_test.dart,"실제 v24 구조에서 v25 업그레이드: 기존 알람·영구 이력 보존, 실패 시 전체 롤백",PASS,dev 04822f6; 13파일 140검사 전체 성공 로그에서 연결,build/prod_dev_review_targeted.log,로컬 Flutter 회귀; SQLite/모의 채널 등 각 테스트 범위. 실제 Play/기기 검증으로 확대하지 않음; 과거 실행과 중복 가능
prod_dev_review_targeted,test/release_audit/g0/db_migration_dart_test.dart,"음성 대조: fixture가 23개이고, 비교기가 틀린 기대값·다른 구조를 실제로 잡아냄",PASS,dev 04822f6; 13파일 140검사 전체 성공 로그에서 연결,build/prod_dev_review_targeted.log,로컬 Flutter 회귀; SQLite/모의 채널 등 각 테스트 범위. 실제 Play/기기 검증으로 확대하지 않음; 과거 실행과 중복 가능
prod_dev_review_targeted,test/release_audit/g0/db_migration_dart_test.dart,"ROLLBACK: v12→v25 중 v20에서 SQL 실패 → 스키마·데이터·user_version 전부 시작 상태, 원인 제거 후 성공",PASS,dev 04822f6; 13파일 140검사 전체 성공 로그에서 연결,build/prod_dev_review_targeted.log,로컬 Flutter 회귀; SQLite/모의 채널 등 각 테스트 범위. 실제 Play/기기 검증으로 확대하지 않음; 과거 실행과 중복 가능
prod_dev_review_targeted,test/release_audit/g0/db_migration_dart_test.dart,FRIEND-ROLLBACK: v16에서 v17 DROP·CREATE 직후 실패 → 옛 friends 스키마와 701 행 복원,PASS,dev 04822f6; 13파일 140검사 전체 성공 로그에서 연결,build/prod_dev_review_targeted.log,로컬 Flutter 회귀; SQLite/모의 채널 등 각 테스트 범위. 실제 Play/기기 검증으로 확대하지 않음; 과거 실행과 중복 가능
prod_dev_review_targeted,test/release_audit/g0/db_migration_dart_test.dart,MISSING-COLUMN: 버전만 24로 선행하고 컬럼·인덱스·테이블이 빠진 DB를 repair가 채우고 데이터 보존,PASS,dev 04822f6; 13파일 140검사 전체 성공 로그에서 연결,build/prod_dev_review_targeted.log,로컬 Flutter 회귀; SQLite/모의 채널 등 각 테스트 범위. 실제 Play/기기 검증으로 확대하지 않음; 과거 실행과 중복 가능
prod_dev_review_targeted,test/release_audit/g0/db_migration_dart_test.dart,"ALTER-FAIL(repair): 누락 컬럼 ALTER가 실패하면 예외 전파, 같은 트랜잭션의 다른 복구도 롤백",PASS,dev 04822f6; 13파일 140검사 전체 성공 로그에서 연결,build/prod_dev_review_targeted.log,로컬 Flutter 회귀; SQLite/모의 채널 등 각 테스트 범위. 실제 Play/기기 검증으로 확대하지 않음; 과거 실행과 중복 가능
prod_dev_review_targeted,test/release_audit/g0/db_migration_dart_test.dart,ALTER-FAIL(migration): 없는 테이블에 대한 ALTER는 건너뛰지 않고 실패,PASS,dev 04822f6; 13파일 140검사 전체 성공 로그에서 연결,build/prod_dev_review_targeted.log,로컬 Flutter 회귀; SQLite/모의 채널 등 각 테스트 범위. 실제 Play/기기 검증으로 확대하지 않음; 과거 실행과 중복 가능
prod_dev_review_targeted,test/release_audit/g0/db_migration_dart_test.dart,"FUTURE-VERSION: user_version 27 DB는 다운그레이드 거부, 버전·데이터 무변경",PASS,dev 04822f6; 13파일 140검사 전체 성공 로그에서 연결,build/prod_dev_review_targeted.log,로컬 Flutter 회귀; SQLite/모의 채널 등 각 테스트 범위. 실제 Play/기기 검증으로 확대하지 않음; 과거 실행과 중복 가능
prod_dev_review_targeted,test/release_audit/g0/db_migration_dart_test.dart,REPAIR-REJECT (현재 동작 기록): v17 전환 없이 24로 찍힌 옛 friends DB,PASS,dev 04822f6; 13파일 140검사 전체 성공 로그에서 연결,build/prod_dev_review_targeted.log,로컬 Flutter 회귀; SQLite/모의 채널 등 각 테스트 범위. 실제 Play/기기 검증으로 확대하지 않음; 과거 실행과 중복 가능
prod_dev_review_targeted,test/release_audit/g0/db_migration_dart_test.dart,"파싱 규칙 케이스 (runner_rule_cases.json, Kotlin과 공유) 원본 그대로 → accept",PASS,dev 04822f6; 13파일 140검사 전체 성공 로그에서 연결,build/prod_dev_review_targeted.log,로컬 Flutter 회귀; SQLite/모의 채널 등 각 테스트 범위. 실제 Play/기기 검증으로 확대하지 않음; 과거 실행과 중복 가능
prod_dev_review_targeted,test/release_audit/g0/db_migration_dart_test.dart,"파싱 규칙 케이스 (runner_rule_cases.json, Kotlin과 공유) repair DROP 거부 → reject",PASS,dev 04822f6; 13파일 140검사 전체 성공 로그에서 연결,build/prod_dev_review_targeted.log,로컬 Flutter 회귀; SQLite/모의 채널 등 각 테스트 범위. 실제 Play/기기 검증으로 확대하지 않음; 과거 실행과 중복 가능
prod_dev_review_targeted,test/release_audit/g0/db_migration_dart_test.dart,"파싱 규칙 케이스 (runner_rule_cases.json, Kotlin과 공유) repair UPDATE 거부 → reject",PASS,dev 04822f6; 13파일 140검사 전체 성공 로그에서 연결,build/prod_dev_review_targeted.log,로컬 Flutter 회귀; SQLite/모의 채널 등 각 테스트 범위. 실제 Play/기기 검증으로 확대하지 않음; 과거 실행과 중복 가능
prod_dev_review_targeted,test/release_audit/g0/db_migration_dart_test.dart,"파싱 규칙 케이스 (runner_rule_cases.json, Kotlin과 공유) repair DELETE 거부 → reject",PASS,dev 04822f6; 13파일 140검사 전체 성공 로그에서 연결,build/prod_dev_review_targeted.log,로컬 Flutter 회귀; SQLite/모의 채널 등 각 테스트 범위. 실제 Play/기기 검증으로 확대하지 않음; 과거 실행과 중복 가능
prod_dev_review_targeted,test/release_audit/g0/db_migration_dart_test.dart,"파싱 규칙 케이스 (runner_rule_cases.json, Kotlin과 공유) repair RENAME 거부 → reject",PASS,dev 04822f6; 13파일 140검사 전체 성공 로그에서 연결,build/prod_dev_review_targeted.log,로컬 Flutter 회귀; SQLite/모의 채널 등 각 테스트 범위. 실제 Play/기기 검증으로 확대하지 않음; 과거 실행과 중복 가능
prod_dev_review_targeted,test/release_audit/g0/db_migration_dart_test.dart,"파싱 규칙 케이스 (runner_rule_cases.json, Kotlin과 공유) repair INSERT 거부 → reject",PASS,dev 04822f6; 13파일 140검사 전체 성공 로그에서 연결,build/prod_dev_review_targeted.log,로컬 Flutter 회귀; SQLite/모의 채널 등 각 테스트 범위. 실제 Play/기기 검증으로 확대하지 않음; 과거 실행과 중복 가능
prod_dev_review_targeted,test/release_audit/g0/db_migration_dart_test.dart,"파싱 규칙 케이스 (runner_rule_cases.json, Kotlin과 공유) repair DROP COLUMN 거부 → reject",PASS,dev 04822f6; 13파일 140검사 전체 성공 로그에서 연결,build/prod_dev_review_targeted.log,로컬 Flutter 회귀; SQLite/모의 채널 등 각 테스트 범위. 실제 Play/기기 검증으로 확대하지 않음; 과거 실행과 중복 가능
prod_dev_review_targeted,test/release_audit/g0/db_migration_dart_test.dart,"파싱 규칙 케이스 (runner_rule_cases.json, Kotlin과 공유) repair 세미콜론으로 두 문장 거부 → reject",PASS,dev 04822f6; 13파일 140검사 전체 성공 로그에서 연결,build/prod_dev_review_targeted.log,로컬 Flutter 회귀; SQLite/모의 채널 등 각 테스트 범위. 실제 Play/기기 검증으로 확대하지 않음; 과거 실행과 중복 가능
prod_dev_review_targeted,test/release_audit/g0/db_migration_dart_test.dart,"파싱 규칙 케이스 (runner_rule_cases.json, Kotlin과 공유) repair IF NOT EXISTS 없는 CREATE TABLE 거부 → reject",PASS,dev 04822f6; 13파일 140검사 전체 성공 로그에서 연결,build/prod_dev_review_targeted.log,로컬 Flutter 회귀; SQLite/모의 채널 등 각 테스트 범위. 실제 Play/기기 검증으로 확대하지 않음; 과거 실행과 중복 가능
prod_dev_review_targeted,test/release_audit/g0/db_migration_dart_test.dart,"... 케이스 (runner_rule_cases.json, Kotlin과 공유) repair CREATE TABLE이 ALTER/INDEX 뒤에 오면 거부 → reject",PASS,dev 04822f6; 13파일 140검사 전체 성공 로그에서 연결,build/prod_dev_review_targeted.log,로컬 Flutter 회귀; SQLite/모의 채널 등 각 테스트 범위. 실제 Play/기기 검증으로 확대하지 않음; 과거 실행과 중복 가능
prod_dev_review_targeted,test/release_audit/g0/db_migration_dart_test.dart,"파싱 규칙 케이스 (runner_rule_cases.json, Kotlin과 공유) repair ALTER 대상 테이블의 CREATE가 없으면 거부 → reject",PASS,dev 04822f6; 13파일 140검사 전체 성공 로그에서 연결,build/prod_dev_review_targeted.log,로컬 Flutter 회귀; SQLite/모의 채널 등 각 테스트 범위. 실제 Play/기기 검증으로 확대하지 않음; 과거 실행과 중복 가능
prod_dev_review_targeted,test/release_audit/g0/db_migration_dart_test.dart,"파싱 규칙 케이스 (runner_rule_cases.json, Kotlin과 공유) repair INDEX 대상 테이블의 CREATE가 없으면 거부 → reject",PASS,dev 04822f6; 13파일 140검사 전체 성공 로그에서 연결,build/prod_dev_review_targeted.log,로컬 Flutter 회귀; SQLite/모의 채널 등 각 테스트 범위. 실제 Play/기기 검증으로 확대하지 않음; 과거 실행과 중복 가능
prod_dev_review_targeted,test/release_audit/g0/db_migration_dart_test.dart,"파싱 규칙 케이스 (runner_rule_cases.json, Kotlin과 공유) repair 인덱스 추가 허용 → accept",PASS,dev 04822f6; 13파일 140검사 전체 성공 로그에서 연결,build/prod_dev_review_targeted.log,로컬 Flutter 회귀; SQLite/모의 채널 등 각 테스트 범위. 실제 Play/기기 검증으로 확대하지 않음; 과거 실행과 중복 가능
prod_dev_review_targeted,test/release_audit/g0/db_migration_dart_test.dart,"파싱 규칙 케이스 (runner_rule_cases.json, Kotlin과 공유) repair UNIQUE 인덱스 추가 허용 → accept",PASS,dev 04822f6; 13파일 140검사 전체 성공 로그에서 연결,build/prod_dev_review_targeted.log,로컬 Flutter 회귀; SQLite/모의 채널 등 각 테스트 범위. 실제 Play/기기 검증으로 확대하지 않음; 과거 실행과 중복 가능
prod_dev_review_targeted,test/release_audit/g0/db_migration_dart_test.dart,"파싱 규칙 케이스 (runner_rule_cases.json, Kotlin과 공유) repair 소문자 허용 형태 허용 → accept",PASS,dev 04822f6; 13파일 140검사 전체 성공 로그에서 연결,build/prod_dev_review_targeted.log,로컬 Flutter 회귀; SQLite/모의 채널 등 각 테스트 범위. 실제 Play/기기 검증으로 확대하지 않음; 과거 실행과 중복 가능
prod_dev_review_targeted,test/release_audit/g0/db_migration_dart_test.dart,"파싱 규칙 케이스 (runner_rule_cases.json, Kotlin과 공유) migrations 중간 버전 누락 거부 → reject",PASS,dev 04822f6; 13파일 140검사 전체 성공 로그에서 연결,build/prod_dev_review_targeted.log,로컬 Flutter 회귀; SQLite/모의 채널 등 각 테스트 범위. 실제 Play/기기 검증으로 확대하지 않음; 과거 실행과 중복 가능
prod_dev_review_targeted,test/release_audit/g0/db_migration_dart_test.dart,"파싱 규칙 케이스 (runner_rule_cases.json, Kotlin과 공유) migrations 버전 중복 거부 → reject",PASS,dev 04822f6; 13파일 140검사 전체 성공 로그에서 연결,build/prod_dev_review_targeted.log,로컬 Flutter 회귀; SQLite/모의 채널 등 각 테스트 범위. 실제 Play/기기 검증으로 확대하지 않음; 과거 실행과 중복 가능
prod_dev_review_targeted,test/release_audit/g0/db_migration_dart_test.dart,"파싱 규칙 케이스 (runner_rule_cases.json, Kotlin과 공유) migrations 한 항목 두 문장 거부 → reject",PASS,dev 04822f6; 13파일 140검사 전체 성공 로그에서 연결,build/prod_dev_review_targeted.log,로컬 Flutter 회귀; SQLite/모의 채널 등 각 테스트 범위. 실제 Play/기기 검증으로 확대하지 않음; 과거 실행과 중복 가능
prod_dev_review_targeted,test/release_audit/g0/db_migration_dart_test.dart,"파싱 규칙 케이스 (runner_rule_cases.json, Kotlin과 공유) targetVersion보다 migrations가 모자라면 거부 → reject",PASS,dev 04822f6; 13파일 140검사 전체 성공 로그에서 연결,build/prod_dev_review_targeted.log,로컬 Flutter 회귀; SQLite/모의 채널 등 각 테스트 범위. 실제 Play/기기 검증으로 확대하지 않음; 과거 실행과 중복 가능
prod_dev_review_targeted,test/release_audit/g0/db_migration_dart_test.dart,"파싱 규칙 케이스 (runner_rule_cases.json, Kotlin과 공유) format 2 거부 → reject",PASS,dev 04822f6; 13파일 140검사 전체 성공 로그에서 연결,build/prod_dev_review_targeted.log,로컬 Flutter 회귀; SQLite/모의 채널 등 각 테스트 범위. 실제 Play/기기 검증으로 확대하지 않음; 과거 실행과 중복 가능
prod_dev_review_targeted,test/release_audit/g0/db_reference_schema_test.dart,"신규 설치 v25 구조 = 기준 스냅샷, 프리셋 3종, alarm_overrides 제약",PASS,dev 04822f6; 13파일 140검사 전체 성공 로그에서 연결,build/prod_dev_review_targeted.log,로컬 Flutter 회귀; SQLite/모의 채널 등 각 테스트 범위. 실제 Play/기기 검증으로 확대하지 않음; 과거 실행과 중복 가능
