"locale","resource","key","review","before","after"
"en","arb","appTitle","retained","ShiftBell","ShiftBell"
"en","arb","commonOk","retained","OK","OK"
"en","arb","commonCancel","retained","Cancel","Cancel"
"en","arb","commonSave","retained","Save","Save"
"en","arb","commonDelete","retained","Delete","Delete"
"en","arb","commonEdit","retained","Edit","Edit"
"en","arb","commonAdd","retained","Add","Add"
"en","arb","commonDone","retained","Done","Done"
"en","arb","commonNext","retained","Next","Next"
"en","arb","commonClose","retained","Close","Close"
"en","arb","commonReset","retained","Reset","Reset"
"en","arb","commonChange","retained","Change","Change"
"en","arb","commonContinue","retained","Continue","Continue"
"en","arb","commonNotNow","retained","Not Now","Not Now"
"en","arb","commonGoToSettings","retained","Go to Settings","Go to Settings"
"en","arb","commonRefresh","retained","Refresh","Refresh"
"en","arb","commonGoBack","retained","Go Back","Go Back"
"en","arb","commonGetStarted","retained","Get Started","Get Started"
"en","arb","commonShare","retained","Share","Share"
"en","arb","commonCopy","retained","Copy","Copy"
"en","arb","commonNotSet","retained","Not Set","Not Set"
"en","arb","commonNone","retained","None","None"
"en","arb","commonDeletePermanently","retained","Delete Permanently","Delete Permanently"
"en","arb","commonPrevious","revised","Previous","Original"
"en","arb","commonCurrent","retained","Current","Current"
"en","arb","commonOther","retained","Other","Other"
"en","arb","commonToday","retained","Today","Today"
"en","arb","commonTomorrow","retained","Tomorrow","Tomorrow"
"en","arb","commonView","retained","View","View"
"en","arb","commonSelectTime","retained","Select Time","Select Time"
"en","arb","commonAm","retained","AM","AM"
"en","arb","commonPm","retained","PM","PM"
"en","arb","commonGotIt","retained","Got It","Got It"
"en","arb","commonLater","retained","Later","Later"
"en","arb","commonSaveFailed","retained","Couldn't save. Please try again in a moment.","Couldn't save. Please try again in a moment."
"en","arb","commonUpdate","retained","Update","Update"
"en","arb","navNextAlarm","retained","Next Alarm","Next Alarm"
"en","arb","navCalendar","retained","Calendar","Calendar"
"en","arb","navFriendShare","retained","Sharing","Sharing"
"en","arb","navScheduleManagement","revised","Schedule","Events"
"en","arb","disableTabButtonLabel","revised","Stop using the {tab} screen","Hide {tab}"
"en","arb","disableTabDialogBody","revised","Tapping Confirm removes it from the list at the bottom of the screen.
You can bring it back later in Settings.","This tab will be hidden from the bottom navigation. You can show it again in Settings."
"en","arb","scheduleTabDisableExtraNotice","revised","All scheduled schedule-item notifications will also be canceled.","Reminders for your events will also be canceled."
"en","arb","settingsScheduleTabReenableTitle","revised","Use the Schedule screen","Show Schedule tab"
"en","arb","settingsScheduleTabReenableSubtitle","revised","Show the Schedule screen in the bottom tabs again","Add Schedule back to the bottom navigation"
"en","arb","navSettings","retained","Settings","Settings"
"en","arb","shiftWork","retained","Shift Work","Shift Work"
"en","arb","shiftPattern","retained","Shift Pattern","Shift Pattern"
"en","arb","settingsPatternTodayMarker","revised","· highlighted = today","· today is highlighted"
"en","arb","shiftName","retained","Shift Name","Shift Name"
"en","arb","shiftType","retained","Shift Type","Shift Type"
"en","arb","shiftDayOff","retained","Day Off","Day Off"
"en","arb","shiftDay","retained","Day","Day"
"en","arb","shiftNight","retained","Night","Night"
"en","arb","shiftMorning","retained","Morning","Morning"
"en","arb","shiftAfternoon","retained","Afternoon","Afternoon"
"en","arb","shiftOnCall","retained","On-Call","On-Call"
"en","arb","shiftOff","retained","Off","Off"
"en","arb","shiftChange","retained","Shift Change","Shift Change"
"en","arb","shiftTeam","retained","Team","Team"
"en","arb","shiftRegularPattern","retained","Repeating shift pattern","Repeating shift pattern"
"en","arb","shiftIrregularPattern","retained","Non-repeating shifts","Non-repeating shifts"
"en","arb","shiftSchedule","retained","Schedule","Schedule"
"en","arb","shiftFullSchedule","retained","All teams","All teams"
"en","arb","shiftWorkHours","retained","Work Hours","Work Hours"
"en","arb","shiftOt","retained","OT","OT"
"en","arb","shiftThisMonthOt","retained","Monthly Overtime","Monthly Overtime"
"en","arb","shiftWeeklyWorkHours","retained","Weekly Work Hours","Weekly Work Hours"
"en","arb","shiftPayday","revised","Payday","Cutoff date"
"en","arb","shiftChangeSchedule","retained","Change Schedule","Change Schedule"
"en","arb","shiftResetSchedule","retained","Reset Schedule","Reset Schedule"
"en","arb","alarmTitle","retained","Alarm","Alarm"
"en","arb","alarmNext","retained","Next Alarm","Next Alarm"
"en","arb","alarmUntil","retained","Time Until Alarm","Time Until Alarm"
"en","arb","alarmRegistered","retained","Scheduled Alarms","Scheduled Alarms"
"en","arb","alarmFixed","retained","Shift alarm","Shift alarm"
"en","arb","alarmType","retained","Alarm Type","Alarm Type"
"en","arb","alarmSound","retained","Alarm Sound","Alarm Sound"
"en","arb","alarmSoundManage","revised","Manage Alarm Sound","Sound & Vibration"
"en","arb","alarmSoundChoose","retained","Choose Alarm Sound","Choose Alarm Sound"
"en","arb","alarmSoundVibration","retained","Sound + Vibration","Sound + Vibration"
"en","arb","alarmVibration","retained","Vibration","Vibration"
"en","arb","alarmSilent","retained","Silent","Silent"
"en","arb","alarmVibrationWeak","retained","Weak","Weak"
"en","arb","alarmVibrationStrong","retained","Strong","Strong"
"en","arb","alarmIntensity","retained","Intensity","Intensity"
"en","arb","alarmVolume","retained","Volume","Volume"
"en","arb","alarmHistory","retained","Alarm History","Alarm History"
"en","arb","alarmDismissed","retained","Dismissed","Dismissed"
"en","arb","alarmRemoved","retained","Alarm Removed","Alarm Removed"
"en","arb","alarmSnooze5Min","retained","Snooze 5 Minutes","Snooze 5 Minutes"
"en","arb","alarmNoResponse","revised","No Response","Missed"
"en","arb","alarmScheduleChanged","retained","Schedule Changed","Schedule Changed"
"en","arb","alarmTurnOffThis","retained","Turn Off This Alarm","Turn Off This Alarm"
"en","arb","alarmDuplicate","retained","Duplicate Alarm","Duplicate Alarm"
"en","arb","alarmAdd","retained","Add Alarm","Add Alarm"
"en","arb","alarmDayBefore","retained","Day Before","Day Before"
"en","arb","alarmDaySame","retained","Same Day","Same Day"
"en","arb","alarmDayAfter","retained","Day After","Day After"
"en","arb","alarmSupersededByNextAlarm","revised","Auto-dismissed (next alarm)","Stopped for the next alarm"
"en","arb","alarmRingingSoon","revised","Ringing Soon","About to ring"
"en","arb","alarmRemainingDaysHours","retained","{days, plural, =1{1 day} other{{days} days}} {hours, plural, =1{1 hour} other{{hours} hours}}","{days, plural, =1{1 day} other{{days} days}} {hours, plural, =1{1 hour} other{{hours} hours}}"
"en","arb","alarmRemainingHoursMinutes","retained","{hours, plural, =1{1 hour} other{{hours} hours}} {minutes, plural, =1{1 minute} other{{minutes} minutes}}","{hours, plural, =1{1 hour} other{{hours} hours}} {minutes, plural, =1{1 minute} other{{minutes} minutes}}"
"en","arb","alarmRemainingMinutes","retained","{minutes, plural, =1{1 minute} other{{minutes} minutes}}","{minutes, plural, =1{1 minute} other{{minutes} minutes}}"
"en","arb","alarmUpNext","retained","Next Alarm","Next Alarm"
"en","arb","alarmNoneUpcoming","retained","No Upcoming Alarms","No Upcoming Alarms"
"en","arb","alarmNoneRegistered","retained","No alarms scheduled","No alarms scheduled"
"en","arb","alarmEmptyStateHint","retained","Set up your shifts in Settings,
then add an alarm for each shift.","Set up your shifts in Settings,
then add an alarm for each shift."
"en","arb","alarmRemainingDays","retained","{days, plural, =1{1 day} other{{days} days}}","{days, plural, =1{1 day} other{{days} days}}"
"en","arb","alarmRemainingHours","retained","{hours, plural, =1{1 hour} other{{hours} hours}}","{hours, plural, =1{1 hour} other{{hours} hours}}"
"en","arb","alarmViewAllRegistered","retained","View all alarms","View all alarms"
"en","arb","alarmSoundShort","retained","Sound","Sound"
"en","arb","alarmDeleteAllPermanently","retained","Permanently Delete All Alarms","Permanently Delete All Alarms"
"en","arb","alarmDeletedToast","retained","Alarm Deleted","Alarm Deleted"
"en","arb","alarmUpdatedToast","retained","Alarm Updated","Alarm Updated"
"en","arb","alarmCanceledToast","retained","Alarm Canceled","Alarm Canceled"
"en","arb","alarmCountAll","retained","All","All"
"en","arb","alarmCountFuture","retained","Upcoming","Upcoming"
"en","arb","alarmCountPast","retained","Past","Past"
"en","arb","alarmDuration","revised","Duration","Ring duration"
"en","arb","alarmDurationMinutes","retained","{minutes, plural, =1{1 min} other{{minutes} min}}","{minutes, plural, =1{1 min} other{{minutes} min}}"
"en","arb","calendarTheme","retained","Calendar Theme","Calendar Theme"
"en","arb","calendarSelectDate","retained","Select Date","Select Date"
"en","arb","calendarNSelected","retained","{count, plural, =1{1 Selected} other{{count} Selected}}","{count, plural, =1{1 Selected} other{{count} Selected}}"
"en","arb","calendarMemo","retained","Note","Note"
"en","arb","calendarMemoAll","retained","All Notes","All Notes"
"en","arb","calendarMemoEnter","revised","Enter Note","Write a note"
"en","arb","calendarMemoContent","revised","Note Content","Note"
"en","arb","calendarMemoSearch","retained","Search Notes","Search Notes"
"en","arb","calendarMemoNone","retained","No Notes","No Notes"
"en","arb","calendarSearchNoResults","revised","No Search Results","No matching notes"
"en","arb","calendarMemoTotalCount","retained","{count, plural, =1{1 note} other{{count} notes}}","{count, plural, =1{1 note} other{{count} notes}}"
"en","arb","calendarMemoSearchResultCount","retained","{count, plural, =1{1 result} other{{count} results}}","{count, plural, =1{1 result} other{{count} results}}"
"en","arb","calendarTapToAddMoreDates","retained","Tap to select more dates","Tap to select more dates"
"en","arb","calendarFriendQuickAccessLabel","retained","Friends","Friends"
"en","arb","calendarTapDateToEnter","retained","Tap a date to add overtime","Tap a date to add overtime"
"en","arb","calendarMonthlyOtTitle","retained","{month} overtime","{month} overtime"
"en","arb","calendarOtTotal","revised","Total {total}","Total: {total}"
"en","arb","calendarMonthlyWorkTotal","revised","* Total scheduled work hours for {month}: {total}","Total scheduled hours for {month}: {total}"
"en","arb","calendarSetWorkHoursInSettingsHint","revised","(Please set work hours per shift in the Settings tab.)","Set the hours for each shift in Settings."
"en","arb","calendarNoOtRegistered","retained","No overtime recorded","No overtime recorded"
"en","arb","calendarWeeklyWorkHoursTitle","revised","{month} weekly work hours","Weekly hours · {month}"
"en","arb","calendarWeeklyBasisHint","revised","Based on Monday-Sunday each week (OT included)","Monday–Sunday totals, including overtime"
"en","arb","calendarSetScheduleFirst","revised","Please set up your shift schedule first","Set up your shift schedule first"
"en","arb","calendarSpecifyWorkHoursInSettings","revised","Please specify work hours per shift in Settings.","Set the hours for each shift in Settings."
"en","arb","calendarShiftDayCount","retained","{shift}: {days, plural, =1{1 day} other{{days} days}}","{shift}: {days, plural, =1{1 day} other{{days} days}}"
"en","arb","calendarShiftLabel","retained","Shift:","Shift:"
"en","arb","calendarFixedAlarmLabel","retained","Shift alarms:","Shift alarms:"
"en","arb","calendarAutoGeneratedWithinDays","revised","{days, plural, =1{Will be created automatically within 1 day} other{Will be created automatically within {days} days}}","Alarms are scheduled automatically when this date is less than {days, plural, =1{1 day} other{{days} days}} away."
"en","arb","calendarMemoColonLabel","retained","Note:","Note:"
"en","arb","calendarSelectAlarmType","retained","Select Alarm Type","Select Alarm Type"
"en","arb","calendarAlarmAt","revised","{time} Alarm","Alarm at {time}"
"en","arb","calendarDeleteAlarmTitle","retained","Delete Alarm","Delete Alarm"
"en","arb","calendarDeleteAlarmConfirm","retained","Delete the {time} alarm?","Delete the {time} alarm?"
"en","arb","calendarDeleteAlarmFailed","revised","Failed to delete alarm","Couldn't delete alarm. Try again."
"en","arb","calendarBulkChangeShiftTitle","retained","{count, plural, =1{Change Shift for 1 Day} other{Change Shift for {count} Days}}","{count, plural, =1{Change Shift for 1 Day} other{Change Shift for {count} Days}}"
"en","arb","calendarMemoDetailTitle","retained","Note Details","Note Details"
"en","arb","onboardingCreateSchedule","retained","Set up your shifts","Set up your shifts"
"en","arb","onboardingFixedPatternQuestion","retained","Do your shifts follow a repeating pattern?","Do your shifts follow a repeating pattern?"
"en","arb","onboardingYesRegular","retained","Yes, they repeat","Yes, they repeat"
"en","arb","onboardingNoIrregular","retained","No, they vary","No, they vary"
"en","arb","onboardingCheckShiftTypes","retained","Check your shift types","Check your shift types"
"en","arb","onboardingAddIfMissing","retained","You can add more if needed","You can add more if needed"
"en","arb","onboardingShiftLimitHint","revised","(You can add up to {max} shifts, {chars} characters each.)","Up to {max} shift types · {chars} characters per name"
"en","arb","onboardingUsableEvenIfNotInPattern","revised","You can use these even if not part of your pattern.","You can also use these outside your usual pattern."
"en","arb","onboardingShiftNameTitle","revised","Choose all the shift names you use.","Add the shifts and days off you need"
"en","arb","onboardingShiftNameSubHint","revised","Include occasional shifts, such as annual leave or vacation, so you can easily switch to them on the calendar later.

Remove unused names with ×. Use + Add for names that are missing.","Include days off and leave. You can assign them to dates later.

Tap × to remove or + Add to create a name."
"en","arb","onboardingSwitchToIrregularPrefix","revised","If your shift pattern isn't regular, tap ","Your shifts don't follow a repeating pattern? Tap "
"en","arb","onboardingSwitchToIrregularLink","retained","here","here"
"en","arb","onboardingSwitchToIrregularSuffix","retained",".","."
"en","arb","onboardingSelectAllInPattern","revised","Select all shifts included in your actual pattern","Choose the shifts in your repeating pattern"
"en","arb","onboardingTapToCompletePattern","revised","Tap the buttons to complete your pattern","Build your shift pattern"
"en","arb","onboardingPatternHint","retained","(Up to 40 days · tap a shift in the pattern below to remove it.)","(Up to 40 days · tap a shift in the pattern below to remove it.)"
"en","arb","onboardingPatternHowTo","retained","Tap shifts in the order they repeat.
For example: Day, Day, Off, Off, Night, Night, Off, Off.","Tap shifts in the order they repeat.
For example: Day, Day, Off, Off, Night, Night, Off, Off."
"en","arb","onboardingIrregularChoiceTitle","retained","Assign shifts by date","Assign shifts by date"
"en","arb","onboardingIrregularChoiceDescription","retained","Choose this if your shifts don't repeat","Choose this if your shifts don't repeat"
"en","arb","onboardingNoPattern","retained","No Pattern","No Pattern"
"en","arb","onboardingAddShiftName","retained","Add Shift Name","Add Shift Name"
"en","arb","onboardingShiftNameHint","retained","Shift Name ({chars} characters max)","Shift Name ({chars} characters max)"
"en","arb","onboardingSetFixedAlarmPerShift","retained","Set alarms for each shift","Set alarms for each shift"
"en","arb","onboardingMaxAlarmsPerShift","retained","Up to {max} per shift","Up to {max} per shift"
"en","arb","onboardingCanChangeInSettings","revised","Fixed alarms can be set for the shift day, the day before, or the day after.","Each alarm can ring on the day of the shift, the day before or the day after."
"en","arb","onboardingAlarmOptional","revised","It's okay to skip alarms for now","You can add alarms later in Settings"
"en","arb","onboardingFinishSetup","retained","Finish setup","Finish setup"
"en","arb","onboardingSaving","retained","Creating your schedule...","Creating your schedule..."
"en","arb","onboardingSaveFailed","retained","Couldn't save your setup. Please try again.","Couldn't save your setup. Please try again."
"en","arb","onboardingTapToSet","retained","Tap to Set","Tap to Set"
"en","arb","onboardingTodayShiftQuestion","revised","Which shift are you working today ({date})?","Where are you in the pattern today ({date})?"
"en","arb","onboardingAllSet","retained","All Set!","All Set!"
"en","arb","onboardingNeedAtLeastOneShift","retained","You need at least one shift type","You need at least one shift type"
"en","arb","onboardingEnterShiftName","retained","Please enter a shift name","Please enter a shift name"
"en","arb","onboardingCharLimitError","retained","Please enter {chars} characters or fewer","Please enter {chars} characters or fewer"
"en","arb","onboardingDuplicateShiftName","retained","This shift name already exists","This shift name already exists"
"en","arb","shiftNameCommaNotAllowed","retained","Shift names can't contain commas (,)","Shift names can't contain commas (,)"
"en","arb","shiftNameReserved","retained","""{name}"" is reserved by the app and can't be used as a shift name","""{name}"" is reserved by the app and can't be used as a shift name"
"en","arb","onboardingFixedAlarmDialogTitle","revised","{shift} Shift Alarms","Alarms for {shift}"
"en","arb","onboardingFixedAlarmMaxHint","retained","Up to {max} alarms per shift","Up to {max} alarms per shift"
"en","arb","onboardingWelcomePopupTitle","retained","Welcome to ShiftBell","Welcome to ShiftBell"
"en","arb","onboardingWelcomePopupBody","retained","Set up your shifts and alarms, and ShiftBell will schedule alarms to match your work pattern.

📅  See your shifts at a glance
⏰  Set alarms for each shift
📝  Add notes and track overtime
💾  Back up your data on your device","Set up your shifts and alarms, and ShiftBell will schedule alarms to match your work pattern.

📅  See your shifts at a glance
⏰  Set alarms for each shift
📝  Add notes and track overtime
💾  Back up your data on your device"
"en","arb","onboardingWelcomePopupStartButton","retained","Get Started","Get Started"
"en","arb","onboardingShiftAssignPopupTitle","revised","Here's how to assign shifts","Adding shifts to your calendar"
"en","arb","onboardingShiftAssignPopupBody","revised","Irregular shifts don't follow a set pattern, so you need to assign a shift to each date yourself.

Long-press a date to enter selection mode, tap through the dates you want, then tap a shift name at the bottom to assign it.

You can change an assigned shift the same way at any time.","If your shifts don't repeat, assign them to dates on the calendar.

Touch and hold a date, then tap any other dates you want to select. Tap a shift name at the bottom to assign it to those dates.

You can change an assigned shift the same way."
"en","arb","onboardingScheduleTabPopupTitle","revised","Here's how to use the Schedule tab","Using the Schedule tab"
"en","arb","onboardingScheduleTabPopupBody","revised","1. Create a schedule item
Tap the clock icon in the bottom right to switch to a mode where you pick a time on the timeline. Tap again at the time you want to create a new schedule item there.

2. Set a duration
By default, an item has ""No duration"" (a single point in time). Tap ""+"" or the 5 min/30 min/1 hr buttons to give it an end time.

3. Get notified for a schedule item
Turn on the notification switch to receive a phone notification at the time you choose. Notification sounds follow your system settings.","1. Add an event
Tap the clock icon at the bottom right, then tap a time on the timeline to add an event.

2. Set an end time
Events have no duration by default. Use + or the 5 min, 30 min and 1 hr buttons to set an end time.

3. Add a reminder
Turn on notifications and choose when to be reminded. The reminder uses your device’s notification sound settings."
"en","arb","alarmAlreadyExistsAtTime","retained","An alarm already exists at {time}.","An alarm already exists at {time}."
"en","arb","settingsShiftManagement","revised","Manage Shift Schedule","Shift Schedule"
"en","arb","settingsShiftManagementEditButton","retained","Edit","Edit"
"en","arb","settingsNotSet","retained","Not Set","Not Set"
"en","arb","settingsWorkHoursAndOt","revised","Work Hours & Overtime Settings","Work Hours & Overtime"
"en","arb","settingsWorkHoursAndOtDesc","revised","Work hours per shift, monthly work-hour period","Shift hours and monthly reporting period"
"en","arb","settingsDefaultWorkHoursPerShift","retained","Work hours per shift","Work hours per shift"
"en","arb","settingsMonthlyPeriodBasis","retained","Monthly reporting period","Monthly reporting period"
"en","arb","settingsCalendarMonthBasis","retained","Calendar Month","Calendar Month"
"en","arb","settingsCalendarMonthBasisDesc","retained","1st to last day of each month","1st to last day of each month"
"en","arb","settingsPaydayBasis","retained","Custom monthly period","Custom monthly period"
"en","arb","settingsPaydayBasisDesc","retained","Totaled monthly from a date you set","Totaled monthly from a date you set"
"en","arb","settingsPeriodStartBasis","revised","Based on Start Date","Period starts on"
"en","arb","settingsPeriodEndBasis","revised","Based on End Date","Period ends on"
"en","arb","settingsPreviewThisMonth","retained","Preview: this month's period is {range}","Preview: this month's period is {range}"
"en","arb","settingsFriendShareDesc","revised","Check each other's schedule with friends via a code","Share schedules with friends using a code or link"
"en","arb","settingsRenameShiftDesc","retained","Edit, add, or delete shift names.","Edit, add, or delete shift names."
"en","arb","settingsEditShiftNameDesc","retained","Edit this shift's name","Edit this shift's name"
"en","arb","settingsChangeAlarmTimeDesc","retained","Change the alarm time for each shift","Change the alarm time for each shift"
"en","arb","settingsChangeScheduleDesc","retained","Change your work schedule.","Change your work schedule."
"en","arb","settingsAlarmHistoryDesc","revised","See every alarm ever created and its result","View alarms and their status"
"en","arb","settingsMemoAllDesc","retained","View and search all notes","View and search all notes"
"en","arb","settingsDeleteAllAlarmsDesc","revised","Delete all registered alarms","Delete all scheduled alarms"
"en","arb","settingsDataBackupTitle","revised","Data backup","Back up data"
"en","arb","settingsDataBackupDesc","retained","Back up your schedule, alarms, notes and more to this device","Back up your schedule, alarms, notes and more to this device"
"en","arb","settingsDataBackupLastSavedAt","retained","Last backup: {date}","Last backup: {date}"
"en","arb","settingsDataBackupNeverSaved","retained","No backup yet","No backup yet"
"en","arb","settingsDataBackupSlots","retained","Manual backup: {manual}
Automatic backup: {auto}","Manual backup: {manual}
Automatic backup: {auto}"
"en","arb","settingsDataBackupSlotNone","retained","None","None"
"en","arb","customAlarmLabel","retained","One-tap alarm","One-tap alarm"
"en","arb","customAlarmEditTooltip","retained","Edit one-tap alarms","Edit one-tap alarms"
"en","arb","customAlarmEditorTitle","retained","One-tap alarm settings","One-tap alarm settings"
"en","arb","customAlarmEditorDesc","revised","Save up to 5 times and alert types. Assign them only to today or tomorrow, once per slot per day. Assigned settings cannot be edited until their alarms are deleted.","Save up to 5 alarm presets, each with a time and sound setting. Use a preset for today or tomorrow, once per day. To edit a preset that is in use, delete its scheduled alarms first."
"en","arb","customAlarmSlotEmpty","retained","Empty","Empty"
"en","arb","customAlarmSlotClear","retained","Clear","Clear"
"en","arb","customAlarmAssignHint","retained","Tap a date to add a {time} alarm","Tap a date to add a {time} alarm"
"en","arb","customAlarmScheduledToday","retained","Alarm set for today at {time}","Alarm set for today at {time}"
"en","arb","customAlarmScheduledOn","retained","Alarm set for {date} at {time}","Alarm set for {date} at {time}"
"en","arb","customAlarmScheduledSoon","retained","Alarm will ring in {minutes} min","Alarm will ring in {minutes} min"
"en","arb","customAlarmPast","retained","That time has already passed, so no alarm was added","That time has already passed, so no alarm was added"
"en","arb","customAlarmOutsideWindow","retained","One-tap alarms can be set only for today or tomorrow","One-tap alarms can be set only for today or tomorrow"
"en","arb","customAlarmDuplicate","retained","There's already an alarm at {time} on that date","There's already an alarm at {time} on that date"
"en","arb","customAlarmScheduleFailed","retained","The alarm could not be scheduled on this device. Please try again shortly","The alarm could not be scheduled on this device. Please try again shortly"
"en","arb","customAlarmUndo","retained","Undo","Undo"
"en","arb","customAlarmDeleted","retained","One-tap alarm deleted","One-tap alarm deleted"
"en","arb","customAlarmDeleteConfirm","retained","Delete the {time} one-tap alarm?","Delete the {time} one-tap alarm?"
"en","arb","fixedAlarmSkippedByOneTap","retained","A one-tap alarm was set first at the same time, so the shift alarm was skipped","A one-tap alarm was set first at the same time, so the shift alarm was skipped"
"en","arb","settingsDataBackupInProgress","retained","Backing up...","Backing up..."
"en","arb","settingsDataBackupSuccessToast","retained","Backup saved to Download/ShiftBell. After reinstalling, choose this file on the first screen to restore it.","Backup saved to Download/ShiftBell. After reinstalling, choose this file on the first screen to restore it."
"en","arb","settingsDataBackupFailedToast","revised","Backup failed (requires Android 10+, or a temporary error occurred)","Couldn't save the backup. Android 10 or later is required. If your device supports backups, please try again."
"en","arb","backupRestoreFoundTitle","retained","Restore from this backup?","Restore from this backup?"
"en","arb","backupRestoreFoundDesc","revised","Restoring lets you keep using your shift schedule, alarms, notes, and more, right where you left off.","Restore your shift schedule, alarms, notes and other saved data from this backup."
"en","arb","backupRestoreLastSavedAt","retained","Backed up: {date}","Backed up: {date}"
"en","arb","backupRestoreButton","retained","Restore","Restore"
"en","arb","backupRestoreSkipButton","retained","Start fresh","Start fresh"
"en","arb","backupRestoreInProgress","retained","Restoring...","Restoring..."
"en","arb","backupRestoreFailedToast","retained","Restore failed. Please try again.","Restore failed. Please try again."
"en","arb","backupRestoreEmptyToast","revised","This backup has no saved shift schedule, so there's nothing to restore. Starting fresh instead.","This backup has no shift schedule. Start by setting up your shifts."
"en","arb","backupRestoreManualPickLink","revised","Load a previous backup","Choose a backup file"
"en","arb","onboardingHasBackupTitle","retained","Used this app before?","Used this app before?"
"en","arb","onboardingHasBackupLoadButton","revised","Load","Restore"
"en","arb","backupRestoreManualPickHint","retained","Pick up where you left off with the backup file in Download/ShiftBell.","Pick up where you left off with the backup file in Download/ShiftBell."
"en","arb","backupRestoreManualPickInvalidToast","revised","That doesn't look like a valid backup file. Please pick a file starting with ShiftBell_Backup_.","Choose a ShiftBell backup file. Its name starts with ShiftBell_Backup_."
"en","arb","backupRestoreInvalidToast","revised","This backup file didn't pass the content check, so nothing was restored. Your current data is unchanged.","This backup couldn't be verified. Nothing was restored, and your current data is unchanged."
"en","arb","backupRestoreIncompleteToast","retained","The restore couldn't finish. Alarms have been set again based on your current data. Open the app again to complete it.","The restore couldn't finish. Alarms have been set again based on your current data. Open the app again to complete it."
"en","arb","settingsRestoreFromBackupEmptyToast","retained","This backup has no shift schedule, so it wasn't loaded. Your current data is unchanged.","This backup has no shift schedule, so it wasn't loaded. Your current data is unchanged."
"en","arb","restoreInterruptedTitle","revised","Backup restore wasn't completed","Restore interrupted"
"en","arb","restoreInterruptedDesc","revised","A restore you started earlier stopped partway. If you continue, your data will match that backup and anything changed since it stopped will be overwritten. You can also keep using your current data. Either way, alarms will be set again based on the data you choose.","An earlier restore did not finish. Continuing will replace your current data with that backup, including any changes made since the restore stopped.

You can continue restoring or keep your current data. Alarms will be scheduled using the data you choose."
"en","arb","restoreInterruptedResumeButton","retained","Continue restoring","Continue restoring"
"en","arb","restoreInterruptedKeepButton","retained","Keep current data","Keep current data"
"en","arb","restoreInterruptedCopyLost","retained","The backup file is no longer available, so this restore cannot continue. Alarms will be scheduled again using your current data.","The backup file is no longer available, so this restore cannot continue. Alarms will be scheduled again using your current data."
"en","arb","restoreInterruptedInProgress","retained","Working...","Working..."
"en","arb","settingsRestoreFromBackupTitle","revised","Load backup data","Restore from backup"
"en","arb","settingsRestoreFromBackupDesc","retained","Overwrite current data with a backup file","Overwrite current data with a backup file"
"en","arb","settingsRestoreFromBackupWarningTitle","revised","Load backup data","Restore from backup"
"en","arb","settingsRestoreFromBackupWarningBody","retained","Your current app data, including shifts, alarms, notes and overtime, will be replaced by the backup you choose. This cannot be undone.

Choose a file in Download → ShiftBell.

Backup names start with ShiftBell_Backup_manual_ or ShiftBell_Backup_auto_ and end with a date and time, for example ShiftBell_Backup_auto_260917_060412.json. Choose the most recent file, or the version you want to restore. You can review its saved time before continuing.","Your current app data, including shifts, alarms, notes and overtime, will be replaced by the backup you choose. This cannot be undone.

Choose a file in Download → ShiftBell.

Backup names start with ShiftBell_Backup_manual_ or ShiftBell_Backup_auto_ and end with a date and time, for example ShiftBell_Backup_auto_260917_060412.json. Choose the most recent file, or the version you want to restore. You can review its saved time before continuing."
"en","arb","settingsRestoreFromBackupPickButton","retained","Choose file","Choose file"
"en","arb","settingsRestoreFromBackupConfirmTitle","retained","Restore from this backup?","Restore from this backup?"
"en","arb","settingsRestoreFromBackupConfirmBody","retained","This backup was saved on {date}. Restoring will replace the app’s current data with this backup’s contents.","This backup was saved on {date}. Restoring will replace the app’s current data with this backup’s contents."
"en","arb","settingsRestoreFromBackupConfirmButton","retained","Restore","Restore"
"en","arb","settingsRestoreFromBackupInProgress","retained","Restoring...","Restoring..."
"en","arb","settingsRestoreFromBackupSuccessToast","retained","Restored! Restarting the app now.","Restored! Restarting the app now."
"en","arb","restoreWaitingAlarmEnd","retained","An alarm is ringing. The app will restart after the alarm ends.","An alarm is ringing. The app will restart after the alarm ends."
"en","arb","restoreDoNotLeave","retained","Please don't close the app or leave this screen until the restore finishes.","Please don't close the app or leave this screen until the restore finishes."
"en","arb","settingsRestoreFromBackupFailedToast","retained","Restore failed. Please try again.","Restore failed. Please try again."
"en","arb","settingsHelp","retained","Help","Help"
"en","arb","settingsHelpDesc","revised","How to Use This App","How to use ShiftBell"
"en","arb","settingsPrivacyPolicy","retained","Privacy Policy","Privacy Policy"
"en","arb","settingsAdPrivacy","retained","Ad Privacy Settings","Ad Privacy Settings"
"en","arb","settingsActionCannotBeUndone","retained","This action cannot be undone.","This action cannot be undone."
"en","arb","settingsMustRecreateAlarms","revised","You'll need to recreate your alarms to use the app.","You'll need to set up alarms again if you want them to ring."
"en","arb","settingsAlarmSoundSettings","revised","Alarm Sound Settings","Sound & Vibration"
"en","arb","settingsAlarmSoundManageDesc","revised","Set sound + vibration, vibration, or silent","Choose a sound, vibration or silent mode"
"en","arb","settingsIncludesVibration","retained","Includes Vibration","Includes Vibration"
"en","arb","settingsAllAlarmsWillBeDeleted","retained","All scheduled alarms will be deleted.","All scheduled alarms will be deleted."
"en","arb","settingsAllAlarmsDeletedToast","retained","All alarms have been permanently deleted","All alarms have been permanently deleted"
"en","arb","statusDeleteFailed","retained","Failed to delete","Failed to delete"
"en","arb","settingsScheduleChanging","retained","Changing schedule...","Changing schedule..."
"en","arb","settingsScheduleChangeFailedWithError","retained","Failed to change schedule: {error}","Failed to change schedule: {error}"
"en","arb","settingsAllTeamsRegularOnly","retained","Team schedules require a repeating shift pattern.","Team schedules require a repeating shift pattern."
"en","arb","settingsEditShiftNameTitle","retained","Edit Shift Name","Edit Shift Name"
"en","arb","settingsEditFixedAlarmTitle","retained","Edit Shift Alarms","Edit Shift Alarms"
"en","arb","settingsEditShiftColorTitle","retained","Change Shift Color","Change Shift Color"
"en","arb","settingsEditShiftColorDesc","retained","Change the color for each shift","Change the color for each shift"
"en","arb","settingsShiftFixedAlarmTitle","revised","{shift} Shift Alarms","Alarms for {shift}"
"en","arb","settingsFixedAlarmRegisterLimit","retained","Up to {max} alarms per shift","Up to {max} alarms per shift"
"en","arb","settingsColorPickerTitle","retained","Select Color for ""{shift}""","Select Color for ""{shift}"""
"en","arb","settingsSelectTodayShiftFromPattern","retained","Select today's shift from the pattern","Select today's shift from the pattern"
"en","arb","settingsScheduleChangeWarning","revised","Fixed alarms for the next 10 days will follow the new schedule.
One-touch alarms and existing alarm history will be kept.","Shift alarms for the next 10 days will follow your new schedule.
One-tap alarms and alarm history will be kept."
"en","arb","settingsScheduleChangedRedoAllTeamsHint","revised","If you use the all-teams schedule, please set it up again too.","If you use team schedules, set them up again after this change."
"en","arb","settingsResetScheduleSharingFailed","revised","Your schedule was reset, but the previous share may remain. Once the app is working normally, open Schedule Sharing → Share My Schedule and tap Stop Sharing.","Your schedule was reset, but your old shared schedule may still be visible. When the app is working again, go to Schedule Sharing → Share My Schedule → Stop Sharing."
"en","arb","settingsResetScheduleConfirm","retained","Reset your shift schedule and all alarms?

All team schedules, alarm history and creation records will also be deleted. Sharing your schedule will stop too. If offline, sharing stops after reconnecting; the previously shared schedule may remain visible until then.","Reset your shift schedule and all alarms?

All team schedules, alarm history and creation records will also be deleted. Sharing your schedule will stop too. If offline, sharing stops after reconnecting; the previously shared schedule may remain visible until then."
"en","arb","privacyIntro","retained","Your shift and alarm data is stored on your device. ShiftBell also uses Google services for usage statistics and advertising. This policy explains those services, local files and data retained from features used before switching to English.","Your shift and alarm data is stored on your device. ShiftBell also uses Google services for usage statistics and advertising. This policy explains those services, local files and data retained from features used before switching to English."
"en","arb","privacyNoCollectionTitle","retained","Data stored on your device","Data stored on your device"
"en","arb","privacyNoCollectionBody","revised","Your shifts, alarm settings and history, notes, work hours and overtime are stored in the app’s local database. These contents are not included in analytics events or advertising requests.

Schedule management, sleep tracking and sharing are unavailable in English. Switching languages does not erase records you created while using those features in Korean. They may remain in the database and in backups. Automatic sleep estimation is disabled in English.

On Android 10 or later, diagnostic files are saved locally in Download/ShiftBell/log. They include device and Android versions, permission and battery settings, and alarm and backup processing records. Note or event contents, shift names and friend names are excluded. The app does not send these files automatically.","Your shifts, alarm settings and history, notes, work hours and overtime are stored in the app’s local database. These contents are not included in analytics events or advertising requests.

The Events tab, sleep tracking and schedule sharing are unavailable in English. Switching languages does not erase records you created while using those features in Korean. They may remain in the database and in backups. Automatic sleep estimation is disabled in English.

On Android 10 or later, diagnostic files are saved locally in Download/ShiftBell/log. They include device and Android versions, permission and battery settings, and alarm and backup processing records. Note or event contents, shift names and friend names are excluded. The app does not send these files automatically."
"en","arb","privacyAnalyticsTitle","retained","Usage statistics (Google Firebase Analytics)","Usage statistics (Google Firebase Analytics)"
"en","arb","privacyAnalyticsBody","retained","Google Firebase Analytics collects usage and device information, such as app opens, screen views, app and operating-system versions, device model, approximate region and an installation identifier. ShiftBell also records feature-use events, such as dismissing or snoozing an alarm, saving a note or creating a backup.

These events do not include shift names, alarm times, note text or other schedule contents. Statistics are processed under Google’s privacy policy.","Google Firebase Analytics collects usage and device information, such as app opens, screen views, app and operating-system versions, device model, approximate region and an installation identifier. ShiftBell also records feature-use events, such as dismissing or snoozing an alarm, saving a note or creating a backup.

These events do not include shift names, alarm times, note text or other schedule contents. Statistics are processed under Google’s privacy policy."
"en","arb","privacyFirebaseTitle","retained","Google services and previous sharing","Google services and previous sharing"
"en","arb","privacyFirebaseBody","retained","Sharing is unavailable in English. If sharing was enabled before switching languages, ShiftBell stops new uploads and requests deletion of the previously shared schedule. If the device is offline, deletion is retried when the app can connect. Until the server confirms deletion, an old link may still show the previously shared schedule. Copies or screenshots held by other people cannot be recalled.

Previously shared data consists of the display name, shift pattern, start date, shift colors and date-specific shift changes. It does not include notes, overtime, alarm settings or sleep records. Sharing uses an anonymous Firebase identifier. Reinstalling can make data associated with a previous identifier inaccessible from the app.

Update availability is checked through Google Play. Korean holiday updates use a public Firebase document when the app is in Korean; no shift or note contents are sent with that request.","Sharing is unavailable in English. If sharing was enabled before switching languages, ShiftBell stops new uploads and requests deletion of the previously shared schedule. If the device is offline, deletion is retried when the app can connect. Until the server confirms deletion, an old link may still show the previously shared schedule. Copies or screenshots held by other people cannot be recalled.

Previously shared data consists of the display name, shift pattern, start date, shift colors and date-specific shift changes. It does not include notes, overtime, alarm settings or sleep records. Sharing uses an anonymous Firebase identifier. Reinstalling can make data associated with a previous identifier inaccessible from the app.

Update availability is checked through Google Play. Korean holiday updates use a public Firebase document when the app is in Korean; no shift or note contents are sent with that request."
"en","arb","privacyAdsTitle","retained","Advertising (Google AdMob)","Advertising (Google AdMob)"
"en","arb","privacyAdsBody","retained","ShiftBell displays Google AdMob banner ads. The advertising SDK may process device identifiers, IP addresses, app interactions and diagnostics to provide and measure ads. ShiftBell does not include your shift schedule, alarm times or note contents in ad requests.

Where required by Google’s consent system, the app asks for your advertising choices. When available, use Ad Privacy Settings in Settings to review them. Google’s privacy policy describes how Google handles this information.","ShiftBell displays Google AdMob banner ads. The advertising SDK may process device identifiers, IP addresses, app interactions and diagnostics to provide and measure ads. ShiftBell does not include your shift schedule, alarm times or note contents in ad requests.

Where required by Google’s consent system, the app asks for your advertising choices. When available, use Ad Privacy Settings in Settings to review them. Google’s privacy policy describes how Google handles this information."
"en","arb","privacyPermissionsTitle","retained","Permissions the app requests","Permissions the app requests"
"en","arb","privacyPermissionsBody","retained","• Notifications: show alarm status and pre-alarm reminders.
• Display over other apps: show the alarm screen while you use other apps.
• Exact alarms: schedule alarms for the time you set.

You can review these permissions in Android Settings. Declining them may limit alarm notifications or prevent alarms from working as expected.","• Notifications: show alarm status and pre-alarm reminders.
• Display over other apps: show the alarm screen while you use other apps.
• Exact alarms: schedule alarms for the time you set.

You can review these permissions in Android Settings. Declining them may limit alarm notifications or prevent alarms from working as expected."
"en","arb","privacyDataRetentionTitle","retained","Data retention and deletion","Data retention and deletion"
"en","arb","privacyDataRetentionBody","retained","Uninstalling removes the app’s local database. Backup and diagnostic files saved in Download/ShiftBell may remain; delete them with your file manager when they are no longer needed.

Backups are not encrypted. They can contain your full local data, including records from features previously used in Korean. Keep them private. The app never uploads these files automatically. If you copy them to a cloud service or send them to someone, that service or recipient controls the copy.

The app keeps one manual backup and one automatic backup. A new file replaces the previous file of the same kind.

Previously shared data is handled as described in Google services and previous sharing. Google’s policies apply to retention of analytics and advertising data.","Uninstalling removes the app’s local database. Backup and diagnostic files saved in Download/ShiftBell may remain; delete them with your file manager when they are no longer needed.

Backups are not encrypted. They can contain your full local data, including records from features previously used in Korean. Keep them private. The app never uploads these files automatically. If you copy them to a cloud service or send them to someone, that service or recipient controls the copy.

The app keeps one manual backup and one automatic backup. A new file replaces the previous file of the same kind.

Previously shared data is handled as described in Google services and previous sharing. Google’s policies apply to retention of analytics and advertising data."
"en","arb","privacyChildrenTitle","retained","Not directed at children","Not directed at children"
"en","arb","privacyChildrenBody","retained","This app is not directed at children under 14, and we do not knowingly collect personal information from children.","This app is not directed at children under 14, and we do not knowingly collect personal information from children."
"en","arb","privacyContactTitle","retained","Contact","Contact"
"en","arb","privacyContactBody","retained","For app support and privacy questions:
lowvibe07@gmail.com","For app support and privacy questions:
lowvibe07@gmail.com"
"en","arb","privacyEffectiveDate","retained","Last updated: October 5, 2026.","Last updated: October 5, 2026."
"en","arb","workHoursNoScheduleYet","revised","Please set up your shift schedule first","Set up your shift schedule first"
"en","arb","workHoursShiftChangeOtTitle","revised","Add Shift Changes to Overtime","Extra hours from shift changes"
"en","arb","workHoursShiftChangeOtDesc","revised","Choose whether changing a shift on the calendar (e.g. Day Off → Day) adds that shift's default work hours to your overtime.
(Monthly / weekly total work hours are always summed automatically.)","When you change a shift in a repeating pattern, count any extra hours as overtime. For example, changing an 8-hour shift to a 12-hour shift adds 4 hours; changing a day off to an 8-hour shift adds 8.

Weekly and monthly work-hour totals always use the updated shift hours. This setting only changes the overtime summary."
"en","arb","workHoursDefaultDurationDesc","revised","Enter clock-in/clock-out times and the work hours are calculated automatically. The calendar's ""This Month's Total Work Hours"" and ""Weekly Work Hours"" are calculated from these values.","Enter the usual start and end times for each shift. ShiftBell uses them to calculate your scheduled hours and weekly and monthly totals."
"en","arb","workHoursShiftTimeClockIn","revised","In","Start"
"en","arb","workHoursShiftTimeClockOut","revised","Out","End"
"en","arb","workHoursResetShiftTime","revised","Clear clock-in/out times (reset to --:--)","Clear start and end times"
"en","arb","workHoursLegacyClockTimeHint","revised","Your existing work hours are preserved. Please enter clock-in and clock-out times.","Your previously saved hours are still in use. Add start and end times to update them."
"en","arb","workHoursPeriodBasisDesc","revised","Sets the basis used to calculate this month's total work hours.","Choose which dates to include in each month’s work-hour total."
"en","arb","workHoursDurationExcluded","retained","0 hours (not counted as work time)","0 hours (not counted as work time)"
"en","arb","workHoursDurationHoursOnly","retained","{h, plural, =1{1 hour} other{{h} hours}}","{h, plural, =1{1 hour} other{{h} hours}}"
"en","arb","workHoursDurationHoursMinutes","retained","{h, plural, =1{1 hour} other{{h} hours}} {m, plural, =1{1 minute} other{{m} minutes}}","{h, plural, =1{1 hour} other{{h} hours}} {m, plural, =1{1 minute} other{{m} minutes}}"
"en","arb","workHoursEditDialogTitle","revised","""{shift}"" Default Work Hours","Hours for {shift}"
"en","arb","workHoursUnitHourLabel","retained","hours","hours"
"en","arb","workHoursUnitMinuteLabel","retained","minutes","minutes"
"en","arb","workHoursCutoffDayPrefix","retained","Day","Day"
"en","arb","workHoursCutoffDaySuffix","retained","of every month","of every month"
"en","arb","friendShareTitle","retained","Schedule Sharing","Schedule Sharing"
"en","arb","friendShareMyScheduleTitle","retained","Share My Schedule","Share My Schedule"
"en","arb","friendAdd","retained","Add Friend","Add Friend"
"en","arb","friendName","retained","Friend's Name","Friend's Name"
"en","arb","friendNameOptionalHint","revised","(Optional - uses the name in the code if left blank)","Optional · leave blank to use the shared name"
"en","arb","friendShareCodeFromFriend","retained","Friend's Share Code","Friend's Share Code"
"en","arb","friendEnterShareCode","retained","Paste the code your friend sent you to see their schedule","Paste the code your friend sent you to see their schedule"
"en","arb","friendCanCheckAnytime","retained","You can check your friend's schedule anytime.","You can check your friend's schedule anytime."
"en","arb","friendAddedToast","retained","Friend added","Friend added"
"en","arb","friendInvalidCodeOrDuplicate","retained","Invalid code or friend already added","Invalid code or friend already added"
"en","arb","friendLoadFailedCheckNetwork","retained","Couldn't load the schedule. Please check your connection","Couldn't load the schedule. Please check your connection"
"en","arb","friendShowingCachedSchedule","retained","Couldn't get the latest info, showing a previously saved schedule","Couldn't get the latest info, showing a previously saved schedule"
"en","arb","friendNoneAddedYet","retained","No friends added yet","No friends added yet"
"en","arb","friendScheduleOf","retained","{name}'s Shift Schedule","{name}'s Shift Schedule"
"en","arb","friendRemove","retained","Remove Friend","Remove Friend"
"en","arb","friendRemoveConfirm","retained","Remove {name} from your list?","Remove {name} from your list?"
"en","arb","friendDisplayNameTitle","retained","Display Name","Display Name"
"en","arb","friendEnterDisplayName","retained","Enter the name your friends will see","Enter the name your friends will see"
"en","arb","friendShareIncludesSchedule","retained","Your shift schedule and shift changes are shared.","Your shift schedule and shift changes are shared."
"en","arb","friendShareExcludesExtras","revised","Notes, OT, work hours, and alarm settings are not shared.","Notes, overtime, work hours and alarm settings are not shared."
"en","arb","friendStartSharing","retained","Start Sharing","Start Sharing"
"en","arb","friendStopSharing","retained","Stop Sharing","Stop Sharing"
"en","arb","friendStopSharingConfirm","retained","If you stop sharing, your friends can no longer see your schedule. If you're offline, it will be removed from the server once you're connected, and anything already downloaded to a friend's device can't be recalled. Continue?","If you stop sharing, your friends can no longer see your schedule. If you're offline, it will be removed from the server once you're connected, and anything already downloaded to a friend's device can't be recalled. Continue?"
"en","arb","friendRestartSharingHint","retained","(To share again, just tap ""Start Sharing"" here. Your existing code and link will work again)","(To share again, just tap ""Start Sharing"" here. Your existing code and link will work again)"
"en","arb","friendMyShareCode","revised","For Friends With the App (Share Code)","Share code · for people with the app"
"en","arb","friendShareCodeInstructions","revised","Once your friend pastes this code into ""Add Friend"" in the app, sharing is complete.","Your friend can view your schedule by pasting this code into Add Friend."
"en","arb","friendShareWithoutApp","revised","For Friends Without the App (Link)","Share link · no app needed"
"en","arb","friendShareLinkHint","retained","Opening this link lets them see your schedule right away, no install needed.","Opening this link lets them see your schedule right away, no install needed."
"en","arb","friendInstallShortcutHint","retained","Tap the install icon in the address bar to add a home-screen shortcut.","Tap the install icon in the address bar to add a home-screen shortcut."
"en","arb","friendDisplayNameUpdated","retained","Display name updated","Display name updated"
"en","arb","friendDisplayNameUpdateFailed","retained","Failed to update name. Please check your connection","Failed to update name. Please check your connection"
"en","arb","friendEnterDisplayNameError","retained","Please enter the name your friends will see","Please enter the name your friends will see"
"en","arb","friendConnectionFailed","retained","Connection failed. Please check your network and reopen this screen","Connection failed. Please check your network and reopen this screen"
"en","arb","friendCouldNotLoad","retained","Couldn't Load","Couldn't Load"
"en","arb","friendLinkMissingCode","retained","The link is missing a share code.","The link is missing a share code."
"en","arb","friendLoadFailedDetailed","retained","Couldn't load the schedule. The link may be outdated, the sharer may have stopped sharing, or there may be a connection issue.","Couldn't load the schedule. The link may be outdated, the sharer may have stopped sharing, or there may be a connection issue."
"en","arb","friendUnknownError","retained","An unknown error occurred.","An unknown error occurred."
"en","arb","friendInstallForHomeScreen","retained","Tap the install button in the address bar to use it right from your home screen.","Tap the install button in the address bar to use it right from your home screen."
"en","arb","friendOpenInBrowserHint","retained","Open this in Chrome or another browser to install it. Tap the menu in the top right and choose ""Open in Browser.""","Open this in Chrome or another browser to install it. Tap the menu in the top right and choose ""Open in Browser."""
"en","arb","friendQuickInstallHint","retained","Add it to your home screen to open it faster next time","Add it to your home screen to open it faster next time"
"en","arb","friendQuickInstallButton","retained","Add Shortcut","Add Shortcut"
"en","arb","friendWebAppTagline","revised","The easy way to log shifts and auto-generate alarms","Your shifts and alarms, in sync"
"en","arb","friendInstallApp","retained","Install App","Install App"
"en","arb","friendDefaultDisplayName","retained","Friend","Friend"
"en","arb","friendLastSyncedAt","retained","Last synced: {date}","Last synced: {date}"
"en","arb","friendServerNotReady","retained","Not connected to the sharing server yet. Please try again in a moment","Not connected to the sharing server yet. Please try again in a moment"
"en","arb","friendScheduleNotSet","retained","Your shift schedule hasn't been set up yet","Your shift schedule hasn't been set up yet"
"en","arb","friendStartSharingFailed","retained","Failed to start sharing. Please check your connection and try again","Failed to start sharing. Please check your connection and try again"
"en","arb","friendSyncPendingBanner","revised","Your shared schedule is still being updated for friends. It will be sent again automatically when you're online.","Your latest schedule has not been shared yet. ShiftBell will try again automatically when you’re online."
"en","arb","friendStopPendingBanner","revised","The request to stop sharing is still being sent. Until it is confirmed, friends may still see your previous schedule.","Stopping sharing has not been confirmed yet. Your previously shared schedule may still be visible."
"en","arb","friendRetrySync","revised","Send again now","Retry now"
"en","arb","friendSyncPendingToast","revised","Not confirmed by the server yet. It will be sent again automatically when you're online","Sharing is not confirmed yet. ShiftBell will retry automatically when you’re online."
"en","arb","friendStopSharingAction","retained","Stop","Stop"
"en","arb","friendCodeCopied","retained","Code copied","Code copied"
"en","arb","friendLinkCopied","retained","Link copied","Link copied"
"en","arb","friendShareMessage","revised","{name}'s shift schedule is shared! 🗓️

▶ View without the app: {link}

▶ If you use the ShiftBell app, paste this code into ""Add Friend"".

{code}","View {name}’s shift schedule 🗓️

Open this link: {link}

Or paste this code into Add Friend in ShiftBell:

{code}"
"en","arb","friendNameHintExample","retained","Enter friend's name","Enter friend's name"
"en","arb","friendShareChannelsExplainer","retained","Send a link to friends without the app, or a code to friends who have it.","Send a link to friends without the app, or a code to friends who have it."
"en","arb","permissionGetStarted","retained","Get Started with ShiftBell","Get Started with ShiftBell"
"en","arb","permissionIntro","retained","Allow these permissions so your alarms can work reliably.","Allow these permissions so your alarms can work reliably."
"en","arb","permissionNotification","retained","Notifications","Notifications"
"en","arb","permissionNotificationDesc","retained","Show alarm notifications and reminders","Show alarm notifications and reminders"
"en","arb","permissionOverlay","retained","Display Over Other Apps","Display Over Other Apps"
"en","arb","permissionOverlayDesc","retained","Show the alarm screen while you use other apps","Show the alarm screen while you use other apps"
"en","arb","permissionExactAlarm","retained","Exact Alarms","Exact Alarms"
"en","arb","permissionExactAlarmDesc","retained","Needed for the alarm to ring at the exact time you set","Needed for the alarm to ring at the exact time you set"
"en","arb","permissionAllow","retained","Allow Permissions","Allow Permissions"
"en","arb","permissionRequired","retained","Required","Required"
"en","arb","permissionRecommended","retained","Recommended","Recommended"
"en","arb","permissionSomeDenied","retained","Some Permissions Were Denied","Some Permissions Were Denied"
"en","arb","permissionSomeDeniedDesc","revised","You can keep using the app, but alarms may not ring exactly on time.","Some alarm features may not work as expected until you allow the relevant permissions."
"en","arb","permissionCanAllowLater","retained","You can allow permissions anytime in Settings.","You can allow permissions anytime in Settings."
"en","arb","permissionRequiredNotGranted","retained","Required Permissions Not Granted","Required Permissions Not Granted"
"en","arb","statusDataLoadFailed","retained","Failed to load data","Failed to load data"
"en","arb","statusNoSchedule","retained","No schedule found","No schedule found"
"en","arb","statusErrorOccurred","retained","An error occurred","An error occurred"
"en","arb","statusShiftAssigned","retained","Shift assigned","Shift assigned"
"en","arb","statusShiftAssignFailed","retained","Failed to assign shift","Failed to assign shift"
"en","arb","statusShiftChangeFailed","retained","Failed to change shift","Failed to change shift"
"en","arb","alarmSchedulePartialFailed","retained","Shift saved, but {failed} of {total} alarms could not be set. Check the exact alarm permission and save the shift again.","Shift saved, but {failed} of {total} alarms could not be set. Check the exact alarm permission and save the shift again."
"en","arb","scheduleNotifyRegisterFailed","revised","Schedule saved, but its reminder could not be set. Check the exact alarm permission and save the schedule again.","Event saved, but its reminder could not be set. Check the exact alarm permission, then save the event again."
"en","arb","scheduleTabSyncFailed","retained","Couldn't change the screen setting. Please try again shortly.","Couldn't change the screen setting. Please try again shortly."
"en","arb","permissionStatusUnknown","retained","{name} (status unknown)","{name} (status unknown)"
"en","arb","statusShiftNameUpdated","retained","Shift name updated","Shift name updated"
"en","arb","statusShiftColorUpdated","retained","Shift color updated","Shift color updated"
"en","arb","statusColorAlreadyUsed","retained","This color is already used by another shift","This color is already used by another shift"
"en","arb","statusScheduleUpdated","retained","Schedule updated","Schedule updated"
"en","arb","statusEnterMemoContent","revised","Please enter note content","Write a note first"
"en","arb","statusMemoLimit","revised","You can register up to {max} notes","You can add up to {max} notes"
"en","arb","statusOneCharOnly","retained","Only one character allowed.","Only one character allowed."
"en","arb","statusFullTeamScheduleTitle","retained","Set up team schedules","Set up team schedules"
"en","arb","statusPatternDayCycle","retained","Shift Pattern ({days}-day cycle)","Shift Pattern ({days}-day cycle)"
"en","arb","allTeamsSetupRosterLabel","retained","Team Names","Team Names"
"en","arb","allTeamsSetupRosterHint","revised","Set all teams used in this schedule. Tap Edit to add, remove, or rename teams.","Add the teams you want to see. Tap Edit to add, remove or rename a team."
"en","arb","allTeamsSetupMyTeamLabel","retained","My Team","My Team"
"en","arb","allTeamsSetupMyTeamPickHint","retained","Pick which one is your team.","Pick which one is your team."
"en","arb","allTeamsSetupOtherTeamsLabel","retained","Other Teams","Other Teams"
"en","arb","allTeamsSetupOtherTeamsHint","revised","Pick every other team that's actually used in this schedule.","Select the other teams to include."
"en","arb","allTeamsSetupPickMyTeamFirstHint","retained","Pick your team first.","Pick your team first."
"en","arb","allTeamsSetupAssignSectionLabel","retained","Assign Shifts","Assign Shifts"
"en","arb","allTeamsSetupAssignHint","revised","Tap a team, then tap the slot for today's shift to place it.","Select a team, then choose its position in the shift pattern today."
"en","arb","allTeamsSetupDuplicateNameError","retained","That team name is already used.","That team name is already used."
"en","arb","allTeamsSetupMinOtherTeamHint","retained","Select at least one other team.","Select at least one other team."
"en","arb","allTeamsSetupEditTooltip","retained","Edit team schedules","Edit team schedules"
"en","arb","alarmHistoryEmpty","retained","No Alarm History","No Alarm History"
"en","arb","alarmHistoryDeleteAllTitle","retained","Delete All History","Delete All History"
"en","arb","alarmHistoryTestOnlyWarning","revised","⚠️ Every record on this screen will be gone","⚠️ This will permanently delete every record shown here."
"en","arb","alarmHistoryDeleteAllDesc","retained","All alarm history will be deleted.","All alarm history will be deleted."
"en","arb","alarmHistoryDeletedToast","retained","All alarm history deleted","All alarm history deleted"
"en","arb","alarmHistoryDeleteFailed","retained","Failed to delete history: {error}","Failed to delete history: {error}"
"en","arb","themeMainWhite","retained","Classic Light","Classic Light"
"en","arb","themeMainDark","retained","Classic Dark","Classic Dark"
"en","arb","themeMinimal","retained","Simple Line","Simple Line"
"en","arb","themeMaterialCard","retained","Soft Card","Soft Card"
"en","arb","themeBoldGrid","retained","Dark Grid","Dark Grid"
"en","arb","themeInitialBadge","retained","Color Badge","Color Badge"
"en","arb","themeUnderline","retained","Minimal Underline","Minimal Underline"
"en","arb","themeEventChip","retained","Event Calendar","Event Calendar"
"en","arb","themeEditorial","retained","Magazine","Magazine"
"en","arb","themeDiary","retained","Diary","Diary"
"en","arb","themeSwipeToChoose","retained","Swipe left or right to choose","Swipe left or right to choose"
"en","arb","themeCurrentlyApplied","retained","Current theme","Current theme"
"en","arb","themeApplyThis","retained","Apply theme","Apply theme"
"en","arb","soundDefault","revised","Default Alarm Sound","Default alarm sound"
"en","arb","soundBellN","revised","Alarm Bell {n}","Alarm sound {n}"
"en","arb","soundFileNotFound","retained","Alarm sound file not found","Alarm sound file not found"
"en","arb","splashTitle","retained","ShiftBell","ShiftBell"
"en","arb","splashTagline","retained","Your shifts and alarms, in sync","Your shifts and alarms, in sync"
"en","arb","updateNewVersionAvailable","retained","New Version Available!","New Version Available!"
"en","arb","updateRecommendMessage","revised","We recommend updating
to the latest version.","Update to the latest version of ShiftBell."
"en","arb","updateDataPreservedHint","revised","(Your saved data will be preserved)","Your saved data will be kept."
"en","arb","updateReleaseNoteTitle","retained","ShiftBell Update Notes","ShiftBell Update Notes"
"en","arb","updateReleaseNoteBody","retained","This update improves shift calendars, alarms and local backups.

Thanks for using ShiftBell.","This update improves shift calendars, alarms and local backups.

Thanks for using ShiftBell."
"en","arb","allTeamsNotConfigured","retained","Team schedules are not set up yet","Team schedules are not set up yet"
"en","arb","allTeamsCreateButton","retained","Set up teams","Set up teams"
"en","arb","allTeamsThisMonthButton","retained","This Month","This Month"
"en","arb","statusErrorWithDetail","retained","An error occurred: {error}","An error occurred: {error}"
"en","arb","themeLabMockDayShiftLong","retained","Day Shift","Day Shift"
"en","arb","themeLabPreviewFixedMonthNotice","revised","This preview is fixed to August 2026","Preview for August 2026"
"en","arb","themeLabPreviewSheetTitle","retained","{date} ({weekday})","{date} ({weekday})"
"en","arb","themeLabPreviewShiftLabel","retained","Shift: {shift}","Shift: {shift}"
"en","arb","themeLabPreviewMemoCount","retained","{count, plural, =1{1 note} other{{count} notes}}: {memos}","{count, plural, =1{1 note} other{{count} notes}}: {memos}"
"en","arb","themeLabPreviewSheetHint","revised","In the real app, you can view and edit notes/OT right here.","In your calendar, you can view and edit notes and overtime here."
"en","arb","themeLabOtDetailNotice","revised","In the real app, tapping here opens the detailed OT list","In your calendar, tap here to see your overtime entries."
"en","arb","dismissAlarmConfirmed","retained","Dismissed","Dismissed"
"en","arb","dismissSnoozed5Min","revised","Snoozed 5 Minutes","Snoozed for 5 min"
"en","arb","dismissNoResponse","revised","No Response","Missed"
"en","arb","dismissAlarmRemoved","retained","Alarm Removed","Alarm Removed"
"en","arb","scheduleDuplicateTimeSlot","revised","There's already a schedule in this time slot. Add your note to that one instead.","There is already an event at this time. Add your note to that event instead."
"en","arb","scheduleMaxPerSlot","revised","You can only create up to {count} schedules in this time slot","You can add up to {count} events at this time"
"en","arb","scheduleDeleteConfirmTitle","revised","Delete this schedule?","Delete this event?"
"en","arb","scheduleDeleteConfirmBody","revised","Deleted schedules can't be recovered.","This event will be permanently deleted."
"en","arb","scheduleEditTitle","revised","Edit Schedule","Edit Event"
"en","arb","scheduleNewTitle","revised","New Schedule","New Event"
"en","arb","scheduleContentFieldLabel","revised","Content","Details"
"en","arb","scheduleTimeSectionLabel","retained","Time","Time"
"en","arb","scheduleNotifySectionLabel","retained","Notification","Notification"
"en","arb","scheduleNotifyToggleLabel","revised","Notify me for this schedule","Remind me"
"en","arb","scheduleNotifyDescription","retained","You'll get one notification that follows your device's sound, vibrate, or silent setting.","You'll get one notification that follows your device's sound, vibrate, or silent setting."
"en","arb","scheduleNotifyOffsetQuestion","revised","How many minutes before?","When should we remind you?"
"en","arb","scheduleNotifyOffsetOnTime","revised","On time","At the start time"
"en","arb","scheduleNotifyOffsetBefore","retained","{minutes} min before","{minutes} min before"
"en","arb","scheduleNotifyPastTimeWarning","revised","That time has already passed, so this notification won't fire. Please change the time.","The reminder time has already passed. Choose a later time to receive a notification."
"en","arb","scheduleCreateButton","retained","Create","Create"
"en","arb","helpSearchHint","retained","Search help topics","Search help topics"
"en","arb","helpEmptySearchResult","retained","No results found","No results found"
"en","arb","helpStartSectionTitle","retained","Getting Started","Getting Started"
"en","arb","helpStartOnboardingTitle","revised","The screens you see on first launch","Setting up ShiftBell"
"en","arb","helpStartOnboardingBody","revised","Allow notifications, exact alarms and display over other apps so ShiftBell can alert you reliably. Then choose whether your shifts repeat, add your shift names and set alarms for the shifts that need them. You can skip alarms and add them later in Settings.

Remove unused shift names with × and add any missing names with + Add. If you have used ShiftBell before, choose Load backup data to restore a backup file.","Allow notifications, exact alarms and display over other apps so ShiftBell can alert you reliably. Then choose whether your shifts repeat, add your shift names and set alarms for the shifts that need them. You can skip alarms and add them later in Settings.

Remove unused shift names with × and add any missing names with + Add. If you have used ShiftBell before, choose Restore from backup to restore a backup file."
"en","arb","helpStartScheduleTypesTitle","retained","Repeating vs. irregular schedules","Repeating vs. irregular schedules"
"en","arb","helpStartScheduleTypesBody","retained","A repeating schedule follows a cycle, such as Day, Day, Night, Night, Off, Off. Build the cycle and select today’s position in it. ShiftBell fills in future dates automatically.

For a non-repeating schedule, assign shifts to dates yourself. Long-press a date, select any other dates you want, and choose a shift.","A repeating schedule follows a cycle, such as Day, Day, Night, Night, Off, Off. Build the cycle and select today’s position in it. ShiftBell fills in future dates automatically.

For a non-repeating schedule, assign shifts to dates yourself. Long-press a date, select any other dates you want, and choose a shift."
"en","arb","helpShiftSectionTitle","retained","Managing Shifts","Managing Shifts"
"en","arb","helpShiftIrregularAssignTitle","revised","Assigning shifts as an irregular worker","Adding shifts without a repeating pattern"
"en","arb","helpShiftIrregularAssignBody","revised","If you're on an irregular schedule, long-press a date in the Calendar tab and choose which shift you're working that day (or several days at once). It applies only to the dates you pick, not as a repeating pattern, so each date is set individually.

If you assign shifts a few days ahead, alarms for those days are prepared automatically to match.","Touch and hold a date on the calendar, select any other dates you need, then choose a shift. The shift is assigned only to the dates you select.

Add upcoming shifts in advance so ShiftBell can schedule their alarms."
"en","arb","helpShiftChangeShiftTitle","retained","Changing the shift on a specific date","Changing the shift on a specific date"
"en","arb","helpShiftChangeShiftBody","retained","Whether you're on a repeating or irregular schedule, you can override a single date by long-pressing it on the calendar and picking a different shift. Alarms for that day are automatically recalculated to match the new shift.","Whether you're on a repeating or irregular schedule, you can override a single date by long-pressing it on the calendar and picking a different shift. Alarms for that day are automatically recalculated to match the new shift."
"en","arb","helpShiftShiftColorsTitle","retained","Customizing shift colors","Customizing shift colors"
"en","arb","helpShiftShiftColorsBody","retained","Every calendar theme has default colors per shift, but you can override the color of a specific shift name if you like. Pick the shift name in the shift settings and choose a color — your choice takes priority over the theme's default.","Every calendar theme has default colors per shift, but you can override the color of a specific shift name if you like. Pick the shift name in the shift settings and choose a color — your choice takes priority over the theme's default."
"en","arb","helpShiftAllShiftsTitle","retained","Viewing other teams in your rotation","Viewing other teams in your rotation"
"en","arb","helpShiftAllShiftsBody","revised","Tap All teams in the Calendar tab to compare the teams in your repeating rotation. Set up the team names, choose your team and place each team at its current position in the pattern.

This is a local view calculated from your pattern. It does not connect to coworkers’ accounts or download their schedules.","Tap All teams on the Calendar tab to compare team schedules. Add team names and choose your team. You can use one repeating pattern with a different starting position for each team, or set a separate cycle or weekly schedule for each team.

Team schedules are calculated on your device. They do not connect to coworkers’ accounts or download their schedules."
"en","arb","helpShiftTeamChangeTitle","retained","When your team changes","When your team changes"
"en","arb","helpShiftTeamChangeBody","revised","Go to Settings → Edit → Change Schedule and assign today's shift. Your shift names and alarms stay exactly as they are.","If you have set up team schedules, open All teams → Edit → Change my team and select your new team. Shift alarms will follow that team’s schedule. Manual changes to individual dates will be cleared, but the team schedules will be kept.

To change your position in a repeating pattern instead, go to Settings → Edit → Change Schedule. Check the confirmation message before saving."
"en","arb","helpAlarmSectionTitle","retained","Alarms","Alarms"
"en","arb","helpAlarmTemplatesTitle","retained","Setting alarms for a shift","Setting alarms for a shift"
"en","arb","helpAlarmTemplatesBody","retained","Add up to five alarms per shift in Settings. Each alarm has its own time and sound settings and can ring on the shift day, the day before or the day after.

ShiftBell prepares upcoming alarms automatically as your calendar moves forward. For a non-repeating schedule, assign your shifts ahead of time so their alarms can be scheduled.

Alarm lists use a 24-hour display. The time editor follows your device’s 12- or 24-hour setting. In 12-hour mode, 12 AM is midnight and 12 PM is noon.

Shift alarms follow the device’s current time zone. When daylight saving time skips a clock time, the alarm moves forward by the clock change (for example, 02:30 becomes 03:30 for a one-hour jump). When a clock time occurs twice, it rings once at the second occurrence. Alarms that resolve to the same time are combined.","Add up to five alarms per shift in Settings. Each alarm has its own time and sound settings and can ring on the shift day, the day before or the day after.

ShiftBell prepares upcoming alarms automatically as your calendar moves forward. For a non-repeating schedule, assign your shifts ahead of time so their alarms can be scheduled.

Alarm lists use a 24-hour display. The time editor follows your device’s 12- or 24-hour setting. In 12-hour mode, 12 AM is midnight and 12 PM is noon.

Shift alarms follow the device’s current time zone. When daylight saving time skips a clock time, the alarm moves forward by the clock change (for example, 02:30 becomes 03:30 for a one-hour jump). When a clock time occurs twice, it rings once at the second occurrence. Alarms that resolve to the same time are combined."
"en","arb","helpAlarmSoundVolumeTitle","revised","Changing alarm sounds / volume issues","Choosing an alarm sound and volume"
"en","arb","helpAlarmSoundVolumeBody","retained","You can choose from 7 built-in alarm sounds or your device's own system alarm sounds. Speaker characteristics vary by device, so the app auto-corrects volume, but if it still feels off, try switching to a different sound in the alarm settings.","You can choose from 7 built-in alarm sounds or your device's own system alarm sounds. Speaker characteristics vary by device, so the app auto-corrects volume, but if it still feels off, try switching to a different sound in the alarm settings."
"en","arb","helpAlarmAlarmNotRingingTitle","retained","If an alarm doesn't go off","If an alarm doesn't go off"
"en","arb","helpAlarmAlarmNotRingingBody","revised","The most common cause is permissions. Check that ""exact alarms"", ""notifications"", and ""display over other apps"" are all enabled for this app, and that it's excluded from battery optimization.

The next most common cause is the shift or alarm setup. Make sure a shift is actually assigned to that date and that the shift has a shift alarm registered. If you assign a shift but never create a shift alarm, nothing will ring.","Check that exact alarms are allowed for ShiftBell. Also check notification and display-over-other-apps permissions so you can see and control alarms, and review your phone’s battery restrictions.

Make sure the date has a shift assigned and that the shift has an alarm. Check the alarm’s sound, volume and vibration settings as well."
"en","arb","helpAlarmAlarmHistoryTitle","retained","Viewing alarm history","Viewing alarm history"
"en","arb","helpAlarmAlarmHistoryBody","retained","You can see every alarm and its result under Settings → Alarm History.

Snooze sets the alarm for five minutes after you tap it, even when the clocks change. During the repeated hour when clocks go back, “First occurrence” and “Second occurrence” distinguish the two times in upcoming alarms and alarm history.","You can see every alarm and its result under Settings → Alarm History.

Snooze sets the alarm for five minutes after you tap it, even when the clocks change. During the repeated hour when clocks go back, “First occurrence” and “Second occurrence” distinguish the two times in upcoming alarms and alarm history."
"en","arb","helpCalendarSectionTitle","retained","Calendar & Home Widget","Calendar & Home Widget"
"en","arb","helpCalendarThemesTitle","retained","Changing the calendar theme","Changing the calendar theme"
"en","arb","helpCalendarThemesBody","retained","Choose from six themes in Settings → Calendar Theme: Classic Light, Classic Dark, Simple Line, Soft Card, Diary and Dark Grid.

Themes apply to the calendar inside the app. The home-screen widget keeps its light appearance.","Choose from six themes in Settings → Calendar Theme: Classic Light, Classic Dark, Simple Line, Soft Card, Diary and Dark Grid.

Themes apply to the calendar inside the app. The home-screen widget keeps its light appearance."
"en","arb","helpCalendarOtTitle","retained","Recording and checking overtime","Recording and checking overtime"
"en","arb","helpCalendarOtBody","retained","Tap a date in the Calendar tab to record overtime. The app includes it in your weekly and monthly work-hour totals. OT means overtime.

Weekly totals always run from Monday to Sunday, even when your calendar starts on Sunday. Monthly totals use the reporting period you choose in Settings. These are time totals, not a payroll calculation.","Tap a date in the Calendar tab to record overtime. The app includes it in your weekly and monthly work-hour totals. OT means overtime.

Weekly totals always run from Monday to Sunday, even when your calendar starts on Sunday. Monthly totals use the reporting period you choose in Settings. These are time totals, not a payroll calculation."
"en","arb","helpCalendarWorkHoursPayTitle","retained","Checking weekly and monthly work hours","Checking weekly and monthly work hours"
"en","arb","helpCalendarWorkHoursPayBody","revised","Enter each shift's clock-in and clock-out times in settings and the app calculates your monthly and weekly work hours automatically. Overtime is included. You can also choose in settings whether the default hours of a shift you change on the calendar count toward OT.","Enter the usual start and end times for each shift in Settings. ShiftBell uses these times and your overtime entries to calculate weekly and monthly hours.

For a repeating pattern, you can also include extra hours from shift changes in the overtime summary. Only the increase over the original shift counts, not the new shift’s full duration."
"en","arb","helpCalendarHomeWidgetTitle","retained","Adding the home-screen widget","Adding the home-screen widget"
"en","arb","helpCalendarHomeWidgetBody","retained","Long-press your home screen, open Widgets and add ShiftBell Calendar. It shows shift names and up to three notes per date. Resize it to switch between a three-week view and a full month.

Weekday order follows the same regional default as the app. Public holidays and lunar dates are not shown in English.","Long-press your home screen, open Widgets and add ShiftBell Calendar. It shows shift names and up to three notes per date. Resize it to switch between a three-week view and a full month.

Weekday order follows the same regional default as the app. Public holidays and lunar dates are not shown in English."
"en","arb","helpScheduleTabSectionTitle","retained","Schedule Tab","Schedule Tab"
"en","arb","helpScheduleTabWhatIsItTitle","retained","How is the Schedule tab different?","How is the Schedule tab different?"
"en","arb","helpScheduleTabWhatIsItBody","revised","While a calendar note is a note for the whole day, the Schedule tab lets you manage what you're doing from one specific time to another within a day. It's for things with an actual time attached, like an appointment before work or plans after your shift.","Calendar notes apply to a whole day. Events in the Schedule tab have a specific time, with an optional end time and reminder. Use them for appointments, errands or plans before and after work."
"en","arb","helpScheduleTabCreateEditTitle","revised","Creating and editing a schedule item","Adding and editing events"
"en","arb","helpScheduleTabCreateEditBody","revised","Tap the clock icon at the bottom right to switch to time-picking mode. Tap again at the time you want and the new schedule screen appears.","Tap the clock icon at the bottom right, then tap a time on the timeline to add an event."
"en","arb","helpScheduleTabAutoCategoryTitle","retained","How matching icons get picked","How matching icons get picked"
"en","arb","helpScheduleTabAutoCategoryBody","retained","The app reads what you typed and automatically attaches a matching icon. If it can't find a good match, a default shape icon is attached instead.","The app reads what you typed and automatically attaches a matching icon. If it can't find a good match, a default shape icon is attached instead."
"en","arb","helpConditionSectionTitle","retained","Sleep & Recovery","Sleep & Recovery"
"en","arb","helpConditionWhatIsItTitle","retained","What is the Sleep & Recovery tab?","What is the Sleep & Recovery tab?"
"en","arb","helpConditionWhatIsItBody","retained","This screen lets you review detected sleep, add a sleep period, and see your confirmed records. It shows recorded times and durations without giving a health score or medical diagnosis. Review an automatic estimate before confirming it.","This screen lets you review detected sleep, add a sleep period, and see your confirmed records. It shows recorded times and durations without giving a health score or medical diagnosis. Review an automatic estimate before confirming it."
"en","arb","helpConditionEvidenceListTitle","retained","Sleep & Recovery evidence","Sleep & Recovery evidence"
"en","arb","helpConditionEvidenceListBody","retained","The Sleep & Recovery tab's guidance draws on the 14 sources below. A few thresholds, such as consecutive workdays or comparisons with your own average, are set by this app and don't carry a separate source.

EVIDENCE-001 · Shift rotation direction — Forward rotation (day→evening→night) is reported to be easier to adapt to than backward rotation. (NIOSH)

EVIDENCE-002 · Minimum rest between shifts — Recommends at least 11 hours of rest between two shifts. (Knauth & Hornberger, cited in NIOSH Module 5)

EVIDENCE-003 · Minimum rest between shifts (legal standard) — Every worker must get at least 11 consecutive hours of rest per 24 hours. (EU Working Time Directive, Art. 3)

EVIDENCE-004 · Long shifts and injury/accident risk — Relative risk is modeled at about +13% for a 10-hour shift and +27% for a 12-hour shift, versus an 8-hour shift. (Folkard & Lombardi, 2006)

EVIDENCE-005 · Rest days after consecutive shifts — Recommends 1–2 rest days after 5 days of 8-hour shifts or 4 days of 10-hour shifts, and 2 rest days after 3 days of 12-hour shifts. It also advises against packing work into a few days and then taking several days off. (NIOSH)

EVIDENCE-006 · Sleep after a night shift — Recommends prioritizing sleep after a night shift. (NIOSH)

EVIDENCE-007 · Napping before a night shift — Conditionally helpful, but the guideline itself states the evidence level is very low. Watch for grogginess right after waking. (AASM, 2025)

EVIDENCE-008 · Caffeine and sleep — Caffeine taken even 6 hours before bedtime significantly cuts total sleep time by over an hour. (Drake et al., 2013)

EVIDENCE-009 · Light exposure on the commute home after a night shift — Reducing bright light exposure can help later sleep (but safety comes first if you're too drowsy to drive safely). (NIOSH)

EVIDENCE-010 · Eating during a night shift — Recommends eating less between midnight and 6am and favoring light meals. (NIOSH)

EVIDENCE-011 · Recommended sleep for adults — Adults aged 18–64 are recommended 7–9 hours of sleep. (National Sleep Foundation, 2015)

EVIDENCE-012 · Maximum weekly working hours (legal standard) — Average weekly working time, including overtime, must not exceed 48 hours. (EU Working Time Directive, Art. 6)

EVIDENCE-013 · Consecutive night shifts and accident risk — Relative risk of accidents/injuries accumulates with each successive night shift (about +6% on night 2, +17% on night 3, +36% on night 4 — the increase is steeper for consecutive night shifts than for consecutive day/evening shifts). (Folkard & Tucker, 2003)

EVIDENCE-014 · Weekly cumulative working hours — Recommends limiting nurses' work to 12 hours in 24 and 60 hours in 7 days. A 2014 systematic review reported that working more than 40 hours a week is linked to lower patient safety. (IOM, 2004; cited in NIOSH Module 5)","The Sleep & Recovery tab's guidance draws on the 14 sources below. A few thresholds, such as consecutive workdays or comparisons with your own average, are set by this app and don't carry a separate source.

EVIDENCE-001 · Shift rotation direction — Forward rotation (day→evening→night) is reported to be easier to adapt to than backward rotation. (NIOSH)

EVIDENCE-002 · Minimum rest between shifts — Recommends at least 11 hours of rest between two shifts. (Knauth & Hornberger, cited in NIOSH Module 5)

EVIDENCE-003 · Minimum rest between shifts (legal standard) — Every worker must get at least 11 consecutive hours of rest per 24 hours. (EU Working Time Directive, Art. 3)

EVIDENCE-004 · Long shifts and injury/accident risk — Relative risk is modeled at about +13% for a 10-hour shift and +27% for a 12-hour shift, versus an 8-hour shift. (Folkard & Lombardi, 2006)

EVIDENCE-005 · Rest days after consecutive shifts — Recommends 1–2 rest days after 5 days of 8-hour shifts or 4 days of 10-hour shifts, and 2 rest days after 3 days of 12-hour shifts. It also advises against packing work into a few days and then taking several days off. (NIOSH)

EVIDENCE-006 · Sleep after a night shift — Recommends prioritizing sleep after a night shift. (NIOSH)

EVIDENCE-007 · Napping before a night shift — Conditionally helpful, but the guideline itself states the evidence level is very low. Watch for grogginess right after waking. (AASM, 2025)

EVIDENCE-008 · Caffeine and sleep — Caffeine taken even 6 hours before bedtime significantly cuts total sleep time by over an hour. (Drake et al., 2013)

EVIDENCE-009 · Light exposure on the commute home after a night shift — Reducing bright light exposure can help later sleep (but safety comes first if you're too drowsy to drive safely). (NIOSH)

EVIDENCE-010 · Eating during a night shift — Recommends eating less between midnight and 6am and favoring light meals. (NIOSH)

EVIDENCE-011 · Recommended sleep for adults — Adults aged 18–64 are recommended 7–9 hours of sleep. (National Sleep Foundation, 2015)

EVIDENCE-012 · Maximum weekly working hours (legal standard) — Average weekly working time, including overtime, must not exceed 48 hours. (EU Working Time Directive, Art. 6)

EVIDENCE-013 · Consecutive night shifts and accident risk — Relative risk of accidents/injuries accumulates with each successive night shift (about +6% on night 2, +17% on night 3, +36% on night 4 — the increase is steeper for consecutive night shifts than for consecutive day/evening shifts). (Folkard & Tucker, 2003)

EVIDENCE-014 · Weekly cumulative working hours — Recommends limiting nurses' work to 12 hours in 24 and 60 hours in 7 days. A 2014 systematic review reported that working more than 40 hours a week is linked to lower patient safety. (IOM, 2004; cited in NIOSH Module 5)"
"en","arb","helpConditionSetupNeededTitle","retained","Setup required before using this tab","Setup required before using this tab"
"en","arb","helpConditionSetupNeededBody","revised","You need to enter clock-in/out times for at least one shift name under Settings → Work Hours & Overtime Settings first. Until you do, Today's Condition won't appear, but you can still log sleep. You don't need to fill in every shift — just one you're currently using is enough.","You need to enter start and end times for at least one shift name under Settings → Work Hours & Overtime first. Until you do, Today's Condition won't appear, but you can still log sleep. You don't need to fill in every shift — just one you're currently using is enough."
"en","arb","helpSleepSectionTitle","retained","Sleep Tracking","Sleep Tracking"
"en","arb","helpSleepWidgetTitle","retained","What is the sleep-tracking widget?","What is the sleep-tracking widget?"
"en","arb","helpSleepWidgetBody","revised","Add the sleep widget to your home screen and tap ""Sleep"" before bed and ""Wake"" after you get up to log your sleep in a couple of taps. The widget also shows today's shift.

The sleep you log is used in the Sleep & Recovery tab, alongside your work schedule, to show what to look after right now.","Add the sleep widget to your home screen. Tap Sleep when you go to bed and Wake when you get up. The widget also shows today’s shift.

Your sleep records appear in Sleep & Recovery alongside your work schedule."
"en","arb","helpSleepAutoDetectTitle","retained","Automatic sleep estimation","Automatic sleep estimation"
"en","arb","helpSleepAutoDetectBody","revised","Even without touching the widget, the app can guess when you were probably asleep based on your work schedule and how long your phone went untouched. It looks for sleep after work, night sleep, and naps you take before a night shift. Sleep during a shift is not picked up automatically, so log it with the widget.

A detected record is always just an estimate. It becomes an official record once you confirm it.","ShiftBell estimates when you may have slept using your work schedule and periods when your phone’s screen was off. It looks for sleep after work, overnight sleep and naps before a night shift. Sleep during a shift is not estimated automatically; record it using the widget.

Estimates are saved as confirmed sleep records only after you review and confirm them."
"en","arb","helpSleepMiniCalendarTitle","retained","Reviewing and editing recent sleep records","Reviewing and editing recent sleep records"
"en","arb","helpSleepMiniCalendarBody","retained","The ""Recent Sleep"" mini calendar on the Sleep & Recovery tab shows confirmed records day by day. Tap a slot to create, edit, or delete a record right there. For older records, use ""View All"" to browse month by month.

Below it, ""My sleep by shift"" breaks down your average sleep for each shift type into main sleep and naps.","The ""Recent Sleep"" mini calendar on the Sleep & Recovery tab shows confirmed records day by day. Tap a slot to create, edit, or delete a record right there. For older records, use ""View All"" to browse month by month.

Below it, ""My sleep by shift"" breaks down your average sleep for each shift type into main sleep and naps."
"en","arb","helpFriendSectionTitle","retained","Friend Sharing","Friend Sharing"
"en","arb","helpFriendWhatIsItTitle","retained","What is friend sharing?","What is friend sharing?"
"en","arb","helpFriendWhatIsItBody","retained","This lets you share your work schedule so a friend or someone else can view it — or view a schedule someone else shared with you. You can share your schedule easily even with people who don't have the app.","This lets you share your work schedule so a friend or someone else can view it — or view a schedule someone else shared with you. You can share your schedule easily even with people who don't have the app."
"en","arb","helpFriendShareCodeTitle","retained","Generating and sharing your code","Generating and sharing your code"
"en","arb","helpFriendShareCodeBody","retained","Tap ""Friends"" on the Calendar tab, then ""Share My Schedule"" to get your code. Give it to the other person, and they can register it in their own app to view your schedule.","Tap ""Friends"" on the Calendar tab, then ""Share My Schedule"" to get your code. Give it to the other person, and they can register it in their own app to view your schedule."
"en","arb","helpFriendViewFriendTitle","retained","Viewing a friend's schedule with their code","Viewing a friend's schedule with their code"
"en","arb","helpFriendViewFriendBody","retained","If you've received a friend's code, add them from the friend list screen by entering it — their schedule then shows up as a calendar inside your own app.","If you've received a friend's code, add them from the friend list screen by entering it — their schedule then shows up as a calendar inside your own app."
"en","arb","helpFriendReinstallNoteTitle","retained","What happens if you reinstall the app","What happens if you reinstall the app"
"en","arb","helpFriendReinstallNoteBody","revised","Reinstalling the app creates what's internally treated as a new account, which breaks any friend-sharing connections you had before. To reconnect, generate a new share code and send it to the other person again.

Your friend won't see any error on their end — their screen will just keep showing your schedule exactly as it was right before you reinstalled. Since they have no way to notice this on their own, be sure to let them know if you reinstall.","After reinstalling ShiftBell, you will need to share a new code or link. Your old code does not connect to the new installation.

Someone using the old code may still see the schedule you shared before reinstalling, without an error message. Let them know and ask them to replace the old code with your new one."
"en","arb","helpBackupSectionTitle","retained","Backup & Restore","Backup & Restore"
"en","arb","helpBackupDataStorageTitle","retained","Where is my data stored?","Where is my data stored?"
"en","arb","helpBackupDataStorageBody","retained","Your shifts, alarms, alarm history, notes and work-hour records are saved on your device. Backups are local files in Download/ShiftBell. They are not uploaded automatically.

Usage statistics and advertising use Google services. See the Privacy Policy for what information they process. Data from features previously used in Korean can remain in local storage and backups even while those features are hidden in English.","Your shifts, alarms, alarm history, notes and work-hour records are saved on your device. Backups are local files in Download/ShiftBell. They are not uploaded automatically.

Usage statistics and advertising use Google services. See the Privacy Policy for what information they process. Data from features previously used in Korean can remain in local storage and backups even while those features are hidden in English."
"en","arb","helpBackupAutoBackupTitle","retained","When does automatic backup happen?","When does automatic backup happen?"
"en","arb","helpBackupAutoBackupBody","revised","ShiftBell checks for changes when you open, return to or leave the app. If your data has changed, it saves an automatic backup to Download/ShiftBell on your device. You can also choose Data backup in Settings.

It keeps one manual backup and one automatic backup. A new backup replaces only the file of the same kind. Backups require Android 10 or later.","ShiftBell checks for changes when you open, return to or leave the app. If your data has changed, it saves an automatic backup to Download/ShiftBell on your device. You can also choose Back up data in Settings.

It keeps one manual backup and one automatic backup. A new backup replaces only the file of the same kind. Backups require Android 10 or later."
"en","arb","helpBackupRestoreTitle","retained","Restoring after reinstalling or moving to a new device","Restoring after reinstalling or moving to a new device"
"en","arb","helpBackupRestoreBody","revised","Choose Load backup data on the first screen or in Settings, then select a backup file from Download/ShiftBell. Review its saved time before restoring: the backup replaces your current app data.

To move to another phone, copy the file to that phone first. After restoring, check your shifts, upcoming alarms and alarm permissions.","Choose Restore from backup on the first screen or in Settings, then select a backup file from Download/ShiftBell. Review its saved time before restoring: the backup replaces your current app data.

To move to another phone, copy the file to that phone first. After restoring, check your shifts, upcoming alarms and alarm permissions."
"en","arb","helpBackupRestoreManualTitle","retained","If automatic restore doesn't find your backup","If automatic restore doesn't find your backup"
"en","arb","helpBackupRestoreManualBody","revised","After reinstalling, choose Load backup data and select your previous backup using the file picker. Android may not let the new installation find files created by the old installation automatically.","After reinstalling, choose Restore from backup and select your previous backup using the file picker. Android may not let the new installation find files created by the old installation automatically."
"en","arb","helpBackupRestoreOldBackupFailTitle","retained","A very old backup may fail to restore","A very old backup may fail to restore"
"en","arb","helpBackupRestoreOldBackupFailBody","revised","The data format the app saves occasionally changes as it is updated. If there is a big version gap between the app that made a backup and the one restoring it (for example, restoring a very old backup into a much newer version), the restore can fail, and retrying with the same file will likely fail for the same reason.

Right before you switch phones or reinstall, tap ""Data backup"" in settings to make a fresh backup. Even if automatic backups have been working fine, doing one manually right before an important moment is safer.","A backup from a much older version of ShiftBell may use a data format that can no longer be restored. Trying the same file again may not help.

Before changing phones or reinstalling, use Back up data in Settings to save a fresh backup. Copy it to a safe location if you are resetting or replacing your phone."
"en","arb","helpTroubleshootSectionTitle","retained","Troubleshooting","Troubleshooting"
"en","arb","helpTroubleshootAlarmIssueTitle","retained","My alarm didn't go off","My alarm didn't go off"
"en","arb","helpTroubleshootAlarmIssueBody","revised","First check that notifications, exact alarms, and display-over-other-apps are enabled for this app, and that it's excluded from battery optimization. Then confirm a shift is actually assigned to that date and that the shift has a shift alarm registered.","Check exact alarm permission, notification and display-over-other-apps permissions, and your phone’s battery restrictions. Then check that the date has a shift assigned, that the shift has an alarm, and that sound or vibration is enabled."
"en","arb","helpTroubleshootForceStopTitle","retained","I force-stopped this app from phone settings","I force-stopped this app from phone settings"
"en","arb","helpTroubleshootForceStopBody","revised","""Force stop"" from Settings → Apps cancels every alarm this app had scheduled. That is different from just leaving the app or swiping it away from recent apps. Neither of those affects alarms.

When you reopen the app after a force stop, any alarm whose time hasn't passed yet is registered again automatically. But an alarm whose time passed between the force stop and the moment you reopen the app is not restored and won't ring that day.

So if you force-stopped the app, open it once before your next alarm is due. It will then ring normally again.","Using Force stop in Android Settings → Apps cancels ShiftBell’s scheduled alarms. Open ShiftBell again before your next alarm so it can reschedule upcoming alarms. Alarms whose time has already passed will not ring retroactively.

Leaving the app or removing it from Recent apps does not itself cancel alarms, although some phones apply additional background restrictions."
"en","arb","helpTroubleshootWidgetIssueTitle","retained","The widget isn't updating","The widget isn't updating"
"en","arb","helpTroubleshootWidgetIssueBody","retained","Try removing the widget and adding it again. If it still looks the same, open the app once, then go back to your home screen and check again.","Try removing the widget and adding it again. If it still looks the same, open the app once, then go back to your home screen and check again."
"en","arb","helpTroubleshootBackupFileMissingTitle","retained","I can't find my backup file","I can't find my backup file"
"en","arb","helpTroubleshootBackupFileMissingBody","revised","Check the Download/ShiftBell folder directly using your device's file manager app. If the folder doesn't exist, no backup has been made yet, so tap ""Data backup"" in settings to create one.","Look in Download/ShiftBell using your phone’s file manager. If no backup is there, use Back up data in Settings to create one."
"en","arb","helpTroubleshootFriendDisconnectedTitle","retained","My friend's schedule hasn't changed in days","My friend's schedule hasn't changed in days"
"en","arb","helpTroubleshootFriendDisconnectedBody","revised","If the schedule looks frozen with no error shown, it's almost always because your friend reinstalled the app. Reinstalling creates a new internal account, which breaks the existing connection. Nothing on screen tells you that happened, and it keeps showing whatever it last had.

Check the ""Last synced"" time at the top of your friend's schedule screen. If it's stuck on an old date, that's the sign. Ask your friend for a new share code, then remove the old entry and add them again with it.","Check the Last synced time on your friend’s schedule. An old timestamp can mean their changes have not synced or they have reinstalled ShiftBell.

Ask them to open the app with an internet connection and check sharing. If they reinstalled it, ask for a new code, remove the old entry and add them again."
"en","arb","startupFailedTitle","retained","Couldn't start the app","Couldn't start the app"
"en","arb","startupFailedBody","retained","Something went wrong while getting the app ready. Make sure your device has enough free storage, then try again. If this keeps happening, try restarting your device.","Something went wrong while getting the app ready. Make sure your device has enough free storage, then try again. If this keeps happening, try restarting your device."
"en","arb","startupRetry","retained","Try again","Try again"
"en","arb","startupSlowMessage","retained","Getting the app ready. Please wait a moment.","Getting the app ready. Please wait a moment."
"en","arb","startupStalledMessage","retained","This is taking longer than usual. If you still see this screen after trying again, close the app completely and open it again.","This is taking longer than usual. If you still see this screen after trying again, close the app completely and open it again."
"en","arb","shiftAnnualLeave","retained","Leave","Leave"
"en","arb","onboardingBackupTitle","revised","Load backup data","Restore from backup"
"en","arb","onboardingBackupDesc","retained","Start from a backup file in Download/ShiftBell.","Start from a backup file in Download/ShiftBell."
"en","arb","helpOneTapTitle","retained","One-tap alarms: quickly add a saved time","One-tap alarms: quickly add a saved time"
"en","arb","helpOneTapBody","retained","Tap the one-tap alarm button above the calendar, then + to save a time and a sound setting (sound + vibration, vibration or silent). One empty slot appears at a time, up to five saved presets.

Choose a saved time, then today or tomorrow. After scheduling, the panel closes and a short confirmation appears. Past times and times already occupied by another alarm are rejected.

Tap the calendar while viewing the preset list to close the panel. After selecting a preset, Back returns to the list.

Selecting a preset also shows Edit and Delete. A preset assigned to a future date cannot be edited until its assigned alarms are removed. To remove an individual alarm, open its date and tap × next to the one-tap alarm. Deleting a preset also deletes its assigned alarms. The confirmation explains whether a shift alarm will be restored.","Tap the one-tap alarm button above the calendar, then + to save a time and a sound setting (sound + vibration, vibration or silent). One empty slot appears at a time, up to five saved presets.

Choose a saved time, then today or tomorrow. After scheduling, the panel closes and a short confirmation appears. Past times and times already occupied by another alarm are rejected.

Tap the calendar while viewing the preset list to close the panel. After selecting a preset, Back returns to the list.

Selecting a preset also shows Edit and Delete. A preset assigned to a future date cannot be edited until its assigned alarms are removed. To remove an individual alarm, open its date and tap × next to the one-tap alarm. Deleting a preset also deletes its assigned alarms. The confirmation explains whether a shift alarm will be restored."
"en","arb","helpCalendarTextSizeTitle","retained","Calendar text and screen sizes","Calendar text and screen sizes"
"en","arb","helpCalendarTextSizeBody","retained","Calendar cells adapt to phone, cover and unfolded screen widths. Long shift names and notes may be shortened to fit. Tap a date or note to read the full text. Each date supports up to three notes.

Simple Line and Soft Card use a larger default shift label. Calendar text scaling is limited to keep dates, shifts and notes within their cells.","Calendar cells adapt to phone, cover and unfolded screen widths. Long shift names and notes may be shortened to fit. Tap a date or note to read the full text. Each date supports up to three notes.

Simple Line and Soft Card use a larger default shift label. Calendar text scaling is limited to keep dates, shifts and notes within their cells."
"en","arb","helpDiagnosticTitle","retained","Find a diagnostic file for a problem report","Find a diagnostic file for a problem report"
"en","arb","helpDiagnosticBody","retained","For alarm or backup issues, check Download/ShiftBell/log in your file manager (Android 10 or later). Diagnostic files are saved and updated locally.

They include device and Android versions, permission and battery settings, and alarm and backup processing records. Note or event contents, shift names and friend names are excluded. Files are not sent automatically. You can attach them when contacting support. They may remain after uninstalling; remove them in your file manager when no longer needed.","For alarm or backup issues, check Download/ShiftBell/log in your file manager (Android 10 or later). Diagnostic files are saved and updated locally.

They include device and Android versions, permission and battery settings, and alarm and backup processing records. Note or event contents, shift names and friend names are excluded. Files are not sent automatically. You can attach them when contacting support. They may remain after uninstalling; remove them in your file manager when no longer needed."
"en","arb","helpCalendarLocaleTitle","retained","Dates, weekends and public holidays","Dates, weekends and public holidays"
"en","arb","helpCalendarLocaleBody","retained","The calendar uses Sunday first for US English and Monday first for UK English and supported European regional settings. English dates use month names to avoid confusion between day/month and month/day.

Public holidays are not included in the English calendar or widget in this release. A red Sunday is a weekend marker, not a public-holiday label. Korean lunar dates are also hidden. Your shifts and alarms still follow your own schedule.

Weekly work-hour totals always use Monday–Sunday. A holiday or weekend does not automatically make a shift a day off.","The calendar uses Sunday first for US English and Monday first for UK English and supported European regional settings. English dates use month names to avoid confusion between day/month and month/day.

Public holidays are not included in the English calendar or widget in this release. A red Sunday is a weekend marker, not a public-holiday label. Korean lunar dates are also hidden. Your shifts and alarms still follow your own schedule.

Weekly work-hour totals always use Monday–Sunday. A holiday or weekend does not automatically make a shift a day off."
"en","arb","alarmSnoozedLabel","retained","Snoozed","Snoozed"
"en","arb","alarmClockFirstOccurrence","retained","First occurrence","First occurrence"
"en","arb","alarmClockSecondOccurrence","retained","Second occurrence","Second occurrence"
"en","arb","shiftNameInUse","retained","Shifts in use can only be renamed.","Shifts in use can only be renamed."
"en","arb","scheduleOutsideTeamsConfirm","retained","The selected position does not match any team in the full roster. Continuing will delete the full roster, and you will need to set it up again. Change your schedule?","The selected position does not match any team in the full roster. Continuing will delete the full roster, and you will need to set it up again. Change your schedule?"
"en","arb","scheduleMyTeam","retained","My team","My team"
"en","arb","scheduleTeamsAtToday","retained","Team positions in the cycle as of today.","Team positions in the cycle as of today."
"en","arb","scheduleTeamChanged","retained","Your schedule changed from team {from} to team {to}.","Your schedule changed from team {from} to team {to}."
"en","arb","teamSetupModeTitle","retained","Choose a setup method","Choose a setup method"
"en","arb","teamSetupShared","retained","All teams use the same pattern","All teams use the same pattern"
"en","arb","teamSetupSharedHint","retained","Assign each team to a position in one cycle.","Assign each team to a position in one cycle."
"en","arb","teamSetupIndividual","retained","Use a different pattern for each team","Use a different pattern for each team"
"en","arb","teamSetupIndividualHint","retained","Give each team its own cycle or weekly schedule.","Give each team its own cycle or weekly schedule."
"en","arb","teamRuleBase","retained","Use the base cycle","Use the base cycle"
"en","arb","teamRuleCycle","retained","Use another cycle","Use another cycle"
"en","arb","teamRuleWeekly","retained","Assign by weekday","Assign by weekday"
"en","arb","teamRuleTitle","revised","Set work rules","Set shift pattern"
"en","arb","teamRuleLocked","retained","Linked to my calendar · read only","Linked to my calendar · read only"
"en","arb","teamRuleMissing","revised","Set this team's work rules","Set this team’s shift pattern"
"en","arb","teamRuleEdit","retained","Set up","Set up"
"en","arb","teamRulePatternHint","revised","Tap shifts in order to build a cycle.
Tap an entered chip to remove that position.","Tap shifts in order to build a repeating cycle.
Tap a shift in the cycle to remove it."
"en","arb","teamRuleAllShiftsHint","revised","All shift names registered in Settings are available.","You can use any shift name added in Settings."
"en","arb","teamRuleWeeklyHint","retained","Choose a shift, then tap a weekday to assign it.
Assign all seven days.","Choose a shift, then tap a weekday to assign it.
Assign all seven days."
"en","arb","teamRulePositionHint","revised","Select the cycle position on the reference date.","Choose where this team is in the cycle on the date shown."
"en","arb","teamRuleComplete","retained","Complete","Complete"
"en","arb","teamRuleReview","retained","Preview full team schedule","Preview full team schedule"
"en","arb","teamRuleReviewHint","revised","Check each team's shifts.
After saving, you can change your team.
To change work rules, recreate the full schedule.","Check each team’s shifts before saving. You can switch teams later. To change a team’s pattern, set up the team schedules again."
"en","arb","teamRuleUnset","retained","Unassigned","Unassigned"
"en","arb","teamRuleResetCycle","retained","Clear cycle","Clear cycle"
"en","arb","teamRuleChooseTeam","retained","Select the team you want to change to.","Select the team you want to change to."
"en","arb","teamRuleCurrentTeam","retained","My current team","My current team"
"en","arb","teamRuleWeeklyLabel","retained","Mon · Tue · Wed · Thu · Fri · Sat · Sun","Mon · Tue · Wed · Thu · Fri · Sat · Sun"
"en","arb","teamScheduleResetConfirm","revised","Change your schedule and refresh fixed alarms.
The full team schedule will be deleted.

To keep it and change only your team,
use Edit → Change my team in the full team schedule.","Your schedule will change and shift alarms will be updated. The team schedules will be deleted.

To keep the team schedules and switch teams, use All teams → Edit → Change my team."
"en","arb","teamSwitchAction","retained","Change my team","Change my team"
"en","arb","teamRuleOverlapHint","retained","Teams may share shifts or have days off together.","Teams may share shifts or have days off together."
"en","arb","teamRuleMonday","retained","Mon","Mon"
"en","arb","teamRuleTuesday","retained","Tue","Tue"
"en","arb","teamRuleWednesday","retained","Wed","Wed"
"en","arb","teamRuleThursday","retained","Thu","Thu"
"en","arb","teamRuleFriday","retained","Fri","Fri"
"en","arb","teamRuleSaturday","retained","Sat","Sat"
"en","arb","teamRuleSunday","retained","Sun","Sun"
"en","arb","teamEditTitle","retained","Edit full team schedule","Edit full team schedule"
"en","arb","teamEditChangedQuestion","retained","Has your team changed?","Has your team changed?"
"en","arb","teamEditRecreateTitle","retained","Recreate the full team schedule","Recreate the full team schedule"
"en","arb","teamEditRecreateHint","retained","Use this if team positions were set incorrectly.","Use this if team positions were set incorrectly."
"en","arb","teamEditRecreateConfirm","retained","Delete the current full team schedule and create it again?
Your shifts and alarms will stay the same.","Delete the current full team schedule and create it again?
Your shifts and alarms will stay the same."
"en","arb","teamEditPositionsOn","retained","Team positions on {date}","Team positions on {date}"
"en","arb","teamEditSwitchConfirm","revised","Change your team from {from} to {to}?

Fixed alarms will use
team {to}'s schedule.

Manual shift changes will be cleared.

The full team schedule will be preserved.","Switch from team {from} to team {to}?

Shift alarms will follow team {to}’s schedule. Manual changes to individual dates will be cleared.

The team schedules will be kept."
"en","arb","teamEditSwitchPreview","retained","Your work schedule will change from team {from} to team {to}.","Your work schedule will change from team {from} to team {to}."
"en","arb","alarmSnoozeCollisionResult","retained","Dismissed: another alarm at snooze time","Dismissed: another alarm at snooze time"
"en","arb","alarmRefreshUnconfirmed","retained","Alarm refresh could not be confirmed. Please check again.","Alarm refresh could not be confirmed. Please check again."
"en","arb","scheduleRefreshUnconfirmed","retained","The schedule was saved, but alarm scheduling could not be confirmed.","The schedule was saved, but alarm scheduling could not be confirmed."
"en","arb","oneTapDeleteNoAlarmConfirm","retained","No alarm will remain at this time. Delete the one-tap alarm?","No alarm will remain at this time. Delete the one-tap alarm?"
"en","arb","oneTapDeleteRestoreConfirm","revised","Deleting this one-tap alarm will restore the {shift} fixed alarm. Continue?","Delete this one-tap alarm and restore the alarm for {shift}?"
"en","arb","oneTapDeleteNoAlarmDetail","retained","No alarm will remain at this time.","No alarm will remain at this time."
"en","arb","oneTapDeleteRestoreDetail","revised","The {shift} fixed alarm will be scheduled after deletion.","The alarm for {shift} will be restored."
"en","arb","oneTapDeletedRefreshRetry","revised","One-tap alarm deleted, but fixed alarm scheduling failed. Refresh will retry.","One-tap alarm deleted. The shift alarm could not be restored yet; ShiftBell will retry when alarms are refreshed."
"en","arb","oneTapDeletedFixedRestored","revised","One-tap alarm deleted and fixed alarm scheduled.","One-tap alarm deleted. Shift alarm restored."
"en","arb","teamEditChooseTeam","retained","Select the team you want to change to.","Select the team you want to change to."
"en","arb","durationCompactHours","added","","{hours}h"
"en","arb","durationCompactMinutes","added","","{minutes}m"
"en","android","alarm_type_sound_vibration_short","retained","sound + vibration","sound + vibration"
"en","android","alarm_type_vibration_short","retained","vibration","vibration"
"en","android","alarm_type_silent_short","retained","silent","silent"
"en","android","snooze_collision_message","revised","Alarm (%2$s) at %1$s. Dismissed without snoozing.","Another alarm (%2$s) is set for %1$s. This alarm was dismissed without snoozing."
"en","android","calendar_widget_description","revised","See shifts and notes. Resize for three weeks or a full month.","See your shifts and notes. Resize the widget to show three weeks or a full month."
"en","android","sleep_widget_description","revised","Log bedtime/wake-up with one tap.","Tap to record when you go to bed and wake up."
"en","android","sleep_widget_brand","retained","Shift Bell","Shift Bell"
"en","android","app_widget_calendar_label","retained","ShiftBell Calendar","ShiftBell Calendar"
"en","android","app_widget_sleep_label","retained","ShiftBell Sleep","ShiftBell Sleep"
"en","android","alarm_swipe_hint","retained","Swipe up to dismiss","Swipe up to dismiss"
"en","android","alarm_snooze_label","retained","Snooze","Snooze"
"en","android","alarm_dismiss_label","retained","Dismiss","Dismiss"
"en","android","one_tap_alarm_label","retained","One-tap alarm","One-tap alarm"
"en","android","channel_alarm_result","revised","Alarm results","Snoozed and missed alarms"
"en","android","channel_alarm_guard","retained","Upcoming alarms","Upcoming alarms"
"en","android","channel_schedule_notify","revised","Schedule notifications","Event reminders"
"en","android","channel_restore_notify","revised","Backup restore notice","Backup restore status"
"en","android","notif_ringing_content","revised","Alarm ringing","Alarm is ringing"
"en","android","notif_action_snooze","revised","Snooze 5m","Snooze 5 min"
"en","android","notif_action_dismiss","retained","Dismiss alarm","Dismiss alarm"
"en","android","notif_snoozed_title","retained","Snoozed until %1$s","Snoozed until %1$s"
"en","android","notif_guard_title","retained","Your alarm will ring soon (%1$s)","Your alarm will ring soon (%1$s)"
"en","android","notif_restore_title","retained","Backup restore didn\'t finish","Backup restore didn\'t finish"
"en","android","notif_restore_text","revised","Alarms are using your current data for now. Open the app to finish restoring.","Alarms are set using your current data. Open ShiftBell to finish restoring the backup."
"en","android","widget_setup_schedule_first","retained","Set up your shift schedule in the app first","Set up your shift schedule in the app first"
"en","android","widget_weekday_labels","retained","
        SunMonTueWedThuFriSat
    ","
        SunMonTueWedThuFriSat
    "
"en","android","sleep_widget_sleep","retained","Sleep","Sleep"
"en","android","sleep_widget_wake","retained","Wake","Wake"
"en","android","sleep_widget_no_shift","retained","No shift","No shift"
"en","android","sleep_widget_not_set","retained","Not set","Not set"
"en","android","sleep_widget_unknown","retained","Unknown","Unknown"
"en","android","sleep_widget_tab_off","revised","Tab off","Tab hidden"
"en","android","widget_no_shift","retained","None","None"
"en","android","alarm_default_label","retained","Alarm","Alarm"
"en","android","channel_guard_description","retained","Reminder 20 minutes before an alarm","Reminder 20 minutes before an alarm"
"en","android","channel_result_description","retained","Snoozed and missed alarm notifications","Snoozed and missed alarm notifications"
"en","android","channel_ring_description","retained","Shift alarm notifications","Shift alarm notifications"
"en","android","widget_preview_day","retained","Day","Day"
"en","android","widget_preview_night","retained","Night","Night"
"en","android","widget_preview_off","retained","Off","Off"
"en","android","widget_weekday_0","retained","Sun","Sun"
"en","android","widget_weekday_1","retained","Mon","Mon"
"en","android","widget_weekday_2","retained","Tue","Tue"
"en","android","widget_weekday_3","retained","Wed","Wed"
"en","android","widget_weekday_4","retained","Thu","Thu"
"en","android","widget_weekday_5","retained","Fri","Fri"
"en","android","widget_weekday_6","retained","Sat","Sat"
"en","android","alarm_clock_first","retained","%1$s (first)","%1$s (first)"
"en","android","alarm_clock_second","retained","%1$s (second)","%1$s (second)"
"de","arb","appTitle","retained","ShiftBell","ShiftBell"
"de","arb","commonOk","retained","OK","OK"
"de","arb","commonCancel","retained","Abbrechen","Abbrechen"
"de","arb","commonSave","retained","Speichern","Speichern"
"de","arb","commonDelete","retained","Löschen","Löschen"
"de","arb","commonEdit","retained","Bearbeiten","Bearbeiten"
"de","arb","commonAdd","retained","Hinzufügen","Hinzufügen"
"de","arb","commonDone","retained","Fertig","Fertig"
"de","arb","commonNext","retained","Weiter","Weiter"
"de","arb","commonClose","retained","Schließen","Schließen"
"de","arb","commonReset","retained","Zurücksetzen","Zurücksetzen"
"de","arb","commonChange","retained","Ändern","Ändern"
"de","arb","commonContinue","retained","Fortfahren","Fortfahren"
"de","arb","commonNotNow","retained","Jetzt nicht","Jetzt nicht"
"de","arb","commonGoToSettings","retained","Einstellungen öffnen","Einstellungen öffnen"
"de","arb","commonRefresh","retained","Aktualisieren","Aktualisieren"
"de","arb","commonGoBack","retained","Zurück","Zurück"
"de","arb","commonGetStarted","retained","Loslegen","Loslegen"
"de","arb","commonShare","retained","Teilen","Teilen"
"de","arb","commonCopy","retained","Kopieren","Kopieren"
"de","arb","commonNotSet","retained","Nicht festgelegt","Nicht festgelegt"
"de","arb","commonNone","retained","Keine","Keine"
"de","arb","commonDeletePermanently","retained","Endgültig löschen","Endgültig löschen"
"de","arb","commonPrevious","revised","Zurück","Ursprünglich"
"de","arb","commonCurrent","retained","Aktuell","Aktuell"
"de","arb","commonOther","retained","Andere","Andere"
"de","arb","commonToday","retained","Heute","Heute"
"de","arb","commonTomorrow","retained","Morgen","Morgen"
"de","arb","commonView","retained","Ansehen","Ansehen"
"de","arb","commonSelectTime","retained","Uhrzeit wählen","Uhrzeit wählen"
"de","arb","commonAm","retained","AM","AM"
"de","arb","commonPm","retained","PM","PM"
"de","arb","commonGotIt","retained","Verstanden","Verstanden"
"de","arb","commonLater","retained","Später","Später"
"de","arb","commonSaveFailed","retained","Speichern fehlgeschlagen. Bitte versuche es gleich noch einmal.","Speichern fehlgeschlagen. Bitte versuche es gleich noch einmal."
"de","arb","commonUpdate","retained","Aktualisieren","Aktualisieren"
"de","arb","navNextAlarm","revised","Nächster Alarm","Nächster Wecker"
"de","arb","navCalendar","retained","Kalender","Kalender"
"de","arb","navFriendShare","retained","Teilen","Teilen"
"de","arb","navScheduleManagement","retained","Termine","Termine"
"de","arb","disableTabButtonLabel","retained","Ansicht „{tab}“ ausblenden","Ansicht „{tab}“ ausblenden"
"de","arb","disableTabDialogBody","revised","Mit Bestätigen entfernst du diese Ansicht aus der unteren Navigation.
In den Einstellungen kannst du sie später wieder einblenden.","Diese Ansicht wird in der unteren Navigation ausgeblendet. Du kannst sie in den Einstellungen wieder einblenden."
"de","arb","scheduleTabDisableExtraNotice","revised","Alle geplanten Benachrichtigungen für Termine werden ebenfalls gelöscht.","Geplante Terminerinnerungen werden ebenfalls deaktiviert."
"de","arb","settingsScheduleTabReenableTitle","revised","Terminansicht verwenden","Termine einblenden"
"de","arb","settingsScheduleTabReenableSubtitle","retained","Terminansicht wieder in der unteren Navigation anzeigen","Terminansicht wieder in der unteren Navigation anzeigen"
"de","arb","navSettings","retained","Einstellungen","Einstellungen"
"de","arb","shiftWork","retained","Schichtarbeit","Schichtarbeit"
"de","arb","shiftPattern","retained","Schichtfolge","Schichtfolge"
"de","arb","settingsPatternTodayMarker","revised","· markiert = heute","· heute markiert"
"de","arb","shiftName","retained","Schichtname","Schichtname"
"de","arb","shiftType","retained","Schichtart","Schichtart"
"de","arb","shiftDayOff","retained","Frei","Frei"
"de","arb","shiftDay","retained","Tag","Tag"
"de","arb","shiftNight","retained","Nacht","Nacht"
"de","arb","shiftMorning","retained","Früh","Früh"
"de","arb","shiftAfternoon","retained","Spät","Spät"
"de","arb","shiftOnCall","retained","Bereitschaft","Bereitschaft"
"de","arb","shiftOff","retained","Frei","Frei"
"de","arb","shiftChange","revised","Schichtwechsel","Schicht ändern"
"de","arb","shiftTeam","retained","Team","Team"
"de","arb","shiftRegularPattern","revised","Wiederholende Schichtfolge","Fester Schichtzyklus"
"de","arb","shiftIrregularPattern","revised","Schichten ohne festen Zyklus","Ohne festen Zyklus"
"de","arb","shiftSchedule","retained","Schichtplan","Schichtplan"
"de","arb","shiftFullSchedule","retained","Alle Teams","Alle Teams"
"de","arb","shiftWorkHours","retained","Arbeitszeiten","Arbeitszeiten"
"de","arb","shiftOt","retained","Überstunden","Überstunden"
"de","arb","shiftThisMonthOt","retained","Überstunden im Monat","Überstunden im Monat"
"de","arb","shiftWeeklyWorkHours","retained","Wochenarbeitszeit","Wochenarbeitszeit"
"de","arb","shiftPayday","revised","Zahltag","Stichtag"
"de","arb","shiftChangeSchedule","retained","Schichtplan ändern","Schichtplan ändern"
"de","arb","shiftResetSchedule","retained","Schichtplan zurücksetzen","Schichtplan zurücksetzen"
"de","arb","alarmTitle","revised","Alarm","Wecker"
"de","arb","alarmNext","revised","Nächster Alarm","Nächster Wecker"
"de","arb","alarmUntil","revised","Zeit bis zum Alarm","Zeit bis zum Wecker"
"de","arb","alarmRegistered","revised","Geplante Alarme","Geplante Wecker"
"de","arb","alarmFixed","revised","Schichtalarm","Schichtwecker"
"de","arb","alarmType","revised","Alarmart","Weckmodus"
"de","arb","alarmSound","revised","Alarmton","Weckton"
"de","arb","alarmSoundManage","revised","Alarmtöne verwalten","Ton und Vibration"
"de","arb","alarmSoundChoose","revised","Alarmton wählen","Weckton wählen"
"de","arb","alarmSoundVibration","retained","Ton + Vibration","Ton + Vibration"
"de","arb","alarmVibration","retained","Vibration","Vibration"
"de","arb","alarmSilent","retained","Lautlos","Lautlos"
"de","arb","alarmVibrationWeak","retained","Schwach","Schwach"
"de","arb","alarmVibrationStrong","retained","Stark","Stark"
"de","arb","alarmIntensity","retained","Stärke","Stärke"
"de","arb","alarmVolume","retained","Lautstärke","Lautstärke"
"de","arb","alarmHistory","revised","Alarmverlauf","Weckerverlauf"
"de","arb","alarmDismissed","retained","Ausgeschaltet","Ausgeschaltet"
"de","arb","alarmRemoved","revised","Alarm entfernt","Wecker entfernt"
"de","arb","alarmSnooze5Min","revised","In 5 Minuten","5 Min. später"
"de","arb","alarmNoResponse","revised","Keine Reaktion","Verpasst"
"de","arb","alarmScheduleChanged","retained","Schichtplan geändert","Schichtplan geändert"
"de","arb","alarmTurnOffThis","revised","Diesen Alarm ausschalten","Diesen Wecker ausschalten"
"de","arb","alarmDuplicate","revised","Doppelter Alarm","Doppelter Wecker"
"de","arb","alarmAdd","revised","Alarm hinzufügen","Wecker hinzufügen"
"de","arb","alarmDayBefore","retained","Vortag","Vortag"
"de","arb","alarmDaySame","revised","Gleicher Tag","Schichttag"
"de","arb","alarmDayAfter","retained","Folgetag","Folgetag"
"de","arb","alarmSupersededByNextAlarm","revised","Automatisch beendet (nächster Alarm)","Beim Start des nächsten Weckers beendet"
"de","arb","alarmRingingSoon","revised","Alarm steht bevor","Klingelt gleich"
"de","arb","alarmRemainingDaysHours","retained","{days, plural, =1{1 Tag} other{{days} Tage}} {hours, plural, =1{1 Stunde} other{{hours} Stunden}}","{days, plural, =1{1 Tag} other{{days} Tage}} {hours, plural, =1{1 Stunde} other{{hours} Stunden}}"
"de","arb","alarmRemainingHoursMinutes","retained","{hours, plural, =1{1 Stunde} other{{hours} Stunden}} {minutes, plural, =1{1 Minute} other{{minutes} Minuten}}","{hours, plural, =1{1 Stunde} other{{hours} Stunden}} {minutes, plural, =1{1 Minute} other{{minutes} Minuten}}"
"de","arb","alarmRemainingMinutes","retained","{minutes, plural, =1{1 Minute} other{{minutes} Minuten}}","{minutes, plural, =1{1 Minute} other{{minutes} Minuten}}"
"de","arb","alarmUpNext","revised","Nächster Alarm","Nächster Wecker"
"de","arb","alarmNoneUpcoming","revised","Keine bevorstehenden Alarme","Keine bevorstehenden Wecker"
"de","arb","alarmNoneRegistered","revised","Keine Alarme geplant","Keine Wecker geplant"
"de","arb","alarmEmptyStateHint","revised","Richte deine Schichten in den Einstellungen ein
und füge für jede Schicht einen Alarm hinzu.","Richte deine Schichten in den Einstellungen ein
und füge für jede Schicht einen Wecker hinzu."
"de","arb","alarmRemainingDays","retained","{days, plural, =1{1 Tag} other{{days} Tage}}","{days, plural, =1{1 Tag} other{{days} Tage}}"
"de","arb","alarmRemainingHours","retained","{hours, plural, =1{1 Stunde} other{{hours} Stunden}}","{hours, plural, =1{1 Stunde} other{{hours} Stunden}}"
"de","arb","alarmViewAllRegistered","revised","Alle Alarme ansehen","Alle Wecker ansehen"
"de","arb","alarmSoundShort","retained","Ton","Ton"
"de","arb","alarmDeleteAllPermanently","revised","Alle Alarme endgültig löschen","Alle Wecker endgültig löschen"
"de","arb","alarmDeletedToast","revised","Alarm gelöscht","Wecker gelöscht"
"de","arb","alarmUpdatedToast","revised","Alarm aktualisiert","Wecker aktualisiert"
"de","arb","alarmCanceledToast","revised","Alarm aufgehoben","Wecker deaktiviert"
"de","arb","alarmCountAll","retained","Alle","Alle"
"de","arb","alarmCountFuture","retained","Bevorstehend","Bevorstehend"
"de","arb","alarmCountPast","retained","Vergangen","Vergangen"
"de","arb","alarmDuration","revised","Dauer","Klingeldauer"
"de","arb","alarmDurationMinutes","retained","{minutes, plural, =1{1 Min.} other{{minutes} Min.}}","{minutes, plural, =1{1 Min.} other{{minutes} Min.}}"
"de","arb","calendarTheme","retained","Kalenderdesign","Kalenderdesign"
"de","arb","calendarSelectDate","retained","Datum wählen","Datum wählen"
"de","arb","calendarNSelected","retained","{count, plural, =1{1 ausgewählt} other{{count} ausgewählt}}","{count, plural, =1{1 ausgewählt} other{{count} ausgewählt}}"
"de","arb","calendarMemo","retained","Notiz","Notiz"
"de","arb","calendarMemoAll","retained","Alle Notizen","Alle Notizen"
"de","arb","calendarMemoEnter","revised","Notiz eingeben","Notiz"
"de","arb","calendarMemoContent","retained","Notiztext","Notiztext"
"de","arb","calendarMemoSearch","retained","Notizen suchen","Notizen suchen"
"de","arb","calendarMemoNone","retained","Keine Notizen","Keine Notizen"
"de","arb","calendarSearchNoResults","retained","Keine Suchergebnisse","Keine Suchergebnisse"
"de","arb","calendarMemoTotalCount","retained","{count, plural, =1{1 Notiz} other{{count} Notizen}}","{count, plural, =1{1 Notiz} other{{count} Notizen}}"
"de","arb","calendarMemoSearchResultCount","retained","{count, plural, =1{1 Ergebnis} other{{count} Ergebnisse}}","{count, plural, =1{1 Ergebnis} other{{count} Ergebnisse}}"
"de","arb","calendarTapToAddMoreDates","retained","Tippe auf weitere Tage, um sie auszuwählen","Tippe auf weitere Tage, um sie auszuwählen"
"de","arb","calendarFriendQuickAccessLabel","retained","Freunde","Freunde"
"de","arb","calendarTapDateToEnter","retained","Tippe auf einen Tag, um Überstunden einzutragen","Tippe auf einen Tag, um Überstunden einzutragen"
"de","arb","calendarMonthlyOtTitle","retained","Überstunden im {month}","Überstunden im {month}"
"de","arb","calendarOtTotal","retained","Gesamt: {total}","Gesamt: {total}"
"de","arb","calendarMonthlyWorkTotal","revised","* Geplante Arbeitszeit im {month}: {total}","Geplante Arbeitszeit im {month}: {total}"
"de","arb","calendarSetWorkHoursInSettingsHint","revised","(Bitte lege die Arbeitszeiten je Schicht in den Einstellungen fest.)","Lege die Zeiten jeder Schicht in den Einstellungen fest."
"de","arb","calendarNoOtRegistered","retained","Keine Überstunden erfasst","Keine Überstunden erfasst"
"de","arb","calendarWeeklyWorkHoursTitle","retained","Wochenarbeitszeit im {month}","Wochenarbeitszeit im {month}"
"de","arb","calendarWeeklyBasisHint","retained","Jeweils Montag bis Sonntag (einschließlich Überstunden)","Jeweils Montag bis Sonntag (einschließlich Überstunden)"
"de","arb","calendarSetScheduleFirst","retained","Richte zuerst deinen Schichtplan ein","Richte zuerst deinen Schichtplan ein"
"de","arb","calendarSpecifyWorkHoursInSettings","retained","Lege die Arbeitszeiten je Schicht in den Einstellungen fest.","Lege die Arbeitszeiten je Schicht in den Einstellungen fest."
"de","arb","calendarShiftDayCount","retained","{shift}: {days, plural, =1{1 Tag} other{{days} Tage}}","{shift}: {days, plural, =1{1 Tag} other{{days} Tage}}"
"de","arb","calendarShiftLabel","retained","Schicht:","Schicht:"
"de","arb","calendarFixedAlarmLabel","revised","Schichtalarme:","Schichtwecker:"
"de","arb","calendarAutoGeneratedWithinDays","revised","{days, plural, =1{Wird innerhalb von 1 Tag automatisch erstellt} other{Wird innerhalb von {days} Tagen automatisch erstellt}}","Wecker werden automatisch eingerichtet, sobald dieser Tag weniger als {days, plural, =1{1 Tag} other{{days} Tage}} entfernt ist."
"de","arb","calendarMemoColonLabel","retained","Notiz:","Notiz:"
"de","arb","calendarSelectAlarmType","revised","Alarmart wählen","Weckmodus wählen"
"de","arb","calendarAlarmAt","revised","Alarm um {time}","Wecker um {time}"
"de","arb","calendarDeleteAlarmTitle","revised","Alarm löschen","Wecker löschen"
"de","arb","calendarDeleteAlarmConfirm","revised","Alarm um {time} löschen?","Wecker um {time} löschen?"
"de","arb","calendarDeleteAlarmFailed","revised","Alarm konnte nicht gelöscht werden","Wecker konnte nicht gelöscht werden"
"de","arb","calendarBulkChangeShiftTitle","retained","{count, plural, =1{Schicht für 1 Tag ändern} other{Schicht für {count} Tage ändern}}","{count, plural, =1{Schicht für 1 Tag ändern} other{Schicht für {count} Tage ändern}}"
"de","arb","calendarMemoDetailTitle","retained","Notizdetails","Notizdetails"
"de","arb","onboardingCreateSchedule","retained","Schichten einrichten","Schichten einrichten"
"de","arb","onboardingFixedPatternQuestion","retained","Wiederholen sich deine Schichten in einer festen Folge?","Wiederholen sich deine Schichten in einer festen Folge?"
"de","arb","onboardingYesRegular","retained","Ja, sie wiederholen sich","Ja, sie wiederholen sich"
"de","arb","onboardingNoIrregular","revised","Nein, sie wechseln","Nein, kein fester Zyklus"
"de","arb","onboardingCheckShiftTypes","retained","Prüfe deine Schichtarten","Prüfe deine Schichtarten"
"de","arb","onboardingAddIfMissing","retained","Bei Bedarf kannst du weitere hinzufügen","Bei Bedarf kannst du weitere hinzufügen"
"de","arb","onboardingShiftLimitHint","revised","(Bis zu {max} Schichten mit jeweils {chars} Zeichen.)","Bis zu {max} Schichtarten · je {chars} Zeichen"
"de","arb","onboardingUsableEvenIfNotInPattern","retained","Du kannst sie auch außerhalb deiner festen Schichtfolge verwenden.","Du kannst sie auch außerhalb deiner festen Schichtfolge verwenden."
"de","arb","onboardingShiftNameTitle","revised","Wähle alle Schichtnamen, die du verwendest.","Welche Schichten und freien Tage brauchst du?"
"de","arb","onboardingShiftNameSubHint","revised","Nimm auch gelegentliche Einträge wie Urlaub auf. So kannst du später im Kalender leicht zu ihnen wechseln.

Entferne ungenutzte Namen mit ×. Ergänze fehlende Namen mit + Hinzufügen.","Nimm auch freie Tage und Urlaub auf. Du kannst sie später im Kalender zuweisen, auch außerhalb deines Zyklus.

Mit × entfernst du Namen, mit + Hinzufügen ergänzt du sie."
"de","arb","onboardingSwitchToIrregularPrefix","retained","Wenn deine Schichten keiner festen Folge entsprechen, tippe ","Wenn deine Schichten keiner festen Folge entsprechen, tippe "
"de","arb","onboardingSwitchToIrregularLink","retained","hier","hier"
"de","arb","onboardingSwitchToIrregularSuffix","retained",".","."
"de","arb","onboardingSelectAllInPattern","revised","Wähle alle Schichten aus deiner tatsächlichen Schichtfolge","Wähle die Schichten für deinen Zyklus"
"de","arb","onboardingTapToCompletePattern","revised","Tippe auf die Schichten, um deine Folge zu erstellen","Stelle deine Schichtfolge zusammen"
"de","arb","onboardingPatternHint","retained","(Bis zu 40 Tage · tippe unten auf eine Schicht, um sie zu entfernen.)","(Bis zu 40 Tage · tippe unten auf eine Schicht, um sie zu entfernen.)"
"de","arb","onboardingPatternHowTo","retained","Tippe die Schichten in der Reihenfolge an, in der sie sich wiederholen.
Zum Beispiel: Tag, Tag, Frei, Frei, Nacht, Nacht, Frei, Frei.","Tippe die Schichten in der Reihenfolge an, in der sie sich wiederholen.
Zum Beispiel: Tag, Tag, Frei, Frei, Nacht, Nacht, Frei, Frei."
"de","arb","onboardingIrregularChoiceTitle","retained","Schichten einzelnen Tagen zuweisen","Schichten einzelnen Tagen zuweisen"
"de","arb","onboardingIrregularChoiceDescription","retained","Wähle dies, wenn deine Schichten keinen festen Zyklus haben","Wähle dies, wenn deine Schichten keinen festen Zyklus haben"
"de","arb","onboardingNoPattern","retained","Keine feste Folge","Keine feste Folge"
"de","arb","onboardingAddShiftName","retained","Schichtname hinzufügen","Schichtname hinzufügen"
"de","arb","onboardingShiftNameHint","retained","Schichtname (max. {chars} Zeichen)","Schichtname (max. {chars} Zeichen)"
"de","arb","onboardingSetFixedAlarmPerShift","revised","Alarme je Schicht einstellen","Wecker je Schicht einstellen"
"de","arb","onboardingMaxAlarmsPerShift","retained","Bis zu {max} je Schicht","Bis zu {max} je Schicht"
"de","arb","onboardingCanChangeInSettings","revised","Schichtalarme können am Schichttag, am Vortag oder am Folgetag klingeln.","Schichtwecker können am Schichttag, am Vortag oder am Folgetag klingeln."
"de","arb","onboardingAlarmOptional","revised","Du kannst die Alarme auch später einstellen","Du kannst die Wecker auch später einstellen"
"de","arb","onboardingFinishSetup","retained","Einrichtung abschließen","Einrichtung abschließen"
"de","arb","onboardingSaving","retained","Dein Schichtplan wird erstellt …","Dein Schichtplan wird erstellt …"
"de","arb","onboardingSaveFailed","retained","Deine Einstellungen konnten nicht gespeichert werden. Bitte versuche es erneut.","Deine Einstellungen konnten nicht gespeichert werden. Bitte versuche es erneut."
"de","arb","onboardingTapToSet","retained","Zum Einstellen tippen","Zum Einstellen tippen"
"de","arb","onboardingTodayShiftQuestion","revised","Welche Schicht hast du heute ({date})?","Wo im Schichtzyklus bist du heute ({date})?"
"de","arb","onboardingAllSet","retained","Alles bereit!","Alles bereit!"
"de","arb","onboardingNeedAtLeastOneShift","retained","Du brauchst mindestens eine Schichtart","Du brauchst mindestens eine Schichtart"
"de","arb","onboardingEnterShiftName","retained","Gib einen Schichtnamen ein","Gib einen Schichtnamen ein"
"de","arb","onboardingCharLimitError","retained","Bitte höchstens {chars} Zeichen eingeben","Bitte höchstens {chars} Zeichen eingeben"
"de","arb","onboardingDuplicateShiftName","retained","Dieser Schichtname ist bereits vorhanden","Dieser Schichtname ist bereits vorhanden"
"de","arb","shiftNameCommaNotAllowed","retained","Schichtnamen dürfen keine Kommas (,) enthalten","Schichtnamen dürfen keine Kommas (,) enthalten"
"de","arb","shiftNameReserved","retained","„{name}“ ist für die App reserviert und kann nicht als Schichtname verwendet werden","„{name}“ ist für die App reserviert und kann nicht als Schichtname verwendet werden"
"de","arb","onboardingFixedAlarmDialogTitle","revised","Alarme für {shift}","Wecker für {shift}"
"de","arb","onboardingFixedAlarmMaxHint","revised","Bis zu {max} Alarme je Schicht","Bis zu {max} Wecker je Schicht"
"de","arb","onboardingWelcomePopupTitle","retained","Willkommen bei ShiftBell","Willkommen bei ShiftBell"
"de","arb","onboardingWelcomePopupBody","revised","Richte deine Schichten und Alarme ein. ShiftBell plant deine Alarme passend zu deinem Schichtplan.

📅  Schichten auf einen Blick
⏰  Alarme für jede Schicht
📝  Notizen und Überstunden erfassen
💾  Daten auf deinem Gerät sichern","Richte deine Schichten und Wecker ein. ShiftBell plant deine Wecker passend zu deinem Schichtplan.

📅  Schichten auf einen Blick
⏰  Wecker für jede Schicht
📝  Notizen und Überstunden erfassen
💾  Daten auf deinem Gerät sichern"
"de","arb","onboardingWelcomePopupStartButton","retained","Loslegen","Loslegen"
"de","arb","onboardingShiftAssignPopupTitle","retained","So weist du Schichten zu","So weist du Schichten zu"
"de","arb","onboardingShiftAssignPopupBody","retained","Schichten ohne festen Zyklus musst du jedem Tag selbst zuweisen.

Halte einen Tag gedrückt, um den Auswahlmodus zu öffnen. Tippe auf die gewünschten Tage und dann unten auf einen Schichtnamen.

Auf dieselbe Weise kannst du zugewiesene Schichten jederzeit ändern.","Schichten ohne festen Zyklus musst du jedem Tag selbst zuweisen.

Halte einen Tag gedrückt, um den Auswahlmodus zu öffnen. Tippe auf die gewünschten Tage und dann unten auf einen Schichtnamen.

Auf dieselbe Weise kannst du zugewiesene Schichten jederzeit ändern."
"de","arb","onboardingScheduleTabPopupTitle","retained","So verwendest du die Terminansicht","So verwendest du die Terminansicht"
"de","arb","onboardingScheduleTabPopupBody","retained","1. Termin erstellen
Tippe unten rechts auf das Uhrsymbol, um eine Uhrzeit auf der Zeitachse auszuwählen. Tippe dann auf die gewünschte Uhrzeit, um dort einen Termin zu erstellen.

2. Dauer festlegen
Neue Termine haben zunächst keine Dauer, sondern nur einen Zeitpunkt. Mit „+“ oder den Schaltflächen 5 Min./30 Min./1 Std. legst du eine Endzeit fest.

3. Benachrichtigung erhalten
Aktiviere die Benachrichtigung, um zur gewählten Zeit erinnert zu werden. Der Benachrichtigungston richtet sich nach deinen Systemeinstellungen.","1. Termin erstellen
Tippe unten rechts auf das Uhrsymbol, um eine Uhrzeit auf der Zeitachse auszuwählen. Tippe dann auf die gewünschte Uhrzeit, um dort einen Termin zu erstellen.

2. Dauer festlegen
Neue Termine haben zunächst keine Dauer, sondern nur einen Zeitpunkt. Mit „+“ oder den Schaltflächen 5 Min./30 Min./1 Std. legst du eine Endzeit fest.

3. Benachrichtigung erhalten
Aktiviere die Benachrichtigung, um zur gewählten Zeit erinnert zu werden. Der Benachrichtigungston richtet sich nach deinen Systemeinstellungen."
"de","arb","alarmAlreadyExistsAtTime","revised","Für {time} ist bereits ein Alarm vorhanden.","Für {time} ist bereits ein Wecker vorhanden."
"de","arb","settingsShiftManagement","retained","Schichtplan verwalten","Schichtplan verwalten"
"de","arb","settingsShiftManagementEditButton","retained","Bearbeiten","Bearbeiten"
"de","arb","settingsNotSet","retained","Nicht festgelegt","Nicht festgelegt"
"de","arb","settingsWorkHoursAndOt","retained","Arbeitszeit und Überstunden","Arbeitszeit und Überstunden"
"de","arb","settingsWorkHoursAndOtDesc","revised","Arbeitszeiten je Schicht und monatlicher Zeitraum","Schichtzeiten und Zeitraum für die Monatsübersicht"
"de","arb","settingsDefaultWorkHoursPerShift","retained","Arbeitszeiten je Schicht","Arbeitszeiten je Schicht"
"de","arb","settingsMonthlyPeriodBasis","revised","Monatlicher Zeitraum","Monatszeitraum"
"de","arb","settingsCalendarMonthBasis","retained","Kalendermonat","Kalendermonat"
"de","arb","settingsCalendarMonthBasisDesc","retained","Vom ersten bis zum letzten Tag des Monats","Vom ersten bis zum letzten Tag des Monats"
"de","arb","settingsPaydayBasis","revised","Eigener Monatszeitraum","Zeitraum selbst festlegen"
"de","arb","settingsPaydayBasisDesc","revised","Monatliche Summe ab einem gewählten Tag","Monatswerte anhand eines Stichtags berechnen"
"de","arb","settingsPeriodStartBasis","revised","Nach Startdatum","Beginn am"
"de","arb","settingsPeriodEndBasis","revised","Nach Enddatum","Ende am"
"de","arb","settingsPreviewThisMonth","revised","Vorschau: Zeitraum dieses Monats: {range}","Zeitraum für diesen Monat: {range}"
"de","arb","settingsFriendShareDesc","retained","Schichtpläne mit Freunden per Code teilen","Schichtpläne mit Freunden per Code teilen"
"de","arb","settingsRenameShiftDesc","retained","Schichtnamen bearbeiten, hinzufügen oder löschen.","Schichtnamen bearbeiten, hinzufügen oder löschen."
"de","arb","settingsEditShiftNameDesc","retained","Namen dieser Schicht ändern","Namen dieser Schicht ändern"
"de","arb","settingsChangeAlarmTimeDesc","revised","Alarmzeit je Schicht ändern","Weckzeit je Schicht ändern"
"de","arb","settingsChangeScheduleDesc","retained","Deinen Schichtplan ändern.","Deinen Schichtplan ändern."
"de","arb","settingsAlarmHistoryDesc","revised","Alle erstellten Alarme und ihre Ergebnisse ansehen","Wecker und ihren Status ansehen"
"de","arb","settingsMemoAllDesc","retained","Alle Notizen ansehen und durchsuchen","Alle Notizen ansehen und durchsuchen"
"de","arb","settingsDeleteAllAlarmsDesc","revised","Alle geplanten Alarme löschen","Alle geplanten Wecker löschen"
"de","arb","settingsDataBackupTitle","revised","Datensicherung","Daten sichern"
"de","arb","settingsDataBackupDesc","revised","Schichtplan, Alarme, Notizen und mehr auf diesem Gerät sichern","Schichtplan, Wecker, Notizen und mehr auf diesem Gerät sichern"
"de","arb","settingsDataBackupLastSavedAt","retained","Letzte Sicherung: {date}","Letzte Sicherung: {date}"
"de","arb","settingsDataBackupNeverSaved","retained","Noch keine Sicherung","Noch keine Sicherung"
"de","arb","settingsDataBackupSlots","retained","Manuell: {manual}
Automatisch: {auto}","Manuell: {manual}
Automatisch: {auto}"
"de","arb","settingsDataBackupSlotNone","retained","Keine","Keine"
"de","arb","customAlarmLabel","revised","Schnellalarm","Schnellwecker"
"de","arb","customAlarmEditTooltip","revised","Schnellalarme bearbeiten","Schnellwecker bearbeiten"
"de","arb","customAlarmEditorTitle","revised","Schnellalarme einstellen","Schnellwecker einstellen"
"de","arb","customAlarmEditorDesc","revised","Speichere bis zu 5 Uhrzeiten und Alarmarten. Weise sie nur heute oder morgen zu, je Platz einmal pro Tag. Zugewiesene Einstellungen können erst bearbeitet werden, nachdem ihre Alarme gelöscht wurden.","Speichere bis zu 5 Vorlagen mit Uhrzeit und Weckmodus. Jede Vorlage lässt sich einmal pro Tag für heute oder morgen verwenden. Um eine bereits verwendete Vorlage zu bearbeiten, lösche zuerst die zugehörigen geplanten Wecker."
"de","arb","customAlarmSlotEmpty","retained","Leer","Leer"
"de","arb","customAlarmSlotClear","retained","Leeren","Leeren"
"de","arb","customAlarmAssignHint","revised","Tippe auf einen Tag, um einen Alarm um {time} hinzuzufügen","Tippe auf einen Tag, um einen Wecker um {time} hinzuzufügen"
"de","arb","customAlarmScheduledToday","revised","Alarm für heute um {time} eingestellt","Wecker für heute um {time} eingestellt"
"de","arb","customAlarmScheduledOn","revised","Alarm für {date} um {time} eingestellt","Wecker für {date} um {time} eingestellt"
"de","arb","customAlarmScheduledSoon","revised","Der Alarm klingelt in {minutes} Min.","Der Wecker klingelt in {minutes} Min."
"de","arb","customAlarmPast","revised","Diese Uhrzeit ist bereits vorbei. Es wurde kein Alarm hinzugefügt.","Diese Uhrzeit ist bereits vorbei. Es wurde kein Wecker hinzugefügt."
"de","arb","customAlarmOutsideWindow","revised","Schnellalarme können nur für heute oder morgen eingestellt werden","Schnellwecker können nur für heute oder morgen eingestellt werden"
"de","arb","customAlarmDuplicate","revised","An diesem Tag gibt es bereits einen Alarm um {time}","An diesem Tag gibt es bereits einen Wecker um {time}"
"de","arb","customAlarmScheduleFailed","revised","Der Alarm konnte auf diesem Gerät nicht geplant werden. Bitte versuche es gleich erneut.","Der Wecker konnte auf diesem Gerät nicht geplant werden. Bitte versuche es gleich erneut."
"de","arb","customAlarmUndo","retained","Rückgängig","Rückgängig"
"de","arb","customAlarmDeleted","revised","Schnellalarm gelöscht","Schnellwecker gelöscht"
"de","arb","customAlarmDeleteConfirm","revised","Schnellalarm um {time} löschen?","Schnellwecker um {time} löschen?"
"de","arb","fixedAlarmSkippedByOneTap","revised","Für dieselbe Uhrzeit wurde zuerst ein Schnellalarm eingestellt. Der Schichtalarm wurde deshalb übersprungen.","Für dieselbe Uhrzeit wurde zuerst ein Schnellwecker eingestellt. Der Schichtwecker wurde deshalb übersprungen."
"de","arb","settingsDataBackupInProgress","retained","Daten werden gesichert …","Daten werden gesichert …"
"de","arb","settingsDataBackupSuccessToast","revised","Sicherung in Download/ShiftBell gespeichert. Wähle diese Datei nach einer Neuinstallation auf dem Startbildschirm, um deine Daten wiederherzustellen.","Sicherung in Download/ShiftBell gespeichert. Nach einer Neuinstallation kannst du diese Datei beim Einrichten der App wiederherstellen."
"de","arb","settingsDataBackupFailedToast","revised","Sicherung fehlgeschlagen (Android 10 oder neuer erforderlich oder vorübergehender Fehler)","Sicherung fehlgeschlagen. Dafür ist mindestens Android 10 nötig. Ist dein Gerät geeignet, versuche es bitte erneut."
"de","arb","backupRestoreFoundTitle","retained","Diese Sicherung wiederherstellen?","Diese Sicherung wiederherstellen?"
"de","arb","backupRestoreFoundDesc","revised","Stelle deinen Schichtplan, deine Alarme, Notizen und weitere Daten wieder her und mache dort weiter, wo du aufgehört hast.","Stelle Schichtplan, Wecker, Notizen und weitere gespeicherte Daten aus dieser Sicherung wieder her."
"de","arb","backupRestoreLastSavedAt","retained","Gesichert am: {date}","Gesichert am: {date}"
"de","arb","backupRestoreButton","retained","Wiederherstellen","Wiederherstellen"
"de","arb","backupRestoreSkipButton","retained","Neu beginnen","Neu beginnen"
"de","arb","backupRestoreInProgress","retained","Wiederherstellung läuft …","Wiederherstellung läuft …"
"de","arb","backupRestoreFailedToast","retained","Wiederherstellung fehlgeschlagen. Bitte versuche es erneut.","Wiederherstellung fehlgeschlagen. Bitte versuche es erneut."
"de","arb","backupRestoreEmptyToast","revised","Diese Sicherung enthält keinen Schichtplan. Es gibt nichts wiederherzustellen. Du beginnst stattdessen neu.","Diese Sicherung enthält keinen Schichtplan. Richte zunächst deine Schichten ein."
"de","arb","backupRestoreManualPickLink","revised","Frühere Sicherung laden","Sicherungsdatei auswählen"
"de","arb","onboardingHasBackupTitle","revised","Schon einmal verwendet?","ShiftBell schon genutzt?"
"de","arb","onboardingHasBackupLoadButton","revised","Laden","Wiederherstellen"
"de","arb","backupRestoreManualPickHint","retained","Mit einer Sicherung aus Download/ShiftBell kannst du dort weitermachen, wo du aufgehört hast.","Mit einer Sicherung aus Download/ShiftBell kannst du dort weitermachen, wo du aufgehört hast."
"de","arb","backupRestoreManualPickInvalidToast","retained","Diese Datei scheint keine gültige Sicherung zu sein. Wähle eine Datei, deren Name mit ShiftBell_Backup_ beginnt.","Diese Datei scheint keine gültige Sicherung zu sein. Wähle eine Datei, deren Name mit ShiftBell_Backup_ beginnt."
"de","arb","backupRestoreInvalidToast","revised","Die Sicherung hat die Inhaltsprüfung nicht bestanden. Es wurde nichts wiederhergestellt. Deine aktuellen Daten bleiben unverändert.","Die Sicherung konnte nicht geprüft werden. Es wurde nichts wiederhergestellt; deine aktuellen Daten bleiben unverändert."
"de","arb","backupRestoreIncompleteToast","revised","Die Wiederherstellung konnte nicht abgeschlossen werden. Alarme wurden anhand deiner aktuellen Daten erneut eingerichtet. Öffne die App erneut, um fortzufahren.","Die Wiederherstellung konnte nicht abgeschlossen werden. Wecker wurden anhand deiner aktuellen Daten erneut eingerichtet. Öffne die App erneut, um fortzufahren."
"de","arb","settingsRestoreFromBackupEmptyToast","retained","Diese Sicherung enthält keinen Schichtplan und wurde nicht geladen. Deine aktuellen Daten bleiben unverändert.","Diese Sicherung enthält keinen Schichtplan und wurde nicht geladen. Deine aktuellen Daten bleiben unverändert."
"de","arb","restoreInterruptedTitle","retained","Wiederherstellung nicht abgeschlossen","Wiederherstellung nicht abgeschlossen"
"de","arb","restoreInterruptedDesc","revised","Eine frühere Wiederherstellung wurde unterbrochen. Wenn du fortfährst, werden deine Daten durch die Sicherung ersetzt. Änderungen seit der Unterbrechung werden überschrieben. Du kannst auch deine aktuellen Daten behalten. In beiden Fällen werden die Alarme anhand der gewählten Daten neu eingerichtet.","Eine frühere Wiederherstellung wurde unterbrochen. Wenn du fortfährst, werden deine Daten durch die Sicherung ersetzt. Änderungen seit der Unterbrechung werden überschrieben. Du kannst auch deine aktuellen Daten behalten. In beiden Fällen werden die Wecker anhand der gewählten Daten neu eingerichtet."
"de","arb","restoreInterruptedResumeButton","retained","Wiederherstellung fortsetzen","Wiederherstellung fortsetzen"
"de","arb","restoreInterruptedKeepButton","retained","Aktuelle Daten behalten","Aktuelle Daten behalten"
"de","arb","restoreInterruptedCopyLost","revised","Die Sicherungsdatei ist nicht mehr verfügbar. Die Wiederherstellung kann nicht fortgesetzt werden. Alarme werden anhand deiner aktuellen Daten neu eingerichtet.","Die Sicherungsdatei ist nicht mehr verfügbar. Die Wiederherstellung kann nicht fortgesetzt werden. Wecker werden anhand deiner aktuellen Daten neu eingerichtet."
"de","arb","restoreInterruptedInProgress","retained","Wird verarbeitet …","Wird verarbeitet …"
"de","arb","settingsRestoreFromBackupTitle","revised","Sicherung laden","Daten wiederherstellen"
"de","arb","settingsRestoreFromBackupDesc","retained","Aktuelle Daten durch eine Sicherung ersetzen","Aktuelle Daten durch eine Sicherung ersetzen"
"de","arb","settingsRestoreFromBackupWarningTitle","revised","Sicherung laden","Daten wiederherstellen"
"de","arb","settingsRestoreFromBackupWarningBody","revised","Deine aktuellen App-Daten, einschließlich Schichten, Alarmen, Notizen und Überstunden, werden durch die gewählte Sicherung ersetzt. Dies kann nicht rückgängig gemacht werden.

Wähle eine Datei unter Download → ShiftBell.

Sicherungsnamen beginnen mit ShiftBell_Backup_manual_ oder ShiftBell_Backup_auto_ und enden mit Datum und Uhrzeit, zum Beispiel ShiftBell_Backup_auto_260917_060412.json. Wähle die neueste Datei oder die gewünschte Version. Vor dem Fortfahren kannst du den Speicherzeitpunkt prüfen.","Deine aktuellen App-Daten, einschließlich Schichten, Weckern, Notizen und Überstunden, werden durch die gewählte Sicherung ersetzt. Dies kann nicht rückgängig gemacht werden.

Wähle eine Datei unter Download → ShiftBell.

Sicherungsnamen beginnen mit ShiftBell_Backup_manual_ oder ShiftBell_Backup_auto_ und enden mit Datum und Uhrzeit, zum Beispiel ShiftBell_Backup_auto_260917_060412.json. Wähle die neueste Datei oder die gewünschte Version. Vor dem Fortfahren kannst du den Speicherzeitpunkt prüfen."
"de","arb","settingsRestoreFromBackupPickButton","retained","Datei wählen","Datei wählen"
"de","arb","settingsRestoreFromBackupConfirmTitle","retained","Diese Sicherung wiederherstellen?","Diese Sicherung wiederherstellen?"
"de","arb","settingsRestoreFromBackupConfirmBody","retained","Diese Sicherung wurde am {date} gespeichert. Ihr Inhalt ersetzt die aktuellen Daten der App.","Diese Sicherung wurde am {date} gespeichert. Ihr Inhalt ersetzt die aktuellen Daten der App."
"de","arb","settingsRestoreFromBackupConfirmButton","retained","Wiederherstellen","Wiederherstellen"
"de","arb","settingsRestoreFromBackupInProgress","retained","Wiederherstellung läuft …","Wiederherstellung läuft …"
"de","arb","settingsRestoreFromBackupSuccessToast","retained","Wiederhergestellt! Die App wird neu gestartet.","Wiederhergestellt! Die App wird neu gestartet."
"de","arb","restoreWaitingAlarmEnd","revised","Ein Alarm klingelt. Die App startet neu, sobald er beendet ist.","Ein Wecker klingelt. Die App startet neu, sobald er beendet ist."
"de","arb","restoreDoNotLeave","retained","Schließe die App nicht und bleibe auf dieser Seite, bis die Wiederherstellung abgeschlossen ist.","Schließe die App nicht und bleibe auf dieser Seite, bis die Wiederherstellung abgeschlossen ist."
"de","arb","settingsRestoreFromBackupFailedToast","retained","Wiederherstellung fehlgeschlagen. Bitte versuche es erneut.","Wiederherstellung fehlgeschlagen. Bitte versuche es erneut."
"de","arb","settingsHelp","retained","Hilfe","Hilfe"
"de","arb","settingsHelpDesc","retained","So verwendest du die App","So verwendest du die App"
"de","arb","settingsPrivacyPolicy","retained","Datenschutz","Datenschutz"
"de","arb","settingsAdPrivacy","retained","Datenschutz für Werbung","Datenschutz für Werbung"
"de","arb","settingsActionCannotBeUndone","retained","Diese Aktion kann nicht rückgängig gemacht werden.","Diese Aktion kann nicht rückgängig gemacht werden."
"de","arb","settingsMustRecreateAlarms","revised","Du musst deine Alarme neu erstellen, um sie wieder zu nutzen.","Du musst deine Wecker neu erstellen, um sie wieder zu nutzen."
"de","arb","settingsAlarmSoundSettings","revised","Alarmton einstellen","Ton und Vibration"
"de","arb","settingsAlarmSoundManageDesc","retained","Ton mit Vibration, nur Vibration oder lautlos wählen","Ton mit Vibration, nur Vibration oder lautlos wählen"
"de","arb","settingsIncludesVibration","retained","Mit Vibration","Mit Vibration"
"de","arb","settingsAllAlarmsWillBeDeleted","revised","Alle geplanten Alarme werden gelöscht.","Alle geplanten Wecker werden gelöscht."
"de","arb","settingsAllAlarmsDeletedToast","revised","Alle Alarme wurden endgültig gelöscht","Alle Wecker wurden endgültig gelöscht"
"de","arb","statusDeleteFailed","retained","Löschen fehlgeschlagen","Löschen fehlgeschlagen"
"de","arb","settingsScheduleChanging","retained","Schichtplan wird geändert …","Schichtplan wird geändert …"
"de","arb","settingsScheduleChangeFailedWithError","retained","Schichtplan konnte nicht geändert werden: {error}","Schichtplan konnte nicht geändert werden: {error}"
"de","arb","settingsAllTeamsRegularOnly","revised","Teampläne benötigen eine wiederholende Schichtfolge.","Teampläne sind nur mit einem festen Schichtzyklus verfügbar."
"de","arb","settingsEditShiftNameTitle","retained","Schichtname bearbeiten","Schichtname bearbeiten"
"de","arb","settingsEditFixedAlarmTitle","revised","Schichtalarme bearbeiten","Schichtwecker bearbeiten"
"de","arb","settingsEditShiftColorTitle","retained","Schichtfarbe ändern","Schichtfarbe ändern"
"de","arb","settingsEditShiftColorDesc","retained","Farbe jeder Schicht ändern","Farbe jeder Schicht ändern"
"de","arb","settingsShiftFixedAlarmTitle","revised","Alarme für {shift}","Wecker für {shift}"
"de","arb","settingsFixedAlarmRegisterLimit","revised","Bis zu {max} Alarme je Schicht","Bis zu {max} Wecker je Schicht"
"de","arb","settingsColorPickerTitle","retained","Farbe für „{shift}“ wählen","Farbe für „{shift}“ wählen"
"de","arb","settingsSelectTodayShiftFromPattern","retained","Wähle die heutige Schicht aus deiner Schichtfolge","Wähle die heutige Schicht aus deiner Schichtfolge"
"de","arb","settingsScheduleChangeWarning","revised","Schichtalarme für die nächsten 10 Tage folgen dem neuen Plan.
Schnellalarme und der bisherige Alarmverlauf bleiben erhalten.","Schichtwecker für die nächsten 10 Tage folgen dem neuen Plan.
Schnellwecker und der bisherige Weckerverlauf bleiben erhalten."
"de","arb","settingsScheduleChangedRedoAllTeamsHint","retained","Wenn du einen Plan für alle Teams verwendest, richte auch diesen neu ein.","Wenn du einen Plan für alle Teams verwendest, richte auch diesen neu ein."
"de","arb","settingsResetScheduleSharingFailed","revised","Dein Schichtplan wurde zurückgesetzt, aber die frühere Freigabe kann noch bestehen. Sobald die App wieder normal funktioniert, öffne Schichtplan teilen → Meinen Plan teilen und tippe auf Teilen beenden.","Dein Schichtplan wurde zurückgesetzt. Der zuvor geteilte Plan kann aber noch sichtbar sein. Sobald die App wieder funktioniert, öffne Schichtplan teilen → Meinen Plan teilen → Teilen beenden."
"de","arb","settingsResetScheduleConfirm","revised","Deinen Schichtplan und alle Alarme zurücksetzen?

Alle Teampläne sowie der Alarm- und Erstellungsverlauf werden ebenfalls gelöscht. Das Teilen deines Plans wird beendet. Ohne Internetverbindung wird die Freigabe nach dem Wiederverbinden beendet; bis dahin kann der zuvor geteilte Plan noch sichtbar sein.","Deinen Schichtplan und alle Wecker zurücksetzen?

Alle Teampläne sowie der Wecker- und Erstellungsverlauf werden ebenfalls gelöscht. Das Teilen deines Plans wird beendet. Ohne Internetverbindung wird die Freigabe nach dem Wiederverbinden beendet; bis dahin kann der zuvor geteilte Plan noch sichtbar sein."
"de","arb","privacyIntro","revised","Deine Schicht- und Alarmdaten werden auf deinem Gerät gespeichert. ShiftBell nutzt auch Google-Dienste für Nutzungsstatistiken und Werbung. Diese Erklärung beschreibt diese Dienste, lokale Dateien und Daten aus Funktionen, die du vor dem Wechsel zu dieser Sprachversion verwendet hast.","Deine Schicht- und Weckerdaten werden auf deinem Gerät gespeichert. ShiftBell nutzt auch Google-Dienste für Nutzungsstatistiken und Werbung. Diese Erklärung beschreibt diese Dienste, lokale Dateien und Daten aus Funktionen, die du vor dem Wechsel zu dieser Sprachversion verwendet hast."
"de","arb","privacyNoCollectionTitle","retained","Auf deinem Gerät gespeicherte Daten","Auf deinem Gerät gespeicherte Daten"
"de","arb","privacyNoCollectionBody","revised","Deine Schichten, Alarmeinstellungen und der Alarmverlauf, Notizen, Arbeitszeiten und Überstunden werden in der lokalen Datenbank der App gespeichert. Diese Inhalte werden weder in Analyseereignisse noch in Werbeanfragen aufgenommen.

Terminverwaltung, Schlaferfassung und Teilen sind nur in der koreanischen Sprachversion verfügbar. Ein Sprachwechsel löscht keine zuvor auf Koreanisch erstellten Daten. Sie können in der Datenbank und in Sicherungen erhalten bleiben. Die automatische Schlaferkennung ist außerhalb der koreanischen Sprachversion deaktiviert.

Ab Android 10 werden Diagnosedateien lokal in Download/ShiftBell/log gespeichert. Sie enthalten Geräte- und Android-Versionen, Berechtigungen, Akkueinstellungen sowie Verarbeitungsprotokolle für Alarme und Sicherungen. Notiz- und Termininhalte, Schichtnamen und Namen von Freunden sind ausgeschlossen. Die App versendet diese Dateien nicht automatisch.","Deine Schichten, Weckereinstellungen und der Weckerverlauf, Notizen, Arbeitszeiten und Überstunden werden in der lokalen Datenbank der App gespeichert. Diese Inhalte werden weder in Analyseereignisse noch in Werbeanfragen aufgenommen.

Terminverwaltung, Schlaferfassung und Teilen sind nur in der koreanischen Sprachversion verfügbar. Ein Sprachwechsel löscht keine zuvor auf Koreanisch erstellten Daten. Sie können in der Datenbank und in Sicherungen erhalten bleiben. Die automatische Schlaferkennung ist außerhalb der koreanischen Sprachversion deaktiviert.

Ab Android 10 werden Diagnosedateien lokal in Download/ShiftBell/log gespeichert. Sie enthalten Geräte- und Android-Versionen, Berechtigungen, Akkueinstellungen sowie Verarbeitungsprotokolle für Wecker und Sicherungen. Notiz- und Termininhalte, Schichtnamen und Namen von Freunden sind ausgeschlossen. Die App versendet diese Dateien nicht automatisch."
"de","arb","privacyAnalyticsTitle","retained","Nutzungsstatistiken (Google Firebase Analytics)","Nutzungsstatistiken (Google Firebase Analytics)"
"de","arb","privacyAnalyticsBody","revised","Google Firebase Analytics erfasst Nutzungs- und Geräteinformationen, zum Beispiel App-Starts, Seitenaufrufe, App- und Betriebssystemversionen, Gerätemodell, ungefähre Region und eine Installationskennung. ShiftBell erfasst außerdem die Nutzung einzelner Funktionen, etwa das Ausschalten oder Verschieben eines Alarms, das Speichern einer Notiz oder das Erstellen einer Sicherung.

Diese Ereignisse enthalten keine Schichtnamen, Alarmzeiten, Notiztexte oder sonstigen Inhalte des Schichtplans. Die Statistiken werden gemäß der Datenschutzerklärung von Google verarbeitet.","Google Firebase Analytics erfasst Nutzungs- und Geräteinformationen, zum Beispiel App-Starts, Seitenaufrufe, App- und Betriebssystemversionen, Gerätemodell, ungefähre Region und eine Installationskennung. ShiftBell erfasst außerdem die Nutzung einzelner Funktionen, etwa das Ausschalten oder Verschieben eines Weckers, das Speichern einer Notiz oder das Erstellen einer Sicherung.

Diese Ereignisse enthalten keine Schichtnamen, Weckzeiten, Notiztexte oder sonstigen Inhalte des Schichtplans. Die Statistiken werden gemäß der Datenschutzerklärung von Google verarbeitet."
"de","arb","privacyFirebaseTitle","retained","Google-Dienste und frühere Freigaben","Google-Dienste und frühere Freigaben"
"de","arb","privacyFirebaseBody","revised","Das Teilen ist nur in der koreanischen Sprachversion verfügbar. War es vor dem Sprachwechsel aktiviert, beendet ShiftBell neue Uploads und fordert die Löschung des zuvor geteilten Plans an. Ohne Internetverbindung wird die Löschung beim nächsten Verbindungsaufbau erneut versucht. Bis der Server die Löschung bestätigt, kann ein alter Link noch den zuvor geteilten Plan anzeigen. Kopien oder Screenshots anderer Personen können nicht zurückgerufen werden.

Geteilte Daten umfassen den Anzeigenamen, die Schichtfolge, das Startdatum, Schichtfarben und tagesbezogene Schichtänderungen. Notizen, Überstunden, Alarmeinstellungen und Schlafdaten gehören nicht dazu. Für das Teilen wird eine anonyme Firebase-Kennung verwendet. Nach einer Neuinstallation können Daten einer früheren Kennung über die App nicht mehr zugänglich sein.

Die Verfügbarkeit von Updates wird über Google Play geprüft. In der koreanischen Sprachversion werden Feiertage über ein öffentliches Firebase-Dokument aktualisiert. Dabei werden keine Schicht- oder Notizinhalte gesendet.","Das Teilen ist nur in der koreanischen Sprachversion verfügbar. War es vor dem Sprachwechsel aktiviert, beendet ShiftBell neue Uploads und fordert die Löschung des zuvor geteilten Plans an. Ohne Internetverbindung wird die Löschung beim nächsten Verbindungsaufbau erneut versucht. Bis der Server die Löschung bestätigt, kann ein alter Link noch den zuvor geteilten Plan anzeigen. Kopien oder Screenshots anderer Personen können nicht zurückgerufen werden.

Geteilte Daten umfassen den Anzeigenamen, die Schichtfolge, das Startdatum, Schichtfarben und tagesbezogene Schichtänderungen. Notizen, Überstunden, Weckereinstellungen und Schlafdaten gehören nicht dazu. Für das Teilen wird eine anonyme Firebase-Kennung verwendet. Nach einer Neuinstallation können Daten einer früheren Kennung über die App nicht mehr zugänglich sein.

Die Verfügbarkeit von Updates wird über Google Play geprüft. In der koreanischen Sprachversion werden Feiertage über ein öffentliches Firebase-Dokument aktualisiert. Dabei werden keine Schicht- oder Notizinhalte gesendet."
"de","arb","privacyAdsTitle","retained","Werbung (Google AdMob)","Werbung (Google AdMob)"
"de","arb","privacyAdsBody","revised","ShiftBell zeigt Bannerwerbung von Google AdMob. Das Werbe-SDK kann Gerätekennungen, IP-Adressen, App-Interaktionen und Diagnosedaten verarbeiten, um Werbung bereitzustellen und zu messen. ShiftBell nimmt deinen Schichtplan, deine Alarmzeiten und Notizinhalte nicht in Werbeanfragen auf.

Wenn das Einwilligungssystem von Google es verlangt, fragt die App nach deinen Werbepräferenzen. Sofern verfügbar, kannst du diese unter Datenschutz für Werbung in den Einstellungen prüfen. Wie Google diese Informationen verarbeitet, beschreibt die Datenschutzerklärung von Google.","ShiftBell zeigt Bannerwerbung von Google AdMob. Das Werbe-SDK kann Gerätekennungen, IP-Adressen, App-Interaktionen und Diagnosedaten verarbeiten, um Werbung bereitzustellen und zu messen. ShiftBell nimmt deinen Schichtplan, deine Weckzeiten und Notizinhalte nicht in Werbeanfragen auf.

Wenn das Einwilligungssystem von Google es verlangt, fragt die App nach deinen Werbepräferenzen. Sofern verfügbar, kannst du diese unter Datenschutz für Werbung in den Einstellungen prüfen. Wie Google diese Informationen verarbeitet, beschreibt die Datenschutzerklärung von Google."
"de","arb","privacyPermissionsTitle","retained","Angeforderte Berechtigungen","Angeforderte Berechtigungen"
"de","arb","privacyPermissionsBody","revised","• Benachrichtigungen: Alarmstatus und Erinnerungen vor Alarmen anzeigen.
• Über anderen Apps einblenden: die Alarmansicht während der Nutzung anderer Apps anzeigen.
• Genaue Alarme: Alarme zur eingestellten Uhrzeit planen.

Du kannst diese Berechtigungen in den Android-Einstellungen prüfen. Wenn du sie ablehnst, können Alarmbenachrichtigungen eingeschränkt sein oder Alarme nicht wie erwartet funktionieren.","• Benachrichtigungen: Weckerstatus und Erinnerungen vor Weckern anzeigen.
• Über anderen Apps einblenden: die Weckeransicht während der Nutzung anderer Apps anzeigen.
• Genaue Alarme: Wecker zur eingestellten Uhrzeit planen.

Du kannst diese Berechtigungen in den Android-Einstellungen prüfen. Wenn du sie ablehnst, können Weckerbenachrichtigungen eingeschränkt sein oder Wecker nicht wie erwartet funktionieren."
"de","arb","privacyDataRetentionTitle","retained","Aufbewahrung und Löschung","Aufbewahrung und Löschung"
"de","arb","privacyDataRetentionBody","retained","Beim Deinstallieren wird die lokale Datenbank der App entfernt. Sicherungen und Diagnosedateien in Download/ShiftBell können erhalten bleiben. Lösche sie mit deinem Dateimanager, wenn du sie nicht mehr brauchst.

Sicherungen sind nicht verschlüsselt. Sie können alle lokalen Daten enthalten, auch Einträge aus zuvor auf Koreanisch verwendeten Funktionen. Bewahre sie vertraulich auf. Die App lädt diese Dateien niemals automatisch hoch. Wenn du sie in einen Cloud-Dienst kopierst oder an jemanden sendest, kontrolliert dieser Dienst oder Empfänger die Kopie.

Die App behält je eine manuelle und eine automatische Sicherung. Eine neue Datei ersetzt die vorherige Datei derselben Art.

Für zuvor geteilte Daten gilt der Abschnitt „Google-Dienste und frühere Freigaben“. Für Analyse- und Werbedaten gelten die Aufbewahrungsrichtlinien von Google.","Beim Deinstallieren wird die lokale Datenbank der App entfernt. Sicherungen und Diagnosedateien in Download/ShiftBell können erhalten bleiben. Lösche sie mit deinem Dateimanager, wenn du sie nicht mehr brauchst.

Sicherungen sind nicht verschlüsselt. Sie können alle lokalen Daten enthalten, auch Einträge aus zuvor auf Koreanisch verwendeten Funktionen. Bewahre sie vertraulich auf. Die App lädt diese Dateien niemals automatisch hoch. Wenn du sie in einen Cloud-Dienst kopierst oder an jemanden sendest, kontrolliert dieser Dienst oder Empfänger die Kopie.

Die App behält je eine manuelle und eine automatische Sicherung. Eine neue Datei ersetzt die vorherige Datei derselben Art.

Für zuvor geteilte Daten gilt der Abschnitt „Google-Dienste und frühere Freigaben“. Für Analyse- und Werbedaten gelten die Aufbewahrungsrichtlinien von Google."
"de","arb","privacyChildrenTitle","retained","Nicht für Kinder bestimmt","Nicht für Kinder bestimmt"
"de","arb","privacyChildrenBody","retained","Diese App richtet sich nicht an Kinder unter 14 Jahren. Wir erfassen wissentlich keine personenbezogenen Daten von Kindern.","Diese App richtet sich nicht an Kinder unter 14 Jahren. Wir erfassen wissentlich keine personenbezogenen Daten von Kindern."
"de","arb","privacyContactTitle","retained","Kontakt","Kontakt"
"de","arb","privacyContactBody","retained","Bei Fragen zur App oder zum Datenschutz:
lowvibe07@gmail.com","Bei Fragen zur App oder zum Datenschutz:
lowvibe07@gmail.com"
"de","arb","privacyEffectiveDate","retained","Zuletzt aktualisiert: 5. Oktober 2026.","Zuletzt aktualisiert: 5. Oktober 2026."
"de","arb","workHoursNoScheduleYet","retained","Richte zuerst deinen Schichtplan ein","Richte zuerst deinen Schichtplan ein"
"de","arb","workHoursShiftChangeOtTitle","revised","Schichtänderungen als Überstunden zählen","Mehrstunden durch Schichtänderungen"
"de","arb","workHoursShiftChangeOtDesc","revised","Wähle, ob eine Schichtänderung im Kalender (z. B. Frei → Tag) die Standardarbeitszeit dieser Schicht zu deinen Überstunden hinzufügt.
(Die monatliche und wöchentliche Gesamtarbeitszeit wird immer automatisch berechnet.)","Wird eine Schicht in deinem festen Zyklus länger, zählt die zusätzliche Zeit als Überstunden. Wechselst du von 8 auf 12 Stunden, sind das 4 Überstunden. Wird ein freier Tag zur 8-Stunden-Schicht, zählen 8 Stunden.

Die Wochen- und Monatssummen verwenden immer die geänderten Schichtzeiten. Diese Einstellung betrifft nur die Überstundenübersicht."
"de","arb","workHoursDefaultDurationDesc","revised","Gib Beginn und Ende ein. Die Arbeitsdauer wird automatisch berechnet. Darauf basieren die monatliche und wöchentliche Gesamtarbeitszeit im Kalender.","Gib die üblichen Anfangs- und Endzeiten jeder Schicht ein. Daraus berechnet ShiftBell die geplante Arbeitszeit und die Wochen- und Monatssummen."
"de","arb","workHoursShiftTimeClockIn","retained","Beginn","Beginn"
"de","arb","workHoursShiftTimeClockOut","retained","Ende","Ende"
"de","arb","workHoursResetShiftTime","revised","Beginn und Ende löschen (auf --:-- zurücksetzen)","Anfangs- und Endzeit löschen"
"de","arb","workHoursLegacyClockTimeHint","revised","Deine bisherige Arbeitsdauer bleibt erhalten. Bitte gib Beginn und Ende ein.","Die bisher gespeicherte Arbeitsdauer gilt weiter. Gib Anfangs- und Endzeiten ein, um sie zu aktualisieren."
"de","arb","workHoursPeriodBasisDesc","retained","Legt den Zeitraum für die Berechnung der monatlichen Arbeitszeit fest.","Legt den Zeitraum für die Berechnung der monatlichen Arbeitszeit fest."
"de","arb","workHoursDurationExcluded","retained","0 Stunden (zählt nicht als Arbeitszeit)","0 Stunden (zählt nicht als Arbeitszeit)"
"de","arb","workHoursDurationHoursOnly","retained","{h, plural, =1{1 Stunde} other{{h} Stunden}}","{h, plural, =1{1 Stunde} other{{h} Stunden}}"
"de","arb","workHoursDurationHoursMinutes","retained","{h, plural, =1{1 Stunde} other{{h} Stunden}} {m, plural, =1{1 Minute} other{{m} Minuten}}","{h, plural, =1{1 Stunde} other{{h} Stunden}} {m, plural, =1{1 Minute} other{{m} Minuten}}"
"de","arb","workHoursEditDialogTitle","revised","Standardarbeitszeit für „{shift}“","Arbeitszeit für {shift}"
"de","arb","workHoursUnitHourLabel","retained","Stunden","Stunden"
"de","arb","workHoursUnitMinuteLabel","retained","Minuten","Minuten"
"de","arb","workHoursCutoffDayPrefix","retained","Tag","Tag"
"de","arb","workHoursCutoffDaySuffix","retained","jedes Monats","jedes Monats"
"de","arb","friendShareTitle","retained","Schichtplan teilen","Schichtplan teilen"
"de","arb","friendShareMyScheduleTitle","retained","Meinen Plan teilen","Meinen Plan teilen"
"de","arb","friendAdd","retained","Freund hinzufügen","Freund hinzufügen"
"de","arb","friendName","retained","Name des Freundes","Name des Freundes"
"de","arb","friendNameOptionalHint","revised","(Optional – leer lassen, um den Namen aus dem Code zu verwenden)","Optional · ohne Eingabe wird der geteilte Name verwendet"
"de","arb","friendShareCodeFromFriend","retained","Freigabecode deines Freundes","Freigabecode deines Freundes"
"de","arb","friendEnterShareCode","retained","Füge den Code deines Freundes ein, um seinen Schichtplan anzusehen","Füge den Code deines Freundes ein, um seinen Schichtplan anzusehen"
"de","arb","friendCanCheckAnytime","retained","Du kannst den Schichtplan deines Freundes jederzeit ansehen.","Du kannst den Schichtplan deines Freundes jederzeit ansehen."
"de","arb","friendAddedToast","retained","Freund hinzugefügt","Freund hinzugefügt"
"de","arb","friendInvalidCodeOrDuplicate","retained","Ungültiger Code oder Freund bereits hinzugefügt","Ungültiger Code oder Freund bereits hinzugefügt"
"de","arb","friendLoadFailedCheckNetwork","retained","Schichtplan konnte nicht geladen werden. Prüfe deine Verbindung.","Schichtplan konnte nicht geladen werden. Prüfe deine Verbindung."
"de","arb","friendShowingCachedSchedule","retained","Aktuelle Daten konnten nicht geladen werden. Ein zuvor gespeicherter Plan wird angezeigt.","Aktuelle Daten konnten nicht geladen werden. Ein zuvor gespeicherter Plan wird angezeigt."
"de","arb","friendNoneAddedYet","retained","Noch keine Freunde hinzugefügt","Noch keine Freunde hinzugefügt"
"de","arb","friendScheduleOf","retained","Schichtplan von {name}","Schichtplan von {name}"
"de","arb","friendRemove","retained","Freund entfernen","Freund entfernen"
"de","arb","friendRemoveConfirm","retained","{name} aus deiner Liste entfernen?","{name} aus deiner Liste entfernen?"
"de","arb","friendDisplayNameTitle","retained","Anzeigename","Anzeigename"
"de","arb","friendEnterDisplayName","retained","Gib den Namen ein, den deine Freunde sehen sollen","Gib den Namen ein, den deine Freunde sehen sollen"
"de","arb","friendShareIncludesSchedule","retained","Dein Schichtplan und deine Schichtänderungen werden geteilt.","Dein Schichtplan und deine Schichtänderungen werden geteilt."
"de","arb","friendShareExcludesExtras","revised","Notizen, Überstunden, Arbeitszeiten und Alarmeinstellungen werden nicht geteilt.","Notizen, Überstunden, Arbeitszeiten und Weckereinstellungen werden nicht geteilt."
"de","arb","friendStartSharing","retained","Teilen starten","Teilen starten"
"de","arb","friendStopSharing","retained","Teilen beenden","Teilen beenden"
"de","arb","friendStopSharingConfirm","retained","Wenn du das Teilen beendest, können deine Freunde deinen Plan nicht mehr ansehen. Ohne Internet wird er nach dem Wiederverbinden vom Server entfernt. Bereits auf Geräten deiner Freunde gespeicherte Daten können nicht zurückgerufen werden. Fortfahren?","Wenn du das Teilen beendest, können deine Freunde deinen Plan nicht mehr ansehen. Ohne Internet wird er nach dem Wiederverbinden vom Server entfernt. Bereits auf Geräten deiner Freunde gespeicherte Daten können nicht zurückgerufen werden. Fortfahren?"
"de","arb","friendRestartSharingHint","retained","(Tippe hier auf „Teilen starten“, um erneut zu teilen. Dein bisheriger Code und Link funktionieren dann wieder.)","(Tippe hier auf „Teilen starten“, um erneut zu teilen. Dein bisheriger Code und Link funktionieren dann wieder.)"
"de","arb","friendMyShareCode","retained","Für Freunde mit der App (Code)","Für Freunde mit der App (Code)"
"de","arb","friendShareCodeInstructions","retained","Dein Freund fügt diesen Code unter „Freund hinzufügen“ in der App ein. Dann kann er deinen Plan sehen.","Dein Freund fügt diesen Code unter „Freund hinzufügen“ in der App ein. Dann kann er deinen Plan sehen."
"de","arb","friendShareWithoutApp","retained","Für Freunde ohne die App (Link)","Für Freunde ohne die App (Link)"
"de","arb","friendShareLinkHint","retained","Mit diesem Link können sie deinen Plan sofort ansehen, ohne etwas zu installieren.","Mit diesem Link können sie deinen Plan sofort ansehen, ohne etwas zu installieren."
"de","arb","friendInstallShortcutHint","retained","Tippe auf das Installationssymbol in der Adressleiste, um eine Verknüpfung zum Startbildschirm hinzuzufügen.","Tippe auf das Installationssymbol in der Adressleiste, um eine Verknüpfung zum Startbildschirm hinzuzufügen."
"de","arb","friendDisplayNameUpdated","retained","Anzeigename aktualisiert","Anzeigename aktualisiert"
"de","arb","friendDisplayNameUpdateFailed","retained","Name konnte nicht aktualisiert werden. Prüfe deine Verbindung.","Name konnte nicht aktualisiert werden. Prüfe deine Verbindung."
"de","arb","friendEnterDisplayNameError","retained","Gib den Namen ein, den deine Freunde sehen sollen","Gib den Namen ein, den deine Freunde sehen sollen"
"de","arb","friendConnectionFailed","retained","Verbindung fehlgeschlagen. Prüfe dein Netzwerk und öffne diese Seite erneut.","Verbindung fehlgeschlagen. Prüfe dein Netzwerk und öffne diese Seite erneut."
"de","arb","friendCouldNotLoad","retained","Laden fehlgeschlagen","Laden fehlgeschlagen"
"de","arb","friendLinkMissingCode","retained","Im Link fehlt der Freigabecode.","Im Link fehlt der Freigabecode."
"de","arb","friendLoadFailedDetailed","retained","Der Plan konnte nicht geladen werden. Der Link ist möglicherweise veraltet, das Teilen wurde beendet oder es gibt ein Verbindungsproblem.","Der Plan konnte nicht geladen werden. Der Link ist möglicherweise veraltet, das Teilen wurde beendet oder es gibt ein Verbindungsproblem."
"de","arb","friendUnknownError","retained","Ein unbekannter Fehler ist aufgetreten.","Ein unbekannter Fehler ist aufgetreten."
"de","arb","friendInstallForHomeScreen","retained","Tippe auf die Installationsschaltfläche in der Adressleiste, um den Plan direkt vom Startbildschirm zu öffnen.","Tippe auf die Installationsschaltfläche in der Adressleiste, um den Plan direkt vom Startbildschirm zu öffnen."
"de","arb","friendOpenInBrowserHint","retained","Öffne diese Seite in Chrome oder einem anderen Browser, um sie zu installieren. Wähle im Menü oben rechts „Im Browser öffnen“.","Öffne diese Seite in Chrome oder einem anderen Browser, um sie zu installieren. Wähle im Menü oben rechts „Im Browser öffnen“."
"de","arb","friendQuickInstallHint","retained","Füge eine Verknüpfung zum Startbildschirm hinzu, um den Plan schneller zu öffnen","Füge eine Verknüpfung zum Startbildschirm hinzu, um den Plan schneller zu öffnen"
"de","arb","friendQuickInstallButton","retained","Verknüpfung hinzufügen","Verknüpfung hinzufügen"
"de","arb","friendWebAppTagline","revised","Schichten einfach erfassen und Alarme automatisch planen","Schichten einfach erfassen und Wecker automatisch planen"
"de","arb","friendInstallApp","retained","App installieren","App installieren"
"de","arb","friendDefaultDisplayName","retained","Freund","Freund"
"de","arb","friendLastSyncedAt","retained","Zuletzt synchronisiert: {date}","Zuletzt synchronisiert: {date}"
"de","arb","friendServerNotReady","retained","Noch keine Verbindung zum Freigabeserver. Bitte versuche es gleich erneut.","Noch keine Verbindung zum Freigabeserver. Bitte versuche es gleich erneut."
"de","arb","friendScheduleNotSet","retained","Dein Schichtplan ist noch nicht eingerichtet","Dein Schichtplan ist noch nicht eingerichtet"
"de","arb","friendStartSharingFailed","retained","Teilen konnte nicht gestartet werden. Prüfe deine Verbindung und versuche es erneut.","Teilen konnte nicht gestartet werden. Prüfe deine Verbindung und versuche es erneut."
"de","arb","friendSyncPendingBanner","revised","Dein geteilter Plan wird noch aktualisiert. Sobald du online bist, wird er automatisch erneut gesendet.","Dein aktueller Plan wurde noch nicht geteilt. ShiftBell versucht es automatisch erneut, sobald du online bist."
"de","arb","friendStopPendingBanner","revised","Die Anfrage zum Beenden der Freigabe wird noch gesendet. Bis zur Bestätigung können Freunde deinen bisherigen Plan noch sehen.","Das Beenden der Freigabe ist noch nicht bestätigt. Der zuvor geteilte Plan kann weiterhin sichtbar sein."
"de","arb","friendRetrySync","revised","Jetzt erneut senden","Erneut versuchen"
"de","arb","friendSyncPendingToast","retained","Vom Server noch nicht bestätigt. Wird automatisch erneut gesendet, sobald du online bist.","Vom Server noch nicht bestätigt. Wird automatisch erneut gesendet, sobald du online bist."
"de","arb","friendStopSharingAction","retained","Beenden","Beenden"
"de","arb","friendCodeCopied","retained","Code kopiert","Code kopiert"
"de","arb","friendLinkCopied","retained","Link kopiert","Link kopiert"
"de","arb","friendShareMessage","revised","{name} teilt den Schichtplan! 🗓️

▶ Ohne App ansehen: {link}

▶ Mit der ShiftBell-App: Füge diesen Code unter „Freund hinzufügen“ ein.

{code}","Schichtplan von {name} 🗓️

Hier ansehen: {link}

Oder diesen Code in ShiftBell unter „Freund hinzufügen“ einfügen:

{code}"
"de","arb","friendNameHintExample","retained","Namen des Freundes eingeben","Namen des Freundes eingeben"
"de","arb","friendShareChannelsExplainer","retained","Sende Freunden ohne App einen Link und Freunden mit App einen Code.","Sende Freunden ohne App einen Link und Freunden mit App einen Code."
"de","arb","permissionGetStarted","retained","Mit ShiftBell loslegen","Mit ShiftBell loslegen"
"de","arb","permissionIntro","revised","Erlaube diese Berechtigungen, damit deine Alarme zuverlässig funktionieren.","Mit diesen Berechtigungen kann ShiftBell dich zuverlässig wecken und die Weckeransicht anzeigen."
"de","arb","permissionNotification","retained","Benachrichtigungen","Benachrichtigungen"
"de","arb","permissionNotificationDesc","revised","Alarmbenachrichtigungen und Erinnerungen anzeigen","Weckerbenachrichtigungen und Erinnerungen anzeigen"
"de","arb","permissionOverlay","retained","Über anderen Apps einblenden","Über anderen Apps einblenden"
"de","arb","permissionOverlayDesc","revised","Alarmansicht während der Nutzung anderer Apps anzeigen","Weckeransicht während der Nutzung anderer Apps anzeigen"
"de","arb","permissionExactAlarm","retained","Genaue Alarme","Genaue Alarme"
"de","arb","permissionExactAlarmDesc","revised","Damit Alarme genau zur eingestellten Uhrzeit klingeln","Damit Wecker genau zur eingestellten Uhrzeit klingeln"
"de","arb","permissionAllow","revised","Berechtigungen erlauben","Berechtigungen erteilen"
"de","arb","permissionRequired","retained","Erforderlich","Erforderlich"
"de","arb","permissionRecommended","retained","Empfohlen","Empfohlen"
"de","arb","permissionSomeDenied","retained","Einige Berechtigungen fehlen","Einige Berechtigungen fehlen"
"de","arb","permissionSomeDeniedDesc","revised","Du kannst die App weiter nutzen. Alarme klingeln aber möglicherweise nicht genau zur eingestellten Zeit.","Du kannst die App weiter nutzen. Einige Weckerfunktionen sind ohne die entsprechenden Berechtigungen eingeschränkt."
"de","arb","permissionCanAllowLater","revised","Du kannst die Berechtigungen jederzeit in den Einstellungen erlauben.","Du kannst die Berechtigungen jederzeit in den Einstellungen erteilen."
"de","arb","permissionRequiredNotGranted","retained","Erforderliche Berechtigungen fehlen","Erforderliche Berechtigungen fehlen"
"de","arb","statusDataLoadFailed","retained","Daten konnten nicht geladen werden","Daten konnten nicht geladen werden"
"de","arb","statusNoSchedule","retained","Kein Schichtplan gefunden","Kein Schichtplan gefunden"
"de","arb","statusErrorOccurred","retained","Ein Fehler ist aufgetreten","Ein Fehler ist aufgetreten"
"de","arb","statusShiftAssigned","retained","Schicht zugewiesen","Schicht zugewiesen"
"de","arb","statusShiftAssignFailed","retained","Schicht konnte nicht zugewiesen werden","Schicht konnte nicht zugewiesen werden"
"de","arb","statusShiftChangeFailed","retained","Schicht konnte nicht geändert werden","Schicht konnte nicht geändert werden"
"de","arb","alarmSchedulePartialFailed","revised","Schicht gespeichert, aber {failed} von {total} Alarmen konnten nicht geplant werden. Prüfe die Berechtigung für genaue Alarme und speichere die Schicht erneut.","Schicht gespeichert, aber {failed} von {total} Weckern konnten nicht geplant werden. Prüfe die Berechtigung für genaue Alarme und speichere die Schicht erneut."
"de","arb","scheduleNotifyRegisterFailed","retained","Termin gespeichert, aber die Erinnerung konnte nicht geplant werden. Prüfe die Berechtigung für genaue Alarme und speichere den Termin erneut.","Termin gespeichert, aber die Erinnerung konnte nicht geplant werden. Prüfe die Berechtigung für genaue Alarme und speichere den Termin erneut."
"de","arb","scheduleTabSyncFailed","retained","Die Ansichtseinstellung konnte nicht geändert werden. Bitte versuche es gleich erneut.","Die Ansichtseinstellung konnte nicht geändert werden. Bitte versuche es gleich erneut."
"de","arb","permissionStatusUnknown","retained","{name} (Status unbekannt)","{name} (Status unbekannt)"
"de","arb","statusShiftNameUpdated","retained","Schichtname aktualisiert","Schichtname aktualisiert"
"de","arb","statusShiftColorUpdated","retained","Schichtfarbe aktualisiert","Schichtfarbe aktualisiert"
"de","arb","statusColorAlreadyUsed","retained","Diese Farbe wird bereits für eine andere Schicht verwendet","Diese Farbe wird bereits für eine andere Schicht verwendet"
"de","arb","statusScheduleUpdated","retained","Schichtplan aktualisiert","Schichtplan aktualisiert"
"de","arb","statusEnterMemoContent","retained","Gib einen Notiztext ein","Gib einen Notiztext ein"
"de","arb","statusMemoLimit","retained","Du kannst bis zu {max} Notizen speichern","Du kannst bis zu {max} Notizen speichern"
"de","arb","statusOneCharOnly","retained","Nur ein Zeichen erlaubt.","Nur ein Zeichen erlaubt."
"de","arb","statusFullTeamScheduleTitle","retained","Teampläne einrichten","Teampläne einrichten"
"de","arb","statusPatternDayCycle","retained","Schichtfolge ({days}-Tage-Zyklus)","Schichtfolge ({days}-Tage-Zyklus)"
"de","arb","allTeamsSetupRosterLabel","retained","Teamnamen","Teamnamen"
"de","arb","allTeamsSetupRosterHint","retained","Lege alle Teams für diesen Plan fest. Unter Bearbeiten kannst du Teams hinzufügen, entfernen oder umbenennen.","Lege alle Teams für diesen Plan fest. Unter Bearbeiten kannst du Teams hinzufügen, entfernen oder umbenennen."
"de","arb","allTeamsSetupMyTeamLabel","retained","Mein Team","Mein Team"
"de","arb","allTeamsSetupMyTeamPickHint","retained","Wähle dein Team aus.","Wähle dein Team aus."
"de","arb","allTeamsSetupOtherTeamsLabel","retained","Andere Teams","Andere Teams"
"de","arb","allTeamsSetupOtherTeamsHint","retained","Wähle alle weiteren Teams aus, die in diesem Plan vorkommen.","Wähle alle weiteren Teams aus, die in diesem Plan vorkommen."
"de","arb","allTeamsSetupPickMyTeamFirstHint","retained","Wähle zuerst dein Team.","Wähle zuerst dein Team."
"de","arb","allTeamsSetupAssignSectionLabel","retained","Schichten zuweisen","Schichten zuweisen"
"de","arb","allTeamsSetupAssignHint","retained","Tippe auf ein Team und dann auf die Position seiner heutigen Schicht.","Tippe auf ein Team und dann auf die Position seiner heutigen Schicht."
"de","arb","allTeamsSetupDuplicateNameError","retained","Dieser Teamname wird bereits verwendet.","Dieser Teamname wird bereits verwendet."
"de","arb","allTeamsSetupMinOtherTeamHint","retained","Wähle mindestens ein weiteres Team.","Wähle mindestens ein weiteres Team."
"de","arb","allTeamsSetupEditTooltip","retained","Teampläne bearbeiten","Teampläne bearbeiten"
"de","arb","alarmHistoryEmpty","revised","Kein Alarmverlauf","Kein Weckerverlauf"
"de","arb","alarmHistoryDeleteAllTitle","retained","Gesamten Verlauf löschen","Gesamten Verlauf löschen"
"de","arb","alarmHistoryTestOnlyWarning","revised","⚠️ Alle Einträge auf dieser Seite werden gelöscht","⚠️ Alle hier angezeigten Einträge werden endgültig gelöscht."
"de","arb","alarmHistoryDeleteAllDesc","revised","Der gesamte Alarmverlauf wird gelöscht.","Der gesamte Weckerverlauf wird gelöscht."
"de","arb","alarmHistoryDeletedToast","revised","Gesamter Alarmverlauf gelöscht","Gesamter Weckerverlauf gelöscht"
"de","arb","alarmHistoryDeleteFailed","retained","Verlauf konnte nicht gelöscht werden: {error}","Verlauf konnte nicht gelöscht werden: {error}"
"de","arb","themeMainWhite","retained","Klassisch hell","Klassisch hell"
"de","arb","themeMainDark","retained","Klassisch dunkel","Klassisch dunkel"
"de","arb","themeMinimal","retained","Klare Linien","Klare Linien"
"de","arb","themeMaterialCard","retained","Sanfte Karten","Sanfte Karten"
"de","arb","themeBoldGrid","retained","Dunkles Raster","Dunkles Raster"
"de","arb","themeInitialBadge","retained","Farbmarken","Farbmarken"
"de","arb","themeUnderline","retained","Schlicht unterstrichen","Schlicht unterstrichen"
"de","arb","themeEventChip","retained","Terminkalender","Terminkalender"
"de","arb","themeEditorial","retained","Magazin","Magazin"
"de","arb","themeDiary","retained","Tagebuch","Tagebuch"
"de","arb","themeSwipeToChoose","retained","Zum Auswählen nach links oder rechts wischen","Zum Auswählen nach links oder rechts wischen"
"de","arb","themeCurrentlyApplied","retained","Aktuelles Design","Aktuelles Design"
"de","arb","themeApplyThis","retained","Design anwenden","Design anwenden"
"de","arb","soundDefault","revised","Standardalarmton","Standard"
"de","arb","soundBellN","revised","Alarmton {n}","Weckton {n}"
"de","arb","soundFileNotFound","revised","Datei für den Alarmton nicht gefunden","Datei für den Weckton nicht gefunden"
"de","arb","splashTitle","retained","ShiftBell","ShiftBell"
"de","arb","splashTagline","revised","Schichten und Alarme im Einklang","Schichten und Wecker im Einklang"
"de","arb","updateNewVersionAvailable","retained","Neue Version verfügbar!","Neue Version verfügbar!"
"de","arb","updateRecommendMessage","revised","Wir empfehlen ein Update
auf die neueste Version.","Aktualisiere ShiftBell auf die neueste Version."
"de","arb","updateDataPreservedHint","revised","(Deine gespeicherten Daten bleiben erhalten)","Deine gespeicherten Daten bleiben erhalten."
"de","arb","updateReleaseNoteTitle","retained","Neues in ShiftBell","Neues in ShiftBell"
"de","arb","updateReleaseNoteBody","revised","Dieses Update verbessert Schichtkalender, Alarme und lokale Sicherungen.

Danke, dass du ShiftBell verwendest.","Dieses Update verbessert Schichtkalender, Wecker und lokale Sicherungen.

Danke, dass du ShiftBell verwendest."
"de","arb","allTeamsNotConfigured","retained","Teampläne sind noch nicht eingerichtet","Teampläne sind noch nicht eingerichtet"
"de","arb","allTeamsCreateButton","retained","Teams einrichten","Teams einrichten"
"de","arb","allTeamsThisMonthButton","retained","Dieser Monat","Dieser Monat"
"de","arb","statusErrorWithDetail","retained","Ein Fehler ist aufgetreten: {error}","Ein Fehler ist aufgetreten: {error}"
"de","arb","themeLabMockDayShiftLong","retained","Tagschicht","Tagschicht"
"de","arb","themeLabPreviewFixedMonthNotice","retained","Diese Vorschau zeigt immer August 2026","Diese Vorschau zeigt immer August 2026"
"de","arb","themeLabPreviewSheetTitle","retained","{date} ({weekday})","{date} ({weekday})"
"de","arb","themeLabPreviewShiftLabel","retained","Schicht: {shift}","Schicht: {shift}"
"de","arb","themeLabPreviewMemoCount","retained","{count, plural, =1{1 Notiz} other{{count} Notizen}}: {memos}","{count, plural, =1{1 Notiz} other{{count} Notizen}}: {memos}"
"de","arb","themeLabPreviewSheetHint","retained","In der App kannst du hier Notizen und Überstunden ansehen und bearbeiten.","In der App kannst du hier Notizen und Überstunden ansehen und bearbeiten."
"de","arb","themeLabOtDetailNotice","retained","In der App öffnet ein Tippen hier die Überstundenliste","In der App öffnet ein Tippen hier die Überstundenliste"
"de","arb","dismissAlarmConfirmed","retained","Ausgeschaltet","Ausgeschaltet"
"de","arb","dismissSnoozed5Min","retained","Um 5 Minuten verschoben","Um 5 Minuten verschoben"
"de","arb","dismissNoResponse","revised","Keine Reaktion","Verpasst"
"de","arb","dismissAlarmRemoved","revised","Alarm entfernt","Wecker entfernt"
"de","arb","scheduleDuplicateTimeSlot","revised","Für diesen Zeitraum gibt es bereits einen Termin. Ergänze deine Notiz dort.","Zu dieser Uhrzeit gibt es bereits einen Termin. Ergänze deine Notiz dort."
"de","arb","scheduleMaxPerSlot","revised","Du kannst bis zu {count} Termine für diesen Zeitraum erstellen","Du kannst bis zu {count} Termine zu dieser Uhrzeit anlegen"
"de","arb","scheduleDeleteConfirmTitle","retained","Diesen Termin löschen?","Diesen Termin löschen?"
"de","arb","scheduleDeleteConfirmBody","retained","Gelöschte Termine können nicht wiederhergestellt werden.","Gelöschte Termine können nicht wiederhergestellt werden."
"de","arb","scheduleEditTitle","retained","Termin bearbeiten","Termin bearbeiten"
"de","arb","scheduleNewTitle","retained","Neuer Termin","Neuer Termin"
"de","arb","scheduleContentFieldLabel","revised","Inhalt","Details"
"de","arb","scheduleTimeSectionLabel","retained","Uhrzeit","Uhrzeit"
"de","arb","scheduleNotifySectionLabel","retained","Benachrichtigung","Benachrichtigung"
"de","arb","scheduleNotifyToggleLabel","retained","An diesen Termin erinnern","An diesen Termin erinnern"
"de","arb","scheduleNotifyDescription","retained","Du erhältst eine Benachrichtigung. Ton, Vibration oder Lautlosmodus richten sich nach deinen Geräteeinstellungen.","Du erhältst eine Benachrichtigung. Ton, Vibration oder Lautlosmodus richten sich nach deinen Geräteeinstellungen."
"de","arb","scheduleNotifyOffsetQuestion","revised","Wie viele Minuten vorher?","Wann erinnern?"
"de","arb","scheduleNotifyOffsetOnTime","retained","Zur Startzeit","Zur Startzeit"
"de","arb","scheduleNotifyOffsetBefore","retained","{minutes} Min. vorher","{minutes} Min. vorher"
"de","arb","scheduleNotifyPastTimeWarning","retained","Diese Uhrzeit ist bereits vorbei. Die Benachrichtigung wird nicht ausgelöst. Bitte ändere die Uhrzeit.","Diese Uhrzeit ist bereits vorbei. Die Benachrichtigung wird nicht ausgelöst. Bitte ändere die Uhrzeit."
"de","arb","scheduleCreateButton","retained","Erstellen","Erstellen"
"de","arb","helpSearchHint","retained","Hilfe durchsuchen","Hilfe durchsuchen"
"de","arb","helpEmptySearchResult","retained","Keine Ergebnisse gefunden","Keine Ergebnisse gefunden"
"de","arb","helpStartSectionTitle","retained","Erste Schritte","Erste Schritte"
"de","arb","helpStartOnboardingTitle","retained","Die Einrichtung beim ersten Start","Die Einrichtung beim ersten Start"
"de","arb","helpStartOnboardingBody","revised","Erlaube Benachrichtigungen, genaue Alarme und das Einblenden über anderen Apps, damit ShiftBell dich zuverlässig wecken kann. Wähle dann, ob sich deine Schichten wiederholen, ergänze ihre Namen und richte die benötigten Alarme ein. Du kannst Alarme überspringen und später in den Einstellungen hinzufügen.

Entferne ungenutzte Schichtnamen mit × und ergänze fehlende Namen mit + Hinzufügen. Wenn du ShiftBell schon verwendet hast, kannst du unter Sicherung laden eine Sicherungsdatei wiederherstellen.","Erlaube Benachrichtigungen, genaue Alarme und das Einblenden über anderen Apps, damit ShiftBell dich zuverlässig wecken kann. Wähle dann, ob sich deine Schichten wiederholen, ergänze ihre Namen und richte die benötigten Wecker ein. Du kannst Wecker überspringen und später in den Einstellungen hinzufügen.

Entferne ungenutzte Schichtnamen mit × und ergänze fehlende Namen mit + Hinzufügen. Wenn du ShiftBell schon verwendet hast, kannst du unter Daten wiederherstellen eine Sicherungsdatei wiederherstellen."
"de","arb","helpStartScheduleTypesTitle","retained","Fester Zyklus oder wechselnde Schichten","Fester Zyklus oder wechselnde Schichten"
"de","arb","helpStartScheduleTypesBody","retained","Ein fester Schichtplan wiederholt sich, zum Beispiel Tag, Tag, Nacht, Nacht, Frei, Frei. Erstelle die Folge und wähle die heutige Position darin. ShiftBell trägt zukünftige Tage automatisch ein.

Ohne festen Zyklus weist du jedem Tag selbst eine Schicht zu. Halte einen Tag gedrückt, wähle weitere Tage aus und tippe auf die gewünschte Schicht.","Ein fester Schichtplan wiederholt sich, zum Beispiel Tag, Tag, Nacht, Nacht, Frei, Frei. Erstelle die Folge und wähle die heutige Position darin. ShiftBell trägt zukünftige Tage automatisch ein.

Ohne festen Zyklus weist du jedem Tag selbst eine Schicht zu. Halte einen Tag gedrückt, wähle weitere Tage aus und tippe auf die gewünschte Schicht."
"de","arb","helpShiftSectionTitle","retained","Schichten verwalten","Schichten verwalten"
"de","arb","helpShiftIrregularAssignTitle","retained","Schichten ohne festen Zyklus zuweisen","Schichten ohne festen Zyklus zuweisen"
"de","arb","helpShiftIrregularAssignBody","revised","Halte im Kalender einen Tag gedrückt und wähle die Schicht für diesen oder mehrere Tage aus. Die Auswahl gilt nur für die gewählten Tage und wiederholt sich nicht automatisch.

Wenn du Schichten einige Tage im Voraus zuweist, werden die passenden Alarme automatisch vorbereitet.","Halte im Kalender einen Tag gedrückt und wähle die Schicht für diesen oder mehrere Tage aus. Die Auswahl gilt nur für die gewählten Tage und wiederholt sich nicht automatisch.

Wenn du Schichten einige Tage im Voraus zuweist, werden die passenden Wecker automatisch vorbereitet."
"de","arb","helpShiftChangeShiftTitle","retained","Schicht an einem bestimmten Tag ändern","Schicht an einem bestimmten Tag ändern"
"de","arb","helpShiftChangeShiftBody","revised","Mit oder ohne festen Zyklus kannst du einzelne Tage ändern. Halte den Tag im Kalender gedrückt und wähle eine andere Schicht. Die Alarme werden automatisch an die neue Schicht angepasst.","Mit oder ohne festen Zyklus kannst du einzelne Tage ändern. Halte den Tag im Kalender gedrückt und wähle eine andere Schicht. Die Wecker werden automatisch an die neue Schicht angepasst."
"de","arb","helpShiftShiftColorsTitle","retained","Schichtfarben anpassen","Schichtfarben anpassen"
"de","arb","helpShiftShiftColorsBody","retained","Jedes Kalenderdesign hat Standardfarben für die Schichten. Du kannst sie für einzelne Schichtnamen ändern. Wähle dazu den Namen in den Schichteinstellungen und eine Farbe. Deine Auswahl hat Vorrang vor der Standardfarbe des Designs.","Jedes Kalenderdesign hat Standardfarben für die Schichten. Du kannst sie für einzelne Schichtnamen ändern. Wähle dazu den Namen in den Schichteinstellungen und eine Farbe. Deine Auswahl hat Vorrang vor der Standardfarbe des Designs."
"de","arb","helpShiftAllShiftsTitle","retained","Andere Teams in deinem Schichtzyklus ansehen","Andere Teams in deinem Schichtzyklus ansehen"
"de","arb","helpShiftAllShiftsBody","revised","Tippe im Kalender auf Alle Teams, um die Teams in deinem Schichtzyklus zu vergleichen. Lege ihre Namen fest, wähle dein Team und ordne jedes Team seiner aktuellen Position in der Schichtfolge zu.

Diese Ansicht wird lokal aus deiner Schichtfolge berechnet. Sie verbindet sich nicht mit Konten von Kollegen und lädt keine fremden Pläne herunter.","Tippe im Kalender auf Alle Teams, um die Schichtpläne zu vergleichen. Lege die Teamnamen fest und wähle dein Team. Du kannst allen Teams denselben Zyklus mit unterschiedlichen Startpositionen zuweisen oder für jedes Team einen eigenen Zyklus oder Wochenplan erstellen.

Die Pläne werden auf deinem Gerät berechnet. Es werden keine Konten von Kollegen verbunden oder deren Schichtpläne heruntergeladen."
"de","arb","helpShiftTeamChangeTitle","retained","Wenn du das Team wechselst","Wenn du das Team wechselst"
"de","arb","helpShiftTeamChangeBody","revised","Öffne Einstellungen → Bearbeiten → Schichtplan ändern und wähle die heutige Schicht. Deine Schichtnamen und Alarme bleiben erhalten.","Wenn du Teampläne eingerichtet hast, öffne Alle Teams → Bearbeiten → Mein Team wechseln und wähle dein neues Team. Deine Schichtwecker richten sich danach nach dessen Plan. Manuelle Änderungen an einzelnen Tagen werden gelöscht; die Teampläne bleiben erhalten.

Möchtest du stattdessen deine Position im Schichtzyklus ändern, öffne Einstellungen → Bearbeiten → Schichtplan ändern. Lies vor dem Speichern die Bestätigung."
"de","arb","helpAlarmSectionTitle","revised","Alarme","Wecker"
"de","arb","helpAlarmTemplatesTitle","revised","Alarme für eine Schicht einstellen","Wecker für eine Schicht einstellen"
"de","arb","helpAlarmTemplatesBody","revised","Du kannst in den Einstellungen bis zu fünf Alarme je Schicht hinzufügen. Jeder Alarm hat eine eigene Uhrzeit und Toneinstellung und kann am Schichttag, am Vortag oder am Folgetag klingeln.

ShiftBell plant kommende Alarme automatisch. Ohne festen Zyklus solltest du deine Schichten im Voraus zuweisen, damit ihre Alarme geplant werden können.

Alarmlisten verwenden das 24-Stunden-Format. Der Zeiteditor folgt der 12- oder 24-Stunden-Einstellung deines Geräts. Im 12-Stunden-Format bedeutet 12 AM Mitternacht und 12 PM Mittag.

Schichtalarme folgen der aktuellen Zeitzone deines Geräts. Überspringt die Zeitumstellung eine Uhrzeit, wird der Alarm um die Zeitdifferenz nach hinten verschoben, zum Beispiel von 02:30 auf 03:30 bei einer Stunde. Kommt eine Uhrzeit zweimal vor, klingelt er einmal beim zweiten Vorkommen. Alarme, die auf denselben Zeitpunkt fallen, werden zusammengefasst.","Du kannst in den Einstellungen bis zu fünf Wecker je Schicht hinzufügen. Jeder Wecker hat eine eigene Uhrzeit und Toneinstellung und kann am Schichttag, am Vortag oder am Folgetag klingeln.

ShiftBell plant kommende Wecker automatisch. Ohne festen Zyklus solltest du deine Schichten im Voraus zuweisen, damit ihre Wecker geplant werden können.

Weckerlisten verwenden das 24-Stunden-Format. Der Zeiteditor folgt der 12- oder 24-Stunden-Einstellung deines Geräts. Im 12-Stunden-Format bedeutet 12 AM Mitternacht und 12 PM Mittag.

Schichtwecker folgen der aktuellen Zeitzone deines Geräts. Überspringt die Zeitumstellung eine Uhrzeit, wird der Wecker um die Zeitdifferenz nach hinten verschoben, zum Beispiel von 02:30 auf 03:30 bei einer Stunde. Kommt eine Uhrzeit zweimal vor, klingelt er einmal beim zweiten Vorkommen. Wecker, die auf denselben Zeitpunkt fallen, werden zusammengefasst."
"de","arb","helpAlarmSoundVolumeTitle","revised","Alarmtöne und Lautstärke","Wecktöne und Lautstärke"
"de","arb","helpAlarmSoundVolumeBody","revised","Wähle aus 7 integrierten Alarmtönen oder dem Systemalarmton deines Geräts. Da Lautsprecher unterschiedlich sind, passt die App die Lautstärke automatisch an. Wenn sie trotzdem nicht passt, probiere in den Alarmeinstellungen einen anderen Ton.","Wähle aus 7 integrierten Wecktönen oder dem Systemweckton deines Geräts. Da Lautsprecher unterschiedlich sind, passt die App die Lautstärke automatisch an. Wenn sie trotzdem nicht passt, probiere in den Weckereinstellungen einen anderen Ton."
"de","arb","helpAlarmAlarmNotRingingTitle","revised","Wenn ein Alarm nicht klingelt","Wenn ein Wecker nicht klingelt"
"de","arb","helpAlarmAlarmNotRingingBody","revised","Die häufigste Ursache sind fehlende Berechtigungen. Prüfe, ob genaue Alarme, Benachrichtigungen und das Einblenden über anderen Apps erlaubt sind und ob die App von der Akkuoptimierung ausgenommen ist.

Prüfe danach deinen Schichtplan und die Alarme: Dem Tag muss eine Schicht zugewiesen sein, für die ein Schichtalarm eingerichtet ist. Eine zugewiesene Schicht allein löst noch keinen Alarm aus.","Prüfe zuerst, ob genaue Alarme für ShiftBell erlaubt sind. Benachrichtigungen und das Einblenden über anderen Apps helfen dir, Wecker zu sehen und zu bedienen. Prüfe auch die Akkubeschränkungen deines Handys.

Dem betreffenden Tag muss eine Schicht mit einem eingerichteten Wecker zugewiesen sein. Kontrolliere außerdem Ton, Lautstärke und Vibration."
"de","arb","helpAlarmAlarmHistoryTitle","revised","Alarmverlauf ansehen","Weckerverlauf ansehen"
"de","arb","helpAlarmAlarmHistoryBody","revised","Unter Einstellungen → Alarmverlauf siehst du die Alarme und ihre Ergebnisse.

Die Schlummerfunktion verschiebt den Alarm um fünf Minuten ab dem Antippen, auch bei einer Zeitumstellung. Wenn eine Stunde beim Zurückstellen zweimal vorkommt, unterscheiden „Erstes Vorkommen“ und „Zweites Vorkommen“ die beiden Zeiten in kommenden Alarmen und im Verlauf.","Unter Einstellungen → Weckerverlauf siehst du die Wecker und ihre Ergebnisse.

Die Schlummerfunktion verschiebt den Wecker um fünf Minuten ab dem Antippen, auch bei einer Zeitumstellung. Wenn eine Stunde beim Zurückstellen zweimal vorkommt, unterscheiden „Erstes Vorkommen“ und „Zweites Vorkommen“ die beiden Zeiten in kommenden Weckern und im Verlauf."
"de","arb","helpCalendarSectionTitle","retained","Kalender und Widget","Kalender und Widget"
"de","arb","helpCalendarThemesTitle","retained","Kalenderdesign ändern","Kalenderdesign ändern"
"de","arb","helpCalendarThemesBody","retained","Unter Einstellungen → Kalenderdesign stehen sechs Designs zur Wahl: Klassisch hell, Klassisch dunkel, Klare Linien, Sanfte Karten, Tagebuch und Dunkles Raster.

Das Design gilt für den Kalender in der App. Das Widget auf dem Startbildschirm behält seine helle Darstellung.","Unter Einstellungen → Kalenderdesign stehen sechs Designs zur Wahl: Klassisch hell, Klassisch dunkel, Klare Linien, Sanfte Karten, Tagebuch und Dunkles Raster.

Das Design gilt für den Kalender in der App. Das Widget auf dem Startbildschirm behält seine helle Darstellung."
"de","arb","helpCalendarOtTitle","retained","Überstunden erfassen und ansehen","Überstunden erfassen und ansehen"
"de","arb","helpCalendarOtBody","revised","Tippe im Kalender auf einen Tag, um Überstunden einzutragen. Die App berücksichtigt sie in der wöchentlichen und monatlichen Gesamtarbeitszeit.

Wochenwerte gelten immer von Montag bis Sonntag, auch wenn dein Kalender sonntags beginnt. Monatswerte folgen dem Zeitraum aus den Einstellungen. Die App berechnet Zeitwerte, keine Lohnabrechnung.","Tippe im Kalender auf einen Tag, um Überstunden einzutragen. Sie fließen in die wöchentliche und monatliche Arbeitszeit ein.

Eine Woche zählt immer von Montag bis Sonntag. Für die Monatswerte gilt der in den Einstellungen gewählte Zeitraum. Die App addiert Arbeitsstunden; sie erstellt keine Lohnabrechnung."
"de","arb","helpCalendarWorkHoursPayTitle","retained","Wöchentliche und monatliche Arbeitszeit","Wöchentliche und monatliche Arbeitszeit"
"de","arb","helpCalendarWorkHoursPayBody","revised","Gib in den Einstellungen Beginn und Ende jeder Schicht ein. Die App berechnet die wöchentliche und monatliche Arbeitszeit automatisch, einschließlich Überstunden. Du kannst auch wählen, ob die Standarddauer einer im Kalender geänderten Schicht als Überstunden zählt.","Gib die üblichen Anfangs- und Endzeiten jeder Schicht in den Einstellungen ein. Daraus und aus deinen Überstundeneinträgen berechnet ShiftBell die Wochen- und Monatssummen.

Bei einem festen Zyklus kannst du zusätzliche Stunden durch Schichtänderungen auch in der Überstundenübersicht berücksichtigen. Es zählt nur die Verlängerung gegenüber der ursprünglichen Schicht, nicht die gesamte Dauer der neuen Schicht."
"de","arb","helpCalendarHomeWidgetTitle","retained","Widget zum Startbildschirm hinzufügen","Widget zum Startbildschirm hinzufügen"
"de","arb","helpCalendarHomeWidgetBody","retained","Halte den Startbildschirm gedrückt, öffne Widgets und füge ShiftBell Kalender hinzu. Es zeigt Schichtnamen und bis zu drei Notizen je Tag. Durch Ändern der Größe wechselst du zwischen drei Wochen und einem ganzen Monat.

Die Reihenfolge der Wochentage folgt derselben regionalen Vorgabe wie die App. Feiertage und Monddaten werden außerhalb der koreanischen Sprachversion nicht angezeigt.","Halte den Startbildschirm gedrückt, öffne Widgets und füge ShiftBell Kalender hinzu. Es zeigt Schichtnamen und bis zu drei Notizen je Tag. Durch Ändern der Größe wechselst du zwischen drei Wochen und einem ganzen Monat.

Die Reihenfolge der Wochentage folgt derselben regionalen Vorgabe wie die App. Feiertage und Monddaten werden außerhalb der koreanischen Sprachversion nicht angezeigt."
"de","arb","helpScheduleTabSectionTitle","retained","Terminansicht","Terminansicht"
"de","arb","helpScheduleTabWhatIsItTitle","retained","Was unterscheidet die Terminansicht?","Was unterscheidet die Terminansicht?"
"de","arb","helpScheduleTabWhatIsItBody","revised","Eine Kalendernotiz gilt für den ganzen Tag. In der Terminansicht planst du dagegen Einträge mit einer bestimmten Start- und Endzeit, zum Beispiel einen Termin vor der Arbeit oder eine Verabredung nach der Schicht.","Eine Kalendernotiz gilt für den ganzen Tag. In der Terminansicht haben Einträge eine feste Uhrzeit sowie bei Bedarf eine Endzeit und eine Erinnerung. So kannst du beispielsweise einen Arzttermin vor der Arbeit oder eine Verabredung nach der Schicht eintragen."
"de","arb","helpScheduleTabCreateEditTitle","retained","Termine erstellen und bearbeiten","Termine erstellen und bearbeiten"
"de","arb","helpScheduleTabCreateEditBody","retained","Tippe unten rechts auf das Uhrsymbol, um eine Zeit auszuwählen. Tippe dann auf die gewünschte Uhrzeit, um einen neuen Termin anzulegen.","Tippe unten rechts auf das Uhrsymbol, um eine Zeit auszuwählen. Tippe dann auf die gewünschte Uhrzeit, um einen neuen Termin anzulegen."
"de","arb","helpScheduleTabAutoCategoryTitle","retained","Wie passende Symbole ausgewählt werden","Wie passende Symbole ausgewählt werden"
"de","arb","helpScheduleTabAutoCategoryBody","retained","Die App erkennt den eingegebenen Text und wählt automatisch ein passendes Symbol. Wenn keine passende Zuordnung gefunden wird, erscheint ein Standardsymbol.","Die App erkennt den eingegebenen Text und wählt automatisch ein passendes Symbol. Wenn keine passende Zuordnung gefunden wird, erscheint ein Standardsymbol."
"de","arb","helpConditionSectionTitle","retained","Schlaf und Erholung","Schlaf und Erholung"
"de","arb","helpConditionWhatIsItTitle","retained","Was bietet die Ansicht Schlaf und Erholung?","Was bietet die Ansicht Schlaf und Erholung?"
"de","arb","helpConditionWhatIsItBody","retained","Hier kannst du erkannte Schlafzeiten prüfen, Schlafphasen hinzufügen und bestätigte Einträge ansehen. Die Ansicht zeigt aufgezeichnete Zeiten und Dauern, ohne Gesundheitsbewertung oder medizinische Diagnose. Prüfe automatische Schätzungen, bevor du sie bestätigst.","Hier kannst du erkannte Schlafzeiten prüfen, Schlafphasen hinzufügen und bestätigte Einträge ansehen. Die Ansicht zeigt aufgezeichnete Zeiten und Dauern, ohne Gesundheitsbewertung oder medizinische Diagnose. Prüfe automatische Schätzungen, bevor du sie bestätigst."
"de","arb","helpConditionEvidenceListTitle","retained","Quellen zu Schlaf und Erholung","Quellen zu Schlaf und Erholung"
"de","arb","helpConditionEvidenceListBody","retained","Die Hinweise unter Schlaf und Erholung stützen sich auf die folgenden 14 Quellen. Einige Schwellenwerte, etwa für aufeinanderfolgende Arbeitstage oder Vergleiche mit deinem eigenen Durchschnitt, wurden für diese App festgelegt und haben keine gesonderte Quelle.

EVIDENCE-001 · Richtung des Schichtwechsels — Eine Vorwärtsrotation (Tag→Spät→Nacht) wird als leichter anpassbar beschrieben als eine Rückwärtsrotation. (NIOSH)

EVIDENCE-002 · Mindestruhezeit zwischen Schichten — Empfohlen werden mindestens 11 Stunden Ruhe zwischen zwei Schichten. (Knauth & Hornberger, zitiert in NIOSH, Modul 5)

EVIDENCE-003 · Mindestruhezeit zwischen Schichten (rechtlicher Standard) — Pro 24 Stunden müssen Beschäftigte mindestens 11 zusammenhängende Stunden Ruhe erhalten. (EU-Arbeitszeitrichtlinie, Art. 3)

EVIDENCE-004 · Lange Schichten und Unfallrisiko — Gegenüber einer 8-Stunden-Schicht wird das relative Risiko bei 10 Stunden auf etwa +13 % und bei 12 Stunden auf +27 % modelliert. (Folkard & Lombardi, 2006)

EVIDENCE-005 · Freie Tage nach aufeinanderfolgenden Schichten — Empfohlen werden 1–2 freie Tage nach fünf 8-Stunden- oder vier 10-Stunden-Schichten sowie zwei freie Tage nach drei 12-Stunden-Schichten. Von einer starken Bündelung der Arbeit auf wenige Tage mit anschließender längerer Freizeit wird ebenfalls abgeraten. (NIOSH)

EVIDENCE-006 · Schlaf nach einer Nachtschicht — Schlaf nach der Nachtschicht sollte Vorrang haben. (NIOSH)

EVIDENCE-007 · Nickerchen vor einer Nachtschicht — Können unter bestimmten Bedingungen helfen; die Leitlinie stuft die Evidenz jedoch als sehr niedrig ein. Auf Benommenheit direkt nach dem Aufwachen achten. (AASM, 2025)

EVIDENCE-008 · Koffein und Schlaf — Koffein selbst sechs Stunden vor dem Schlafengehen verkürzte die Gesamtschlafzeit deutlich um mehr als eine Stunde. (Drake et al., 2013)

EVIDENCE-009 · Licht auf dem Heimweg nach der Nachtschicht — Weniger helles Licht kann den späteren Schlaf fördern. Sicherheit hat jedoch Vorrang, wenn Müdigkeit sicheres Fahren verhindert. (NIOSH)

EVIDENCE-010 · Essen in der Nachtschicht — Empfohlen werden weniger Essen zwischen Mitternacht und 6 Uhr sowie leichte Mahlzeiten. (NIOSH)

EVIDENCE-011 · Schlafempfehlung für Erwachsene — Für Erwachsene von 18 bis 64 Jahren werden 7–9 Stunden Schlaf empfohlen. (National Sleep Foundation, 2015)

EVIDENCE-012 · Maximale Wochenarbeitszeit (rechtlicher Standard) — Die durchschnittliche Wochenarbeitszeit einschließlich Überstunden darf 48 Stunden nicht überschreiten. (EU-Arbeitszeitrichtlinie, Art. 6)

EVIDENCE-013 · Aufeinanderfolgende Nachtschichten und Unfallrisiko — Das relative Unfall- und Verletzungsrisiko steigt mit jeder weiteren Nachtschicht: etwa +6 % in der zweiten, +17 % in der dritten und +36 % in der vierten Nacht. Der Anstieg ist stärker als bei aufeinanderfolgenden Tag- oder Spätschichten. (Folkard & Tucker, 2003)

EVIDENCE-014 · Kumulierte Wochenarbeitszeit — Für Pflegekräfte werden höchstens 12 Arbeitsstunden in 24 Stunden und 60 Stunden in sieben Tagen empfohlen. Ein systematischer Review von 2014 verband mehr als 40 Wochenstunden mit geringerer Patientensicherheit. (IOM, 2004; zitiert in NIOSH, Modul 5)","Die Hinweise unter Schlaf und Erholung stützen sich auf die folgenden 14 Quellen. Einige Schwellenwerte, etwa für aufeinanderfolgende Arbeitstage oder Vergleiche mit deinem eigenen Durchschnitt, wurden für diese App festgelegt und haben keine gesonderte Quelle.

EVIDENCE-001 · Richtung des Schichtwechsels — Eine Vorwärtsrotation (Tag→Spät→Nacht) wird als leichter anpassbar beschrieben als eine Rückwärtsrotation. (NIOSH)

EVIDENCE-002 · Mindestruhezeit zwischen Schichten — Empfohlen werden mindestens 11 Stunden Ruhe zwischen zwei Schichten. (Knauth & Hornberger, zitiert in NIOSH, Modul 5)

EVIDENCE-003 · Mindestruhezeit zwischen Schichten (rechtlicher Standard) — Pro 24 Stunden müssen Beschäftigte mindestens 11 zusammenhängende Stunden Ruhe erhalten. (EU-Arbeitszeitrichtlinie, Art. 3)

EVIDENCE-004 · Lange Schichten und Unfallrisiko — Gegenüber einer 8-Stunden-Schicht wird das relative Risiko bei 10 Stunden auf etwa +13 % und bei 12 Stunden auf +27 % modelliert. (Folkard & Lombardi, 2006)

EVIDENCE-005 · Freie Tage nach aufeinanderfolgenden Schichten — Empfohlen werden 1–2 freie Tage nach fünf 8-Stunden- oder vier 10-Stunden-Schichten sowie zwei freie Tage nach drei 12-Stunden-Schichten. Von einer starken Bündelung der Arbeit auf wenige Tage mit anschließender längerer Freizeit wird ebenfalls abgeraten. (NIOSH)

EVIDENCE-006 · Schlaf nach einer Nachtschicht — Schlaf nach der Nachtschicht sollte Vorrang haben. (NIOSH)

EVIDENCE-007 · Nickerchen vor einer Nachtschicht — Können unter bestimmten Bedingungen helfen; die Leitlinie stuft die Evidenz jedoch als sehr niedrig ein. Auf Benommenheit direkt nach dem Aufwachen achten. (AASM, 2025)

EVIDENCE-008 · Koffein und Schlaf — Koffein selbst sechs Stunden vor dem Schlafengehen verkürzte die Gesamtschlafzeit deutlich um mehr als eine Stunde. (Drake et al., 2013)

EVIDENCE-009 · Licht auf dem Heimweg nach der Nachtschicht — Weniger helles Licht kann den späteren Schlaf fördern. Sicherheit hat jedoch Vorrang, wenn Müdigkeit sicheres Fahren verhindert. (NIOSH)

EVIDENCE-010 · Essen in der Nachtschicht — Empfohlen werden weniger Essen zwischen Mitternacht und 6 Uhr sowie leichte Mahlzeiten. (NIOSH)

EVIDENCE-011 · Schlafempfehlung für Erwachsene — Für Erwachsene von 18 bis 64 Jahren werden 7–9 Stunden Schlaf empfohlen. (National Sleep Foundation, 2015)

EVIDENCE-012 · Maximale Wochenarbeitszeit (rechtlicher Standard) — Die durchschnittliche Wochenarbeitszeit einschließlich Überstunden darf 48 Stunden nicht überschreiten. (EU-Arbeitszeitrichtlinie, Art. 6)

EVIDENCE-013 · Aufeinanderfolgende Nachtschichten und Unfallrisiko — Das relative Unfall- und Verletzungsrisiko steigt mit jeder weiteren Nachtschicht: etwa +6 % in der zweiten, +17 % in der dritten und +36 % in der vierten Nacht. Der Anstieg ist stärker als bei aufeinanderfolgenden Tag- oder Spätschichten. (Folkard & Tucker, 2003)

EVIDENCE-014 · Kumulierte Wochenarbeitszeit — Für Pflegekräfte werden höchstens 12 Arbeitsstunden in 24 Stunden und 60 Stunden in sieben Tagen empfohlen. Ein systematischer Review von 2014 verband mehr als 40 Wochenstunden mit geringerer Patientensicherheit. (IOM, 2004; zitiert in NIOSH, Modul 5)"
"de","arb","helpConditionSetupNeededTitle","retained","Erforderliche Einrichtung","Erforderliche Einrichtung"
"de","arb","helpConditionSetupNeededBody","retained","Gib zuerst unter Einstellungen → Arbeitszeit und Überstunden für mindestens eine Schicht Beginn und Ende ein. Bis dahin erscheint die heutige Einschätzung nicht, Schlaf kannst du aber bereits erfassen. Du musst nicht alle Schichten einrichten; eine aktuell verwendete reicht aus.","Gib zuerst unter Einstellungen → Arbeitszeit und Überstunden für mindestens eine Schicht Beginn und Ende ein. Bis dahin erscheint die heutige Einschätzung nicht, Schlaf kannst du aber bereits erfassen. Du musst nicht alle Schichten einrichten; eine aktuell verwendete reicht aus."
"de","arb","helpSleepSectionTitle","retained","Schlaferfassung","Schlaferfassung"
"de","arb","helpSleepWidgetTitle","retained","Was ist das Schlaf-Widget?","Was ist das Schlaf-Widget?"
"de","arb","helpSleepWidgetBody","revised","Füge das Schlaf-Widget zum Startbildschirm hinzu. Tippe vor dem Schlafengehen auf Schlafen und nach dem Aufstehen auf Wach, um deinen Schlaf mit wenigen Berührungen zu erfassen. Das Widget zeigt auch die heutige Schicht.

Deine Schlafdaten werden zusammen mit deinem Schichtplan unter Schlaf und Erholung verwendet, um aktuelle Hinweise zu geben.","Füge das Schlaf-Widget zum Startbildschirm hinzu. Tippe beim Schlafengehen auf Schlafen und nach dem Aufstehen auf Wach. Das Widget zeigt auch deine heutige Schicht.

Deine Schlafaufzeichnungen erscheinen zusammen mit deinem Schichtplan unter Schlaf und Erholung."
"de","arb","helpSleepAutoDetectTitle","retained","Automatische Schlafschätzung","Automatische Schlafschätzung"
"de","arb","helpSleepAutoDetectBody","revised","Auch ohne Eingabe im Widget kann die App anhand deines Schichtplans und längerer Zeiten ohne Handynutzung mögliche Schlafphasen schätzen. Sie sucht nach Schlaf nach der Arbeit, Nachtschlaf und Nickerchen vor Nachtschichten. Schlaf während einer Schicht wird nicht automatisch erkannt; erfasse ihn im Widget.

Ein erkannter Eintrag ist immer nur eine Schätzung. Erst mit deiner Bestätigung wird er zum bestätigten Eintrag.","ShiftBell schätzt mögliche Schlafzeiten anhand deines Schichtplans und längerer Phasen mit ausgeschaltetem Bildschirm. Dazu zählen Schlaf nach der Arbeit, Nachtschlaf und Nickerchen vor einer Nachtschicht. Schlaf während einer Schicht wird nicht automatisch geschätzt; erfasse ihn über das Widget.

Erst wenn du eine Schätzung geprüft und bestätigt hast, zählt sie als bestätigter Schlafeintrag."
"de","arb","helpSleepMiniCalendarTitle","retained","Schlafdaten prüfen und bearbeiten","Schlafdaten prüfen und bearbeiten"
"de","arb","helpSleepMiniCalendarBody","retained","Der kleine Kalender „Letzter Schlaf“ unter Schlaf und Erholung zeigt bestätigte Einträge je Tag. Tippe auf einen Bereich, um dort einen Eintrag zu erstellen, zu bearbeiten oder zu löschen. Unter Alle ansehen kannst du ältere Monate durchblättern.

Darunter zeigt „Mein Schlaf je Schicht“ die durchschnittliche Schlafdauer jeder Schichtart, getrennt nach Hauptschlaf und Nickerchen.","Der kleine Kalender „Letzter Schlaf“ unter Schlaf und Erholung zeigt bestätigte Einträge je Tag. Tippe auf einen Bereich, um dort einen Eintrag zu erstellen, zu bearbeiten oder zu löschen. Unter Alle ansehen kannst du ältere Monate durchblättern.

Darunter zeigt „Mein Schlaf je Schicht“ die durchschnittliche Schlafdauer jeder Schichtart, getrennt nach Hauptschlaf und Nickerchen."
"de","arb","helpFriendSectionTitle","retained","Mit Freunden teilen","Mit Freunden teilen"
"de","arb","helpFriendWhatIsItTitle","retained","Was bedeutet Teilen mit Freunden?","Was bedeutet Teilen mit Freunden?"
"de","arb","helpFriendWhatIsItBody","retained","Du kannst deinen Schichtplan teilen, damit andere ihn ansehen können, oder einen mit dir geteilten Plan ansehen. Auch Personen ohne App können deinen Plan öffnen.","Du kannst deinen Schichtplan teilen, damit andere ihn ansehen können, oder einen mit dir geteilten Plan ansehen. Auch Personen ohne App können deinen Plan öffnen."
"de","arb","helpFriendShareCodeTitle","retained","Freigabecode erstellen und teilen","Freigabecode erstellen und teilen"
"de","arb","helpFriendShareCodeBody","retained","Tippe im Kalender auf Freunde und dann auf Meinen Plan teilen, um deinen Code zu erhalten. Die andere Person trägt ihn in ihrer App ein und kann deinen Plan sehen.","Tippe im Kalender auf Freunde und dann auf Meinen Plan teilen, um deinen Code zu erhalten. Die andere Person trägt ihn in ihrer App ein und kann deinen Plan sehen."
"de","arb","helpFriendViewFriendTitle","retained","Schichtplan eines Freundes mit Code ansehen","Schichtplan eines Freundes mit Code ansehen"
"de","arb","helpFriendViewFriendBody","retained","Füge den Code deines Freundes in der Freundesliste hinzu. Sein Schichtplan erscheint dann als Kalender in deiner App.","Füge den Code deines Freundes in der Freundesliste hinzu. Sein Schichtplan erscheint dann als Kalender in deiner App."
"de","arb","helpFriendReinstallNoteTitle","retained","Was bei einer Neuinstallation passiert","Was bei einer Neuinstallation passiert"
"de","arb","helpFriendReinstallNoteBody","retained","Eine Neuinstallation erzeugt intern ein neues Konto. Dadurch werden bisherige Freigabeverbindungen unterbrochen. Erstelle einen neuen Code und sende ihn erneut, um die Verbindung wiederherzustellen.

Deine Freunde sehen keine Fehlermeldung, sondern weiterhin den Stand vor der Neuinstallation. Informiere sie deshalb, wenn du die App neu installierst.","Eine Neuinstallation erzeugt intern ein neues Konto. Dadurch werden bisherige Freigabeverbindungen unterbrochen. Erstelle einen neuen Code und sende ihn erneut, um die Verbindung wiederherzustellen.

Deine Freunde sehen keine Fehlermeldung, sondern weiterhin den Stand vor der Neuinstallation. Informiere sie deshalb, wenn du die App neu installierst."
"de","arb","helpBackupSectionTitle","retained","Sichern und Wiederherstellen","Sichern und Wiederherstellen"
"de","arb","helpBackupDataStorageTitle","retained","Wo werden meine Daten gespeichert?","Wo werden meine Daten gespeichert?"
"de","arb","helpBackupDataStorageBody","revised","Schichten, Alarme, Alarmverlauf, Notizen und Arbeitszeitdaten werden auf deinem Gerät gespeichert. Sicherungen sind lokale Dateien in Download/ShiftBell. Sie werden nicht automatisch hochgeladen.

Nutzungsstatistiken und Werbung verwenden Google-Dienste. Welche Informationen diese verarbeiten, steht in der Datenschutzerklärung. Daten aus früher auf Koreanisch verwendeten Funktionen können lokal und in Sicherungen erhalten bleiben, auch wenn diese Funktionen in anderen Sprachversionen ausgeblendet sind.","Schichten, Wecker, Weckerverlauf, Notizen und Arbeitszeitdaten werden auf deinem Gerät gespeichert. Sicherungen sind lokale Dateien in Download/ShiftBell. Sie werden nicht automatisch hochgeladen.

Nutzungsstatistiken und Werbung verwenden Google-Dienste. Welche Informationen diese verarbeiten, steht in der Datenschutzerklärung. Daten aus früher auf Koreanisch verwendeten Funktionen können lokal und in Sicherungen erhalten bleiben, auch wenn diese Funktionen in anderen Sprachversionen ausgeblendet sind."
"de","arb","helpBackupAutoBackupTitle","retained","Wann wird automatisch gesichert?","Wann wird automatisch gesichert?"
"de","arb","helpBackupAutoBackupBody","revised","ShiftBell prüft beim Öffnen, Zurückkehren und Verlassen der App auf Änderungen. Bei geänderten Daten wird automatisch eine Sicherung in Download/ShiftBell gespeichert. Du kannst auch Datensicherung in den Einstellungen wählen.

Es bleibt je eine manuelle und automatische Sicherung erhalten. Eine neue Sicherung ersetzt nur die Datei derselben Art. Sicherungen benötigen Android 10 oder neuer.","ShiftBell prüft beim Öffnen, bei der Rückkehr zur App und beim Verlassen, ob sich Daten geändert haben. Falls ja, wird eine automatische Sicherung in Download/ShiftBell auf deinem Gerät gespeichert. Über Daten sichern in den Einstellungen kannst du auch selbst eine Sicherung erstellen.

Es wird je eine manuelle und eine automatische Sicherung aufbewahrt. Eine neue Sicherung ersetzt nur die Datei derselben Art. Dafür ist mindestens Android 10 erforderlich."
"de","arb","helpBackupRestoreTitle","retained","Nach Neuinstallation oder Gerätewechsel wiederherstellen","Nach Neuinstallation oder Gerätewechsel wiederherstellen"
"de","arb","helpBackupRestoreBody","revised","Wähle auf dem ersten Bildschirm oder in den Einstellungen Sicherung laden und dann eine Datei aus Download/ShiftBell. Prüfe vorher den Speicherzeitpunkt: Die Sicherung ersetzt die aktuellen App-Daten.

Für einen Gerätewechsel kopierst du die Datei zuerst auf das neue Handy. Prüfe nach der Wiederherstellung Schichten, kommende Alarme und Alarmberechtigungen.","Wähle auf dem ersten Bildschirm oder in den Einstellungen Daten wiederherstellen und dann eine Datei aus Download/ShiftBell. Prüfe vorher den Speicherzeitpunkt: Die Sicherung ersetzt die aktuellen App-Daten.

Für einen Gerätewechsel kopierst du die Datei zuerst auf das neue Handy. Prüfe nach der Wiederherstellung Schichten, kommende Wecker und Weckerberechtigungen."
"de","arb","helpBackupRestoreManualTitle","retained","Wenn deine Sicherung nicht automatisch gefunden wird","Wenn deine Sicherung nicht automatisch gefunden wird"
"de","arb","helpBackupRestoreManualBody","revised","Wähle nach der Neuinstallation Sicherung laden und suche die frühere Sicherung in der Dateiauswahl. Android kann verhindern, dass eine neue Installation alte Dateien automatisch findet.","Wähle nach der Neuinstallation Daten wiederherstellen und suche die frühere Sicherung in der Dateiauswahl. Android kann verhindern, dass eine neue Installation alte Dateien automatisch findet."
"de","arb","helpBackupRestoreOldBackupFailTitle","retained","Sehr alte Sicherungen lassen sich eventuell nicht laden","Sehr alte Sicherungen lassen sich eventuell nicht laden"
"de","arb","helpBackupRestoreOldBackupFailBody","revised","Mit Updates ändert sich gelegentlich das Datenformat. Bei einem großen Versionsabstand zwischen Sicherung und App kann die Wiederherstellung fehlschlagen. Ein erneuter Versuch mit derselben Datei scheitert dann meist aus demselben Grund.

Erstelle vor einem Gerätewechsel oder einer Neuinstallation unter Datensicherung eine aktuelle Sicherung. Auch wenn automatische Sicherungen funktionieren, ist eine manuelle Sicherung direkt vorher sinnvoll.","Eine Sicherung aus einer deutlich älteren App-Version kann ein Datenformat verwenden, das sich nicht mehr wiederherstellen lässt. Ein erneuter Versuch mit derselben Datei hilft dann möglicherweise nicht.

Erstelle vor einer Neuinstallation oder einem Gerätewechsel unter Daten sichern eine aktuelle Sicherung. Kopiere sie an einen sicheren Ort, bevor du dein Handy zurücksetzt oder ersetzt."
"de","arb","helpTroubleshootSectionTitle","retained","Probleme lösen","Probleme lösen"
"de","arb","helpTroubleshootAlarmIssueTitle","revised","Mein Alarm hat nicht geklingelt","Mein Wecker hat nicht geklingelt"
"de","arb","helpTroubleshootAlarmIssueBody","revised","Prüfe zuerst die Berechtigungen für Benachrichtigungen, genaue Alarme und das Einblenden über anderen Apps sowie die Ausnahme von der Akkuoptimierung. Prüfe dann, ob dem Tag eine Schicht mit eingerichtetem Schichtalarm zugewiesen ist.","Prüfe die Berechtigungen für genaue Alarme, Benachrichtigungen und das Einblenden über anderen Apps sowie die Akkubeschränkungen deines Handys. Dem Tag muss eine Schicht mit einem Wecker zugewiesen sein. Kontrolliere auch, ob Ton oder Vibration eingeschaltet ist."
"de","arb","helpTroubleshootForceStopTitle","revised","Ich habe die App in den Einstellungen zwangsweise beendet","Ich habe „Beenden erzwingen“ verwendet"
"de","arb","helpTroubleshootForceStopBody","revised","„Beenden erzwingen“ unter Einstellungen → Apps hebt alle geplanten Alarme dieser App auf. Das ist etwas anderes als die App zu verlassen oder aus der Übersicht der letzten Apps zu wischen. Beides beeinflusst die Alarme nicht.

Wenn du die App nach einem erzwungenen Stopp wieder öffnest, werden zukünftige Alarme automatisch neu registriert. Alarme, deren Zeitpunkt zwischen dem Stopp und dem erneuten Öffnen lag, werden nicht nachgeholt.

Öffne die App daher nach einem erzwungenen Stopp einmal vor deinem nächsten Alarm.","„Beenden erzwingen“ unter Android-Einstellungen → Apps hebt die geplanten Wecker von ShiftBell auf. Öffne ShiftBell vor deinem nächsten Wecker erneut, damit kommende Wecker wieder eingerichtet werden. Bereits verstrichene Wecker werden nicht nachgeholt.

Das Verlassen der App oder Entfernen aus der Übersicht der letzten Apps hebt Wecker nicht selbst auf. Manche Handys schränken die Hintergrundnutzung jedoch zusätzlich ein."
"de","arb","helpTroubleshootWidgetIssueTitle","retained","Das Widget aktualisiert sich nicht","Das Widget aktualisiert sich nicht"
"de","arb","helpTroubleshootWidgetIssueBody","retained","Entferne das Widget und füge es erneut hinzu. Bleibt es unverändert, öffne die App einmal und prüfe es danach wieder auf dem Startbildschirm.","Entferne das Widget und füge es erneut hinzu. Bleibt es unverändert, öffne die App einmal und prüfe es danach wieder auf dem Startbildschirm."
"de","arb","helpTroubleshootBackupFileMissingTitle","retained","Ich finde meine Sicherungsdatei nicht","Ich finde meine Sicherungsdatei nicht"
"de","arb","helpTroubleshootBackupFileMissingBody","revised","Prüfe mit deinem Dateimanager den Ordner Download/ShiftBell. Gibt es ihn nicht, wurde noch keine Sicherung erstellt. Wähle Datensicherung in den Einstellungen, um eine anzulegen.","Suche mit dem Dateimanager deines Handys im Ordner Download/ShiftBell. Wenn dort keine Sicherung liegt, kannst du über Daten sichern in den Einstellungen eine neue erstellen."
"de","arb","helpTroubleshootFriendDisconnectedTitle","retained","Der Plan meines Freundes ändert sich seit Tagen nicht","Der Plan meines Freundes ändert sich seit Tagen nicht"
"de","arb","helpTroubleshootFriendDisconnectedBody","revised","Wenn der Plan ohne Fehlermeldung unverändert bleibt, hat dein Freund meist die App neu installiert. Dadurch entsteht ein neues internes Konto und die bisherige Verbindung wird unterbrochen. Die Ansicht zeigt weiterhin den zuletzt gespeicherten Stand.

Prüfe oben im Plan den Zeitpunkt der letzten Synchronisierung. Ist er veraltet, bitte deinen Freund um einen neuen Freigabecode. Entferne den alten Eintrag und füge ihn mit dem neuen Code erneut hinzu.","Prüfe im Schichtplan deines Freundes den Zeitpunkt unter Zuletzt synchronisiert. Ein älterer Stand kann bedeuten, dass Änderungen noch nicht übertragen wurden oder die App neu installiert wurde.

Bitte deinen Freund, ShiftBell mit Internetverbindung zu öffnen und die Freigabe zu prüfen. Nach einer Neuinstallation brauchst du einen neuen Code. Entferne dann den alten Eintrag und füge den neuen Code hinzu."
"de","arb","startupFailedTitle","retained","App konnte nicht gestartet werden","App konnte nicht gestartet werden"
"de","arb","startupFailedBody","retained","Beim Vorbereiten der App ist ein Fehler aufgetreten. Prüfe, ob auf deinem Gerät genügend Speicher frei ist, und versuche es erneut. Bleibt das Problem bestehen, starte dein Gerät neu.","Beim Vorbereiten der App ist ein Fehler aufgetreten. Prüfe, ob auf deinem Gerät genügend Speicher frei ist, und versuche es erneut. Bleibt das Problem bestehen, starte dein Gerät neu."
"de","arb","startupRetry","retained","Erneut versuchen","Erneut versuchen"
"de","arb","startupSlowMessage","retained","Die App wird vorbereitet. Bitte warte einen Moment.","Die App wird vorbereitet. Bitte warte einen Moment."
"de","arb","startupStalledMessage","retained","Dies dauert länger als üblich. Wenn diese Seite auch nach einem erneuten Versuch bleibt, schließe die App vollständig und öffne sie neu.","Dies dauert länger als üblich. Wenn diese Seite auch nach einem erneuten Versuch bleibt, schließe die App vollständig und öffne sie neu."
"de","arb","shiftAnnualLeave","retained","Urlaub","Urlaub"
"de","arb","onboardingBackupTitle","revised","Sicherung laden","Daten wiederherstellen"
"de","arb","onboardingBackupDesc","retained","Mit einer Sicherungsdatei aus Download/ShiftBell beginnen.","Mit einer Sicherungsdatei aus Download/ShiftBell beginnen."
"de","arb","helpOneTapTitle","revised","Schnellalarme: gespeicherte Uhrzeit schnell hinzufügen","Schnellwecker: gespeicherte Uhrzeit schnell hinzufügen"
"de","arb","helpOneTapBody","revised","Tippe oberhalb des Kalenders auf Schnellalarm und dann auf +, um eine Uhrzeit und Alarmart zu speichern: Ton mit Vibration, nur Vibration oder lautlos. Es erscheint jeweils ein freier Platz, bis zu fünf Vorlagen.

Wähle eine gespeicherte Uhrzeit und dann heute oder morgen. Nach dem Planen schließt sich die Auswahl und eine kurze Bestätigung erscheint. Vergangene oder bereits belegte Uhrzeiten werden abgelehnt.

Tippe während der Vorlagenauswahl auf den Kalender, um sie zu schließen. Nach Auswahl einer Vorlage führt Zurück wieder zur Liste.

Eine ausgewählte Vorlage lässt sich bearbeiten oder löschen. Solange sie zukünftigen Alarmen zugewiesen ist, musst du diese zuerst entfernen, um sie zu bearbeiten. Einzelne Alarme entfernst du am jeweiligen Tag mit × neben dem Schnellalarm. Das Löschen einer Vorlage entfernt auch ihre zugewiesenen Alarme. Die Bestätigung erklärt, ob ein Schichtalarm wiederhergestellt wird.","Tippe oberhalb des Kalenders auf Schnellwecker und dann auf +, um eine Uhrzeit und einen Weckmodus zu speichern: Ton mit Vibration, nur Vibration oder lautlos. Es erscheint jeweils ein freier Platz, bis zu fünf Vorlagen.

Wähle eine gespeicherte Uhrzeit und dann heute oder morgen. Nach dem Planen schließt sich die Auswahl und eine kurze Bestätigung erscheint. Vergangene oder bereits belegte Uhrzeiten werden abgelehnt.

Tippe während der Vorlagenauswahl auf den Kalender, um sie zu schließen. Nach Auswahl einer Vorlage führt Zurück wieder zur Liste.

Eine ausgewählte Vorlage lässt sich bearbeiten oder löschen. Solange sie zukünftigen Weckern zugewiesen ist, musst du diese zuerst entfernen, um sie zu bearbeiten. Einzelne Wecker entfernst du am jeweiligen Tag mit × neben dem Schnellwecker. Das Löschen einer Vorlage entfernt auch ihre zugewiesenen Wecker. Die Bestätigung erklärt, ob ein Schichtwecker wiederhergestellt wird."
"de","arb","helpCalendarTextSizeTitle","retained","Kalendertext und Bildschirmgrößen","Kalendertext und Bildschirmgrößen"
"de","arb","helpCalendarTextSizeBody","revised","Kalenderzellen passen sich an Handy-, Außen- und aufgeklappte Bildschirme an. Lange Schichtnamen und Notizen können gekürzt werden. Tippe auf einen Tag oder eine Notiz, um den vollständigen Text zu lesen. Jeder Tag unterstützt bis zu drei Notizen.

Klare Linien und Sanfte Karten verwenden größere Schichtnamen. Die Textskalierung im Kalender ist begrenzt, damit Datum, Schicht und Notizen in ihre Zellen passen.","Der Kalender passt sich an verschiedene Bildschirmgrößen an, auch an Außen- und Innendisplays von Falthandys. Lange Schichtnamen und Notizen werden bei Bedarf gekürzt. Tippe auf einen Tag oder eine Notiz, um den vollständigen Text zu lesen. Pro Tag sind bis zu drei Notizen möglich.

Klare Linien und Sanfte Karten zeigen Schichtnamen standardmäßig größer an. Die Schriftvergrößerung ist im Kalender begrenzt, damit Datum, Schichten und Notizen in die Felder passen."
"de","arb","helpDiagnosticTitle","retained","Diagnosedatei für eine Problemmeldung finden","Diagnosedatei für eine Problemmeldung finden"
"de","arb","helpDiagnosticBody","revised","Prüfe bei Alarm- oder Sicherungsproblemen im Dateimanager Download/ShiftBell/log (ab Android 10). Diagnosedateien werden lokal gespeichert und aktualisiert.

Sie enthalten Geräte- und Android-Versionen, Berechtigungen, Akkueinstellungen sowie Verarbeitungsprotokolle für Alarme und Sicherungen. Notiz- und Termininhalte, Schichtnamen und Namen von Freunden sind ausgeschlossen. Dateien werden nicht automatisch gesendet. Du kannst sie bei einer Supportanfrage anhängen. Nach dem Deinstallieren können sie erhalten bleiben; lösche sie im Dateimanager, wenn du sie nicht mehr brauchst.","Prüfe bei Wecker- oder Sicherungsproblemen im Dateimanager Download/ShiftBell/log (ab Android 10). Diagnosedateien werden lokal gespeichert und aktualisiert.

Sie enthalten Geräte- und Android-Versionen, Berechtigungen, Akkueinstellungen sowie Verarbeitungsprotokolle für Wecker und Sicherungen. Notiz- und Termininhalte, Schichtnamen und Namen von Freunden sind ausgeschlossen. Dateien werden nicht automatisch gesendet. Du kannst sie bei einer Supportanfrage anhängen. Nach dem Deinstallieren können sie erhalten bleiben; lösche sie im Dateimanager, wenn du sie nicht mehr brauchst."
"de","arb","helpCalendarLocaleTitle","retained","Datum, Wochenenden und Feiertage","Datum, Wochenenden und Feiertage"
"de","arb","helpCalendarLocaleBody","revised","In Deutschland beginnt der Kalender am Montag. In den USA und Brasilien beginnt er am Sonntag, in Großbritannien und unterstützten europäischen Regionen am Montag. Datumsangaben folgen der gewählten Sprachversion.

Feiertage sind in dieser Version außerhalb der koreanischen Sprache weder im Kalender noch im Widget enthalten. Ein roter Sonntag markiert das Wochenende, keinen Feiertag. Koreanische Monddaten sind ebenfalls ausgeblendet. Deine Schichten und Alarme folgen weiterhin deinem eigenen Plan.

Wöchentliche Arbeitszeitwerte gelten immer von Montag bis Sonntag. Feiertage oder Wochenenden machen eine Schicht nicht automatisch zu einem freien Tag.","In der deutschen Sprachversion beginnt die Kalenderwoche am Montag. Datumsangaben folgen dem deutschen Format.

Deutsche Feiertage werden in dieser Version weder im Kalender noch im Widget angezeigt. Rote Sonntage kennzeichnen das Wochenende, nicht einen Feiertag. Auch koreanische Mondkalenderdaten werden ausgeblendet. Deine Schichten und Wecker richten sich weiterhin nach deinem Plan.

Die wöchentliche Arbeitszeit wird immer von Montag bis Sonntag berechnet. Ein Feiertag oder Wochenende macht eine eingetragene Schicht nicht automatisch zu einem freien Tag."
"de","arb","alarmSnoozedLabel","retained","Verschoben","Verschoben"
"de","arb","alarmClockFirstOccurrence","retained","Erstes Vorkommen","Erstes Vorkommen"
"de","arb","alarmClockSecondOccurrence","retained","Zweites Vorkommen","Zweites Vorkommen"
"de","arb","shiftNameInUse","retained","Verwendete Schichten können nur umbenannt werden.","Verwendete Schichten können nur umbenannt werden."
"de","arb","scheduleOutsideTeamsConfirm","retained","Die gewählte Position gehört zu keinem Team im Gesamtplan. Wenn du fortfährst, wird der Gesamtplan gelöscht und muss neu eingerichtet werden. Schichtplan ändern?","Die gewählte Position gehört zu keinem Team im Gesamtplan. Wenn du fortfährst, wird der Gesamtplan gelöscht und muss neu eingerichtet werden. Schichtplan ändern?"
"de","arb","scheduleMyTeam","retained","Mein Team","Mein Team"
"de","arb","scheduleTeamsAtToday","retained","Teampositionen im Zyklus am heutigen Tag.","Teampositionen im Zyklus am heutigen Tag."
"de","arb","scheduleTeamChanged","revised","Dein Plan wurde von Team {from} zu Team {to} geändert.","Du bist von Team {from} zu Team {to} gewechselt."
"de","arb","teamSetupModeTitle","revised","Einrichtungsmethode wählen","Teams einrichten"
"de","arb","teamSetupShared","retained","Alle Teams nutzen dieselbe Folge","Alle Teams nutzen dieselbe Folge"
"de","arb","teamSetupSharedHint","retained","Weise jedem Team eine Position im gemeinsamen Zyklus zu.","Weise jedem Team eine Position im gemeinsamen Zyklus zu."
"de","arb","teamSetupIndividual","retained","Eigene Folge für jedes Team","Eigene Folge für jedes Team"
"de","arb","teamSetupIndividualHint","retained","Gib jedem Team einen eigenen Zyklus oder Wochenplan.","Gib jedem Team einen eigenen Zyklus oder Wochenplan."
"de","arb","teamRuleBase","retained","Grundzyklus verwenden","Grundzyklus verwenden"
"de","arb","teamRuleCycle","retained","Anderen Zyklus verwenden","Anderen Zyklus verwenden"
"de","arb","teamRuleWeekly","retained","Nach Wochentag zuweisen","Nach Wochentag zuweisen"
"de","arb","teamRuleTitle","revised","Schichtregeln festlegen","Schichtfolge festlegen"
"de","arb","teamRuleLocked","revised","Mit meinem Kalender verknüpft · nur lesen","Mit meinem Kalender verknüpft · schreibgeschützt"
"de","arb","teamRuleMissing","revised","Schichtregeln für dieses Team festlegen","Schichtfolge für dieses Team festlegen"
"de","arb","teamRuleEdit","retained","Einrichten","Einrichten"
"de","arb","teamRulePatternHint","retained","Tippe Schichten der Reihe nach an, um einen Zyklus zu erstellen.
Tippe auf einen eingefügten Eintrag, um ihn zu entfernen.","Tippe Schichten der Reihe nach an, um einen Zyklus zu erstellen.
Tippe auf einen eingefügten Eintrag, um ihn zu entfernen."
"de","arb","teamRuleAllShiftsHint","retained","Alle in den Einstellungen angelegten Schichtnamen sind verfügbar.","Alle in den Einstellungen angelegten Schichtnamen sind verfügbar."
"de","arb","teamRuleWeeklyHint","retained","Wähle eine Schicht und tippe dann auf einen Wochentag.
Weise allen sieben Tagen eine Schicht zu.","Wähle eine Schicht und tippe dann auf einen Wochentag.
Weise allen sieben Tagen eine Schicht zu."
"de","arb","teamRulePositionHint","revised","Wähle die Position im Zyklus am Bezugsdatum.","Wähle die Position im Zyklus für diesen Tag."
"de","arb","teamRuleComplete","retained","Fertig","Fertig"
"de","arb","teamRuleReview","retained","Vorschau aller Teampläne","Vorschau aller Teampläne"
"de","arb","teamRuleReviewHint","revised","Prüfe die Schichten jedes Teams.
Nach dem Speichern kannst du dein Team wechseln.
Um Schichtregeln zu ändern, erstelle den Gesamtplan neu.","Prüfe die Schichten aller Teams vor dem Speichern. Du kannst dein Team später wechseln. Um eine Schichtfolge zu ändern, musst du die Teampläne neu einrichten."
"de","arb","teamRuleUnset","retained","Nicht zugewiesen","Nicht zugewiesen"
"de","arb","teamRuleResetCycle","retained","Zyklus leeren","Zyklus leeren"
"de","arb","teamRuleChooseTeam","retained","Wähle das Team, zu dem du wechseln möchtest.","Wähle das Team, zu dem du wechseln möchtest."
"de","arb","teamRuleCurrentTeam","retained","Mein aktuelles Team","Mein aktuelles Team"
"de","arb","teamRuleWeeklyLabel","retained","Mo · Di · Mi · Do · Fr · Sa · So","Mo · Di · Mi · Do · Fr · Sa · So"
"de","arb","teamScheduleResetConfirm","revised","Deinen Schichtplan ändern und Schichtalarme aktualisieren.
Der Gesamtplan aller Teams wird gelöscht.

Um ihn zu behalten und nur dein Team zu wechseln,
öffne im Gesamtplan Bearbeiten → Mein Team wechseln.","Dein Schichtplan wird geändert und die Schichtwecker werden angepasst. Dabei werden die Teampläne gelöscht.

Um die Teampläne zu behalten und nur das Team zu wechseln, öffne Alle Teams → Bearbeiten → Mein Team wechseln."
"de","arb","teamSwitchAction","retained","Mein Team wechseln","Mein Team wechseln"
"de","arb","teamRuleOverlapHint","retained","Teams können dieselbe Schicht oder gemeinsame freie Tage haben.","Teams können dieselbe Schicht oder gemeinsame freie Tage haben."
"de","arb","teamRuleMonday","retained","Mo","Mo"
"de","arb","teamRuleTuesday","retained","Di","Di"
"de","arb","teamRuleWednesday","retained","Mi","Mi"
"de","arb","teamRuleThursday","retained","Do","Do"
"de","arb","teamRuleFriday","retained","Fr","Fr"
"de","arb","teamRuleSaturday","retained","Sa","Sa"
"de","arb","teamRuleSunday","retained","So","So"
"de","arb","teamEditTitle","retained","Gesamtplan bearbeiten","Gesamtplan bearbeiten"
"de","arb","teamEditChangedQuestion","retained","Hat sich dein Team geändert?","Hat sich dein Team geändert?"
"de","arb","teamEditRecreateTitle","retained","Gesamtplan neu erstellen","Gesamtplan neu erstellen"
"de","arb","teamEditRecreateHint","retained","Wenn Teampositionen falsch eingerichtet wurden.","Wenn Teampositionen falsch eingerichtet wurden."
"de","arb","teamEditRecreateConfirm","revised","Den aktuellen Gesamtplan löschen und neu erstellen?
Deine Schichten und Alarme bleiben unverändert.","Den aktuellen Gesamtplan löschen und neu erstellen?
Deine Schichten und Wecker bleiben unverändert."
"de","arb","teamEditPositionsOn","retained","Teampositionen am {date}","Teampositionen am {date}"
"de","arb","teamEditSwitchConfirm","revised","Von Team {from} zu Team {to} wechseln?

Schichtalarme werden auf den Plan von Team {to} umgestellt.

Manuelle Schichtänderungen werden zurückgesetzt.

Der Gesamtplan bleibt erhalten.","Von Team {from} zu Team {to} wechseln?

Deine Schichtwecker folgen dann dem Plan von Team {to}. Manuelle Änderungen an einzelnen Tagen werden gelöscht.

Die Teampläne bleiben erhalten."
"de","arb","teamEditSwitchPreview","retained","Dein Schichtplan wechselt von Team {from} zu Team {to}.","Dein Schichtplan wechselt von Team {from} zu Team {to}."
"de","arb","alarmSnoozeCollisionResult","revised","Beendet: anderer Alarm zur Schlummerzeit","Beendet: anderer Wecker in 5 Minuten"
"de","arb","alarmRefreshUnconfirmed","revised","Die Aktualisierung der Alarme konnte nicht bestätigt werden. Bitte prüfe sie erneut.","Die Aktualisierung der Wecker konnte nicht bestätigt werden. Bitte prüfe sie erneut."
"de","arb","scheduleRefreshUnconfirmed","revised","Der Schichtplan wurde gespeichert, aber die Planung der Alarme konnte nicht bestätigt werden.","Der Schichtplan wurde gespeichert, aber die Planung der Wecker konnte nicht bestätigt werden."
"de","arb","oneTapDeleteNoAlarmConfirm","revised","Für diese Uhrzeit bleibt kein Alarm übrig. Schnellalarm löschen?","Für diese Uhrzeit bleibt kein Wecker übrig. Schnellwecker löschen?"
"de","arb","oneTapDeleteRestoreConfirm","revised","Beim Löschen wird der Schichtalarm für {shift} wiederhergestellt. Fortfahren?","Beim Löschen wird der Schichtwecker für {shift} wiederhergestellt. Fortfahren?"
"de","arb","oneTapDeleteNoAlarmDetail","revised","Für diese Uhrzeit bleibt kein Alarm übrig.","Für diese Uhrzeit bleibt kein Wecker übrig."
"de","arb","oneTapDeleteRestoreDetail","revised","Nach dem Löschen wird der Schichtalarm für {shift} wiederhergestellt.","Nach dem Löschen wird der Schichtwecker für {shift} wiederhergestellt."
"de","arb","oneTapDeletedRefreshRetry","revised","Schnellalarm gelöscht, aber Schichtalarm konnte nicht geplant werden. Die Aktualisierung versucht es erneut.","Schnellwecker gelöscht. Der Schichtwecker konnte noch nicht wiederhergestellt werden. ShiftBell versucht es bei der nächsten Aktualisierung der Wecker erneut."
"de","arb","oneTapDeletedFixedRestored","revised","Schnellalarm gelöscht und Schichtalarm geplant.","Schnellwecker gelöscht. Schichtwecker wiederhergestellt."
"de","arb","teamEditChooseTeam","retained","Wähle das Team, zu dem du wechseln möchtest.","Wähle das Team, zu dem du wechseln möchtest."
"de","arb","durationCompactHours","added","","{hours} Std."
"de","arb","durationCompactMinutes","added","","{minutes} Min."
"de","android","alarm_type_sound_vibration_short","retained","Ton + Vibration","Ton + Vibration"
"de","android","alarm_type_vibration_short","retained","Vibration","Vibration"
"de","android","alarm_type_silent_short","retained","lautlos","lautlos"
"de","android","snooze_collision_message","revised","Alarm (%2$s) um %1$s. Ohne Schlummern beendet.","Um %1$s ist bereits ein anderer Wecker (%2$s) gestellt. Dieser Wecker wurde ohne Schlummerfunktion beendet."
"de","android","calendar_widget_description","revised","Schichten und Notizen. Größe für drei Wochen oder einen Monat ändern.","Schichten und Notizen im Blick. Passe die Größe an, um drei Wochen oder einen ganzen Monat zu sehen."
"de","android","sleep_widget_description","retained","Schlafbeginn und Aufwachen mit einem Tippen erfassen.","Schlafbeginn und Aufwachen mit einem Tippen erfassen."
"de","android","sleep_widget_brand","retained","Shift Bell","Shift Bell"
"de","android","app_widget_calendar_label","retained","ShiftBell Kalender","ShiftBell Kalender"
"de","android","app_widget_sleep_label","retained","ShiftBell Schlaf","ShiftBell Schlaf"
"de","android","alarm_swipe_hint","retained","Zum Stoppen hochwischen","Zum Stoppen hochwischen"
"de","android","alarm_snooze_label","retained","Später","Später"
"de","android","alarm_dismiss_label","retained","Stoppen","Stoppen"
"de","android","one_tap_alarm_label","revised","Schnellalarm","Schnellwecker"
"de","android","channel_alarm_result","revised","Alarmergebnisse","Verschobene und verpasste Wecker"
"de","android","channel_alarm_guard","revised","Bevorstehende Alarme","Bevorstehende Wecker"
"de","android","channel_schedule_notify","retained","Terminerinnerungen","Terminerinnerungen"
"de","android","channel_restore_notify","revised","Hinweise zur Wiederherstellung","Status der Wiederherstellung"
"de","android","notif_ringing_content","revised","Alarm klingelt","Wecker klingelt"
"de","android","notif_action_snooze","revised","In 5 Min.","5 Min. später"
"de","android","notif_action_dismiss","revised","Alarm aus","Wecker stoppen"
"de","android","notif_snoozed_title","revised","Verschoben auf %1$s","Wecker auf %1$s verschoben"
"de","android","notif_guard_title","revised","Dein Alarm klingelt bald (%1$s)","Dein Wecker klingelt um %1$s"
"de","android","notif_restore_title","retained","Wiederherstellung nicht abgeschlossen","Wiederherstellung nicht abgeschlossen"
"de","android","notif_restore_text","revised","Alarme verwenden vorerst deine aktuellen Daten. Öffne die App, um die Wiederherstellung abzuschließen.","Wecker sind anhand deiner aktuellen Daten gestellt. Öffne ShiftBell, um die Wiederherstellung abzuschließen."
"de","android","widget_setup_schedule_first","retained","Richte zuerst deinen Schichtplan in der App ein","Richte zuerst deinen Schichtplan in der App ein"
"de","android","widget_weekday_labels","retained","
        SoMoDiMiDoFrSa
    ","
        SoMoDiMiDoFrSa
    "
"de","android","sleep_widget_sleep","retained","Schlafen","Schlafen"
"de","android","sleep_widget_wake","retained","Wach","Wach"
"de","android","sleep_widget_no_shift","retained","Keine Schicht","Keine Schicht"
"de","android","sleep_widget_not_set","retained","Nicht festgelegt","Nicht festgelegt"
"de","android","sleep_widget_unknown","retained","Unbekannt","Unbekannt"
"de","android","sleep_widget_tab_off","revised","Ansicht aus","Ansicht ausgeblendet"
"de","android","widget_no_shift","retained","Keine","Keine"
"de","android","alarm_default_label","revised","Alarm","Wecker"
"de","android","channel_guard_description","revised","Erinnerung 20 Minuten vor einem Alarm","Erinnerung 20 Minuten vor einem Wecker"
"de","android","channel_result_description","revised","Hinweise zu verschobenen und verpassten Alarmen","Hinweise zu verschobenen und verpassten Weckern"
"de","android","channel_ring_description","revised","Benachrichtigungen zu Schichtalarmen","Benachrichtigungen zu Schichtweckern"
"de","android","widget_preview_day","retained","Tag","Tag"
"de","android","widget_preview_night","retained","Nacht","Nacht"
"de","android","widget_preview_off","retained","Frei","Frei"
"de","android","widget_weekday_0","retained","So","So"
"de","android","widget_weekday_1","retained","Mo","Mo"
"de","android","widget_weekday_2","retained","Di","Di"
"de","android","widget_weekday_3","retained","Mi","Mi"
"de","android","widget_weekday_4","retained","Do","Do"
"de","android","widget_weekday_5","retained","Fr","Fr"
"de","android","widget_weekday_6","retained","Sa","Sa"
"de","android","alarm_clock_first","retained","%1$s (erstes Mal)","%1$s (erstes Mal)"
"de","android","alarm_clock_second","retained","%1$s (zweites Mal)","%1$s (zweites Mal)"
"pt","arb","appTitle","retained","ShiftBell","ShiftBell"
"pt","arb","commonOk","retained","OK","OK"
"pt","arb","commonCancel","retained","Cancelar","Cancelar"
"pt","arb","commonSave","retained","Salvar","Salvar"
"pt","arb","commonDelete","retained","Excluir","Excluir"
"pt","arb","commonEdit","retained","Editar","Editar"
"pt","arb","commonAdd","retained","Adicionar","Adicionar"
"pt","arb","commonDone","retained","Concluir","Concluir"
"pt","arb","commonNext","retained","Avançar","Avançar"
"pt","arb","commonClose","retained","Fechar","Fechar"
"pt","arb","commonReset","retained","Redefinir","Redefinir"
"pt","arb","commonChange","retained","Alterar","Alterar"
"pt","arb","commonContinue","retained","Continuar","Continuar"
"pt","arb","commonNotNow","retained","Agora não","Agora não"
"pt","arb","commonGoToSettings","retained","Abrir configurações","Abrir configurações"
"pt","arb","commonRefresh","retained","Atualizar","Atualizar"
"pt","arb","commonGoBack","retained","Voltar","Voltar"
"pt","arb","commonGetStarted","retained","Começar","Começar"
"pt","arb","commonShare","retained","Compartilhar","Compartilhar"
"pt","arb","commonCopy","retained","Copiar","Copiar"
"pt","arb","commonNotSet","retained","Não definido","Não definido"
"pt","arb","commonNone","retained","Nenhum","Nenhum"
"pt","arb","commonDeletePermanently","retained","Excluir permanentemente","Excluir permanentemente"
"pt","arb","commonPrevious","revised","Anterior","Original"
"pt","arb","commonCurrent","retained","Atual","Atual"
"pt","arb","commonOther","retained","Outro","Outro"
"pt","arb","commonToday","retained","Hoje","Hoje"
"pt","arb","commonTomorrow","retained","Amanhã","Amanhã"
"pt","arb","commonView","retained","Ver","Ver"
"pt","arb","commonSelectTime","retained","Escolher horário","Escolher horário"
"pt","arb","commonAm","retained","AM","AM"
"pt","arb","commonPm","retained","PM","PM"
"pt","arb","commonGotIt","retained","Entendi","Entendi"
"pt","arb","commonLater","retained","Mais tarde","Mais tarde"
"pt","arb","commonSaveFailed","retained","Não foi possível salvar. Tente novamente em instantes.","Não foi possível salvar. Tente novamente em instantes."
"pt","arb","commonUpdate","retained","Atualizar","Atualizar"
"pt","arb","navNextAlarm","retained","Próximo alarme","Próximo alarme"
"pt","arb","navCalendar","retained","Calendário","Calendário"
"pt","arb","navFriendShare","retained","Compartilhar","Compartilhar"
"pt","arb","navScheduleManagement","retained","Agenda","Agenda"
"pt","arb","disableTabButtonLabel","revised","Ocultar a tela {tab}","Ocultar {tab}"
"pt","arb","disableTabDialogBody","revised","Ao confirmar, esta tela será removida das abas na parte inferior.
Você pode ativá-la novamente nas configurações.","Esta aba ficará oculta na barra inferior. Você pode exibi-la novamente nas Configurações."
"pt","arb","scheduleTabDisableExtraNotice","revised","Todas as notificações agendadas para os compromissos também serão canceladas.","Os lembretes dos compromissos também serão cancelados."
"pt","arb","settingsScheduleTabReenableTitle","revised","Usar a tela Agenda","Mostrar Agenda"
"pt","arb","settingsScheduleTabReenableSubtitle","revised","Mostrar a tela Agenda novamente nas abas inferiores","Exibir a aba Agenda na barra inferior"
"pt","arb","navSettings","retained","Configurações","Configurações"
"pt","arb","shiftWork","retained","Trabalho em turnos","Trabalho em turnos"
"pt","arb","shiftPattern","retained","Ciclo de turnos","Ciclo de turnos"
"pt","arb","settingsPatternTodayMarker","revised","· destaque = hoje","· hoje em destaque"
"pt","arb","shiftName","retained","Nome do turno","Nome do turno"
"pt","arb","shiftType","retained","Tipo de turno","Tipo de turno"
"pt","arb","shiftDayOff","retained","Folga","Folga"
"pt","arb","shiftDay","retained","Dia","Dia"
"pt","arb","shiftNight","retained","Noite","Noite"
"pt","arb","shiftMorning","retained","Manhã","Manhã"
"pt","arb","shiftAfternoon","retained","Tarde","Tarde"
"pt","arb","shiftOnCall","retained","Plantão","Plantão"
"pt","arb","shiftOff","retained","Folga","Folga"
"pt","arb","shiftChange","revised","Troca de turno","Alterar turno"
"pt","arb","shiftTeam","retained","Equipe","Equipe"
"pt","arb","shiftRegularPattern","revised","Ciclo de turnos fixo","Escala com ciclo fixo"
"pt","arb","shiftIrregularPattern","revised","Turnos sem ciclo fixo","Escala sem ciclo fixo"
"pt","arb","shiftSchedule","retained","Escala","Escala"
"pt","arb","shiftFullSchedule","revised","Todas as equipes","Equipes"
"pt","arb","shiftWorkHours","revised","Horários de trabalho","Horas de trabalho"
"pt","arb","shiftOt","retained","Horas extras","Horas extras"
"pt","arb","shiftThisMonthOt","revised","Horas extras no mês","Horas extras do mês"
"pt","arb","shiftWeeklyWorkHours","revised","Horas de trabalho na semana","Horas na semana"
"pt","arb","shiftPayday","revised","Dia do pagamento","Dia de referência"
"pt","arb","shiftChangeSchedule","retained","Alterar escala","Alterar escala"
"pt","arb","shiftResetSchedule","retained","Redefinir escala","Redefinir escala"
"pt","arb","alarmTitle","retained","Alarme","Alarme"
"pt","arb","alarmNext","retained","Próximo alarme","Próximo alarme"
"pt","arb","alarmUntil","retained","Tempo até o alarme","Tempo até o alarme"
"pt","arb","alarmRegistered","retained","Alarmes agendados","Alarmes agendados"
"pt","arb","alarmFixed","retained","Alarme de turno","Alarme de turno"
"pt","arb","alarmType","retained","Tipo de alarme","Tipo de alarme"
"pt","arb","alarmSound","retained","Som do alarme","Som do alarme"
"pt","arb","alarmSoundManage","revised","Gerenciar sons de alarme","Som e vibração"
"pt","arb","alarmSoundChoose","retained","Escolher som do alarme","Escolher som do alarme"
"pt","arb","alarmSoundVibration","retained","Som + vibração","Som + vibração"
"pt","arb","alarmVibration","retained","Vibração","Vibração"
"pt","arb","alarmSilent","retained","Silencioso","Silencioso"
"pt","arb","alarmVibrationWeak","retained","Fraca","Fraca"
"pt","arb","alarmVibrationStrong","retained","Forte","Forte"
"pt","arb","alarmIntensity","retained","Intensidade","Intensidade"
"pt","arb","alarmVolume","retained","Volume","Volume"
"pt","arb","alarmHistory","retained","Histórico de alarmes","Histórico de alarmes"
"pt","arb","alarmDismissed","retained","Desligado","Desligado"
"pt","arb","alarmRemoved","retained","Alarme removido","Alarme removido"
"pt","arb","alarmSnooze5Min","retained","Adiar por 5 minutos","Adiar por 5 minutos"
"pt","arb","alarmNoResponse","revised","Sem resposta","Não atendido"
"pt","arb","alarmScheduleChanged","retained","Escala alterada","Escala alterada"
"pt","arb","alarmTurnOffThis","retained","Desligar este alarme","Desligar este alarme"
"pt","arb","alarmDuplicate","retained","Alarme duplicado","Alarme duplicado"
"pt","arb","alarmAdd","retained","Adicionar alarme","Adicionar alarme"
"pt","arb","alarmDayBefore","retained","Dia anterior","Dia anterior"
"pt","arb","alarmDaySame","revised","Mesmo dia","Dia do turno"
"pt","arb","alarmDayAfter","retained","Dia seguinte","Dia seguinte"
"pt","arb","alarmSupersededByNextAlarm","revised","Encerrado automaticamente (próximo alarme)","Encerrado ao iniciar o próximo alarme"
"pt","arb","alarmRingingSoon","revised","O alarme tocará em breve","Vai tocar agora"
"pt","arb","alarmRemainingDaysHours","retained","{days, plural, =1{1 dia} other{{days} dias}} {hours, plural, =1{1 hora} other{{hours} horas}}","{days, plural, =1{1 dia} other{{days} dias}} {hours, plural, =1{1 hora} other{{hours} horas}}"
"pt","arb","alarmRemainingHoursMinutes","retained","{hours, plural, =1{1 hora} other{{hours} horas}} {minutes, plural, =1{1 minuto} other{{minutes} minutos}}","{hours, plural, =1{1 hora} other{{hours} horas}} {minutes, plural, =1{1 minuto} other{{minutes} minutos}}"
"pt","arb","alarmRemainingMinutes","retained","{minutes, plural, =1{1 minuto} other{{minutes} minutos}}","{minutes, plural, =1{1 minuto} other{{minutes} minutos}}"
"pt","arb","alarmUpNext","retained","Próximo alarme","Próximo alarme"
"pt","arb","alarmNoneUpcoming","revised","Nenhum alarme próximo","Nenhum alarme agendado"
"pt","arb","alarmNoneRegistered","retained","Nenhum alarme agendado","Nenhum alarme agendado"
"pt","arb","alarmEmptyStateHint","revised","Configure seus turnos nas configurações
e adicione um alarme para cada turno.","Adicione seus turnos em Configurações e defina os alarmes de cada um."
"pt","arb","alarmRemainingDays","retained","{days, plural, =1{1 dia} other{{days} dias}}","{days, plural, =1{1 dia} other{{days} dias}}"
"pt","arb","alarmRemainingHours","retained","{hours, plural, =1{1 hora} other{{hours} horas}}","{hours, plural, =1{1 hora} other{{hours} horas}}"
"pt","arb","alarmViewAllRegistered","retained","Ver todos os alarmes","Ver todos os alarmes"
"pt","arb","alarmSoundShort","retained","Som","Som"
"pt","arb","alarmDeleteAllPermanently","retained","Excluir todos os alarmes permanentemente","Excluir todos os alarmes permanentemente"
"pt","arb","alarmDeletedToast","retained","Alarme excluído","Alarme excluído"
"pt","arb","alarmUpdatedToast","retained","Alarme atualizado","Alarme atualizado"
"pt","arb","alarmCanceledToast","retained","Alarme cancelado","Alarme cancelado"
"pt","arb","alarmCountAll","retained","Todos","Todos"
"pt","arb","alarmCountFuture","retained","Próximos","Próximos"
"pt","arb","alarmCountPast","retained","Anteriores","Anteriores"
"pt","arb","alarmDuration","revised","Duração","Tempo de toque"
"pt","arb","alarmDurationMinutes","retained","{minutes, plural, =1{1 min} other{{minutes} min}}","{minutes, plural, =1{1 min} other{{minutes} min}}"
"pt","arb","calendarTheme","retained","Tema do calendário","Tema do calendário"
"pt","arb","calendarSelectDate","retained","Escolher data","Escolher data"
"pt","arb","calendarNSelected","revised","{count, plural, =1{1 selecionado} other{{count} selecionados}}","{count, plural, =1{1 dia selecionado} other{{count} dias selecionados}}"
"pt","arb","calendarMemo","retained","Nota","Nota"
"pt","arb","calendarMemoAll","retained","Todas as notas","Todas as notas"
"pt","arb","calendarMemoEnter","retained","Escrever nota","Escrever nota"
"pt","arb","calendarMemoContent","revised","Conteúdo da nota","Nota"
"pt","arb","calendarMemoSearch","retained","Buscar notas","Buscar notas"
"pt","arb","calendarMemoNone","retained","Nenhuma nota","Nenhuma nota"
"pt","arb","calendarSearchNoResults","retained","Nenhum resultado","Nenhum resultado"
"pt","arb","calendarMemoTotalCount","retained","{count, plural, =1{1 nota} other{{count} notas}}","{count, plural, =1{1 nota} other{{count} notas}}"
"pt","arb","calendarMemoSearchResultCount","retained","{count, plural, =1{1 resultado} other{{count} resultados}}","{count, plural, =1{1 resultado} other{{count} resultados}}"
"pt","arb","calendarTapToAddMoreDates","retained","Toque para selecionar mais datas","Toque para selecionar mais datas"
"pt","arb","calendarFriendQuickAccessLabel","retained","Amigos","Amigos"
"pt","arb","calendarTapDateToEnter","retained","Toque em uma data para adicionar horas extras","Toque em uma data para adicionar horas extras"
"pt","arb","calendarMonthlyOtTitle","retained","Horas extras de {month}","Horas extras de {month}"
"pt","arb","calendarOtTotal","retained","Total: {total}","Total: {total}"
"pt","arb","calendarMonthlyWorkTotal","revised","* Total de horas de trabalho previstas em {month}: {total}","Horas previstas em {month}: {total}"
"pt","arb","calendarSetWorkHoursInSettingsHint","revised","(Defina os horários de cada turno nas configurações.)","Defina os horários de cada turno em Configurações."
"pt","arb","calendarNoOtRegistered","retained","Nenhuma hora extra registrada","Nenhuma hora extra registrada"
"pt","arb","calendarWeeklyWorkHoursTitle","revised","Horas de trabalho por semana em {month}","Horas por semana · {month}"
"pt","arb","calendarWeeklyBasisHint","revised","De segunda a domingo de cada semana (inclui horas extras)","Totais de segunda a domingo, incluindo horas extras"
"pt","arb","calendarSetScheduleFirst","retained","Configure sua escala primeiro","Configure sua escala primeiro"
"pt","arb","calendarSpecifyWorkHoursInSettings","retained","Defina os horários de cada turno nas configurações.","Defina os horários de cada turno nas configurações."
"pt","arb","calendarShiftDayCount","retained","{shift}: {days, plural, =1{1 dia} other{{days} dias}}","{shift}: {days, plural, =1{1 dia} other{{days} dias}}"
"pt","arb","calendarShiftLabel","retained","Turno:","Turno:"
"pt","arb","calendarFixedAlarmLabel","retained","Alarmes do turno:","Alarmes do turno:"
"pt","arb","calendarAutoGeneratedWithinDays","revised","{days, plural, =1{Será criado automaticamente dentro de 1 dia} other{Será criado automaticamente dentro de {days} dias}}","Os alarmes serão agendados automaticamente quando faltarem menos de {days, plural, =1{1 dia} other{{days} dias}} para esta data."
"pt","arb","calendarMemoColonLabel","retained","Nota:","Nota:"
"pt","arb","calendarSelectAlarmType","retained","Escolher tipo de alarme","Escolher tipo de alarme"
"pt","arb","calendarAlarmAt","retained","Alarme às {time}","Alarme às {time}"
"pt","arb","calendarDeleteAlarmTitle","retained","Excluir alarme","Excluir alarme"
"pt","arb","calendarDeleteAlarmConfirm","retained","Excluir o alarme das {time}?","Excluir o alarme das {time}?"
"pt","arb","calendarDeleteAlarmFailed","retained","Não foi possível excluir o alarme","Não foi possível excluir o alarme"
"pt","arb","calendarBulkChangeShiftTitle","retained","{count, plural, =1{Alterar turno de 1 dia} other{Alterar turno de {count} dias}}","{count, plural, =1{Alterar turno de 1 dia} other{Alterar turno de {count} dias}}"
"pt","arb","calendarMemoDetailTitle","retained","Detalhes da nota","Detalhes da nota"
"pt","arb","onboardingCreateSchedule","retained","Configure seus turnos","Configure seus turnos"
"pt","arb","onboardingFixedPatternQuestion","retained","Seus turnos seguem um ciclo fixo?","Seus turnos seguem um ciclo fixo?"
"pt","arb","onboardingYesRegular","retained","Sim, seguem um ciclo","Sim, seguem um ciclo"
"pt","arb","onboardingNoIrregular","retained","Não, eles variam","Não, eles variam"
"pt","arb","onboardingCheckShiftTypes","retained","Confira os tipos de turno","Confira os tipos de turno"
"pt","arb","onboardingAddIfMissing","retained","Você pode adicionar outros se precisar","Você pode adicionar outros se precisar"
"pt","arb","onboardingShiftLimitHint","revised","(Até {max} turnos, com {chars} caracteres cada.)","Até {max} tipos de turno · {chars} caracteres por nome"
"pt","arb","onboardingUsableEvenIfNotInPattern","retained","Você pode usá-los mesmo que não façam parte do seu ciclo.","Você pode usá-los mesmo que não façam parte do seu ciclo."
"pt","arb","onboardingShiftNameTitle","revised","Escolha todos os nomes de turno que você usa.","Quais turnos e folgas você precisa?"
"pt","arb","onboardingShiftNameSubHint","revised","Inclua também opções ocasionais, como licença ou férias, para selecioná-las facilmente no calendário depois.

Remova os nomes que não usa com ×. Use + Adicionar para incluir os que faltam.","Inclua também folgas e férias para usar no calendário.

Toque em × para remover ou em + Adicionar para criar um nome."
"pt","arb","onboardingSwitchToIrregularPrefix","retained","Se seus turnos não seguem um ciclo fixo, toque ","Se seus turnos não seguem um ciclo fixo, toque "
"pt","arb","onboardingSwitchToIrregularLink","retained","aqui","aqui"
"pt","arb","onboardingSwitchToIrregularSuffix","retained",".","."
"pt","arb","onboardingSelectAllInPattern","retained","Selecione todos os turnos do seu ciclo","Selecione todos os turnos do seu ciclo"
"pt","arb","onboardingTapToCompletePattern","revised","Toque nos botões para montar seu ciclo","Monte seu ciclo de turnos"
"pt","arb","onboardingPatternHint","retained","(Até 40 dias · toque em um turno no ciclo abaixo para removê-lo.)","(Até 40 dias · toque em um turno no ciclo abaixo para removê-lo.)"
"pt","arb","onboardingPatternHowTo","retained","Toque nos turnos na ordem em que se repetem.
Por exemplo: Dia, Dia, Folga, Folga, Noite, Noite, Folga, Folga.","Toque nos turnos na ordem em que se repetem.
Por exemplo: Dia, Dia, Folga, Folga, Noite, Noite, Folga, Folga."
"pt","arb","onboardingIrregularChoiceTitle","retained","Definir turnos por data","Definir turnos por data"
"pt","arb","onboardingIrregularChoiceDescription","retained","Escolha esta opção se seus turnos não seguem um ciclo","Escolha esta opção se seus turnos não seguem um ciclo"
"pt","arb","onboardingNoPattern","retained","Sem ciclo fixo","Sem ciclo fixo"
"pt","arb","onboardingAddShiftName","retained","Adicionar nome de turno","Adicionar nome de turno"
"pt","arb","onboardingShiftNameHint","retained","Nome do turno (até {chars} caracteres)","Nome do turno (até {chars} caracteres)"
"pt","arb","onboardingSetFixedAlarmPerShift","retained","Defina alarmes para cada turno","Defina alarmes para cada turno"
"pt","arb","onboardingMaxAlarmsPerShift","retained","Até {max} por turno","Até {max} por turno"
"pt","arb","onboardingCanChangeInSettings","retained","Os alarmes de turno podem tocar no mesmo dia, no dia anterior ou no dia seguinte ao turno.","Os alarmes de turno podem tocar no mesmo dia, no dia anterior ou no dia seguinte ao turno."
"pt","arb","onboardingAlarmOptional","retained","Você pode configurar os alarmes depois","Você pode configurar os alarmes depois"
"pt","arb","onboardingFinishSetup","retained","Concluir configuração","Concluir configuração"
"pt","arb","onboardingSaving","retained","Criando sua escala...","Criando sua escala..."
"pt","arb","onboardingSaveFailed","retained","Não foi possível salvar a configuração. Tente novamente.","Não foi possível salvar a configuração. Tente novamente."
"pt","arb","onboardingTapToSet","retained","Toque para definir","Toque para definir"
"pt","arb","onboardingTodayShiftQuestion","revised","Qual é seu turno hoje ({date})?","Onde está no ciclo hoje ({date})?"
"pt","arb","onboardingAllSet","retained","Tudo pronto!","Tudo pronto!"
"pt","arb","onboardingNeedAtLeastOneShift","retained","É necessário ter pelo menos um tipo de turno","É necessário ter pelo menos um tipo de turno"
"pt","arb","onboardingEnterShiftName","retained","Digite um nome de turno","Digite um nome de turno"
"pt","arb","onboardingCharLimitError","retained","Use no máximo {chars} caracteres","Use no máximo {chars} caracteres"
"pt","arb","onboardingDuplicateShiftName","retained","Este nome de turno já existe","Este nome de turno já existe"
"pt","arb","shiftNameCommaNotAllowed","retained","Nomes de turno não podem conter vírgulas (,)","Nomes de turno não podem conter vírgulas (,)"
"pt","arb","shiftNameReserved","retained","""{name}"" é reservado pelo app e não pode ser usado como nome de turno","""{name}"" é reservado pelo app e não pode ser usado como nome de turno"
"pt","arb","onboardingFixedAlarmDialogTitle","retained","Alarmes de {shift}","Alarmes de {shift}"
"pt","arb","onboardingFixedAlarmMaxHint","retained","Até {max} alarmes por turno","Até {max} alarmes por turno"
"pt","arb","onboardingWelcomePopupTitle","retained","Boas-vindas ao ShiftBell","Boas-vindas ao ShiftBell"
"pt","arb","onboardingWelcomePopupBody","revised","Configure seus turnos e alarmes, e o ShiftBell agendará os alarmes de acordo com sua escala.

📅  Veja seus turnos de relance
⏰  Defina alarmes para cada turno
📝  Adicione notas e registre horas extras
💾  Faça backup dos dados no seu aparelho","Configure seus turnos e alarmes. O ShiftBell agenda os alarmes de acordo com sua escala.

📅  Consulte seus turnos no calendário
⏰  Defina alarmes para cada turno
📝  Faça anotações e registre horas extras
💾  Salve um backup no seu aparelho"
"pt","arb","onboardingWelcomePopupStartButton","retained","Começar","Começar"
"pt","arb","onboardingShiftAssignPopupTitle","retained","Como definir os turnos","Como definir os turnos"
"pt","arb","onboardingShiftAssignPopupBody","retained","Turnos sem ciclo fixo precisam ser definidos manualmente para cada data.

Mantenha uma data pressionada para entrar no modo de seleção, toque nas datas desejadas e depois no nome do turno na parte inferior.

Você pode alterar um turno definido da mesma forma a qualquer momento.","Turnos sem ciclo fixo precisam ser definidos manualmente para cada data.

Mantenha uma data pressionada para entrar no modo de seleção, toque nas datas desejadas e depois no nome do turno na parte inferior.

Você pode alterar um turno definido da mesma forma a qualquer momento."
"pt","arb","onboardingScheduleTabPopupTitle","retained","Como usar a aba Agenda","Como usar a aba Agenda"
"pt","arb","onboardingScheduleTabPopupBody","retained","1. Criar um compromisso
Toque no ícone de relógio no canto inferior direito para escolher um horário na linha do tempo. Depois, toque no horário desejado para criar um compromisso.

2. Definir uma duração
Por padrão, o compromisso fica sem duração, com apenas um horário. Toque em + ou nos botões 5 min/30 min/1 h para definir o horário de término.

3. Receber uma notificação
Ative a opção de notificação para receber um aviso no horário escolhido. O som segue as configurações do sistema.","1. Criar um compromisso
Toque no ícone de relógio no canto inferior direito para escolher um horário na linha do tempo. Depois, toque no horário desejado para criar um compromisso.

2. Definir uma duração
Por padrão, o compromisso fica sem duração, com apenas um horário. Toque em + ou nos botões 5 min/30 min/1 h para definir o horário de término.

3. Receber uma notificação
Ative a opção de notificação para receber um aviso no horário escolhido. O som segue as configurações do sistema."
"pt","arb","alarmAlreadyExistsAtTime","retained","Já existe um alarme às {time}.","Já existe um alarme às {time}."
"pt","arb","settingsShiftManagement","retained","Gerenciar escala","Gerenciar escala"
"pt","arb","settingsShiftManagementEditButton","retained","Editar","Editar"
"pt","arb","settingsNotSet","retained","Não definido","Não definido"
"pt","arb","settingsWorkHoursAndOt","retained","Horários e horas extras","Horários e horas extras"
"pt","arb","settingsWorkHoursAndOtDesc","revised","Horários por turno e período mensal de apuração","Horários dos turnos e período de cálculo mensal"
"pt","arb","settingsDefaultWorkHoursPerShift","retained","Horários de cada turno","Horários de cada turno"
"pt","arb","settingsMonthlyPeriodBasis","revised","Período mensal de apuração","Período de cálculo mensal"
"pt","arb","settingsCalendarMonthBasis","revised","Mês do calendário","Mês completo"
"pt","arb","settingsCalendarMonthBasisDesc","retained","Do primeiro ao último dia de cada mês","Do primeiro ao último dia de cada mês"
"pt","arb","settingsPaydayBasis","retained","Período mensal personalizado","Período mensal personalizado"
"pt","arb","settingsPaydayBasisDesc","revised","Total mensal a partir da data que você definir","Calcular o total com base em um dia de referência"
"pt","arb","settingsPeriodStartBasis","revised","Pela data de início","Começa no dia"
"pt","arb","settingsPeriodEndBasis","revised","Pela data de término","Termina no dia"
"pt","arb","settingsPreviewThisMonth","revised","Prévia: o período deste mês é {range}","Período deste mês: {range}"
"pt","arb","settingsFriendShareDesc","revised","Veja as escalas dos amigos usando um código","Compartilhe escalas com amigos por código ou link"
"pt","arb","settingsRenameShiftDesc","retained","Edite, adicione ou exclua nomes de turno.","Edite, adicione ou exclua nomes de turno."
"pt","arb","settingsEditShiftNameDesc","retained","Editar o nome deste turno","Editar o nome deste turno"
"pt","arb","settingsChangeAlarmTimeDesc","retained","Alterar o horário do alarme de cada turno","Alterar o horário do alarme de cada turno"
"pt","arb","settingsChangeScheduleDesc","retained","Altere sua escala de trabalho.","Altere sua escala de trabalho."
"pt","arb","settingsAlarmHistoryDesc","revised","Veja todos os alarmes criados e seus resultados","Consulte os alarmes e a situação de cada um"
"pt","arb","settingsMemoAllDesc","retained","Veja e busque todas as notas","Veja e busque todas as notas"
"pt","arb","settingsDeleteAllAlarmsDesc","retained","Excluir todos os alarmes agendados","Excluir todos os alarmes agendados"
"pt","arb","settingsDataBackupTitle","revised","Backup dos dados","Fazer backup"
"pt","arb","settingsDataBackupDesc","retained","Salve sua escala, alarmes, notas e outros dados neste aparelho","Salve sua escala, alarmes, notas e outros dados neste aparelho"
"pt","arb","settingsDataBackupLastSavedAt","retained","Último backup: {date}","Último backup: {date}"
"pt","arb","settingsDataBackupNeverSaved","retained","Nenhum backup ainda","Nenhum backup ainda"
"pt","arb","settingsDataBackupSlots","retained","Backup manual: {manual}
Backup automático: {auto}","Backup manual: {manual}
Backup automático: {auto}"
"pt","arb","settingsDataBackupSlotNone","retained","Nenhum","Nenhum"
"pt","arb","customAlarmLabel","retained","Alarme rápido","Alarme rápido"
"pt","arb","customAlarmEditTooltip","retained","Editar alarmes rápidos","Editar alarmes rápidos"
"pt","arb","customAlarmEditorTitle","retained","Configurar alarmes rápidos","Configurar alarmes rápidos"
"pt","arb","customAlarmEditorDesc","revised","Salve até 5 horários e tipos de alerta. Atribua-os apenas a hoje ou amanhã, uma vez por opção a cada dia. Para editar uma opção já atribuída, exclua seus alarmes primeiro.","Salve até 5 opções de alarme, cada uma com horário e tipo de alerta. Use cada opção uma vez por dia, para hoje ou amanhã. Para editar uma opção em uso, exclua primeiro os alarmes agendados com ela."
"pt","arb","customAlarmSlotEmpty","retained","Vazio","Vazio"
"pt","arb","customAlarmSlotClear","retained","Limpar","Limpar"
"pt","arb","customAlarmAssignHint","retained","Toque em uma data para adicionar um alarme às {time}","Toque em uma data para adicionar um alarme às {time}"
"pt","arb","customAlarmScheduledToday","retained","Alarme definido para hoje às {time}","Alarme definido para hoje às {time}"
"pt","arb","customAlarmScheduledOn","retained","Alarme definido para {date} às {time}","Alarme definido para {date} às {time}"
"pt","arb","customAlarmScheduledSoon","retained","O alarme tocará em {minutes} min","O alarme tocará em {minutes} min"
"pt","arb","customAlarmPast","retained","Esse horário já passou. Nenhum alarme foi adicionado.","Esse horário já passou. Nenhum alarme foi adicionado."
"pt","arb","customAlarmOutsideWindow","retained","Alarmes rápidos só podem ser definidos para hoje ou amanhã","Alarmes rápidos só podem ser definidos para hoje ou amanhã"
"pt","arb","customAlarmDuplicate","retained","Já existe um alarme às {time} nessa data","Já existe um alarme às {time} nessa data"
"pt","arb","customAlarmScheduleFailed","retained","Não foi possível agendar o alarme neste aparelho. Tente novamente em instantes.","Não foi possível agendar o alarme neste aparelho. Tente novamente em instantes."
"pt","arb","customAlarmUndo","retained","Desfazer","Desfazer"
"pt","arb","customAlarmDeleted","retained","Alarme rápido excluído","Alarme rápido excluído"
"pt","arb","customAlarmDeleteConfirm","retained","Excluir o alarme rápido das {time}?","Excluir o alarme rápido das {time}?"
"pt","arb","fixedAlarmSkippedByOneTap","retained","Já havia um alarme rápido para esse horário, por isso o alarme de turno não foi criado.","Já havia um alarme rápido para esse horário, por isso o alarme de turno não foi criado."
"pt","arb","settingsDataBackupInProgress","retained","Fazendo backup...","Fazendo backup..."
"pt","arb","settingsDataBackupSuccessToast","retained","Backup salvo em Download/ShiftBell. Após reinstalar, escolha esse arquivo na primeira tela para restaurar os dados.","Backup salvo em Download/ShiftBell. Após reinstalar, escolha esse arquivo na primeira tela para restaurar os dados."
"pt","arb","settingsDataBackupFailedToast","revised","Falha no backup (requer Android 10 ou superior, ou ocorreu um erro temporário)","Não foi possível salvar o backup. É necessário Android 10 ou superior. Se o aparelho for compatível, tente novamente."
"pt","arb","backupRestoreFoundTitle","retained","Restaurar este backup?","Restaurar este backup?"
"pt","arb","backupRestoreFoundDesc","retained","Restaure sua escala, alarmes, notas e outros dados para continuar de onde parou.","Restaure sua escala, alarmes, notas e outros dados para continuar de onde parou."
"pt","arb","backupRestoreLastSavedAt","retained","Backup de: {date}","Backup de: {date}"
"pt","arb","backupRestoreButton","retained","Restaurar","Restaurar"
"pt","arb","backupRestoreSkipButton","retained","Começar do zero","Começar do zero"
"pt","arb","backupRestoreInProgress","retained","Restaurando...","Restaurando..."
"pt","arb","backupRestoreFailedToast","retained","Falha ao restaurar. Tente novamente.","Falha ao restaurar. Tente novamente."
"pt","arb","backupRestoreEmptyToast","revised","Este backup não contém uma escala salva. Não há dados para restaurar. Você começará do zero.","Este backup não contém uma escala. Comece configurando seus turnos."
"pt","arb","backupRestoreManualPickLink","revised","Carregar um backup anterior","Escolher arquivo de backup"
"pt","arb","onboardingHasBackupTitle","revised","Já usou este app?","Já usou o ShiftBell?"
"pt","arb","onboardingHasBackupLoadButton","revised","Carregar","Restaurar"
"pt","arb","backupRestoreManualPickHint","retained","Continue de onde parou com o arquivo de backup em Download/ShiftBell.","Continue de onde parou com o arquivo de backup em Download/ShiftBell."
"pt","arb","backupRestoreManualPickInvalidToast","retained","Esse arquivo não parece ser um backup válido. Escolha um arquivo cujo nome comece com ShiftBell_Backup_.","Esse arquivo não parece ser um backup válido. Escolha um arquivo cujo nome comece com ShiftBell_Backup_."
"pt","arb","backupRestoreInvalidToast","revised","O arquivo de backup não passou na verificação de conteúdo. Nada foi restaurado e seus dados atuais não foram alterados.","Não foi possível validar este backup. Nada foi restaurado e seus dados atuais continuam iguais."
"pt","arb","backupRestoreIncompleteToast","retained","A restauração não foi concluída. Os alarmes foram reagendados com seus dados atuais. Abra o app novamente para concluir.","A restauração não foi concluída. Os alarmes foram reagendados com seus dados atuais. Abra o app novamente para concluir."
"pt","arb","settingsRestoreFromBackupEmptyToast","retained","Este backup não contém uma escala e não foi carregado. Seus dados atuais não foram alterados.","Este backup não contém uma escala e não foi carregado. Seus dados atuais não foram alterados."
"pt","arb","restoreInterruptedTitle","revised","A restauração do backup não foi concluída","Restauração interrompida"
"pt","arb","restoreInterruptedDesc","revised","Uma restauração iniciada antes foi interrompida. Se continuar, os dados serão substituídos pelos do backup, incluindo as alterações feitas após a interrupção. Você também pode manter os dados atuais. Em ambos os casos, os alarmes serão reagendados com os dados escolhidos.","Uma restauração anterior não foi concluída. Se continuar, o backup substituirá os dados atuais, inclusive as alterações feitas desde a interrupção.

Você pode continuar a restauração ou manter os dados atuais. Os alarmes serão agendados com os dados que escolher."
"pt","arb","restoreInterruptedResumeButton","retained","Continuar restauração","Continuar restauração"
"pt","arb","restoreInterruptedKeepButton","retained","Manter dados atuais","Manter dados atuais"
"pt","arb","restoreInterruptedCopyLost","retained","O arquivo de backup não está mais disponível e a restauração não pode continuar. Os alarmes serão reagendados com seus dados atuais.","O arquivo de backup não está mais disponível e a restauração não pode continuar. Os alarmes serão reagendados com seus dados atuais."
"pt","arb","restoreInterruptedInProgress","retained","Processando...","Processando..."
"pt","arb","settingsRestoreFromBackupTitle","revised","Carregar backup","Restaurar backup"
"pt","arb","settingsRestoreFromBackupDesc","retained","Substituir os dados atuais por um backup","Substituir os dados atuais por um backup"
"pt","arb","settingsRestoreFromBackupWarningTitle","revised","Carregar backup","Restaurar backup"
"pt","arb","settingsRestoreFromBackupWarningBody","retained","Os dados atuais do app, incluindo turnos, alarmes, notas e horas extras, serão substituídos pelo backup escolhido. Isso não pode ser desfeito.

Escolha um arquivo em Download → ShiftBell.

Os nomes começam com ShiftBell_Backup_manual_ ou ShiftBell_Backup_auto_ e terminam com data e hora, por exemplo: ShiftBell_Backup_auto_260917_060412.json. Escolha o arquivo mais recente ou a versão que deseja restaurar. Você poderá conferir quando ele foi salvo antes de continuar.","Os dados atuais do app, incluindo turnos, alarmes, notas e horas extras, serão substituídos pelo backup escolhido. Isso não pode ser desfeito.

Escolha um arquivo em Download → ShiftBell.

Os nomes começam com ShiftBell_Backup_manual_ ou ShiftBell_Backup_auto_ e terminam com data e hora, por exemplo: ShiftBell_Backup_auto_260917_060412.json. Escolha o arquivo mais recente ou a versão que deseja restaurar. Você poderá conferir quando ele foi salvo antes de continuar."
"pt","arb","settingsRestoreFromBackupPickButton","retained","Escolher arquivo","Escolher arquivo"
"pt","arb","settingsRestoreFromBackupConfirmTitle","retained","Restaurar este backup?","Restaurar este backup?"
"pt","arb","settingsRestoreFromBackupConfirmBody","retained","Este backup foi salvo em {date}. A restauração substituirá os dados atuais do app pelo conteúdo deste backup.","Este backup foi salvo em {date}. A restauração substituirá os dados atuais do app pelo conteúdo deste backup."
"pt","arb","settingsRestoreFromBackupConfirmButton","retained","Restaurar","Restaurar"
"pt","arb","settingsRestoreFromBackupInProgress","retained","Restaurando...","Restaurando..."
"pt","arb","settingsRestoreFromBackupSuccessToast","retained","Dados restaurados! Reiniciando o app.","Dados restaurados! Reiniciando o app."
"pt","arb","restoreWaitingAlarmEnd","retained","Um alarme está tocando. O app será reiniciado quando ele terminar.","Um alarme está tocando. O app será reiniciado quando ele terminar."
"pt","arb","restoreDoNotLeave","retained","Não feche o app nem saia desta tela até a restauração terminar.","Não feche o app nem saia desta tela até a restauração terminar."
"pt","arb","settingsRestoreFromBackupFailedToast","retained","Falha ao restaurar. Tente novamente.","Falha ao restaurar. Tente novamente."
"pt","arb","settingsHelp","retained","Ajuda","Ajuda"
"pt","arb","settingsHelpDesc","revised","Como usar este app","Como usar o ShiftBell"
"pt","arb","settingsPrivacyPolicy","retained","Política de privacidade","Política de privacidade"
"pt","arb","settingsAdPrivacy","retained","Privacidade dos anúncios","Privacidade dos anúncios"
"pt","arb","settingsActionCannotBeUndone","retained","Esta ação não pode ser desfeita.","Esta ação não pode ser desfeita."
"pt","arb","settingsMustRecreateAlarms","retained","Você precisará criar os alarmes novamente para usá-los.","Você precisará criar os alarmes novamente para usá-los."
"pt","arb","settingsAlarmSoundSettings","revised","Configurar som do alarme","Som e vibração"
"pt","arb","settingsAlarmSoundManageDesc","revised","Escolha som com vibração, só vibração ou silencioso","Escolha som com vibração, só vibração ou modo silencioso"
"pt","arb","settingsIncludesVibration","retained","Inclui vibração","Inclui vibração"
"pt","arb","settingsAllAlarmsWillBeDeleted","retained","Todos os alarmes agendados serão excluídos.","Todos os alarmes agendados serão excluídos."
"pt","arb","settingsAllAlarmsDeletedToast","retained","Todos os alarmes foram excluídos permanentemente","Todos os alarmes foram excluídos permanentemente"
"pt","arb","statusDeleteFailed","retained","Falha ao excluir","Falha ao excluir"
"pt","arb","settingsScheduleChanging","retained","Alterando escala...","Alterando escala..."
"pt","arb","settingsScheduleChangeFailedWithError","retained","Não foi possível alterar a escala: {error}","Não foi possível alterar a escala: {error}"
"pt","arb","settingsAllTeamsRegularOnly","retained","Escalas de equipes exigem um ciclo de turnos fixo.","Escalas de equipes exigem um ciclo de turnos fixo."
"pt","arb","settingsEditShiftNameTitle","retained","Editar nome do turno","Editar nome do turno"
"pt","arb","settingsEditFixedAlarmTitle","retained","Editar alarmes de turno","Editar alarmes de turno"
"pt","arb","settingsEditShiftColorTitle","retained","Alterar cor do turno","Alterar cor do turno"
"pt","arb","settingsEditShiftColorDesc","retained","Altere a cor de cada turno","Altere a cor de cada turno"
"pt","arb","settingsShiftFixedAlarmTitle","retained","Alarmes de {shift}","Alarmes de {shift}"
"pt","arb","settingsFixedAlarmRegisterLimit","retained","Até {max} alarmes por turno","Até {max} alarmes por turno"
"pt","arb","settingsColorPickerTitle","retained","Escolher cor de ""{shift}""","Escolher cor de ""{shift}"""
"pt","arb","settingsSelectTodayShiftFromPattern","retained","Selecione o turno de hoje no ciclo","Selecione o turno de hoje no ciclo"
"pt","arb","settingsScheduleChangeWarning","retained","Os alarmes de turno dos próximos 10 dias seguirão a nova escala.
Alarmes rápidos e o histórico existente serão mantidos.","Os alarmes de turno dos próximos 10 dias seguirão a nova escala.
Alarmes rápidos e o histórico existente serão mantidos."
"pt","arb","settingsScheduleChangedRedoAllTeamsHint","retained","Se você usa a escala de todas as equipes, configure-a novamente também.","Se você usa a escala de todas as equipes, configure-a novamente também."
"pt","arb","settingsResetScheduleSharingFailed","revised","Sua escala foi redefinida, mas o compartilhamento anterior pode continuar disponível. Quando o app voltar a funcionar normalmente, abra Compartilhar escala → Compartilhar minha escala e toque em Parar de compartilhar.","Sua escala foi redefinida, mas a escala compartilhada antes pode continuar visível. Quando o app voltar a funcionar, acesse Compartilhar escala → Compartilhar minha escala → Parar de compartilhar."
"pt","arb","settingsResetScheduleConfirm","retained","Redefinir sua escala e todos os alarmes?

As escalas de todas as equipes e os históricos de alarmes e de criação também serão excluídos. O compartilhamento da escala será encerrado. Sem internet, isso ocorrerá após a reconexão; até lá, a escala compartilhada anteriormente pode continuar visível.","Redefinir sua escala e todos os alarmes?

As escalas de todas as equipes e os históricos de alarmes e de criação também serão excluídos. O compartilhamento da escala será encerrado. Sem internet, isso ocorrerá após a reconexão; até lá, a escala compartilhada anteriormente pode continuar visível."
"pt","arb","privacyIntro","retained","Os dados de turnos e alarmes são armazenados no seu aparelho. O ShiftBell também usa serviços do Google para estatísticas de uso e publicidade. Esta política explica esses serviços, os arquivos locais e os dados mantidos de recursos usados antes da mudança para esta versão de idioma.","Os dados de turnos e alarmes são armazenados no seu aparelho. O ShiftBell também usa serviços do Google para estatísticas de uso e publicidade. Esta política explica esses serviços, os arquivos locais e os dados mantidos de recursos usados antes da mudança para esta versão de idioma."
"pt","arb","privacyNoCollectionTitle","retained","Dados armazenados no seu aparelho","Dados armazenados no seu aparelho"
"pt","arb","privacyNoCollectionBody","retained","Seus turnos, configurações e histórico de alarmes, notas, horários de trabalho e horas extras ficam no banco de dados local do app. Esses conteúdos não são incluídos nos eventos de análise nem nas solicitações de anúncios.

Agenda, registro de sono e compartilhamento estão disponíveis apenas na versão em coreano. Mudar o idioma não apaga os registros criados anteriormente nesses recursos. Eles podem permanecer no banco de dados e nos backups. A estimativa automática de sono fica desativada fora da versão em coreano.

No Android 10 ou superior, arquivos de diagnóstico são salvos localmente em Download/ShiftBell/log. Eles incluem versões do aparelho e do Android, permissões, configurações de bateria e registros do processamento de alarmes e backups. Conteúdo de notas e compromissos, nomes de turnos e de amigos não são incluídos. O app não envia esses arquivos automaticamente.","Seus turnos, configurações e histórico de alarmes, notas, horários de trabalho e horas extras ficam no banco de dados local do app. Esses conteúdos não são incluídos nos eventos de análise nem nas solicitações de anúncios.

Agenda, registro de sono e compartilhamento estão disponíveis apenas na versão em coreano. Mudar o idioma não apaga os registros criados anteriormente nesses recursos. Eles podem permanecer no banco de dados e nos backups. A estimativa automática de sono fica desativada fora da versão em coreano.

No Android 10 ou superior, arquivos de diagnóstico são salvos localmente em Download/ShiftBell/log. Eles incluem versões do aparelho e do Android, permissões, configurações de bateria e registros do processamento de alarmes e backups. Conteúdo de notas e compromissos, nomes de turnos e de amigos não são incluídos. O app não envia esses arquivos automaticamente."
"pt","arb","privacyAnalyticsTitle","retained","Estatísticas de uso (Google Firebase Analytics)","Estatísticas de uso (Google Firebase Analytics)"
"pt","arb","privacyAnalyticsBody","retained","O Google Firebase Analytics coleta informações de uso e do aparelho, como aberturas do app, telas visitadas, versões do app e do sistema, modelo do aparelho, região aproximada e um identificador de instalação. O ShiftBell também registra o uso de recursos, como desligar ou adiar um alarme, salvar uma nota ou criar um backup.

Esses eventos não incluem nomes de turnos, horários de alarmes, textos de notas nem outros conteúdos da escala. As estatísticas são processadas conforme a política de privacidade do Google.","O Google Firebase Analytics coleta informações de uso e do aparelho, como aberturas do app, telas visitadas, versões do app e do sistema, modelo do aparelho, região aproximada e um identificador de instalação. O ShiftBell também registra o uso de recursos, como desligar ou adiar um alarme, salvar uma nota ou criar um backup.

Esses eventos não incluem nomes de turnos, horários de alarmes, textos de notas nem outros conteúdos da escala. As estatísticas são processadas conforme a política de privacidade do Google."
"pt","arb","privacyFirebaseTitle","retained","Serviços do Google e compartilhamentos anteriores","Serviços do Google e compartilhamentos anteriores"
"pt","arb","privacyFirebaseBody","retained","O compartilhamento está disponível apenas na versão em coreano. Se estava ativo antes da mudança de idioma, o ShiftBell interrompe novos envios e solicita a exclusão da escala compartilhada. Sem internet, a exclusão é tentada novamente quando o app consegue se conectar. Até a confirmação do servidor, um link antigo pode continuar mostrando a escala anterior. Cópias ou capturas de tela de outras pessoas não podem ser recuperadas ou apagadas pelo app.

Os dados compartilhados incluem nome de exibição, ciclo de turnos, data inicial, cores e alterações de turno por data. Não incluem notas, horas extras, configurações de alarmes nem registros de sono. O compartilhamento usa um identificador anônimo do Firebase. Uma reinstalação pode impedir o acesso pelo app aos dados associados ao identificador anterior.

A disponibilidade de atualizações é verificada pelo Google Play. Na versão em coreano, as atualizações de feriados usam um documento público do Firebase, sem enviar conteúdos de turnos ou notas nessa solicitação.","O compartilhamento está disponível apenas na versão em coreano. Se estava ativo antes da mudança de idioma, o ShiftBell interrompe novos envios e solicita a exclusão da escala compartilhada. Sem internet, a exclusão é tentada novamente quando o app consegue se conectar. Até a confirmação do servidor, um link antigo pode continuar mostrando a escala anterior. Cópias ou capturas de tela de outras pessoas não podem ser recuperadas ou apagadas pelo app.

Os dados compartilhados incluem nome de exibição, ciclo de turnos, data inicial, cores e alterações de turno por data. Não incluem notas, horas extras, configurações de alarmes nem registros de sono. O compartilhamento usa um identificador anônimo do Firebase. Uma reinstalação pode impedir o acesso pelo app aos dados associados ao identificador anterior.

A disponibilidade de atualizações é verificada pelo Google Play. Na versão em coreano, as atualizações de feriados usam um documento público do Firebase, sem enviar conteúdos de turnos ou notas nessa solicitação."
"pt","arb","privacyAdsTitle","retained","Publicidade (Google AdMob)","Publicidade (Google AdMob)"
"pt","arb","privacyAdsBody","retained","O ShiftBell exibe anúncios em banner do Google AdMob. O SDK de publicidade pode processar identificadores do aparelho, endereços IP, interações com o app e diagnósticos para fornecer e medir anúncios. O ShiftBell não inclui sua escala, horários de alarmes nem conteúdos de notas nas solicitações de anúncios.

Quando exigido pelo sistema de consentimento do Google, o app solicita suas preferências de publicidade. Quando disponível, use Privacidade dos anúncios nas configurações para revisá-las. A política de privacidade do Google explica como essas informações são tratadas.","O ShiftBell exibe anúncios em banner do Google AdMob. O SDK de publicidade pode processar identificadores do aparelho, endereços IP, interações com o app e diagnósticos para fornecer e medir anúncios. O ShiftBell não inclui sua escala, horários de alarmes nem conteúdos de notas nas solicitações de anúncios.

Quando exigido pelo sistema de consentimento do Google, o app solicita suas preferências de publicidade. Quando disponível, use Privacidade dos anúncios nas configurações para revisá-las. A política de privacidade do Google explica como essas informações são tratadas."
"pt","arb","privacyPermissionsTitle","retained","Permissões solicitadas pelo app","Permissões solicitadas pelo app"
"pt","arb","privacyPermissionsBody","retained","• Notificações: mostrar o estado dos alarmes e lembretes antes de tocarem.
• Exibir sobre outros apps: mostrar a tela de alarme durante o uso de outros apps.
• Alarmes exatos: agendar alarmes para o horário definido.

Você pode revisar essas permissões nas configurações do Android. Negá-las pode limitar as notificações ou impedir que os alarmes funcionem como esperado.","• Notificações: mostrar o estado dos alarmes e lembretes antes de tocarem.
• Exibir sobre outros apps: mostrar a tela de alarme durante o uso de outros apps.
• Alarmes exatos: agendar alarmes para o horário definido.

Você pode revisar essas permissões nas configurações do Android. Negá-las pode limitar as notificações ou impedir que os alarmes funcionem como esperado."
"pt","arb","privacyDataRetentionTitle","retained","Retenção e exclusão de dados","Retenção e exclusão de dados"
"pt","arb","privacyDataRetentionBody","retained","Desinstalar o app remove seu banco de dados local. Arquivos de backup e diagnóstico salvos em Download/ShiftBell podem permanecer. Exclua-os pelo gerenciador de arquivos quando não forem mais necessários.

Os backups não são criptografados. Eles podem conter todos os dados locais, inclusive registros de recursos usados anteriormente em coreano. Mantenha-os privados. O app nunca envia esses arquivos automaticamente. Se você os copiar para a nuvem ou enviar a alguém, o serviço ou destinatário controlará essa cópia.

O app mantém um backup manual e um automático. Um novo arquivo substitui o anterior do mesmo tipo.

Os dados compartilhados anteriormente são tratados conforme a seção Serviços do Google e compartilhamentos anteriores. As políticas do Google se aplicam à retenção dos dados de análise e publicidade.","Desinstalar o app remove seu banco de dados local. Arquivos de backup e diagnóstico salvos em Download/ShiftBell podem permanecer. Exclua-os pelo gerenciador de arquivos quando não forem mais necessários.

Os backups não são criptografados. Eles podem conter todos os dados locais, inclusive registros de recursos usados anteriormente em coreano. Mantenha-os privados. O app nunca envia esses arquivos automaticamente. Se você os copiar para a nuvem ou enviar a alguém, o serviço ou destinatário controlará essa cópia.

O app mantém um backup manual e um automático. Um novo arquivo substitui o anterior do mesmo tipo.

Os dados compartilhados anteriormente são tratados conforme a seção Serviços do Google e compartilhamentos anteriores. As políticas do Google se aplicam à retenção dos dados de análise e publicidade."
"pt","arb","privacyChildrenTitle","retained","Não destinado a crianças","Não destinado a crianças"
"pt","arb","privacyChildrenBody","retained","Este app não é destinado a menores de 14 anos, e não coletamos intencionalmente informações pessoais de crianças.","Este app não é destinado a menores de 14 anos, e não coletamos intencionalmente informações pessoais de crianças."
"pt","arb","privacyContactTitle","retained","Contato","Contato"
"pt","arb","privacyContactBody","retained","Para suporte do app ou dúvidas sobre privacidade:
lowvibe07@gmail.com","Para suporte do app ou dúvidas sobre privacidade:
lowvibe07@gmail.com"
"pt","arb","privacyEffectiveDate","retained","Última atualização: 5 de outubro de 2026.","Última atualização: 5 de outubro de 2026."
"pt","arb","workHoursNoScheduleYet","retained","Configure sua escala primeiro","Configure sua escala primeiro"
"pt","arb","workHoursShiftChangeOtTitle","revised","Contar trocas de turno como horas extras","Contar horas a mais ao alterar turnos"
"pt","arb","workHoursShiftChangeOtDesc","revised","Escolha se uma troca no calendário (por exemplo, Folga → Dia) deve adicionar as horas padrão desse turno às horas extras.
(Os totais mensais e semanais de trabalho são sempre calculados automaticamente.)","Em uma escala com ciclo fixo, conte como extras as horas a mais de um turno alterado. Por exemplo: de 8 para 12 horas, são 4 horas extras; de Folga para um turno de 8 horas, são 8.

Os totais da semana e do mês sempre usam o turno atualizado. Esta opção altera apenas o resumo de horas extras."
"pt","arb","workHoursDefaultDurationDesc","revised","Informe os horários de entrada e saída para calcular automaticamente as horas de trabalho. Os totais mensais e semanais do calendário usam esses valores.","Informe os horários habituais de início e término de cada turno. O ShiftBell usa esses horários para calcular as horas previstas na escala e os totais da semana e do mês."
"pt","arb","workHoursShiftTimeClockIn","revised","Entrada","Início"
"pt","arb","workHoursShiftTimeClockOut","revised","Saída","Término"
"pt","arb","workHoursResetShiftTime","revised","Limpar entrada e saída (voltar para --:--)","Limpar início e término"
"pt","arb","workHoursLegacyClockTimeHint","revised","Suas horas de trabalho anteriores foram mantidas. Informe os horários de entrada e saída.","A duração salva anteriormente continua valendo. Informe o início e o término para atualizá-la."
"pt","arb","workHoursPeriodBasisDesc","revised","Define o período usado para calcular o total de horas de trabalho do mês.","Escolha quais datas entram no total de horas de cada mês."
"pt","arb","workHoursDurationExcluded","retained","0 horas (não conta como tempo de trabalho)","0 horas (não conta como tempo de trabalho)"
"pt","arb","workHoursDurationHoursOnly","retained","{h, plural, =1{1 hora} other{{h} horas}}","{h, plural, =1{1 hora} other{{h} horas}}"
"pt","arb","workHoursDurationHoursMinutes","retained","{h, plural, =1{1 hora} other{{h} horas}} {m, plural, =1{1 minuto} other{{m} minutos}}","{h, plural, =1{1 hora} other{{h} horas}} {m, plural, =1{1 minuto} other{{m} minutos}}"
"pt","arb","workHoursEditDialogTitle","revised","Horas padrão de ""{shift}""","Horas do turno {shift}"
"pt","arb","workHoursUnitHourLabel","retained","horas","horas"
"pt","arb","workHoursUnitMinuteLabel","retained","minutos","minutos"
"pt","arb","workHoursCutoffDayPrefix","retained","Dia","Dia"
"pt","arb","workHoursCutoffDaySuffix","retained","de cada mês","de cada mês"
"pt","arb","friendShareTitle","retained","Compartilhar escala","Compartilhar escala"
"pt","arb","friendShareMyScheduleTitle","retained","Compartilhar minha escala","Compartilhar minha escala"
"pt","arb","friendAdd","retained","Adicionar amigo","Adicionar amigo"
"pt","arb","friendName","retained","Nome do amigo","Nome do amigo"
"pt","arb","friendNameOptionalHint","revised","(Opcional: deixe em branco para usar o nome do código)","Opcional · deixe em branco para usar o nome compartilhado"
"pt","arb","friendShareCodeFromFriend","retained","Código do amigo","Código do amigo"
"pt","arb","friendEnterShareCode","retained","Cole o código enviado pelo seu amigo para ver a escala dele","Cole o código enviado pelo seu amigo para ver a escala dele"
"pt","arb","friendCanCheckAnytime","retained","Você pode consultar a escala do seu amigo a qualquer momento.","Você pode consultar a escala do seu amigo a qualquer momento."
"pt","arb","friendAddedToast","retained","Amigo adicionado","Amigo adicionado"
"pt","arb","friendInvalidCodeOrDuplicate","retained","Código inválido ou amigo já adicionado","Código inválido ou amigo já adicionado"
"pt","arb","friendLoadFailedCheckNetwork","retained","Não foi possível carregar a escala. Verifique sua conexão.","Não foi possível carregar a escala. Verifique sua conexão."
"pt","arb","friendShowingCachedSchedule","retained","Não foi possível obter os dados mais recentes. Exibindo uma escala salva anteriormente.","Não foi possível obter os dados mais recentes. Exibindo uma escala salva anteriormente."
"pt","arb","friendNoneAddedYet","retained","Nenhum amigo adicionado ainda","Nenhum amigo adicionado ainda"
"pt","arb","friendScheduleOf","retained","Escala de {name}","Escala de {name}"
"pt","arb","friendRemove","retained","Remover amigo","Remover amigo"
"pt","arb","friendRemoveConfirm","retained","Remover {name} da sua lista?","Remover {name} da sua lista?"
"pt","arb","friendDisplayNameTitle","retained","Nome de exibição","Nome de exibição"
"pt","arb","friendEnterDisplayName","retained","Digite o nome que seus amigos verão","Digite o nome que seus amigos verão"
"pt","arb","friendShareIncludesSchedule","retained","Sua escala e as alterações de turno são compartilhadas.","Sua escala e as alterações de turno são compartilhadas."
"pt","arb","friendShareExcludesExtras","retained","Notas, horas extras, horários de trabalho e configurações de alarmes não são compartilhados.","Notas, horas extras, horários de trabalho e configurações de alarmes não são compartilhados."
"pt","arb","friendStartSharing","retained","Começar a compartilhar","Começar a compartilhar"
"pt","arb","friendStopSharing","retained","Parar de compartilhar","Parar de compartilhar"
"pt","arb","friendStopSharingConfirm","retained","Se parar de compartilhar, seus amigos não poderão mais ver sua escala. Sem internet, ela será removida do servidor após a reconexão. Dados já baixados pelos amigos não podem ser apagados pelo app. Continuar?","Se parar de compartilhar, seus amigos não poderão mais ver sua escala. Sem internet, ela será removida do servidor após a reconexão. Dados já baixados pelos amigos não podem ser apagados pelo app. Continuar?"
"pt","arb","friendRestartSharingHint","retained","(Para compartilhar novamente, toque em ""Começar a compartilhar"" aqui. Seu código e link voltarão a funcionar.)","(Para compartilhar novamente, toque em ""Começar a compartilhar"" aqui. Seu código e link voltarão a funcionar.)"
"pt","arb","friendMyShareCode","retained","Para amigos com o app (código)","Para amigos com o app (código)"
"pt","arb","friendShareCodeInstructions","retained","Basta seu amigo colar este código em ""Adicionar amigo"" no app para ver sua escala.","Basta seu amigo colar este código em ""Adicionar amigo"" no app para ver sua escala."
"pt","arb","friendShareWithoutApp","retained","Para amigos sem o app (link)","Para amigos sem o app (link)"
"pt","arb","friendShareLinkHint","retained","Ao abrir este link, eles podem ver sua escala sem instalar nada.","Ao abrir este link, eles podem ver sua escala sem instalar nada."
"pt","arb","friendInstallShortcutHint","retained","Toque no ícone de instalação na barra de endereço para adicionar um atalho à tela inicial.","Toque no ícone de instalação na barra de endereço para adicionar um atalho à tela inicial."
"pt","arb","friendDisplayNameUpdated","retained","Nome de exibição atualizado","Nome de exibição atualizado"
"pt","arb","friendDisplayNameUpdateFailed","retained","Não foi possível atualizar o nome. Verifique sua conexão.","Não foi possível atualizar o nome. Verifique sua conexão."
"pt","arb","friendEnterDisplayNameError","retained","Digite o nome que seus amigos verão","Digite o nome que seus amigos verão"
"pt","arb","friendConnectionFailed","retained","Falha na conexão. Verifique sua rede e abra esta tela novamente.","Falha na conexão. Verifique sua rede e abra esta tela novamente."
"pt","arb","friendCouldNotLoad","retained","Não foi possível carregar","Não foi possível carregar"
"pt","arb","friendLinkMissingCode","retained","O link não contém um código de compartilhamento.","O link não contém um código de compartilhamento."
"pt","arb","friendLoadFailedDetailed","retained","Não foi possível carregar a escala. O link pode estar desatualizado, o compartilhamento pode ter sido encerrado ou pode haver um problema de conexão.","Não foi possível carregar a escala. O link pode estar desatualizado, o compartilhamento pode ter sido encerrado ou pode haver um problema de conexão."
"pt","arb","friendUnknownError","retained","Ocorreu um erro desconhecido.","Ocorreu um erro desconhecido."
"pt","arb","friendInstallForHomeScreen","retained","Toque no botão de instalação na barra de endereço para acessar direto da tela inicial.","Toque no botão de instalação na barra de endereço para acessar direto da tela inicial."
"pt","arb","friendOpenInBrowserHint","retained","Abra no Chrome ou em outro navegador para instalar. No menu do canto superior direito, escolha ""Abrir no navegador"".","Abra no Chrome ou em outro navegador para instalar. No menu do canto superior direito, escolha ""Abrir no navegador""."
"pt","arb","friendQuickInstallHint","retained","Adicione à tela inicial para abrir mais rápido na próxima vez","Adicione à tela inicial para abrir mais rápido na próxima vez"
"pt","arb","friendQuickInstallButton","retained","Adicionar atalho","Adicionar atalho"
"pt","arb","friendWebAppTagline","retained","Registre turnos e crie alarmes automaticamente","Registre turnos e crie alarmes automaticamente"
"pt","arb","friendInstallApp","retained","Instalar app","Instalar app"
"pt","arb","friendDefaultDisplayName","retained","Amigo","Amigo"
"pt","arb","friendLastSyncedAt","retained","Última sincronização: {date}","Última sincronização: {date}"
"pt","arb","friendServerNotReady","retained","Ainda não há conexão com o servidor de compartilhamento. Tente novamente em instantes.","Ainda não há conexão com o servidor de compartilhamento. Tente novamente em instantes."
"pt","arb","friendScheduleNotSet","retained","Sua escala ainda não foi configurada","Sua escala ainda não foi configurada"
"pt","arb","friendStartSharingFailed","retained","Não foi possível começar a compartilhar. Verifique sua conexão e tente novamente.","Não foi possível começar a compartilhar. Verifique sua conexão e tente novamente."
"pt","arb","friendSyncPendingBanner","revised","Sua escala compartilhada ainda está sendo atualizada. Ela será enviada novamente quando houver conexão.","Sua escala atualizada ainda não foi compartilhada. O ShiftBell tentará novamente quando houver conexão."
"pt","arb","friendStopPendingBanner","revised","A solicitação para parar de compartilhar ainda está sendo enviada. Até a confirmação, seus amigos podem continuar vendo a escala anterior.","O fim do compartilhamento ainda não foi confirmado. A escala compartilhada antes pode continuar visível."
"pt","arb","friendRetrySync","revised","Enviar novamente agora","Tentar novamente"
"pt","arb","friendSyncPendingToast","retained","O servidor ainda não confirmou. O envio será repetido automaticamente quando houver conexão.","O servidor ainda não confirmou. O envio será repetido automaticamente quando houver conexão."
"pt","arb","friendStopSharingAction","retained","Parar","Parar"
"pt","arb","friendCodeCopied","retained","Código copiado","Código copiado"
"pt","arb","friendLinkCopied","retained","Link copiado","Link copiado"
"pt","arb","friendShareMessage","revised","A escala de {name} foi compartilhada! 🗓️

▶ Ver sem o app: {link}

▶ Se você usa o ShiftBell, cole este código em ""Adicionar amigo"".

{code}","Veja a escala de {name} 🗓️

Abra o link: {link}

Ou cole este código em Adicionar amigo no ShiftBell:

{code}"
"pt","arb","friendNameHintExample","retained","Digite o nome do amigo","Digite o nome do amigo"
"pt","arb","friendShareChannelsExplainer","retained","Envie um link para amigos sem o app ou um código para quem já tem o app.","Envie um link para amigos sem o app ou um código para quem já tem o app."
"pt","arb","permissionGetStarted","retained","Comece a usar o ShiftBell","Comece a usar o ShiftBell"
"pt","arb","permissionIntro","revised","Conceda estas permissões para que seus alarmes funcionem de forma confiável.","Permita que o ShiftBell toque os alarmes no horário certo e mostre os controles na tela."
"pt","arb","permissionNotification","retained","Notificações","Notificações"
"pt","arb","permissionNotificationDesc","retained","Mostrar notificações e lembretes de alarmes","Mostrar notificações e lembretes de alarmes"
"pt","arb","permissionOverlay","retained","Exibir sobre outros apps","Exibir sobre outros apps"
"pt","arb","permissionOverlayDesc","retained","Mostrar a tela de alarme enquanto você usa outros apps","Mostrar a tela de alarme enquanto você usa outros apps"
"pt","arb","permissionExactAlarm","retained","Alarmes exatos","Alarmes exatos"
"pt","arb","permissionExactAlarmDesc","retained","Necessário para o alarme tocar no horário exato definido","Necessário para o alarme tocar no horário exato definido"
"pt","arb","permissionAllow","retained","Conceder permissões","Conceder permissões"
"pt","arb","permissionRequired","retained","Necessária","Necessária"
"pt","arb","permissionRecommended","retained","Recomendada","Recomendada"
"pt","arb","permissionSomeDenied","retained","Algumas permissões foram negadas","Algumas permissões foram negadas"
"pt","arb","permissionSomeDeniedDesc","revised","Você pode continuar usando o app, mas os alarmes podem não tocar no horário exato.","Você pode continuar usando o app, mas alguns recursos dos alarmes dependem dessas permissões."
"pt","arb","permissionCanAllowLater","retained","Você pode conceder as permissões nas configurações a qualquer momento.","Você pode conceder as permissões nas configurações a qualquer momento."
"pt","arb","permissionRequiredNotGranted","retained","Permissões necessárias não concedidas","Permissões necessárias não concedidas"
"pt","arb","statusDataLoadFailed","retained","Não foi possível carregar os dados","Não foi possível carregar os dados"
"pt","arb","statusNoSchedule","retained","Nenhuma escala encontrada","Nenhuma escala encontrada"
"pt","arb","statusErrorOccurred","retained","Ocorreu um erro","Ocorreu um erro"
"pt","arb","statusShiftAssigned","retained","Turno definido","Turno definido"
"pt","arb","statusShiftAssignFailed","retained","Não foi possível definir o turno","Não foi possível definir o turno"
"pt","arb","statusShiftChangeFailed","retained","Não foi possível alterar o turno","Não foi possível alterar o turno"
"pt","arb","alarmSchedulePartialFailed","retained","Turno salvo, mas {failed} de {total} alarmes não puderam ser agendados. Verifique a permissão de alarmes exatos e salve o turno novamente.","Turno salvo, mas {failed} de {total} alarmes não puderam ser agendados. Verifique a permissão de alarmes exatos e salve o turno novamente."
"pt","arb","scheduleNotifyRegisterFailed","retained","Compromisso salvo, mas o lembrete não pôde ser agendado. Verifique a permissão de alarmes exatos e salve o compromisso novamente.","Compromisso salvo, mas o lembrete não pôde ser agendado. Verifique a permissão de alarmes exatos e salve o compromisso novamente."
"pt","arb","scheduleTabSyncFailed","retained","Não foi possível alterar a configuração da tela. Tente novamente em instantes.","Não foi possível alterar a configuração da tela. Tente novamente em instantes."
"pt","arb","permissionStatusUnknown","retained","{name} (estado desconhecido)","{name} (estado desconhecido)"
"pt","arb","statusShiftNameUpdated","retained","Nome do turno atualizado","Nome do turno atualizado"
"pt","arb","statusShiftColorUpdated","retained","Cor do turno atualizada","Cor do turno atualizada"
"pt","arb","statusColorAlreadyUsed","retained","Esta cor já é usada por outro turno","Esta cor já é usada por outro turno"
"pt","arb","statusScheduleUpdated","retained","Escala atualizada","Escala atualizada"
"pt","arb","statusEnterMemoContent","retained","Digite o conteúdo da nota","Digite o conteúdo da nota"
"pt","arb","statusMemoLimit","retained","Você pode registrar até {max} notas","Você pode registrar até {max} notas"
"pt","arb","statusOneCharOnly","retained","Apenas um caractere permitido.","Apenas um caractere permitido."
"pt","arb","statusFullTeamScheduleTitle","retained","Configurar escalas de equipes","Configurar escalas de equipes"
"pt","arb","statusPatternDayCycle","retained","Ciclo de turnos ({days} dias)","Ciclo de turnos ({days} dias)"
"pt","arb","allTeamsSetupRosterLabel","retained","Nomes das equipes","Nomes das equipes"
"pt","arb","allTeamsSetupRosterHint","retained","Defina todas as equipes desta escala. Toque em Editar para adicionar, remover ou renomear equipes.","Defina todas as equipes desta escala. Toque em Editar para adicionar, remover ou renomear equipes."
"pt","arb","allTeamsSetupMyTeamLabel","retained","Minha equipe","Minha equipe"
"pt","arb","allTeamsSetupMyTeamPickHint","retained","Escolha qual é a sua equipe.","Escolha qual é a sua equipe."
"pt","arb","allTeamsSetupOtherTeamsLabel","retained","Outras equipes","Outras equipes"
"pt","arb","allTeamsSetupOtherTeamsHint","retained","Selecione todas as outras equipes usadas nesta escala.","Selecione todas as outras equipes usadas nesta escala."
"pt","arb","allTeamsSetupPickMyTeamFirstHint","retained","Escolha sua equipe primeiro.","Escolha sua equipe primeiro."
"pt","arb","allTeamsSetupAssignSectionLabel","retained","Definir turnos","Definir turnos"
"pt","arb","allTeamsSetupAssignHint","revised","Toque em uma equipe e depois na posição do turno de hoje para defini-la.","Escolha uma equipe e marque a posição dela no ciclo de hoje."
"pt","arb","allTeamsSetupDuplicateNameError","retained","Este nome de equipe já está em uso.","Este nome de equipe já está em uso."
"pt","arb","allTeamsSetupMinOtherTeamHint","retained","Selecione pelo menos mais uma equipe.","Selecione pelo menos mais uma equipe."
"pt","arb","allTeamsSetupEditTooltip","retained","Editar escalas de equipes","Editar escalas de equipes"
"pt","arb","alarmHistoryEmpty","retained","Nenhum histórico de alarmes","Nenhum histórico de alarmes"
"pt","arb","alarmHistoryDeleteAllTitle","retained","Excluir todo o histórico","Excluir todo o histórico"
"pt","arb","alarmHistoryTestOnlyWarning","revised","⚠️ Todos os registros desta tela serão excluídos","⚠️ Todos os registros desta tela serão excluídos permanentemente."
"pt","arb","alarmHistoryDeleteAllDesc","retained","Todo o histórico de alarmes será excluído.","Todo o histórico de alarmes será excluído."
"pt","arb","alarmHistoryDeletedToast","retained","Todo o histórico de alarmes foi excluído","Todo o histórico de alarmes foi excluído"
"pt","arb","alarmHistoryDeleteFailed","retained","Não foi possível excluir o histórico: {error}","Não foi possível excluir o histórico: {error}"
"pt","arb","themeMainWhite","retained","Clássico claro","Clássico claro"
"pt","arb","themeMainDark","retained","Clássico escuro","Clássico escuro"
"pt","arb","themeMinimal","retained","Linhas simples","Linhas simples"
"pt","arb","themeMaterialCard","retained","Cartões suaves","Cartões suaves"
"pt","arb","themeBoldGrid","retained","Grade escura","Grade escura"
"pt","arb","themeInitialBadge","retained","Marcadores coloridos","Marcadores coloridos"
"pt","arb","themeUnderline","retained","Sublinhado simples","Sublinhado simples"
"pt","arb","themeEventChip","retained","Calendário de eventos","Calendário de eventos"
"pt","arb","themeEditorial","retained","Revista","Revista"
"pt","arb","themeDiary","retained","Diário","Diário"
"pt","arb","themeSwipeToChoose","retained","Deslize para os lados para escolher","Deslize para os lados para escolher"
"pt","arb","themeCurrentlyApplied","retained","Tema atual","Tema atual"
"pt","arb","themeApplyThis","retained","Aplicar tema","Aplicar tema"
"pt","arb","soundDefault","retained","Som padrão do alarme","Som padrão do alarme"
"pt","arb","soundBellN","retained","Som de alarme {n}","Som de alarme {n}"
"pt","arb","soundFileNotFound","retained","Arquivo de som do alarme não encontrado","Arquivo de som do alarme não encontrado"
"pt","arb","splashTitle","retained","ShiftBell","ShiftBell"
"pt","arb","splashTagline","retained","Seus turnos e alarmes em sintonia","Seus turnos e alarmes em sintonia"
"pt","arb","updateNewVersionAvailable","retained","Nova versão disponível!","Nova versão disponível!"
"pt","arb","updateRecommendMessage","revised","Recomendamos atualizar
para a versão mais recente.","Atualize o ShiftBell para a versão mais recente."
"pt","arb","updateDataPreservedHint","revised","(Seus dados salvos serão mantidos)","Seus dados salvos serão mantidos."
"pt","arb","updateReleaseNoteTitle","retained","Novidades do ShiftBell","Novidades do ShiftBell"
"pt","arb","updateReleaseNoteBody","retained","Esta atualização melhora os calendários de turnos, alarmes e backups locais.

Obrigado por usar o ShiftBell.","Esta atualização melhora os calendários de turnos, alarmes e backups locais.

Obrigado por usar o ShiftBell."
"pt","arb","allTeamsNotConfigured","retained","As escalas das equipes ainda não foram configuradas","As escalas das equipes ainda não foram configuradas"
"pt","arb","allTeamsCreateButton","retained","Configurar equipes","Configurar equipes"
"pt","arb","allTeamsThisMonthButton","retained","Este mês","Este mês"
"pt","arb","statusErrorWithDetail","retained","Ocorreu um erro: {error}","Ocorreu um erro: {error}"
"pt","arb","themeLabMockDayShiftLong","retained","Turno diurno","Turno diurno"
"pt","arb","themeLabPreviewFixedMonthNotice","retained","Esta prévia mostra sempre agosto de 2026","Esta prévia mostra sempre agosto de 2026"
"pt","arb","themeLabPreviewSheetTitle","retained","{date} ({weekday})","{date} ({weekday})"
"pt","arb","themeLabPreviewShiftLabel","retained","Turno: {shift}","Turno: {shift}"
"pt","arb","themeLabPreviewMemoCount","retained","{count, plural, =1{1 nota} other{{count} notas}}: {memos}","{count, plural, =1{1 nota} other{{count} notas}}: {memos}"
"pt","arb","themeLabPreviewSheetHint","retained","No app, você pode ver e editar notas e horas extras aqui.","No app, você pode ver e editar notas e horas extras aqui."
"pt","arb","themeLabOtDetailNotice","retained","No app, tocar aqui abre a lista detalhada de horas extras","No app, tocar aqui abre a lista detalhada de horas extras"
"pt","arb","dismissAlarmConfirmed","retained","Desligado","Desligado"
"pt","arb","dismissSnoozed5Min","retained","Adiado por 5 minutos","Adiado por 5 minutos"
"pt","arb","dismissNoResponse","revised","Sem resposta","Não atendido"
"pt","arb","dismissAlarmRemoved","retained","Alarme removido","Alarme removido"
"pt","arb","scheduleDuplicateTimeSlot","retained","Já existe um compromisso neste horário. Adicione sua nota a ele.","Já existe um compromisso neste horário. Adicione sua nota a ele."
"pt","arb","scheduleMaxPerSlot","retained","Você pode criar até {count} compromissos neste horário","Você pode criar até {count} compromissos neste horário"
"pt","arb","scheduleDeleteConfirmTitle","retained","Excluir este compromisso?","Excluir este compromisso?"
"pt","arb","scheduleDeleteConfirmBody","retained","Compromissos excluídos não podem ser recuperados.","Compromissos excluídos não podem ser recuperados."
"pt","arb","scheduleEditTitle","retained","Editar compromisso","Editar compromisso"
"pt","arb","scheduleNewTitle","retained","Novo compromisso","Novo compromisso"
"pt","arb","scheduleContentFieldLabel","revised","Conteúdo","Detalhes"
"pt","arb","scheduleTimeSectionLabel","retained","Horário","Horário"
"pt","arb","scheduleNotifySectionLabel","retained","Notificação","Notificação"
"pt","arb","scheduleNotifyToggleLabel","revised","Receber aviso deste compromisso","Lembrar deste compromisso"
"pt","arb","scheduleNotifyDescription","retained","Você receberá uma notificação que segue a configuração de som, vibração ou silêncio do aparelho.","Você receberá uma notificação que segue a configuração de som, vibração ou silêncio do aparelho."
"pt","arb","scheduleNotifyOffsetQuestion","revised","Quantos minutos antes?","Quando lembrar?"
"pt","arb","scheduleNotifyOffsetOnTime","revised","Na hora","No início"
"pt","arb","scheduleNotifyOffsetBefore","retained","{minutes} min antes","{minutes} min antes"
"pt","arb","scheduleNotifyPastTimeWarning","revised","Esse horário já passou, então a notificação não será enviada. Altere o horário.","O horário do lembrete já passou. Escolha um horário futuro para receber a notificação."
"pt","arb","scheduleCreateButton","retained","Criar","Criar"
"pt","arb","helpSearchHint","retained","Buscar na ajuda","Buscar na ajuda"
"pt","arb","helpEmptySearchResult","retained","Nenhum resultado encontrado","Nenhum resultado encontrado"
"pt","arb","helpStartSectionTitle","retained","Primeiros passos","Primeiros passos"
"pt","arb","helpStartOnboardingTitle","revised","As telas da primeira abertura","Configuração inicial"
"pt","arb","helpStartOnboardingBody","revised","Permita notificações, alarmes exatos e exibição sobre outros apps para que o ShiftBell possa alertar você de forma confiável. Depois, escolha se seus turnos seguem um ciclo, adicione os nomes e defina os alarmes necessários. Você pode pular os alarmes e adicioná-los depois nas configurações.

Remova nomes que não usa com × e adicione os que faltam com + Adicionar. Se já usou o ShiftBell, escolha Carregar backup para restaurar um arquivo.","Permita notificações, alarmes exatos e exibição sobre outros apps para que o ShiftBell possa alertar você de forma confiável. Depois, escolha se seus turnos seguem um ciclo, adicione os nomes e defina os alarmes necessários. Você pode pular os alarmes e adicioná-los depois nas configurações.

Remova nomes que não usa com × e adicione os que faltam com + Adicionar. Se já usou o ShiftBell, escolha Restaurar backup para restaurar um arquivo."
"pt","arb","helpStartScheduleTypesTitle","retained","Escalas com ou sem ciclo fixo","Escalas com ou sem ciclo fixo"
"pt","arb","helpStartScheduleTypesBody","retained","Uma escala fixa segue um ciclo, como Dia, Dia, Noite, Noite, Folga, Folga. Monte o ciclo e selecione a posição de hoje. O ShiftBell preenche as próximas datas automaticamente.

Em uma escala sem ciclo fixo, defina os turnos por data. Mantenha uma data pressionada, selecione outras datas se quiser e escolha um turno.","Uma escala fixa segue um ciclo, como Dia, Dia, Noite, Noite, Folga, Folga. Monte o ciclo e selecione a posição de hoje. O ShiftBell preenche as próximas datas automaticamente.

Em uma escala sem ciclo fixo, defina os turnos por data. Mantenha uma data pressionada, selecione outras datas se quiser e escolha um turno."
"pt","arb","helpShiftSectionTitle","retained","Gerenciar turnos","Gerenciar turnos"
"pt","arb","helpShiftIrregularAssignTitle","retained","Definir turnos sem ciclo fixo","Definir turnos sem ciclo fixo"
"pt","arb","helpShiftIrregularAssignBody","retained","Se sua escala não tem um ciclo fixo, mantenha uma data pressionada no calendário e escolha o turno desse dia ou de vários dias ao mesmo tempo. A escolha vale apenas para as datas selecionadas, sem se repetir automaticamente.

Ao definir os turnos com alguns dias de antecedência, os alarmes correspondentes são preparados automaticamente.","Se sua escala não tem um ciclo fixo, mantenha uma data pressionada no calendário e escolha o turno desse dia ou de vários dias ao mesmo tempo. A escolha vale apenas para as datas selecionadas, sem se repetir automaticamente.

Ao definir os turnos com alguns dias de antecedência, os alarmes correspondentes são preparados automaticamente."
"pt","arb","helpShiftChangeShiftTitle","retained","Alterar o turno de uma data","Alterar o turno de uma data"
"pt","arb","helpShiftChangeShiftBody","retained","Com ou sem ciclo fixo, você pode alterar uma data específica. Mantenha-a pressionada no calendário e escolha outro turno. Os alarmes desse dia serão recalculados automaticamente para o novo turno.","Com ou sem ciclo fixo, você pode alterar uma data específica. Mantenha-a pressionada no calendário e escolha outro turno. Os alarmes desse dia serão recalculados automaticamente para o novo turno."
"pt","arb","helpShiftShiftColorsTitle","retained","Personalizar cores dos turnos","Personalizar cores dos turnos"
"pt","arb","helpShiftShiftColorsBody","retained","Cada tema tem cores padrão para os turnos, mas você pode alterar a cor de um nome de turno. Selecione o nome nas configurações de turnos e escolha uma cor. Sua escolha terá prioridade sobre a cor padrão do tema.","Cada tema tem cores padrão para os turnos, mas você pode alterar a cor de um nome de turno. Selecione o nome nas configurações de turnos e escolha uma cor. Sua escolha terá prioridade sobre a cor padrão do tema."
"pt","arb","helpShiftAllShiftsTitle","retained","Ver outras equipes do seu ciclo","Ver outras equipes do seu ciclo"
"pt","arb","helpShiftAllShiftsBody","revised","Toque em Todas as equipes no calendário para comparar as equipes do seu ciclo. Defina os nomes, escolha sua equipe e coloque cada uma na posição atual do ciclo.

Essa visualização é calculada localmente a partir do seu ciclo. Ela não se conecta a contas de colegas nem baixa as escalas deles.","Toque em Equipes no calendário para comparar as escalas. Adicione os nomes e escolha sua equipe. Você pode usar o mesmo ciclo com uma posição inicial diferente para cada equipe, ou definir um ciclo ou uma escala semanal para cada uma.

As escalas são calculadas no seu aparelho. O app não se conecta às contas dos colegas nem baixa as escalas deles."
"pt","arb","helpShiftTeamChangeTitle","retained","Quando você muda de equipe","Quando você muda de equipe"
"pt","arb","helpShiftTeamChangeBody","revised","Abra Configurações → Editar → Alterar escala e defina o turno de hoje. Seus nomes de turno e alarmes serão mantidos.","Se você já configurou as equipes, acesse Equipes → Editar → Mudar minha equipe e escolha a nova equipe. Os alarmes de turno passarão a seguir a escala dela. As alterações manuais em datas específicas serão apagadas, mas as escalas das equipes serão mantidas.

Para mudar sua posição no ciclo, acesse Configurações → Editar → Alterar escala. Leia a confirmação antes de salvar."
"pt","arb","helpAlarmSectionTitle","retained","Alarmes","Alarmes"
"pt","arb","helpAlarmTemplatesTitle","retained","Definir alarmes para um turno","Definir alarmes para um turno"
"pt","arb","helpAlarmTemplatesBody","retained","Adicione até cinco alarmes por turno nas configurações. Cada alarme tem seu próprio horário e som e pode tocar no dia do turno, no dia anterior ou no seguinte.

O ShiftBell prepara os próximos alarmes automaticamente. Se sua escala não tem ciclo fixo, defina os turnos com antecedência para que os alarmes sejam agendados.

As listas de alarmes usam o formato de 24 horas. O editor segue o formato de 12 ou 24 horas do aparelho. No formato de 12 horas, 12 AM é meia-noite e 12 PM é meio-dia.

Os alarmes de turno seguem o fuso horário atual do aparelho. Se uma mudança de horário pular um horário, o alarme será adiado pela diferença: por exemplo, de 02:30 para 03:30 em um avanço de uma hora. Se um horário ocorrer duas vezes, o alarme tocará uma vez na segunda ocorrência. Alarmes que resultem no mesmo instante serão combinados.","Adicione até cinco alarmes por turno nas configurações. Cada alarme tem seu próprio horário e som e pode tocar no dia do turno, no dia anterior ou no seguinte.

O ShiftBell prepara os próximos alarmes automaticamente. Se sua escala não tem ciclo fixo, defina os turnos com antecedência para que os alarmes sejam agendados.

As listas de alarmes usam o formato de 24 horas. O editor segue o formato de 12 ou 24 horas do aparelho. No formato de 12 horas, 12 AM é meia-noite e 12 PM é meio-dia.

Os alarmes de turno seguem o fuso horário atual do aparelho. Se uma mudança de horário pular um horário, o alarme será adiado pela diferença: por exemplo, de 02:30 para 03:30 em um avanço de uma hora. Se um horário ocorrer duas vezes, o alarme tocará uma vez na segunda ocorrência. Alarmes que resultem no mesmo instante serão combinados."
"pt","arb","helpAlarmSoundVolumeTitle","retained","Sons e volume dos alarmes","Sons e volume dos alarmes"
"pt","arb","helpAlarmSoundVolumeBody","retained","Escolha entre 7 sons integrados ou o som de alarme do sistema. Como os alto-falantes variam entre aparelhos, o app ajusta o volume automaticamente. Se ainda não estiver adequado, experimente outro som nas configurações do alarme.","Escolha entre 7 sons integrados ou o som de alarme do sistema. Como os alto-falantes variam entre aparelhos, o app ajusta o volume automaticamente. Se ainda não estiver adequado, experimente outro som nas configurações do alarme."
"pt","arb","helpAlarmAlarmNotRingingTitle","retained","Se um alarme não tocar","Se um alarme não tocar"
"pt","arb","helpAlarmAlarmNotRingingBody","revised","A causa mais comum são as permissões. Verifique se alarmes exatos, notificações e exibição sobre outros apps estão permitidos e se o app está excluído da otimização de bateria.

Depois, confira a escala e os alarmes. A data precisa ter um turno definido, e esse turno precisa ter um alarme configurado. Definir um turno sem criar um alarme para ele não fará nenhum alarme tocar.","Confira se a permissão de alarmes exatos está ativada para o ShiftBell. Verifique também as permissões de notificações e de exibição sobre outros apps, que permitem ver e controlar os alarmes. Confira as restrições de bateria do aparelho.

A data precisa ter um turno definido, e esse turno precisa ter um alarme. Verifique também o som, o volume e a vibração."
"pt","arb","helpAlarmAlarmHistoryTitle","retained","Ver o histórico de alarmes","Ver o histórico de alarmes"
"pt","arb","helpAlarmAlarmHistoryBody","retained","Em Configurações → Histórico de alarmes, você pode ver os alarmes e seus resultados.

Adiar faz o alarme tocar cinco minutos após o toque no botão, mesmo durante mudanças de horário. Quando uma hora se repete ao atrasar o relógio, ""Primeira ocorrência"" e ""Segunda ocorrência"" distinguem os dois horários nos próximos alarmes e no histórico.","Em Configurações → Histórico de alarmes, você pode ver os alarmes e seus resultados.

Adiar faz o alarme tocar cinco minutos após o toque no botão, mesmo durante mudanças de horário. Quando uma hora se repete ao atrasar o relógio, ""Primeira ocorrência"" e ""Segunda ocorrência"" distinguem os dois horários nos próximos alarmes e no histórico."
"pt","arb","helpCalendarSectionTitle","retained","Calendário e widget","Calendário e widget"
"pt","arb","helpCalendarThemesTitle","retained","Alterar o tema do calendário","Alterar o tema do calendário"
"pt","arb","helpCalendarThemesBody","retained","Em Configurações → Tema do calendário, escolha entre seis temas: Clássico claro, Clássico escuro, Linhas simples, Cartões suaves, Diário e Grade escura.

Os temas se aplicam ao calendário dentro do app. O widget da tela inicial mantém a aparência clara.","Em Configurações → Tema do calendário, escolha entre seis temas: Clássico claro, Clássico escuro, Linhas simples, Cartões suaves, Diário e Grade escura.

Os temas se aplicam ao calendário dentro do app. O widget da tela inicial mantém a aparência clara."
"pt","arb","helpCalendarOtTitle","retained","Registrar e consultar horas extras","Registrar e consultar horas extras"
"pt","arb","helpCalendarOtBody","revised","Toque em uma data no calendário para registrar horas extras. O app as inclui nos totais semanais e mensais de trabalho.

Os totais semanais sempre vão de segunda a domingo, mesmo quando o calendário começa no domingo. Os totais mensais usam o período escolhido nas configurações. São totais de tempo, não um cálculo de folha de pagamento.","Toque em uma data no calendário para registrar horas extras. Elas entram nos totais de horas da semana e do mês.

O total semanal sempre considera segunda a domingo, mesmo com o calendário começando no domingo. O total mensal usa o período escolhido em Configurações. O app soma as horas; não calcula o valor a receber."
"pt","arb","helpCalendarWorkHoursPayTitle","retained","Consultar horas semanais e mensais","Consultar horas semanais e mensais"
"pt","arb","helpCalendarWorkHoursPayBody","revised","Informe a entrada e a saída de cada turno nas configurações. O app calcula automaticamente as horas semanais e mensais, incluindo horas extras. Você também pode escolher se as horas padrão de um turno alterado no calendário devem contar como horas extras.","Informe os horários habituais de início e término de cada turno em Configurações. O ShiftBell usa esses horários e as horas extras registradas para calcular os totais da semana e do mês.

Em uma escala com ciclo fixo, você também pode incluir no resumo de horas extras o aumento de duração causado por uma alteração de turno. Conta apenas a diferença em relação ao turno original, não a duração inteira do novo turno."
"pt","arb","helpCalendarHomeWidgetTitle","retained","Adicionar o widget à tela inicial","Adicionar o widget à tela inicial"
"pt","arb","helpCalendarHomeWidgetBody","retained","Mantenha a tela inicial pressionada, abra Widgets e adicione Calendário ShiftBell. Ele mostra nomes de turnos e até três notas por data. Redimensione para alternar entre três semanas e um mês inteiro.

A ordem dos dias da semana segue o mesmo padrão regional do app. Feriados e datas lunares não são exibidos fora da versão em coreano.","Mantenha a tela inicial pressionada, abra Widgets e adicione Calendário ShiftBell. Ele mostra nomes de turnos e até três notas por data. Redimensione para alternar entre três semanas e um mês inteiro.

A ordem dos dias da semana segue o mesmo padrão regional do app. Feriados e datas lunares não são exibidos fora da versão em coreano."
"pt","arb","helpScheduleTabSectionTitle","retained","Aba Agenda","Aba Agenda"
"pt","arb","helpScheduleTabWhatIsItTitle","retained","Qual é a diferença da aba Agenda?","Qual é a diferença da aba Agenda?"
"pt","arb","helpScheduleTabWhatIsItBody","revised","Uma nota no calendário vale para o dia inteiro. Já a aba Agenda permite organizar atividades com horários específicos de início e fim, como uma consulta antes do trabalho ou um compromisso depois do turno.","As notas do calendário valem para o dia inteiro. Os compromissos da Agenda têm um horário definido e podem incluir término e lembrete. Use a Agenda para consultas, tarefas ou planos antes e depois do trabalho."
"pt","arb","helpScheduleTabCreateEditTitle","retained","Criar e editar compromissos","Criar e editar compromissos"
"pt","arb","helpScheduleTabCreateEditBody","retained","Toque no ícone de relógio no canto inferior direito para escolher um horário. Depois, toque no horário desejado para abrir a tela de novo compromisso.","Toque no ícone de relógio no canto inferior direito para escolher um horário. Depois, toque no horário desejado para abrir a tela de novo compromisso."
"pt","arb","helpScheduleTabAutoCategoryTitle","retained","Como os ícones são escolhidos","Como os ícones são escolhidos"
"pt","arb","helpScheduleTabAutoCategoryBody","retained","O app analisa o texto digitado e adiciona um ícone correspondente. Se não encontrar uma boa correspondência, usa um ícone padrão.","O app analisa o texto digitado e adiciona um ícone correspondente. Se não encontrar uma boa correspondência, usa um ícone padrão."
"pt","arb","helpConditionSectionTitle","retained","Sono e recuperação","Sono e recuperação"
"pt","arb","helpConditionWhatIsItTitle","retained","O que é a aba Sono e recuperação?","O que é a aba Sono e recuperação?"
"pt","arb","helpConditionWhatIsItBody","retained","Nesta tela, você pode revisar o sono detectado, adicionar períodos de sono e ver os registros confirmados. Ela mostra horários e durações registrados, sem fornecer uma pontuação de saúde ou diagnóstico médico. Revise as estimativas automáticas antes de confirmá-las.","Nesta tela, você pode revisar o sono detectado, adicionar períodos de sono e ver os registros confirmados. Ela mostra horários e durações registrados, sem fornecer uma pontuação de saúde ou diagnóstico médico. Revise as estimativas automáticas antes de confirmá-las."
"pt","arb","helpConditionEvidenceListTitle","retained","Fontes de Sono e recuperação","Fontes de Sono e recuperação"
"pt","arb","helpConditionEvidenceListBody","retained","As orientações da aba Sono e recuperação usam as 14 fontes abaixo. Alguns limites, como dias consecutivos de trabalho ou comparações com sua própria média, foram definidos pelo app e não têm uma fonte separada.

EVIDENCE-001 · Direção da rotação de turnos — A rotação para a frente (dia→tarde→noite) é descrita como mais fácil de adaptar do que a rotação inversa. (NIOSH)

EVIDENCE-002 · Descanso mínimo entre turnos — Recomenda pelo menos 11 horas de descanso entre dois turnos. (Knauth e Hornberger, citados no Módulo 5 do NIOSH)

EVIDENCE-003 · Descanso mínimo entre turnos (norma legal) — Cada trabalhador deve ter pelo menos 11 horas consecutivas de descanso a cada 24 horas. (Diretiva da UE sobre tempo de trabalho, art. 3)

EVIDENCE-004 · Turnos longos e risco de acidentes — Em comparação com um turno de 8 horas, o risco relativo é estimado em cerca de +13% para 10 horas e +27% para 12 horas. (Folkard e Lombardi, 2006)

EVIDENCE-005 · Folgas após turnos consecutivos — Recomenda 1–2 dias de folga após cinco turnos de 8 horas ou quatro de 10 horas, e dois dias após três turnos de 12 horas. Também desaconselha concentrar muitas horas de trabalho em poucos dias para depois tirar vários dias de folga. (NIOSH)

EVIDENCE-006 · Sono após um turno noturno — Recomenda priorizar o sono após o turno noturno. (NIOSH)

EVIDENCE-007 · Cochilo antes de um turno noturno — Pode ajudar em certas condições, mas a própria diretriz classifica a evidência como muito baixa. Atenção à sonolência logo após acordar. (AASM, 2025)

EVIDENCE-008 · Cafeína e sono — Mesmo consumida seis horas antes de dormir, a cafeína reduziu significativamente o tempo total de sono em mais de uma hora. (Drake et al., 2013)

EVIDENCE-009 · Luz no trajeto para casa após o turno noturno — Reduzir a exposição à luz intensa pode ajudar o sono posterior. A segurança vem primeiro se a sonolência impedir uma direção segura. (NIOSH)

EVIDENCE-010 · Alimentação no turno noturno — Recomenda comer menos entre meia-noite e 6h e preferir refeições leves. (NIOSH)

EVIDENCE-011 · Sono recomendado para adultos — Para adultos de 18 a 64 anos, a recomendação é de 7–9 horas. (National Sleep Foundation, 2015)

EVIDENCE-012 · Jornada semanal máxima (norma legal) — A média semanal de trabalho, incluindo horas extras, não deve ultrapassar 48 horas. (Diretiva da UE sobre tempo de trabalho, art. 6)

EVIDENCE-013 · Noites consecutivas e risco de acidentes — O risco relativo de acidentes e lesões aumenta a cada turno noturno consecutivo: cerca de +6% na segunda noite, +17% na terceira e +36% na quarta. O aumento é maior do que em turnos diurnos ou vespertinos consecutivos. (Folkard e Tucker, 2003)

EVIDENCE-014 · Horas acumuladas na semana — Recomenda limitar o trabalho de profissionais de enfermagem a 12 horas em 24 horas e a 60 horas em sete dias. Uma revisão sistemática de 2014 associou jornadas acima de 40 horas semanais a menor segurança dos pacientes. (IOM, 2004; citado no Módulo 5 do NIOSH)","As orientações da aba Sono e recuperação usam as 14 fontes abaixo. Alguns limites, como dias consecutivos de trabalho ou comparações com sua própria média, foram definidos pelo app e não têm uma fonte separada.

EVIDENCE-001 · Direção da rotação de turnos — A rotação para a frente (dia→tarde→noite) é descrita como mais fácil de adaptar do que a rotação inversa. (NIOSH)

EVIDENCE-002 · Descanso mínimo entre turnos — Recomenda pelo menos 11 horas de descanso entre dois turnos. (Knauth e Hornberger, citados no Módulo 5 do NIOSH)

EVIDENCE-003 · Descanso mínimo entre turnos (norma legal) — Cada trabalhador deve ter pelo menos 11 horas consecutivas de descanso a cada 24 horas. (Diretiva da UE sobre tempo de trabalho, art. 3)

EVIDENCE-004 · Turnos longos e risco de acidentes — Em comparação com um turno de 8 horas, o risco relativo é estimado em cerca de +13% para 10 horas e +27% para 12 horas. (Folkard e Lombardi, 2006)

EVIDENCE-005 · Folgas após turnos consecutivos — Recomenda 1–2 dias de folga após cinco turnos de 8 horas ou quatro de 10 horas, e dois dias após três turnos de 12 horas. Também desaconselha concentrar muitas horas de trabalho em poucos dias para depois tirar vários dias de folga. (NIOSH)

EVIDENCE-006 · Sono após um turno noturno — Recomenda priorizar o sono após o turno noturno. (NIOSH)

EVIDENCE-007 · Cochilo antes de um turno noturno — Pode ajudar em certas condições, mas a própria diretriz classifica a evidência como muito baixa. Atenção à sonolência logo após acordar. (AASM, 2025)

EVIDENCE-008 · Cafeína e sono — Mesmo consumida seis horas antes de dormir, a cafeína reduziu significativamente o tempo total de sono em mais de uma hora. (Drake et al., 2013)

EVIDENCE-009 · Luz no trajeto para casa após o turno noturno — Reduzir a exposição à luz intensa pode ajudar o sono posterior. A segurança vem primeiro se a sonolência impedir uma direção segura. (NIOSH)

EVIDENCE-010 · Alimentação no turno noturno — Recomenda comer menos entre meia-noite e 6h e preferir refeições leves. (NIOSH)

EVIDENCE-011 · Sono recomendado para adultos — Para adultos de 18 a 64 anos, a recomendação é de 7–9 horas. (National Sleep Foundation, 2015)

EVIDENCE-012 · Jornada semanal máxima (norma legal) — A média semanal de trabalho, incluindo horas extras, não deve ultrapassar 48 horas. (Diretiva da UE sobre tempo de trabalho, art. 6)

EVIDENCE-013 · Noites consecutivas e risco de acidentes — O risco relativo de acidentes e lesões aumenta a cada turno noturno consecutivo: cerca de +6% na segunda noite, +17% na terceira e +36% na quarta. O aumento é maior do que em turnos diurnos ou vespertinos consecutivos. (Folkard e Tucker, 2003)

EVIDENCE-014 · Horas acumuladas na semana — Recomenda limitar o trabalho de profissionais de enfermagem a 12 horas em 24 horas e a 60 horas em sete dias. Uma revisão sistemática de 2014 associou jornadas acima de 40 horas semanais a menor segurança dos pacientes. (IOM, 2004; citado no Módulo 5 do NIOSH)"
"pt","arb","helpConditionSetupNeededTitle","retained","Configuração necessária","Configuração necessária"
"pt","arb","helpConditionSetupNeededBody","revised","Informe a entrada e a saída de pelo menos um turno em Configurações → Horários e horas extras. Até lá, a condição de hoje não aparecerá, mas você já pode registrar o sono. Não é preciso preencher todos os turnos; basta um que esteja usando.","Informe os horários de início e término de pelo menos um turno em Configurações → Horários e horas extras. Até lá, a avaliação do dia não aparece, mas você já pode registrar o sono. Basta configurar um turno que você esteja usando."
"pt","arb","helpSleepSectionTitle","retained","Registro de sono","Registro de sono"
"pt","arb","helpSleepWidgetTitle","retained","O que é o widget de sono?","O que é o widget de sono?"
"pt","arb","helpSleepWidgetBody","revised","Adicione o widget de sono à tela inicial. Toque em Dormir antes de deitar e em Acordar ao levantar para registrar o sono em poucos toques. O widget também mostra o turno de hoje.

O sono registrado é usado com sua escala na aba Sono e recuperação para mostrar o que observar no momento.","Adicione o widget de sono à tela inicial. Toque em Dormir ao se deitar e em Acordar ao levantar. O widget também mostra o turno de hoje.

Seus registros aparecem na aba Sono e recuperação junto com sua escala."
"pt","arb","helpSleepAutoDetectTitle","retained","Estimativa automática de sono","Estimativa automática de sono"
"pt","arb","helpSleepAutoDetectBody","revised","Mesmo sem usar o widget, o app pode estimar quando você dormiu com base na escala e no tempo sem usar o celular. Ele procura sono após o trabalho, sono noturno e cochilos antes de turnos noturnos. Sono durante um turno não é detectado automaticamente; registre-o pelo widget.

Um registro detectado é sempre uma estimativa. Ele só se torna um registro confirmado após sua revisão e confirmação.","O ShiftBell estima possíveis períodos de sono com base na sua escala e no tempo em que a tela do celular ficou apagada. Ele procura sono após o trabalho, sono à noite e cochilos antes de um turno noturno. O sono durante um turno não é estimado automaticamente; registre-o pelo widget.

A estimativa só entra nos registros confirmados depois que você a revisar e confirmar."
"pt","arb","helpSleepMiniCalendarTitle","retained","Revisar e editar registros de sono","Revisar e editar registros de sono"
"pt","arb","helpSleepMiniCalendarBody","retained","O minicalendário de sono recente na aba Sono e recuperação mostra os registros confirmados por dia. Toque em um espaço para criar, editar ou excluir um registro. Para registros antigos, use Ver todos e navegue por mês.

Abaixo, Meu sono por turno mostra a média de sono de cada tipo de turno, separando sono principal e cochilos.","O minicalendário de sono recente na aba Sono e recuperação mostra os registros confirmados por dia. Toque em um espaço para criar, editar ou excluir um registro. Para registros antigos, use Ver todos e navegue por mês.

Abaixo, Meu sono por turno mostra a média de sono de cada tipo de turno, separando sono principal e cochilos."
"pt","arb","helpFriendSectionTitle","retained","Compartilhar com amigos","Compartilhar com amigos"
"pt","arb","helpFriendWhatIsItTitle","retained","O que é compartilhar com amigos?","O que é compartilhar com amigos?"
"pt","arb","helpFriendWhatIsItBody","retained","Você pode compartilhar sua escala para outras pessoas consultarem ou ver uma escala compartilhada com você. Também é possível compartilhar com quem não tem o app.","Você pode compartilhar sua escala para outras pessoas consultarem ou ver uma escala compartilhada com você. Também é possível compartilhar com quem não tem o app."
"pt","arb","helpFriendShareCodeTitle","retained","Gerar e compartilhar seu código","Gerar e compartilhar seu código"
"pt","arb","helpFriendShareCodeBody","retained","Toque em Amigos no calendário e depois em Compartilhar minha escala para obter seu código. Envie-o à outra pessoa, que poderá cadastrá-lo no app para ver sua escala.","Toque em Amigos no calendário e depois em Compartilhar minha escala para obter seu código. Envie-o à outra pessoa, que poderá cadastrá-lo no app para ver sua escala."
"pt","arb","helpFriendViewFriendTitle","retained","Ver a escala de um amigo pelo código","Ver a escala de um amigo pelo código"
"pt","arb","helpFriendViewFriendBody","retained","Se recebeu o código de um amigo, adicione-o na lista de amigos. A escala aparecerá como um calendário no seu app.","Se recebeu o código de um amigo, adicione-o na lista de amigos. A escala aparecerá como um calendário no seu app."
"pt","arb","helpFriendReinstallNoteTitle","retained","O que acontece ao reinstalar o app","O que acontece ao reinstalar o app"
"pt","arb","helpFriendReinstallNoteBody","retained","Reinstalar o app cria uma nova conta interna, interrompendo as conexões de compartilhamento anteriores. Para reconectar, gere um novo código e envie-o novamente.

Seu amigo não verá um erro; a tela continuará mostrando a escala como estava antes da reinstalação. Como ele não tem como perceber isso sozinho, avise se você reinstalar o app.","Reinstalar o app cria uma nova conta interna, interrompendo as conexões de compartilhamento anteriores. Para reconectar, gere um novo código e envie-o novamente.

Seu amigo não verá um erro; a tela continuará mostrando a escala como estava antes da reinstalação. Como ele não tem como perceber isso sozinho, avise se você reinstalar o app."
"pt","arb","helpBackupSectionTitle","retained","Backup e restauração","Backup e restauração"
"pt","arb","helpBackupDataStorageTitle","retained","Onde meus dados ficam salvos?","Onde meus dados ficam salvos?"
"pt","arb","helpBackupDataStorageBody","retained","Turnos, alarmes, histórico, notas e registros de horas de trabalho são salvos no seu aparelho. Os backups são arquivos locais em Download/ShiftBell e não são enviados automaticamente.

Estatísticas de uso e publicidade usam serviços do Google. Consulte a política de privacidade para saber quais informações são processadas. Dados de recursos usados antes em coreano podem permanecer no aparelho e nos backups, mesmo que esses recursos fiquem ocultos em outros idiomas.","Turnos, alarmes, histórico, notas e registros de horas de trabalho são salvos no seu aparelho. Os backups são arquivos locais em Download/ShiftBell e não são enviados automaticamente.

Estatísticas de uso e publicidade usam serviços do Google. Consulte a política de privacidade para saber quais informações são processadas. Dados de recursos usados antes em coreano podem permanecer no aparelho e nos backups, mesmo que esses recursos fiquem ocultos em outros idiomas."
"pt","arb","helpBackupAutoBackupTitle","retained","Quando o backup automático é feito?","Quando o backup automático é feito?"
"pt","arb","helpBackupAutoBackupBody","revised","O ShiftBell verifica alterações ao abrir, voltar ou sair do app. Se os dados mudaram, salva um backup automático em Download/ShiftBell. Você também pode usar Backup dos dados nas configurações.

O app mantém um backup manual e um automático. Um novo backup substitui apenas o arquivo do mesmo tipo. É necessário Android 10 ou superior.","O ShiftBell verifica se houve mudanças ao abrir, voltar ou sair do app. Se os dados mudaram, salva um backup automático em Download/ShiftBell, no seu aparelho. Você também pode tocar em Fazer backup nas Configurações.

O app mantém um backup manual e um automático. Cada novo backup substitui apenas o anterior do mesmo tipo. É necessário Android 10 ou superior."
"pt","arb","helpBackupRestoreTitle","retained","Restaurar após reinstalar ou trocar de aparelho","Restaurar após reinstalar ou trocar de aparelho"
"pt","arb","helpBackupRestoreBody","revised","Escolha Carregar backup na primeira tela ou nas configurações e selecione um arquivo em Download/ShiftBell. Confira a data antes de restaurar: o backup substitui os dados atuais do app.

Para mudar de aparelho, copie o arquivo para o novo celular primeiro. Após restaurar, confira os turnos, próximos alarmes e permissões.","Escolha Restaurar backup na primeira tela ou nas configurações e selecione um arquivo em Download/ShiftBell. Confira a data antes de restaurar: o backup substitui os dados atuais do app.

Para mudar de aparelho, copie o arquivo para o novo celular primeiro. Após restaurar, confira os turnos, próximos alarmes e permissões."
"pt","arb","helpBackupRestoreManualTitle","retained","Se o backup não for encontrado automaticamente","Se o backup não for encontrado automaticamente"
"pt","arb","helpBackupRestoreManualBody","revised","Após reinstalar, escolha Carregar backup e selecione o arquivo anterior pelo seletor de arquivos. O Android pode impedir que a nova instalação encontre automaticamente os arquivos da anterior.","Após reinstalar, escolha Restaurar backup e selecione o arquivo anterior pelo seletor de arquivos. O Android pode impedir que a nova instalação encontre automaticamente os arquivos da anterior."
"pt","arb","helpBackupRestoreOldBackupFailTitle","retained","Backups muito antigos podem não ser restaurados","Backups muito antigos podem não ser restaurados"
"pt","arb","helpBackupRestoreOldBackupFailBody","revised","O formato dos dados pode mudar com as atualizações. Se houver uma grande diferença entre a versão que criou o backup e a que vai restaurá-lo, a restauração pode falhar. Repetir com o mesmo arquivo provavelmente terá o mesmo resultado.

Antes de trocar de aparelho ou reinstalar, toque em Backup dos dados nas configurações para criar uma cópia atual. Mesmo com backups automáticos funcionando, fazer um manual antes desse momento é mais seguro.","Um backup de uma versão muito antiga do ShiftBell pode usar um formato que não seja mais compatível. Nesse caso, tentar novamente com o mesmo arquivo pode não resolver.

Antes de trocar de aparelho ou reinstalar, toque em Fazer backup nas Configurações. Guarde uma cópia em um local seguro antes de restaurar o celular para as configurações de fábrica ou trocar de aparelho."
"pt","arb","helpTroubleshootSectionTitle","retained","Solução de problemas","Solução de problemas"
"pt","arb","helpTroubleshootAlarmIssueTitle","retained","Meu alarme não tocou","Meu alarme não tocou"
"pt","arb","helpTroubleshootAlarmIssueBody","revised","Confira primeiro as permissões de notificações, alarmes exatos e exibição sobre outros apps, além da exclusão da otimização de bateria. Depois, verifique se a data tem um turno definido e se esse turno possui um alarme configurado.","Confira as permissões de alarmes exatos, notificações e exibição sobre outros apps, além das restrições de bateria do aparelho. Depois, verifique se a data tem um turno com alarme e se o som ou a vibração está ativado."
"pt","arb","helpTroubleshootForceStopTitle","retained","Forcei a parada do app nas configurações","Forcei a parada do app nas configurações"
"pt","arb","helpTroubleshootForceStopBody","revised","Forçar parada em Configurações → Apps cancela todos os alarmes agendados pelo app. Isso é diferente de sair do app ou removê-lo da lista de apps recentes; essas ações não afetam os alarmes.

Ao abrir o app após uma parada forçada, os alarmes cujo horário ainda não passou são reagendados automaticamente. Mas os que venceram entre a parada e a reabertura não são recuperados e não tocarão naquele dia.

Se forçou a parada, abra o app uma vez antes do próximo alarme.","Usar Forçar parada em Configurações do Android → Apps cancela os alarmes agendados pelo ShiftBell. Abra o app de novo antes do próximo alarme para reagendar os horários futuros. Alarmes cujo horário já passou não tocarão depois.

Sair do app ou removê-lo da lista de recentes não cancela os alarmes por si só. Alguns aparelhos, porém, impõem restrições adicionais ao funcionamento em segundo plano."
"pt","arb","helpTroubleshootWidgetIssueTitle","retained","O widget não atualiza","O widget não atualiza"
"pt","arb","helpTroubleshootWidgetIssueBody","retained","Remova o widget e adicione-o novamente. Se continuar igual, abra o app uma vez, volte à tela inicial e confira.","Remova o widget e adicione-o novamente. Se continuar igual, abra o app uma vez, volte à tela inicial e confira."
"pt","arb","helpTroubleshootBackupFileMissingTitle","retained","Não encontro meu arquivo de backup","Não encontro meu arquivo de backup"
"pt","arb","helpTroubleshootBackupFileMissingBody","revised","Confira a pasta Download/ShiftBell no gerenciador de arquivos do aparelho. Se ela não existir, nenhum backup foi feito ainda. Toque em Backup dos dados nas configurações para criar um.","Procure na pasta Download/ShiftBell usando o gerenciador de arquivos do celular. Se não houver um backup, toque em Fazer backup nas Configurações para criar um."
"pt","arb","helpTroubleshootFriendDisconnectedTitle","retained","A escala do meu amigo não muda há dias","A escala do meu amigo não muda há dias"
"pt","arb","helpTroubleshootFriendDisconnectedBody","revised","Se a escala não muda e nenhum erro aparece, geralmente seu amigo reinstalou o app. Isso cria uma nova conta interna e interrompe a conexão anterior. A tela continua mostrando o último estado salvo, sem avisar.

Confira a data da última sincronização no topo da escala. Se estiver antiga, peça um novo código ao amigo, remova a entrada anterior e adicione-o novamente.","Confira a Última sincronização na escala do seu amigo. Uma data antiga pode indicar que as mudanças ainda não foram sincronizadas ou que ele reinstalou o app.

Peça que ele abra o ShiftBell com internet e confira o compartilhamento. Se reinstalou o app, peça um novo código, remova o cadastro antigo e adicione o novo."
"pt","arb","startupFailedTitle","retained","Não foi possível iniciar o app","Não foi possível iniciar o app"
"pt","arb","startupFailedBody","retained","Ocorreu um problema ao preparar o app. Verifique se há espaço livre suficiente no aparelho e tente novamente. Se persistir, reinicie o aparelho.","Ocorreu um problema ao preparar o app. Verifique se há espaço livre suficiente no aparelho e tente novamente. Se persistir, reinicie o aparelho."
"pt","arb","startupRetry","retained","Tentar novamente","Tentar novamente"
"pt","arb","startupSlowMessage","retained","Preparando o app. Aguarde um momento.","Preparando o app. Aguarde um momento."
"pt","arb","startupStalledMessage","retained","Isso está demorando mais que o normal. Se esta tela continuar após tentar novamente, feche o app completamente e abra-o de novo.","Isso está demorando mais que o normal. Se esta tela continuar após tentar novamente, feche o app completamente e abra-o de novo."
"pt","arb","shiftAnnualLeave","retained","Férias","Férias"
"pt","arb","onboardingBackupTitle","revised","Carregar backup","Restaurar backup"
"pt","arb","onboardingBackupDesc","revised","Comece com um arquivo de backup de Download/ShiftBell.","Recupere seus dados de um arquivo em Download/ShiftBell."
"pt","arb","helpOneTapTitle","retained","Alarmes rápidos: adicionar um horário salvo","Alarmes rápidos: adicionar um horário salvo"
"pt","arb","helpOneTapBody","retained","Toque no botão de alarme rápido acima do calendário e depois em + para salvar um horário e um tipo de alerta: som com vibração, só vibração ou silencioso. Uma opção vazia aparece por vez, até o limite de cinco.

Escolha um horário salvo e depois hoje ou amanhã. Após agendar, o painel fecha e aparece uma confirmação breve. Horários passados ou já ocupados por outro alarme são rejeitados.

Toque no calendário enquanto a lista estiver aberta para fechar o painel. Depois de selecionar uma opção, Voltar retorna à lista.

Ao selecionar uma opção, aparecem Editar e Excluir. Uma opção com alarmes futuros só pode ser editada após removê-los. Para excluir um alarme individual, abra sua data e toque em × ao lado dele. Excluir uma opção também exclui os alarmes atribuídos a ela. A confirmação informa se um alarme de turno será restaurado.","Toque no botão de alarme rápido acima do calendário e depois em + para salvar um horário e um tipo de alerta: som com vibração, só vibração ou silencioso. Uma opção vazia aparece por vez, até o limite de cinco.

Escolha um horário salvo e depois hoje ou amanhã. Após agendar, o painel fecha e aparece uma confirmação breve. Horários passados ou já ocupados por outro alarme são rejeitados.

Toque no calendário enquanto a lista estiver aberta para fechar o painel. Depois de selecionar uma opção, Voltar retorna à lista.

Ao selecionar uma opção, aparecem Editar e Excluir. Uma opção com alarmes futuros só pode ser editada após removê-los. Para excluir um alarme individual, abra sua data e toque em × ao lado dele. Excluir uma opção também exclui os alarmes atribuídos a ela. A confirmação informa se um alarme de turno será restaurado."
"pt","arb","helpCalendarTextSizeTitle","retained","Texto do calendário e tamanho da tela","Texto do calendário e tamanho da tela"
"pt","arb","helpCalendarTextSizeBody","revised","As células do calendário se adaptam à largura da tela do celular, da tela externa e da tela aberta. Nomes de turnos e notas longos podem ser abreviados para caber. Toque em uma data ou nota para ler o texto completo. Cada data aceita até três notas.

Linhas simples e Cartões suaves usam nomes de turno maiores por padrão. A escala do texto do calendário é limitada para manter datas, turnos e notas dentro das células.","O calendário se adapta a diferentes tamanhos de tela, incluindo as telas externa e interna de celulares dobráveis. Nomes de turnos e notas longas podem aparecer cortados. Toque em uma data ou nota para ler o texto completo. Cada dia aceita até três notas.

Linhas simples e Cartões suaves mostram os nomes dos turnos maiores por padrão. A ampliação do texto no calendário tem um limite para que datas, turnos e notas caibam nos espaços."
"pt","arb","helpDiagnosticTitle","revised","Encontrar um diagnóstico para relatar um problema","Encontrar um arquivo de diagnóstico"
"pt","arb","helpDiagnosticBody","retained","Para problemas com alarmes ou backups, confira Download/ShiftBell/log no gerenciador de arquivos (Android 10 ou superior). Os diagnósticos são salvos e atualizados localmente.

Eles incluem versões do aparelho e do Android, permissões, configurações de bateria e registros do processamento de alarmes e backups. Conteúdo de notas e compromissos, nomes de turnos e de amigos não são incluídos. Os arquivos não são enviados automaticamente. Você pode anexá-los ao entrar em contato com o suporte. Eles podem permanecer após desinstalar; remova-os pelo gerenciador de arquivos quando não precisar mais.","Para problemas com alarmes ou backups, confira Download/ShiftBell/log no gerenciador de arquivos (Android 10 ou superior). Os diagnósticos são salvos e atualizados localmente.

Eles incluem versões do aparelho e do Android, permissões, configurações de bateria e registros do processamento de alarmes e backups. Conteúdo de notas e compromissos, nomes de turnos e de amigos não são incluídos. Os arquivos não são enviados automaticamente. Você pode anexá-los ao entrar em contato com o suporte. Eles podem permanecer após desinstalar; remova-os pelo gerenciador de arquivos quando não precisar mais."
"pt","arb","helpCalendarLocaleTitle","retained","Datas, fins de semana e feriados","Datas, fins de semana e feriados"
"pt","arb","helpCalendarLocaleBody","revised","No Brasil e nos EUA, o calendário começa no domingo. Na Alemanha, no Reino Unido e nas regiões europeias compatíveis, começa na segunda-feira. As datas seguem o idioma selecionado.

Nesta versão, feriados não são exibidos no calendário nem no widget fora do idioma coreano. O domingo em vermelho marca o fim de semana, não um feriado. Datas lunares coreanas também ficam ocultas. Seus turnos e alarmes continuam seguindo sua própria escala.

Os totais semanais de trabalho sempre usam segunda a domingo. Um feriado ou fim de semana não transforma um turno em folga automaticamente.","Na versão em português do Brasil, a semana no calendário começa no domingo, e as datas seguem o formato brasileiro.

Os feriados brasileiros ainda não aparecem no calendário nem no widget. O domingo em vermelho indica o fim de semana, não um feriado. As datas do calendário lunar coreano também ficam ocultas. Seus turnos e alarmes continuam seguindo sua escala.

O cálculo das horas semanais sempre considera segunda a domingo. Feriados e fins de semana não transformam um turno em folga automaticamente."
"pt","arb","alarmSnoozedLabel","retained","Adiado","Adiado"
"pt","arb","alarmClockFirstOccurrence","retained","Primeira ocorrência","Primeira ocorrência"
"pt","arb","alarmClockSecondOccurrence","retained","Segunda ocorrência","Segunda ocorrência"
"pt","arb","shiftNameInUse","retained","Turnos em uso só podem ser renomeados.","Turnos em uso só podem ser renomeados."
"pt","arb","scheduleOutsideTeamsConfirm","retained","A posição selecionada não corresponde a nenhuma equipe da escala completa. Ao continuar, essa escala será excluída e precisará ser configurada novamente. Alterar sua escala?","A posição selecionada não corresponde a nenhuma equipe da escala completa. Ao continuar, essa escala será excluída e precisará ser configurada novamente. Alterar sua escala?"
"pt","arb","scheduleMyTeam","retained","Minha equipe","Minha equipe"
"pt","arb","scheduleTeamsAtToday","retained","Posições das equipes no ciclo de hoje.","Posições das equipes no ciclo de hoje."
"pt","arb","scheduleTeamChanged","revised","Sua escala mudou da equipe {from} para a equipe {to}.","Você mudou da equipe {from} para a equipe {to}."
"pt","arb","teamSetupModeTitle","retained","Escolha como configurar","Escolha como configurar"
"pt","arb","teamSetupShared","retained","Todas as equipes usam o mesmo ciclo","Todas as equipes usam o mesmo ciclo"
"pt","arb","teamSetupSharedHint","retained","Defina a posição de cada equipe em um ciclo comum.","Defina a posição de cada equipe em um ciclo comum."
"pt","arb","teamSetupIndividual","retained","Usar um ciclo diferente por equipe","Usar um ciclo diferente por equipe"
"pt","arb","teamSetupIndividualHint","retained","Defina um ciclo ou uma escala semanal para cada equipe.","Defina um ciclo ou uma escala semanal para cada equipe."
"pt","arb","teamRuleBase","retained","Usar o ciclo base","Usar o ciclo base"
"pt","arb","teamRuleCycle","retained","Usar outro ciclo","Usar outro ciclo"
"pt","arb","teamRuleWeekly","retained","Definir por dia da semana","Definir por dia da semana"
"pt","arb","teamRuleTitle","revised","Definir regras de trabalho","Definir escala"
"pt","arb","teamRuleLocked","retained","Vinculado ao meu calendário · somente leitura","Vinculado ao meu calendário · somente leitura"
"pt","arb","teamRuleMissing","revised","Defina as regras de trabalho desta equipe","Configure a escala desta equipe"
"pt","arb","teamRuleEdit","retained","Configurar","Configurar"
"pt","arb","teamRulePatternHint","retained","Toque nos turnos em ordem para montar um ciclo.
Toque em um turno inserido para remover essa posição.","Toque nos turnos em ordem para montar um ciclo.
Toque em um turno inserido para remover essa posição."
"pt","arb","teamRuleAllShiftsHint","retained","Todos os nomes de turno cadastrados nas configurações estão disponíveis.","Todos os nomes de turno cadastrados nas configurações estão disponíveis."
"pt","arb","teamRuleWeeklyHint","retained","Escolha um turno e toque no dia da semana para defini-lo.
Preencha os sete dias.","Escolha um turno e toque no dia da semana para defini-lo.
Preencha os sete dias."
"pt","arb","teamRulePositionHint","revised","Selecione a posição do ciclo na data de referência.","Escolha a posição da equipe no ciclo para a data indicada."
"pt","arb","teamRuleComplete","retained","Concluir","Concluir"
"pt","arb","teamRuleReview","retained","Prévia da escala completa","Prévia da escala completa"
"pt","arb","teamRuleReviewHint","revised","Confira os turnos de cada equipe.
Depois de salvar, você pode mudar de equipe.
Para alterar as regras, recrie a escala completa.","Confira os turnos de cada equipe antes de salvar. Você pode mudar de equipe depois. Para alterar um ciclo ou uma escala semanal, será preciso configurar as equipes novamente."
"pt","arb","teamRuleUnset","retained","Não definido","Não definido"
"pt","arb","teamRuleResetCycle","retained","Limpar ciclo","Limpar ciclo"
"pt","arb","teamRuleChooseTeam","retained","Selecione a equipe para a qual deseja mudar.","Selecione a equipe para a qual deseja mudar."
"pt","arb","teamRuleCurrentTeam","retained","Minha equipe atual","Minha equipe atual"
"pt","arb","teamRuleWeeklyLabel","retained","Seg · Ter · Qua · Qui · Sex · Sáb · Dom","Seg · Ter · Qua · Qui · Sex · Sáb · Dom"
"pt","arb","teamScheduleResetConfirm","revised","Altere sua escala e atualize os alarmes de turno.
A escala completa das equipes será excluída.

Para mantê-la e mudar apenas sua equipe,
use Editar → Mudar minha equipe na escala completa.","Sua escala será alterada e os alarmes de turno serão atualizados. A escala das equipes será excluída.

Para manter as escalas e mudar apenas de equipe, acesse Equipes → Editar → Mudar minha equipe."
"pt","arb","teamSwitchAction","retained","Mudar minha equipe","Mudar minha equipe"
"pt","arb","teamRuleOverlapHint","retained","Equipes podem ter os mesmos turnos ou folgas no mesmo dia.","Equipes podem ter os mesmos turnos ou folgas no mesmo dia."
"pt","arb","teamRuleMonday","retained","Seg","Seg"
"pt","arb","teamRuleTuesday","retained","Ter","Ter"
"pt","arb","teamRuleWednesday","retained","Qua","Qua"
"pt","arb","teamRuleThursday","retained","Qui","Qui"
"pt","arb","teamRuleFriday","retained","Sex","Sex"
"pt","arb","teamRuleSaturday","retained","Sáb","Sáb"
"pt","arb","teamRuleSunday","retained","Dom","Dom"
"pt","arb","teamEditTitle","retained","Editar escala completa","Editar escala completa"
"pt","arb","teamEditChangedQuestion","retained","Sua equipe mudou?","Sua equipe mudou?"
"pt","arb","teamEditRecreateTitle","retained","Recriar escala completa","Recriar escala completa"
"pt","arb","teamEditRecreateHint","retained","Use se as posições das equipes foram definidas incorretamente.","Use se as posições das equipes foram definidas incorretamente."
"pt","arb","teamEditRecreateConfirm","retained","Excluir a escala completa atual e criá-la novamente?
Seus turnos e alarmes não serão alterados.","Excluir a escala completa atual e criá-la novamente?
Seus turnos e alarmes não serão alterados."
"pt","arb","teamEditPositionsOn","retained","Posições das equipes em {date}","Posições das equipes em {date}"
"pt","arb","teamEditSwitchConfirm","revised","Mudar da equipe {from} para a equipe {to}?

Os alarmes de turno seguirão a escala da equipe {to}.

As alterações manuais de turnos serão apagadas.

A escala completa será mantida.","Mudar da equipe {from} para a equipe {to}?

Os alarmes de turno seguirão a escala da equipe {to}. As alterações manuais em datas específicas serão apagadas.

As escalas das equipes serão mantidas."
"pt","arb","teamEditSwitchPreview","retained","Sua escala mudará da equipe {from} para a equipe {to}.","Sua escala mudará da equipe {from} para a equipe {to}."
"pt","arb","alarmSnoozeCollisionResult","revised","Encerrado: outro alarme no horário de adiamento","Encerrado: já havia outro alarme para 5 minutos depois"
"pt","arb","alarmRefreshUnconfirmed","retained","Não foi possível confirmar a atualização dos alarmes. Verifique novamente.","Não foi possível confirmar a atualização dos alarmes. Verifique novamente."
"pt","arb","scheduleRefreshUnconfirmed","retained","A escala foi salva, mas não foi possível confirmar o agendamento dos alarmes.","A escala foi salva, mas não foi possível confirmar o agendamento dos alarmes."
"pt","arb","oneTapDeleteNoAlarmConfirm","retained","Não restará nenhum alarme neste horário. Excluir o alarme rápido?","Não restará nenhum alarme neste horário. Excluir o alarme rápido?"
"pt","arb","oneTapDeleteRestoreConfirm","retained","Excluir este alarme rápido restaurará o alarme de turno de {shift}. Continuar?","Excluir este alarme rápido restaurará o alarme de turno de {shift}. Continuar?"
"pt","arb","oneTapDeleteNoAlarmDetail","retained","Não restará nenhum alarme neste horário.","Não restará nenhum alarme neste horário."
"pt","arb","oneTapDeleteRestoreDetail","retained","O alarme de turno de {shift} será agendado após a exclusão.","O alarme de turno de {shift} será agendado após a exclusão."
"pt","arb","oneTapDeletedRefreshRetry","revised","Alarme rápido excluído, mas o alarme de turno não pôde ser agendado. A atualização tentará novamente.","Alarme rápido excluído. O alarme de turno ainda não foi restaurado; o ShiftBell tentará novamente ao atualizar os alarmes."
"pt","arb","oneTapDeletedFixedRestored","revised","Alarme rápido excluído e alarme de turno agendado.","Alarme rápido excluído. Alarme de turno restaurado."
"pt","arb","teamEditChooseTeam","retained","Escolha a equipe para a qual você quer mudar.","Escolha a equipe para a qual você quer mudar."
"pt","arb","durationCompactHours","added","","{hours} h"
"pt","arb","durationCompactMinutes","added","","{minutes} min"
"pt","android","alarm_type_sound_vibration_short","retained","som + vibração","som + vibração"
"pt","android","alarm_type_vibration_short","retained","vibração","vibração"
"pt","android","alarm_type_silent_short","retained","silencioso","silencioso"
"pt","android","snooze_collision_message","revised","Alarme (%2$s) às %1$s. Encerrado sem adiar.","Já há outro alarme (%2$s) para %1$s. Este alarme foi encerrado sem adiar."
"pt","android","calendar_widget_description","retained","Veja turnos e notas. Redimensione para três semanas ou um mês inteiro.","Veja turnos e notas. Redimensione para três semanas ou um mês inteiro."
"pt","android","sleep_widget_description","retained","Registre quando dorme e acorda com um toque.","Registre quando dorme e acorda com um toque."
"pt","android","sleep_widget_brand","retained","Shift Bell","Shift Bell"
"pt","android","app_widget_calendar_label","retained","Calendário ShiftBell","Calendário ShiftBell"
"pt","android","app_widget_sleep_label","retained","Sono ShiftBell","Sono ShiftBell"
"pt","android","alarm_swipe_hint","retained","Deslize para cima para desligar","Deslize para cima para desligar"
"pt","android","alarm_snooze_label","retained","Adiar","Adiar"
"pt","android","alarm_dismiss_label","retained","Desligar","Desligar"
"pt","android","one_tap_alarm_label","retained","Alarme rápido","Alarme rápido"
"pt","android","channel_alarm_result","revised","Resultados dos alarmes","Alarmes adiados e não atendidos"
"pt","android","channel_alarm_guard","retained","Próximos alarmes","Próximos alarmes"
"pt","android","channel_schedule_notify","revised","Notificações de compromissos","Lembretes de compromissos"
"pt","android","channel_restore_notify","revised","Aviso de restauração","Status da restauração"
"pt","android","notif_ringing_content","retained","Alarme tocando","Alarme tocando"
"pt","android","notif_action_snooze","retained","Adiar 5 min","Adiar 5 min"
"pt","android","notif_action_dismiss","retained","Desligar alarme","Desligar alarme"
"pt","android","notif_snoozed_title","retained","Adiado para %1$s","Adiado para %1$s"
"pt","android","notif_guard_title","revised","Seu alarme tocará em breve (%1$s)","Seu alarme vai tocar às %1$s"
"pt","android","notif_restore_title","retained","A restauração não foi concluída","A restauração não foi concluída"
"pt","android","notif_restore_text","revised","Os alarmes usam seus dados atuais por enquanto. Abra o app para concluir a restauração.","Os alarmes estão agendados com seus dados atuais. Abra o ShiftBell para concluir a restauração."
"pt","android","widget_setup_schedule_first","retained","Configure sua escala no app primeiro","Configure sua escala no app primeiro"
"pt","android","widget_weekday_labels","retained","
        DomSegTerQuaQuiSexSáb
    ","
        DomSegTerQuaQuiSexSáb
    "
"pt","android","sleep_widget_sleep","retained","Dormir","Dormir"
"pt","android","sleep_widget_wake","retained","Acordar","Acordar"
"pt","android","sleep_widget_no_shift","retained","Sem turno","Sem turno"
"pt","android","sleep_widget_not_set","retained","Não definido","Não definido"
"pt","android","sleep_widget_unknown","retained","Desconhecido","Desconhecido"
"pt","android","sleep_widget_tab_off","revised","Aba desativada","Aba oculta"
"pt","android","widget_no_shift","retained","Nenhum","Nenhum"
"pt","android","alarm_default_label","retained","Alarme","Alarme"
"pt","android","channel_guard_description","retained","Lembrete 20 minutos antes de um alarme","Lembrete 20 minutos antes de um alarme"
"pt","android","channel_result_description","retained","Notificações de alarmes adiados e não atendidos","Notificações de alarmes adiados e não atendidos"
"pt","android","channel_ring_description","retained","Notificações de alarmes de turno","Notificações de alarmes de turno"
"pt","android","widget_preview_day","retained","Dia","Dia"
"pt","android","widget_preview_night","retained","Noite","Noite"
"pt","android","widget_preview_off","retained","Folga","Folga"
"pt","android","widget_weekday_0","retained","Dom","Dom"
"pt","android","widget_weekday_1","retained","Seg","Seg"
"pt","android","widget_weekday_2","retained","Ter","Ter"
"pt","android","widget_weekday_3","retained","Qua","Qua"
"pt","android","widget_weekday_4","retained","Qui","Qui"
"pt","android","widget_weekday_5","retained","Sex","Sex"
"pt","android","widget_weekday_6","retained","Sáb","Sáb"
"pt","android","alarm_clock_first","retained","%1$s (primeira vez)","%1$s (primeira vez)"
"pt","android","alarm_clock_second","retained","%1$s (segunda vez)","%1$s (segunda vez)"
