영역,키,한국어 원문,영어 의미 참고,힌디어,검증 상태
Flutter,appTitle,교대시계,ShiftBell,ShiftBell,문구 작성·의미 검토 / 레이아웃 미검증
Flutter,commonOk,확인,OK,ठीक है,문구 작성·의미 검토 / 레이아웃 미검증
Flutter,commonCancel,취소,Cancel,रद्द करें,문구 작성·의미 검토 / 레이아웃 미검증
Flutter,commonSave,저장,Save,सेव करें,문구 작성·의미 검토 / 레이아웃 미검증
Flutter,commonDelete,삭제,Delete,हटाएं,문구 작성·의미 검토 / 레이아웃 미검증
Flutter,commonEdit,수정,Edit,बदलें,문구 작성·의미 검토 / 레이아웃 미검증
Flutter,commonAdd, 추가,Add,जोड़ें,문구 작성·의미 검토 / 레이아웃 미검증
Flutter,commonDone,완료,Done,हो गया,문구 작성·의미 검토 / 레이아웃 미검증
Flutter,commonNext,다음,Next,आगे,문구 작성·의미 검토 / 레이아웃 미검증
Flutter,commonClose,닫기,Close,बंद करें,문구 작성·의미 검토 / 레이아웃 미검증
Flutter,commonReset,초기화,Reset,रीसेट करें,문구 작성·의미 검토 / 레이아웃 미검증
Flutter,commonChange,변경,Change,बदलें,문구 작성·의미 검토 / 레이아웃 미검증
Flutter,commonContinue,계속 진행하기,Continue,जारी रखें,문구 작성·의미 검토 / 레이아웃 미검증
Flutter,commonNotNow,나중에 하기,Not Now,अभी नहीं,문구 작성·의미 검토 / 레이아웃 미검증
Flutter,commonGoToSettings,설정으로 이동,Go to Settings,सेटिंग खोलें,문구 작성·의미 검토 / 레이아웃 미검증
Flutter,commonRefresh,새로고침,Refresh,रीफ़्रेश करें,문구 작성·의미 검토 / 레이아웃 미검증
Flutter,commonGoBack,돌아가기,Go Back,वापस जाएं,문구 작성·의미 검토 / 레이아웃 미검증
Flutter,commonGetStarted,시작하기,Get Started,शुरू करें,문구 작성·의미 검토 / 레이아웃 미검증
Flutter,commonShare,공유하기,Share,शेयर करें,문구 작성·의미 검토 / 레이아웃 미검증
Flutter,commonCopy,복사,Copy,कॉपी करें,문구 작성·의미 검토 / 레이아웃 미검증
Flutter,commonNotSet,미설정,Not Set,सेट नहीं है,문구 작성·의미 검토 / 레이아웃 미검증
Flutter,commonNone,없음,None,कोई नहीं,문구 작성·의미 검토 / 레이아웃 미검증
Flutter,commonDeletePermanently,완전 삭제,Delete Permanently,हमेशा के लिए हटाएं,문구 작성·의미 검토 / 레이아웃 미검증
Flutter,commonPrevious,기존,Original,पहले,문구 작성·의미 검토 / 레이아웃 미검증
Flutter,commonCurrent,현재,Current,अभी,문구 작성·의미 검토 / 레이아웃 미검증
Flutter,commonOther,기타,Other,अन्य,문구 작성·의미 검토 / 레이아웃 미검증
Flutter,commonToday,오늘,Today,आज,문구 작성·의미 검토 / 레이아웃 미검증
Flutter,commonTomorrow,내일,Tomorrow,कल,문구 작성·의미 검토 / 레이아웃 미검증
Flutter,commonView,보기,View,देखें,문구 작성·의미 검토 / 레이아웃 미검증
Flutter,commonSelectTime,시간 선택,Select Time,समय चुनें,문구 작성·의미 검토 / 레이아웃 미검증
Flutter,commonAm,오전,AM,AM,문구 작성·의미 검토 / 레이아웃 미검증
Flutter,commonPm,오후,PM,PM,문구 작성·의미 검토 / 레이아웃 미검증
Flutter,commonGotIt,확인했어요,Got It,समझ गए,문구 작성·의미 검토 / 레이아웃 미검증
Flutter,commonLater,나중에,Later,बाद में,문구 작성·의미 검토 / 레이아웃 미검증
Flutter,commonSaveFailed,저장하지 못했어요. 잠시 후 다시 시도해 주세요.,Couldn't save. Please try again in a moment.,सेव नहीं हो सका। थोड़ी देर बाद फिर कोशिश करें।,문구 작성·의미 검토 / 레이아웃 미검증
Flutter,commonUpdate,업데이트,Update,अपडेट करें,문구 작성·의미 검토 / 레이아웃 미검증
Flutter,navNextAlarm,다음알람,Next Alarm,अगला अलार्म,문구 작성·의미 검토 / 레이아웃 미검증
Flutter,navCalendar,달력,Calendar,कैलेंडर,문구 작성·의미 검토 / 레이아웃 미검증
Flutter,navFriendShare,일정공유,Sharing,शेयर करें,문구 작성·의미 검토 / 레이아웃 미검증
Flutter,navScheduleManagement,일정관리,Events,निजी काम,문구 작성·의미 검토 / 레이아웃 미검증
Flutter,disableTabButtonLabel,{tab} 화면 사용하지 않기,Hide {tab},{tab} छिपाएं,문구 작성·의미 검토 / 레이아웃 미검증
Flutter,disableTabDialogBody,"확인 버튼을 누르면 화면 하단의 목록에서 사라집니다.
설정에서 다시 원복할 수 있습니다.",This tab will be hidden from the bottom navigation. You can show it again in Settings.,यह टैब नीचे के मेन्यू से छिप जाएगा। इसे सेटिंग से फिर दिखा सकते हैं।,문구 작성·의미 검토 / 레이아웃 미검증
Flutter,scheduleTabDisableExtraNotice,예정된 일정 알림도 모두 취소됩니다.,Reminders for your events will also be canceled.,आपके निजी कामों के रिमाइंडर भी बंद हो जाएंगे।,문구 작성·의미 검토 / 레이아웃 미검증
Flutter,settingsScheduleTabReenableTitle,일정관리 화면 사용하기,Show Schedule tab,निजी काम टैब दिखाएं,문구 작성·의미 검토 / 레이아웃 미검증
Flutter,settingsScheduleTabReenableSubtitle,하단 탭에 일정관리 화면을 다시 표시합니다,Add Schedule back to the bottom navigation,निजी काम को नीचे के मेन्यू में वापस लाएं,문구 작성·의미 검토 / 레이아웃 미검증
Flutter,navSettings,설정,Settings,सेटिंग,문구 작성·의미 검토 / 레이아웃 미검증
Flutter,shiftWork,교대 근무,Shift Work,शिफ्ट में काम,문구 작성·의미 검토 / 레이아웃 미검증
Flutter,shiftPattern,교대 패턴,Shift Pattern,शिफ्ट का क्रम,문구 작성·의미 검토 / 레이아웃 미검증
Flutter,settingsPatternTodayMarker,· 진한 칩이 오늘,· today is highlighted,⬆ आज की शिफ्ट अलग रंग में है,문구 작성·의미 검토 / 레이아웃 미검증
Flutter,shiftName,근무명,Shift Name,शिफ्ट का नाम,문구 작성·의미 검토 / 레이아웃 미검증
Flutter,shiftType,근무 형태,Shift Type,शिफ्ट का प्रकार,문구 작성·의미 검토 / 레이아웃 미검증
Flutter,shiftDayOff,휴무,Day Off,छुट्टी,문구 작성·의미 검토 / 레이아웃 미검증
Flutter,shiftDay,주간,Day,दिन,문구 작성·의미 검토 / 레이아웃 미검증
Flutter,shiftNight,야간,Night,रात,문구 작성·의미 검토 / 레이아웃 미검증
Flutter,shiftMorning,오전,Morning,सुबह,문구 작성·의미 검토 / 레이아웃 미검증
Flutter,shiftAfternoon,오후,Afternoon,दोपहर,문구 작성·의미 검토 / 레이아웃 미검증
Flutter,shiftOnCall,당직,On-Call,ऑन-कॉल,문구 작성·의미 검토 / 레이아웃 미검증
Flutter,shiftOff,오프,Off,छुट्टी,문구 작성·의미 검토 / 레이아웃 미검증
Flutter,shiftChange,근무 변경,Shift Change,शिफ्ट बदलें,문구 작성·의미 검토 / 레이아웃 미검증
Flutter,shiftTeam,조,Team,टीम,문구 작성·의미 검토 / 레이아웃 미검증
Flutter,shiftRegularPattern,규칙적 근무,Repeating shift pattern,दोहराने वाला शिफ्ट क्रम,문구 작성·의미 검토 / 레이아웃 미검증
Flutter,shiftIrregularPattern,불규칙 근무,Non-repeating shifts,हर तारीख की अलग शिफ्ट,문구 작성·의미 검토 / 레이아웃 미검증
Flutter,shiftSchedule,스케줄,Schedule,शिफ्ट शेड्यूल,문구 작성·의미 검토 / 레이아웃 미검증
Flutter,shiftFullSchedule,전체 조 근무표,All teams,सभी टीमें,문구 작성·의미 검토 / 레이아웃 미검증
Flutter,shiftWorkHours,근무시간,Work Hours,काम के घंटे,문구 작성·의미 검토 / 레이아웃 미검증
Flutter,shiftOt,OT,OT,ओवरटाइम,문구 작성·의미 검토 / 레이아웃 미검증
Flutter,shiftThisMonthOt,이번 달 OT,Monthly Overtime,इस महीने का ओवरटाइम,문구 작성·의미 검토 / 레이아웃 미검증
Flutter,shiftWeeklyWorkHours,주별 근무시간,Weekly Work Hours,हफ़्ते के काम के घंटे,문구 작성·의미 검토 / 레이아웃 미검증
Flutter,shiftPayday,급여 산정일,Cutoff date,गणना की अंतिम तारीख,문구 작성·의미 검토 / 레이아웃 미검증
Flutter,shiftChangeSchedule,스케줄 변경,Change Schedule,शेड्यूल बदलें,문구 작성·의미 검토 / 레이아웃 미검증
Flutter,shiftResetSchedule,스케줄 초기화,Reset Schedule,शेड्यूल रीसेट करें,문구 작성·의미 검토 / 레이아웃 미검증
Flutter,alarmTitle,알람,Alarm,अलार्म,문구 작성·의미 검토 / 레이아웃 미검증
Flutter,alarmNext,다음 알람,Next Alarm,अगला अलार्म,문구 작성·의미 검토 / 레이아웃 미검증
Flutter,alarmUntil,알람까지,Time Until Alarm,अलार्म बजने में बाकी,문구 작성·의미 검토 / 레이아웃 미검증
Flutter,alarmRegistered,등록된 알람,Scheduled Alarms,सेट किए गए अलार्म,문구 작성·의미 검토 / 레이아웃 미검증
Flutter,alarmFixed,고정 알람,Shift alarm,शिफ्ट का अलार्म,문구 작성·의미 검토 / 레이아웃 미검증
Flutter,alarmType,알람 타입,Alarm Type,अलार्म का प्रकार,문구 작성·의미 검토 / 레이아웃 미검증
Flutter,alarmSound,알람음,Alarm Sound,अलार्म की आवाज़,문구 작성·의미 검토 / 레이아웃 미검증
Flutter,alarmSoundManage,알람음 관리,Sound & Vibration,आवाज़ और वाइब्रेशन,문구 작성·의미 검토 / 레이아웃 미검증
Flutter,alarmSoundChoose,알람음 선택,Choose Alarm Sound,अलार्म की आवाज़ चुनें,문구 작성·의미 검토 / 레이아웃 미검증
Flutter,alarmSoundVibration,소리+진동,Sound + Vibration,आवाज़ + वाइब्रेशन,문구 작성·의미 검토 / 레이아웃 미검증
Flutter,alarmVibration,진동,Vibration,वाइब्रेशन,문구 작성·의미 검토 / 레이아웃 미검증
Flutter,alarmSilent,무음,Silent,साइलेंट,문구 작성·의미 검토 / 레이아웃 미검증
Flutter,alarmVibrationWeak,약하게,Weak,हल्का,문구 작성·의미 검토 / 레이아웃 미검증
Flutter,alarmVibrationStrong,강하게,Strong,तेज़,문구 작성·의미 검토 / 레이아웃 미검증
Flutter,alarmIntensity,세기,Intensity,वाइब्रेशन की तीव्रता,문구 작성·의미 검토 / 레이아웃 미검증
Flutter,alarmVolume,음량,Volume,वॉल्यूम,문구 작성·의미 검토 / 레이아웃 미검증
Flutter,alarmHistory,알람 이력,Alarm History,अलार्म का इतिहास,문구 작성·의미 검토 / 레이아웃 미검증
Flutter,alarmDismissed,알람 확인,Dismissed,बंद किया गया,문구 작성·의미 검토 / 레이아웃 미검증
Flutter,alarmRemoved,알람 제거,Alarm Removed,अलार्म हटाया गया,문구 작성·의미 검토 / 레이아웃 미검증
Flutter,alarmSnooze5Min,5분 연장,Snooze 5 Minutes,5 मिनट बाद फिर बजाएं,문구 작성·의미 검토 / 레이아웃 미검증
Flutter,alarmNoResponse,무응답,Missed,छूट गया,문구 작성·의미 검토 / 레이아웃 미검증
Flutter,alarmScheduleChanged,일정 변경,Schedule Changed,शेड्यूल बदल गया,문구 작성·의미 검토 / 레이아웃 미검증
Flutter,alarmTurnOffThis,이 알람 끄기,Turn Off This Alarm,यह अलार्म बंद करें,문구 작성·의미 검토 / 레이아웃 미검증
Flutter,alarmDuplicate,중복 알람,Duplicate Alarm,अलार्म पहले से मौजूद है,문구 작성·의미 검토 / 레이아웃 미검증
Flutter,alarmAdd,알람 추가,Add Alarm,अलार्म जोड़ें,문구 작성·의미 검토 / 레이아웃 미검증
Flutter,alarmDayBefore,전날,Day Before,एक दिन पहले,문구 작성·의미 검토 / 레이아웃 미검증
Flutter,alarmDaySame,당일,Same Day,उसी दिन,문구 작성·의미 검토 / 레이아웃 미검증
Flutter,alarmDayAfter,다음날,Day After,अगले दिन,문구 작성·의미 검토 / 레이아웃 미검증
Flutter,alarmSupersededByNextAlarm,다음 알람으로 자동 종료,Stopped for the next alarm,अगला अलार्म बजने पर बंद हुआ,문구 작성·의미 검토 / 레이아웃 미검증
Flutter,alarmRingingSoon,곧 울립니다,About to ring,अभी बजने वाला है,문구 작성·의미 검토 / 레이아웃 미검증
Flutter,alarmRemainingDaysHours,{days}일 {hours}시간,"{days, plural, =1{1 day} other{{days} days}} {hours, plural, =1{1 hour} other{{hours} hours}}","{days, plural, =1{1 दिन} other{{days} दिन}} {hours, plural, =1{1 घंटा} other{{hours} घंटे}}",문구 작성·의미 검토 / 레이아웃 미검증
Flutter,alarmRemainingHoursMinutes,{hours}시간 {minutes}분,"{hours, plural, =1{1 hour} other{{hours} hours}} {minutes, plural, =1{1 minute} other{{minutes} minutes}}","{hours, plural, =1{1 घंटा} other{{hours} घंटे}} {minutes, plural, =1{1 मिनट} other{{minutes} मिनट}}",문구 작성·의미 검토 / 레이아웃 미검증
Flutter,alarmRemainingMinutes,{minutes}분,"{minutes, plural, =1{1 minute} other{{minutes} minutes}}","{minutes, plural, =1{1 मिनट} other{{minutes} मिनट}}",문구 작성·의미 검토 / 레이아웃 미검증
Flutter,alarmUpNext,다음 알람,Next Alarm,अगला अलार्म,문구 작성·의미 검토 / 레이아웃 미검증
Flutter,alarmNoneUpcoming,예정된 알람이 없습니다,No Upcoming Alarms,आगे कोई अलार्म नहीं है,문구 작성·의미 검토 / 레이아웃 미검증
Flutter,alarmNoneRegistered,등록된 알람이 없습니다,No alarms scheduled,कोई अलार्म सेट नहीं है,문구 작성·의미 검토 / 레이아웃 미검증
Flutter,alarmEmptyStateHint,"설정 탭에서 교대 스케줄을 설정하고
알람을 지정하면 자동으로 알람이 생성됩니다","Set up your shifts in Settings,
then add an alarm for each shift.","सेटिंग में अपनी शिफ्ट सेट करें,
फिर हर शिफ्ट के लिए अलार्म जोड़ें।",문구 작성·의미 검토 / 레이아웃 미검증
Flutter,alarmRemainingDays,{days}일,"{days, plural, =1{1 day} other{{days} days}}","{days, plural, =1{1 दिन} other{{days} दिन}}",문구 작성·의미 검토 / 레이아웃 미검증
Flutter,alarmRemainingHours,{hours}시간,"{hours, plural, =1{1 hour} other{{hours} hours}}","{hours, plural, =1{1 घंटा} other{{hours} घंटे}}",문구 작성·의미 검토 / 레이아웃 미검증
Flutter,alarmViewAllRegistered,등록된 모든 알람 보기,View all alarms,सभी अलार्म देखें,문구 작성·의미 검토 / 레이아웃 미검증
Flutter,alarmSoundShort,소리,Sound,आवाज़,문구 작성·의미 검토 / 레이아웃 미검증
Flutter,alarmDeleteAllPermanently,모든 알람 완전 삭제,Permanently Delete All Alarms,सभी अलार्म हमेशा के लिए हटाएं,문구 작성·의미 검토 / 레이아웃 미검증
Flutter,alarmDeletedToast,알람이 삭제되었습니다,Alarm Deleted,अलार्म हटा दिया गया,문구 작성·의미 검토 / 레이아웃 미검증
Flutter,alarmUpdatedToast,알람이 업데이트되었습니다,Alarm Updated,अलार्म अपडेट हो गया,문구 작성·의미 검토 / 레이아웃 미검증
Flutter,alarmCanceledToast,알람이 취소되었습니다,Alarm Canceled,अलार्म रद्द कर दिया गया,문구 작성·의미 검토 / 레이아웃 미검증
Flutter,alarmCountAll,전체,All,सभी,문구 작성·의미 검토 / 레이아웃 미검증
Flutter,alarmCountFuture,미래,Upcoming,आने वाले,문구 작성·의미 검토 / 레이아웃 미검증
Flutter,alarmCountPast,과거,Past,पिछले,문구 작성·의미 검토 / 레이아웃 미검증
Flutter,alarmDuration,시간,Ring duration,कितनी देर बजे,문구 작성·의미 검토 / 레이아웃 미검증
Flutter,alarmDurationMinutes,{minutes}분,"{minutes, plural, =1{1 min} other{{minutes} min}}","{minutes, plural, =1{1 मिनट} other{{minutes} मिनट}}",문구 작성·의미 검토 / 레이아웃 미검증
Flutter,calendarTheme,달력 테마,Calendar Theme,कैलेंडर थीम,문구 작성·의미 검토 / 레이아웃 미검증
Flutter,calendarSelectDate,날짜 선택,Select Date,तारीख चुनें,문구 작성·의미 검토 / 레이아웃 미검증
Flutter,calendarNSelected,{count}개 선택,"{count, plural, =1{1 Selected} other{{count} Selected}}","{count, plural, =1{1 चुनी गई} other{{count} चुनी गईं}}",문구 작성·의미 검토 / 레이아웃 미검증
Flutter,calendarMemo,메모,Note,नोट,문구 작성·의미 검토 / 레이아웃 미검증
Flutter,calendarMemoAll,메모 모아보기,All Notes,सभी नोट,문구 작성·의미 검토 / 레이아웃 미검증
Flutter,calendarMemoEnter,메모 입력,Write a note,नोट लिखें,문구 작성·의미 검토 / 레이아웃 미검증
Flutter,calendarMemoContent,메모 내용,Note,नोट,문구 작성·의미 검토 / 레이아웃 미검증
Flutter,calendarMemoSearch,메모 검색,Search Notes,नोट खोजें,문구 작성·의미 검토 / 레이아웃 미검증
Flutter,calendarMemoNone,메모가 없습니다,No Notes,कोई नोट नहीं है,문구 작성·의미 검토 / 레이아웃 미검증
Flutter,calendarSearchNoResults,검색 결과가 없습니다,No matching notes,कोई नोट नहीं मिला,문구 작성·의미 검토 / 레이아웃 미검증
Flutter,calendarMemoTotalCount,총 {count}개의 메모,"{count, plural, =1{1 note} other{{count} notes}}","{count, plural, =1{1 नोट} other{{count} नोट}}",문구 작성·의미 검토 / 레이아웃 미검증
Flutter,calendarMemoSearchResultCount,검색 결과 {count}개,"{count, plural, =1{1 result} other{{count} results}}","{count, plural, =1{1 नतीजा} other{{count} नतीजे}}",문구 작성·의미 검토 / 레이아웃 미검증
Flutter,calendarTapToAddMoreDates,탭하여 날짜 추가 선택,Tap to select more dates,और तारीखें चुनने के लिए टैप करें,문구 작성·의미 검토 / 레이아웃 미검증
Flutter,calendarFriendQuickAccessLabel,친구,Friends,दोस्त,문구 작성·의미 검토 / 레이아웃 미검증
Flutter,calendarTapDateToEnter,(해당 날짜 탭하여 입력),Tap a date to add overtime,ओवरटाइम जोड़ने के लिए तारीख पर टैप करें,문구 작성·의미 검토 / 레이아웃 미검증
Flutter,calendarMonthlyOtTitle,{month} 누적 OT,{month} overtime,{month} का ओवरटाइम,문구 작성·의미 검토 / 레이아웃 미검증
Flutter,calendarOtTotal,총 {total},Total: {total},कुल: {total},문구 작성·의미 검토 / 레이아웃 미검증
Flutter,calendarMonthlyWorkTotal,* {month} 총 근무(예정) 시간: {total},Total scheduled hours for {month}: {total},{month} में तय काम के कुल घंटे: {total},문구 작성·의미 검토 / 레이아웃 미검증
Flutter,calendarSetWorkHoursInSettingsHint,(설정 탭에서 근무별 근무시간을 설정해주세요.),Set the hours for each shift in Settings.,सेटिंग में हर शिफ्ट के काम के घंटे दर्ज करें।,문구 작성·의미 검토 / 레이아웃 미검증
Flutter,calendarNoOtRegistered,등록된 OT가 없습니다,No overtime recorded,कोई ओवरटाइम दर्ज नहीं है,문구 작성·의미 검토 / 레이아웃 미검증
Flutter,calendarWeeklyWorkHoursTitle,{month} 주간 누적 근무(예정) 시간,Weekly hours · {month},हफ़्ते के घंटे · {month},문구 작성·의미 검토 / 레이아웃 미검증
Flutter,calendarWeeklyBasisHint,매주 월요일 ~ 일요일 기준 (OT 포함),"Monday–Sunday totals, including overtime","सोमवार–रविवार का कुल समय, ओवरटाइम सहित",문구 작성·의미 검토 / 레이아웃 미검증
Flutter,calendarSetScheduleFirst,근무 스케줄을 먼저 설정해주세요,Set up your shift schedule first,पहले अपना शिफ्ट शेड्यूल बनाएं,문구 작성·의미 검토 / 레이아웃 미검증
Flutter,calendarSpecifyWorkHoursInSettings,설정에서 근무별 근무시간을 지정해주세요.,Set the hours for each shift in Settings.,सेटिंग में हर शिफ्ट के काम के घंटे दर्ज करें।,문구 작성·의미 검토 / 레이아웃 미검증
Flutter,calendarShiftDayCount,{shift} {days}일,"{shift}: {days, plural, =1{1 day} other{{days} days}}","{shift}: {days, plural, =1{1 दिन} other{{days} दिन}}",문구 작성·의미 검토 / 레이아웃 미검증
Flutter,calendarShiftLabel,근무 :,Shift:,शिफ्ट:,문구 작성·의미 검토 / 레이아웃 미검증
Flutter,calendarFixedAlarmLabel,고정 알람 :,Shift alarms:,शिफ्ट के अलार्म:,문구 작성·의미 검토 / 레이아웃 미검증
Flutter,calendarAutoGeneratedWithinDays,{days}일 이내가 되면 자동 생성됩니다,"Alarms are scheduled automatically when this date is less than {days, plural, =1{1 day} other{{days} days}} away.","इस तारीख में {days, plural, =1{1 दिन} other{{days} दिन}} से कम समय बचने पर अलार्म अपने आप सेट होंगे।",문구 작성·의미 검토 / 레이아웃 미검증
Flutter,calendarMemoColonLabel,메모 :,Note:,नोट:,문구 작성·의미 검토 / 레이아웃 미검증
Flutter,calendarSelectAlarmType,알람 타입 선택,Select Alarm Type,अलार्म का प्रकार चुनें,문구 작성·의미 검토 / 레이아웃 미검증
Flutter,calendarAlarmAt,{time} 알람,Alarm at {time},{time} का अलार्म,문구 작성·의미 검토 / 레이아웃 미검증
Flutter,calendarDeleteAlarmTitle,알람 삭제,Delete Alarm,अलार्म हटाएं,문구 작성·의미 검토 / 레이아웃 미검증
Flutter,calendarDeleteAlarmConfirm,{time} 알람을 삭제하시겠습니까?,Delete the {time} alarm?,{time} का अलार्म हटाएं?,문구 작성·의미 검토 / 레이아웃 미검증
Flutter,calendarDeleteAlarmFailed,알람 삭제 실패,Couldn't delete alarm. Try again.,अलार्म नहीं हट सका। फिर कोशिश करें।,문구 작성·의미 검토 / 레이아웃 미검증
Flutter,calendarBulkChangeShiftTitle,{count}일 근무 변경,"{count, plural, =1{Change Shift for 1 Day} other{Change Shift for {count} Days}}","{count, plural, =1{1 दिन की शिफ्ट बदलें} other{{count} दिनों की शिफ्ट बदलें}}",문구 작성·의미 검토 / 레이아웃 미검증
Flutter,calendarMemoDetailTitle,메모 상세,Note Details,नोट का विवरण,문구 작성·의미 검토 / 레이아웃 미검증
Flutter,onboardingCreateSchedule,교대근무 스케줄 생성,Set up your shifts,अपनी शिफ्ट सेट करें,문구 작성·의미 검토 / 레이아웃 미검증
Flutter,onboardingFixedPatternQuestion,고정적으로 순환하는 교대 근무인가요?,Do your shifts follow a repeating pattern?,क्या आपकी शिफ्ट एक तय क्रम में दोहराती हैं?,문구 작성·의미 검토 / 레이아웃 미검증
Flutter,onboardingYesRegular,예 - 규칙적,"Yes, they repeat","हां, तय क्रम है",문구 작성·의미 검토 / 레이아웃 미검증
Flutter,onboardingNoIrregular,아니요 - 불규칙,"No, they vary","नहीं, बदलती रहती हैं",문구 작성·의미 검토 / 레이아웃 미검증
Flutter,onboardingCheckShiftTypes,근무 형태를 확인하세요,Check your shift types,अपनी शिफ्ट के प्रकार देखें,문구 작성·의미 검토 / 레이아웃 미검증
Flutter,onboardingAddIfMissing,없다면 추가 가능합니다,You can add more if needed,ज़रूरत हो तो और जोड़ सकते हैं,문구 작성·의미 검토 / 레이아웃 미검증
Flutter,onboardingShiftLimitHint,(최대 {max}개까지 추가 가능하며 {chars}글자로 제한됩니다.),Up to {max} shift types · {chars} characters per name,अधिकतम {max} प्रकार · हर नाम में {chars} अक्षर,문구 작성·의미 검토 / 레이아웃 미검증
Flutter,onboardingUsableEvenIfNotInPattern,근무 패턴에 포함되지 않더라도 사용 가능해요.,You can also use these outside your usual pattern.,इन्हें अपने सामान्य क्रम से अलग तारीखों पर भी लगा सकते हैं।,문구 작성·의미 검토 / 레이아웃 미검증
Flutter,onboardingShiftNameTitle,내 교대근무에 사용하는 근무명을 모두 선택해 주세요.,Add the shifts and days off you need,अपनी शिफ्ट और छुट्टियां जोड़ें,문구 작성·의미 검토 / 레이아웃 미검증
Flutter,onboardingShiftNameSubHint,"연차나 휴가처럼 가끔 쓰는 근무도 함께 두면, 나중에 달력에서 간편하게 변경할 수 있어요.

쓰지 않는 근무명은 ×로 지우고, 목록에 없는 근무명은 + 추가로 만들어 주세요.","Include days off and leave. You can assign them to dates later.

Tap × to remove or + Add to create a name.","साप्ताहिक छुट्टी और अवकाश भी जोड़ें। बाद में इन्हें तारीखों पर लगा सकते हैं।

हटाने के लिए × या नया नाम बनाने के लिए + जोड़ें पर टैप करें।",문구 작성·의미 검토 / 레이아웃 미검증
Flutter,onboardingSwitchToIrregularPrefix,"만약 교대 패턴이 규칙적이지 않다면, ",Your shifts don't follow a repeating pattern? Tap ,शिफ्ट का तय क्रम नहीं है? ,문구 작성·의미 검토 / 레이아웃 미검증
Flutter,onboardingSwitchToIrregularLink,여기,here,यहां,문구 작성·의미 검토 / 레이아웃 미검증
Flutter,onboardingSwitchToIrregularSuffix, 를 눌러주세요.,., टैप करें।,문구 작성·의미 검토 / 레이아웃 미검증
Flutter,onboardingSelectAllInPattern,실제 근무 패턴에 포함되는 근무를 모두 선택해주세요,Choose the shifts in your repeating pattern,दोहराए जाने वाले क्रम की शिफ्ट चुनें,문구 작성·의미 검토 / 레이아웃 미검증
Flutter,onboardingTapToCompletePattern,버튼을 탭해서 패턴을 완성해주세요,Build your shift pattern,अपनी शिफ्ट का क्रम बनाएं,문구 작성·의미 검토 / 레이아웃 미검증
Flutter,onboardingPatternHint,(최대 40일 · 아래에 추가된 칸을 탭하면 삭제됩니다.),(Up to 40 days · tap a shift in the pattern below to remove it.),(अधिकतम 40 दिन · नीचे किसी शिफ्ट पर टैप करके उसे क्रम से हटाएं।),문구 작성·의미 검토 / 레이아웃 미검증
Flutter,onboardingPatternHowTo,"정기적으로 순환하는 패턴을 한번만 완성해 주세요.
ex) 주간-주간-휴무-휴무-야간-야간-휴무-휴무","Tap shifts in the order they repeat.
For example: Day, Day, Off, Off, Night, Night, Off, Off.","जिस क्रम में शिफ्ट दोहराती हैं, उसी क्रम में टैप करें।
जैसे: दिन, दिन, छुट्टी, छुट्टी, रात, रात, छुट्टी, छुट्टी।",문구 작성·의미 검토 / 레이아웃 미검증
Flutter,onboardingIrregularChoiceTitle,날짜별로 직접 지정할게요,Assign shifts by date,तारीख के हिसाब से शिफ्ट लगाएं,문구 작성·의미 검토 / 레이아웃 미검증
Flutter,onboardingIrregularChoiceDescription,반복 패턴이 없는 근무라면 선택하세요,Choose this if your shifts don't repeat,शिफ्ट का तय क्रम न हो तो यह विकल्प चुनें,문구 작성·의미 검토 / 레이아웃 미검증
Flutter,onboardingNoPattern,패턴 없음,No Pattern,कोई तय क्रम नहीं,문구 작성·의미 검토 / 레이아웃 미검증
Flutter,onboardingAddShiftName,근무명 추가,Add Shift Name,शिफ्ट का नाम जोड़ें,문구 작성·의미 검토 / 레이아웃 미검증
Flutter,onboardingShiftNameHint,근무명 (최대 {chars}글자),Shift Name ({chars} characters max),शिफ्ट का नाम (अधिकतम {chars} अक्षर),문구 작성·의미 검토 / 레이아웃 미검증
Flutter,onboardingSetFixedAlarmPerShift,근무별 고정 알람을 설정하세요,Set alarms for each shift,हर शिफ्ट के लिए अलार्म सेट करें,문구 작성·의미 검토 / 레이아웃 미검증
Flutter,onboardingMaxAlarmsPerShift,각 근무당 최대 {max}개까지 설정 가능합니다.,Up to {max} per shift,हर शिफ्ट के लिए अधिकतम {max},문구 작성·의미 검토 / 레이아웃 미검증
Flutter,onboardingCanChangeInSettings,"고정 알람은 해당 근무일 당일, 전날, 다음날에 모두 설정 가능해요.","Each alarm can ring on the day of the shift, the day before or the day after.","हर अलार्म शिफ्ट वाले दिन, उससे एक दिन पहले या अगले दिन बज सकता है।",문구 작성·의미 검토 / 레이아웃 미검증
Flutter,onboardingAlarmOptional,알람은 지금 설정하지 않고 넘어가도 괜찮아요,You can add alarms later in Settings,अलार्म बाद में सेटिंग से भी जोड़ सकते हैं,문구 작성·의미 검토 / 레이아웃 미검증
Flutter,onboardingFinishSetup,설정 완료,Finish setup,सेटअप पूरा करें,문구 작성·의미 검토 / 레이아웃 미검증
Flutter,onboardingSaving,근무표를 만드는 중...,Creating your schedule...,आपका शेड्यूल बन रहा है…,문구 작성·의미 검토 / 레이아웃 미검증
Flutter,onboardingSaveFailed,저장하지 못했습니다. 잠시 후 다시 시도해주세요.,Couldn't save your setup. Please try again.,सेटअप सेव नहीं हो सका। फिर कोशिश करें।,문구 작성·의미 검토 / 레이아웃 미검증
Flutter,onboardingTapToSet,탭하여 설정,Tap to Set,सेट करने के लिए टैप करें,문구 작성·의미 검토 / 레이아웃 미검증
Flutter,onboardingTodayShiftQuestion,"오늘({date})은
어떤 근무인가요?",Where are you in the pattern today ({date})?,आज ({date}) इस क्रम में आपकी कौन-सी शिफ्ट है?,문구 작성·의미 검토 / 레이아웃 미검증
Flutter,onboardingAllSet,설정 완료!,All Set!,सब तैयार है!,문구 작성·의미 검토 / 레이아웃 미검증
Flutter,onboardingNeedAtLeastOneShift,최소 1개의 근무 형태는 있어야 합니다,You need at least one shift type,कम से कम एक शिफ्ट का प्रकार ज़रूरी है,문구 작성·의미 검토 / 레이아웃 미검증
Flutter,onboardingEnterShiftName,근무명을 입력해주세요,Please enter a shift name,शिफ्ट का नाम दर्ज करें,문구 작성·의미 검토 / 레이아웃 미검증
Flutter,onboardingCharLimitError,{chars}글자 이하로 입력해주세요,Please enter {chars} characters or fewer,अधिकतम {chars} अक्षर दर्ज करें,문구 작성·의미 검토 / 레이아웃 미검증
Flutter,onboardingDuplicateShiftName,이미 존재하는 근무명입니다,This shift name already exists,यह शिफ्ट नाम पहले से मौजूद है,문구 작성·의미 검토 / 레이아웃 미검증
Flutter,shiftNameCommaNotAllowed,"근무명에는 쉼표(,)를 쓸 수 없어요","Shift names can't contain commas (,)","शिफ्ट के नाम में कॉमा (,) नहीं लगा सकते",문구 작성·의미 검토 / 레이아웃 미검증
Flutter,shiftNameReserved,"""{name}""은(는) 앱에서 따로 쓰는 이름이라 근무명으로 쓸 수 없어요","""{name}"" is reserved by the app and can't be used as a shift name","ऐप में ""{name}"" नाम का अलग उपयोग है। शिफ्ट के लिए दूसरा नाम चुनें।",문구 작성·의미 검토 / 레이아웃 미검증
Flutter,onboardingFixedAlarmDialogTitle,{shift} 고정 알람,Alarms for {shift},{shift} के अलार्म,문구 작성·의미 검토 / 레이아웃 미검증
Flutter,onboardingFixedAlarmMaxHint,근무별 알람 {max}개까지 등록 가능,Up to {max} alarms per shift,हर शिफ्ट के लिए अधिकतम {max} अलार्म,문구 작성·의미 검토 / 레이아웃 미검증
Flutter,onboardingWelcomePopupTitle,"교대시계를 설치해 주셔서
감사합니다",Welcome to ShiftBell,ShiftBell में आपका स्वागत है,문구 작성·의미 검토 / 레이아웃 미검증
Flutter,onboardingWelcomePopupBody,"처음 한 번만 근무표와 알람을 등록해 두면, 내 근무에 맞춰 정해진 시간에 알람이 자동으로 울려요.

📅  달력에서 날짜별 근무 한눈에 보기
🗓️  일정 관리와 일정 알림
🌙  수면·회복 관리
👥  친구와 근무표 공유","Set up your shifts and alarms, and ShiftBell will schedule alarms to match your work pattern.

📅  See your shifts at a glance
⏰  Set alarms for each shift
📝  Add notes and track overtime
💾  Back up your data on your device","अपनी शिफ्ट और अलार्म सेट करें। ShiftBell आपके शिफ्ट क्रम के हिसाब से अलार्म लगाता रहेगा।

📅 अपनी शिफ्ट एक नज़र में देखें
⏰ हर शिफ्ट के लिए अलार्म सेट करें
📝 नोट लिखें और ओवरटाइम दर्ज करें
💾 अपने डिवाइस पर डेटा का बैकअप रखें",문구 작성·의미 검토 / 레이아웃 미검증
Flutter,onboardingWelcomePopupStartButton,시작하기,Get Started,शुरू करें,문구 작성·의미 검토 / 레이아웃 미검증
Flutter,onboardingShiftAssignPopupTitle,"근무 배정, 이렇게 하면 돼요",Adding shifts to your calendar,कैलेंडर में शिफ्ट कैसे लगाएं,문구 작성·의미 검토 / 레이아웃 미검증
Flutter,onboardingShiftAssignPopupBody,"불규칙 근무는 정해진 패턴이 없어서, 날짜마다 직접 근무를 지정해줘야 해요.

근무를 지정할 날짜를 길게 눌러 선택 모드로 들어간 뒤, 원하는 날짜들을 이어서 탭하고 하단의 근무명을 탭하여 근무를 지정하세요.

지정한 근무는 언제든 같은 방법으로 다시 바꿀 수 있어요.","If your shifts don't repeat, assign them to dates on the calendar.

Touch and hold a date, then tap any other dates you want to select. Tap a shift name at the bottom to assign it to those dates.

You can change an assigned shift the same way.","शिफ्ट का तय क्रम नहीं है तो कैलेंडर में तारीख के हिसाब से शिफ्ट लगाएं।

किसी तारीख को दबाकर रखें। फिर दूसरी तारीखें चुनने के लिए उन पर टैप करें। नीचे शिफ्ट के नाम पर टैप करने से वह सभी चुनी गई तारीखों पर लग जाएगी।

पहले से लगी शिफ्ट भी इसी तरह बदल सकते हैं।",문구 작성·의미 검토 / 레이아웃 미검증
Flutter,onboardingScheduleTabPopupTitle,"일정관리 탭, 이렇게 써보세요",Using the Schedule tab,निजी काम टैब का इस्तेमाल,문구 작성·의미 검토 / 레이아웃 미검증
Flutter,onboardingScheduleTabPopupBody,"1. 일정 만들기
오른쪽 아래 시계 아이콘을 탭하면 시간축 위에서 시각을 고를 수 있는 모드로 바뀌어요. 원하는 시각에서 한 번 더 탭하면 그 시각으로 새 일정을 만들 수 있어요.

2. 지속시간 설정
기본은 ""지속시간 없음""(특정 시각 하나)이에요. ""+""나 5분/30분/1시간 버튼을 누르면 종료 시각이 있는 일정으로 바뀌어요.

3. 일정에 맞춰 알림받기
알림받기 스위치를 켜면 원하는 시간에 휴대폰 알림을 받을 수 있어요. 알림 소리는 시스템 설정과 동일해요.","1. Add an event
Tap the clock icon at the bottom right, then tap a time on the timeline to add an event.

2. Set an end time
Events have no duration by default. Use + or the 5 min, 30 min and 1 hr buttons to set an end time.

3. Add a reminder
Turn on notifications and choose when to be reminded. The reminder uses your device’s notification sound settings.","1. काम जोड़ें
नीचे दाईं ओर घड़ी के आइकन पर टैप करें। फिर टाइमलाइन में समय चुनकर काम जोड़ें।

2. खत्म होने का समय चुनें
शुरुआत में काम के खत्म होने का समय तय नहीं होता। + या 5 मिनट, 30 मिनट और 1 घंटा बटन से इसे सेट करें।

3. रिमाइंडर लगाएं
सूचना चालू करें और याद दिलाने का समय चुनें। रिमाइंडर की आवाज़ आपके डिवाइस की सूचना सेटिंग के अनुसार होगी।",문구 작성·의미 검토 / 레이아웃 미검증
Flutter,alarmAlreadyExistsAtTime,이미 {time} 알람이 존재합니다.,An alarm already exists at {time}.,{time} पर पहले से एक अलार्म है।,문구 작성·의미 검토 / 레이아웃 미검증
Flutter,settingsShiftManagement,교대 근무 스케줄 관리,Shift Schedule,शिफ्ट शेड्यूल,문구 작성·의미 검토 / 레이아웃 미검증
Flutter,settingsShiftManagementEditButton,편집,Edit,बदलें,문구 작성·의미 검토 / 레이아웃 미검증
Flutter,settingsNotSet,설정 안 됨,Not Set,सेट नहीं है,문구 작성·의미 검토 / 레이아웃 미검증
Flutter,settingsWorkHoursAndOt,근무시간 및 OT 설정,Work Hours & Overtime,काम के घंटे और ओवरटाइम,문구 작성·의미 검토 / 레이아웃 미검증
Flutter,settingsWorkHoursAndOtDesc,"근무별 근무시간, 월 근무시간 기준 기간",Shift hours and monthly reporting period,हर शिफ्ट के घंटे और महीने की गणना अवधि,문구 작성·의미 검토 / 레이아웃 미검증
Flutter,settingsDefaultWorkHoursPerShift,근무별 실제 근무시간,Work hours per shift,हर शिफ्ट के काम के घंटे,문구 작성·의미 검토 / 레이아웃 미검증
Flutter,settingsMonthlyPeriodBasis,월별 총 근무시간 산정 기준 기간,Monthly reporting period,महीने की गणना अवधि,문구 작성·의미 검토 / 레이아웃 미검증
Flutter,settingsCalendarMonthBasis,달력 월 기준,Calendar Month,पूरा कैलेंडर महीना,문구 작성·의미 검토 / 레이아웃 미검증
Flutter,settingsCalendarMonthBasisDesc,매월 1일 ~ 말일,1st to last day of each month,महीने की पहली से आखिरी तारीख तक,문구 작성·의미 검토 / 레이아웃 미검증
Flutter,settingsPaydayBasis,급여 산정일 기준,Custom monthly period,अपनी मासिक अवधि चुनें,문구 작성·의미 검토 / 레이아웃 미검증
Flutter,settingsPaydayBasisDesc,직접 정한 날짜를 기준으로 매달 합산,Totaled monthly from a date you set,चुनी गई तारीख से हर महीने का कुल समय,문구 작성·의미 검토 / 레이아웃 미검증
Flutter,settingsPeriodStartBasis,시작일 기준,Period starts on,अवधि की पहली तारीख,문구 작성·의미 검토 / 레이아웃 미검증
Flutter,settingsPeriodEndBasis,종료일 기준,Period ends on,अवधि की आखिरी तारीख,문구 작성·의미 검토 / 레이아웃 미검증
Flutter,settingsPreviewThisMonth,미리보기: 이번 달 기준 {range},Preview: this month's period is {range},इस महीने की अवधि: {range},문구 작성·의미 검토 / 레이아웃 미검증
Flutter,settingsFriendShareDesc,공유 코드로 친구와 서로의 일정 확인,Share schedules with friends using a code or link,कोड या लिंक से दोस्तों के साथ शेड्यूल शेयर करें,문구 작성·의미 검토 / 레이아웃 미검증
Flutter,settingsRenameShiftDesc,근무명을 수정하거나 추가/삭제합니다.,"Edit, add, or delete shift names.","शिफ्ट के नाम बदलें, जोड़ें या हटाएं।",문구 작성·의미 검토 / 레이아웃 미검증
Flutter,settingsEditShiftNameDesc,근무 이름을 수정합니다,Edit this shift's name,इस शिफ्ट का नाम बदलें,문구 작성·의미 검토 / 레이아웃 미검증
Flutter,settingsChangeAlarmTimeDesc,근무별 알람 시간을 변경합니다,Change the alarm time for each shift,हर शिफ्ट के अलार्म का समय बदलें,문구 작성·의미 검토 / 레이아웃 미검증
Flutter,settingsChangeScheduleDesc,내 근무 스케줄을 변경합니다.,Change your work schedule.,अपना शिफ्ट शेड्यूल बदलें।,문구 작성·의미 검토 / 레이아웃 미검증
Flutter,settingsAlarmHistoryDesc,생성됐던 모든 알람과 그 결과 확인,View alarms and their status,पिछले अलार्म और उनकी स्थिति देखें,문구 작성·의미 검토 / 레이아웃 미검증
Flutter,settingsMemoAllDesc,전체 메모 확인 및 검색,View and search all notes,सभी नोट देखें और खोजें,문구 작성·의미 검토 / 레이아웃 미검증
Flutter,settingsDeleteAllAlarmsDesc,등록된 모든 알람 삭제,Delete all scheduled alarms,सभी सेट किए गए अलार्म हटाएं,문구 작성·의미 검토 / 레이아웃 미검증
Flutter,settingsDataBackupTitle,데이터 백업,Back up data,डेटा का बैकअप लें,문구 작성·의미 검토 / 레이아웃 미검증
Flutter,settingsDataBackupDesc,지금 기기에 근무표·알람·메모 등을 백업해요,"Back up your schedule, alarms, notes and more to this device","शेड्यूल, अलार्म, नोट और बाकी डेटा इसी डिवाइस पर सेव करें",문구 작성·의미 검토 / 레이아웃 미검증
Flutter,settingsDataBackupLastSavedAt,마지막 백업: {date},Last backup: {date},आखिरी बैकअप: {date},문구 작성·의미 검토 / 레이아웃 미검증
Flutter,settingsDataBackupNeverSaved,아직 백업한 적 없어요,No backup yet,अभी कोई बैकअप नहीं है,문구 작성·의미 검토 / 레이아웃 미검증
Flutter,settingsDataBackupSlots,"직접 백업: {manual}
자동 백업: {auto}","Manual backup: {manual}
Automatic backup: {auto}","खुद लिया गया बैकअप: {manual}
अपने आप लिया गया बैकअप: {auto}",문구 작성·의미 검토 / 레이아웃 미검증
Flutter,settingsDataBackupSlotNone,없음,None,कोई नहीं,문구 작성·의미 검토 / 레이아웃 미검증
Flutter,customAlarmLabel,원터치 알람,One-tap alarm,एक टैप अलार्म,문구 작성·의미 검토 / 레이아웃 미검증
Flutter,customAlarmEditTooltip,원터치 알람 편집,Edit one-tap alarms,एक टैप अलार्म बदलें,문구 작성·의미 검토 / 레이아웃 미검증
Flutter,customAlarmEditorTitle,원터치 알람 설정,One-tap alarm settings,एक टैप अलार्म की सेटिंग,문구 작성·의미 검토 / 레이아웃 미검증
Flutter,customAlarmEditorDesc,"시각과 울림 방식을 5칸까지 저장하세요. 오늘·내일에만 할당할 수 있고, 한 칸은 같은 날짜에 한 번만 할당됩니다. 할당된 칸은 날짜별 알람을 삭제하기 전까지 수정할 수 없습니다.","Save up to 5 alarm presets, each with a time and sound setting. Use a preset for today or tomorrow, once per day. To edit a preset that is in use, delete its scheduled alarms first.",समय और आवाज़ के साथ अधिकतम 5 अलार्म विकल्प सेव करें। हर विकल्प से आज या कल के लिए रोज़ एक अलार्म लगा सकते हैं। इस्तेमाल हो रहे विकल्प को बदलने से पहले उससे लगाए गए अलार्म हटाएं।,문구 작성·의미 검토 / 레이아웃 미검증
Flutter,customAlarmSlotEmpty,비어 있음,Empty,खाली,문구 작성·의미 검토 / 레이아웃 미검증
Flutter,customAlarmSlotClear,비우기,Clear,हटाएं,문구 작성·의미 검토 / 레이아웃 미검증
Flutter,customAlarmAssignHint,날짜를 누르면 {time} 알람이 추가돼요,Tap a date to add a {time} alarm,{time} का अलार्म लगाने के लिए तारीख पर टैप करें,문구 작성·의미 검토 / 레이아웃 미검증
Flutter,customAlarmScheduledToday,오늘 {time}에 알람이 예약됐어요,Alarm set for today at {time},आज {time} का अलार्म लग गया,문구 작성·의미 검토 / 레이아웃 미검증
Flutter,customAlarmScheduledOn,{date} {time}에 알람이 예약됐어요,Alarm set for {date} at {time},{date} को {time} का अलार्म लग गया,문구 작성·의미 검토 / 레이아웃 미검증
Flutter,customAlarmScheduledSoon,{minutes}분 후에 알람이 울려요,Alarm will ring in {minutes} min,अलार्म {minutes} मिनट में बजेगा,문구 작성·의미 검토 / 레이아웃 미검증
Flutter,customAlarmPast,이미 지난 시각이라 알람을 만들지 않았어요,"That time has already passed, so no alarm was added","यह समय बीत चुका है, इसलिए अलार्म नहीं लगाया गया",문구 작성·의미 검토 / 레이아웃 미검증
Flutter,customAlarmOutsideWindow,원터치 알람은 오늘과 내일에만 만들 수 있어요,One-tap alarms can be set only for today or tomorrow,एक टैप अलार्म सिर्फ आज या कल के लिए लगा सकते हैं,문구 작성·의미 검토 / 레이아웃 미검증
Flutter,customAlarmDuplicate,그 날짜 {time}에 이미 알람이 있어요,There's already an alarm at {time} on that date,उस तारीख को {time} पर पहले से अलार्म है,문구 작성·의미 검토 / 레이아웃 미검증
Flutter,customAlarmScheduleFailed,알람을 실제 기기에 예약하지 못했어요. 잠시 뒤 다시 시도해 주세요,The alarm could not be scheduled on this device. Please try again shortly,इस डिवाइस पर अलार्म सेट नहीं हो सका। थोड़ी देर बाद फिर कोशिश करें।,문구 작성·의미 검토 / 레이아웃 미검증
Flutter,customAlarmUndo,되돌리기,Undo,वापस लें,문구 작성·의미 검토 / 레이아웃 미검증
Flutter,customAlarmDeleted,원터치 알람을 삭제했어요,One-tap alarm deleted,एक टैप अलार्म हटा दिया गया,문구 작성·의미 검토 / 레이아웃 미검증
Flutter,customAlarmDeleteConfirm,{time} 원터치 알람을 삭제할까요?,Delete the {time} one-tap alarm?,{time} का एक टैप अलार्म हटाएं?,문구 작성·의미 검토 / 레이아웃 미검증
Flutter,fixedAlarmSkippedByOneTap,같은 시각의 원터치 알람이 먼저 설정돼 있어 고정 알람은 만들지 않았어요,"A one-tap alarm was set first at the same time, so the shift alarm was skipped","इसी समय एक टैप अलार्म पहले से लगा था, इसलिए शिफ्ट का अलार्म नहीं लगाया गया",문구 작성·의미 검토 / 레이아웃 미검증
Flutter,settingsDataBackupInProgress,백업하는 중...,Backing up...,बैकअप लिया जा रहा है…,문구 작성·의미 검토 / 레이아웃 미검증
Flutter,settingsDataBackupSuccessToast,백업이 Download/ShiftBell에 저장되었어요. 재설치 후에는 첫 화면에서 이 파일을 직접 선택해 복구하세요.,"Backup saved to Download/ShiftBell. After reinstalling, choose this file on the first screen to restore it.",बैकअप Download/ShiftBell में सेव हो गया। ऐप दोबारा इंस्टॉल करने पर पहली स्क्रीन से यह फ़ाइल चुनकर डेटा वापस ला सकते हैं।,문구 작성·의미 검토 / 레이아웃 미검증
Flutter,settingsDataBackupFailedToast,"백업에 실패했어요(Android 10 이상 필요, 또는 일시적 오류)","Couldn't save the backup. Android 10 or later is required. If your device supports backups, please try again.",बैकअप सेव नहीं हुआ। इसके लिए Android 10 या नया संस्करण चाहिए। आपके डिवाइस में यह सुविधा है तो फिर कोशिश करें।,문구 작성·의미 검토 / 레이아웃 미검증
Flutter,backupRestoreFoundTitle,이 백업으로 복구할까요?,Restore from this backup?,इस बैकअप से डेटा वापस लाएं?,문구 작성·의미 검토 / 레이아웃 미검증
Flutter,backupRestoreFoundDesc,복구하면 근무표·알람·메모 등 데이터를 그대로 이어서 사용할 수 있어요.,"Restore your shift schedule, alarms, notes and other saved data from this backup.","इस बैकअप से अपना शिफ्ट शेड्यूल, अलार्म, नोट और बाकी सेव किया गया डेटा वापस लाएं।",문구 작성·의미 검토 / 레이아웃 미검증
Flutter,backupRestoreLastSavedAt,백업 시각: {date},Backed up: {date},बैकअप का समय: {date},문구 작성·의미 검토 / 레이아웃 미검증
Flutter,backupRestoreButton,복구하기,Restore,वापस लाएं,문구 작성·의미 검토 / 레이아웃 미검증
Flutter,backupRestoreSkipButton,새로 시작하기,Start fresh,नई शुरुआत करें,문구 작성·의미 검토 / 레이아웃 미검증
Flutter,backupRestoreInProgress,복구하는 중...,Restoring...,डेटा वापस लाया जा रहा है…,문구 작성·의미 검토 / 레이아웃 미검증
Flutter,backupRestoreFailedToast,복구에 실패했어요. 다시 시도해주세요.,Restore failed. Please try again.,डेटा वापस नहीं आ सका। फिर कोशिश करें।,문구 작성·의미 검토 / 레이아웃 미검증
Flutter,backupRestoreEmptyToast,이 백업에는 저장된 근무 일정이 없어서 복구할 내용이 없어요. 새로 시작할게요.,This backup has no shift schedule. Start by setting up your shifts.,इस बैकअप में शिफ्ट शेड्यूल नहीं है। पहले अपनी शिफ्ट सेट करें।,문구 작성·의미 검토 / 레이아웃 미검증
Flutter,backupRestoreManualPickLink,이전 백업 불러오기,Choose a backup file,बैकअप फ़ाइल चुनें,문구 작성·의미 검토 / 레이아웃 미검증
Flutter,onboardingHasBackupTitle,기존에 쓰시던 분이라면,Used this app before?,पहले भी यह ऐप इस्तेमाल किया है?,문구 작성·의미 검토 / 레이아웃 미검증
Flutter,onboardingHasBackupLoadButton,불러오기,Restore,डेटा वापस लाएं,문구 작성·의미 검토 / 레이아웃 미검증
Flutter,backupRestoreManualPickHint,Download/ShiftBell 폴더의 백업 파일로 쓰던 그대로 이어갈 수 있어요.,Pick up where you left off with the backup file in Download/ShiftBell.,Download/ShiftBell की बैकअप फ़ाइल से अपना पुराना डेटा वापस लाएं।,문구 작성·의미 검토 / 레이아웃 미검증
Flutter,backupRestoreManualPickInvalidToast,올바른 백업 파일이 아니에요. ShiftBell_Backup_로 시작하는 파일을 선택했는지 확인해주세요.,Choose a ShiftBell backup file. Its name starts with ShiftBell_Backup_.,ShiftBell की बैकअप फ़ाइल चुनें। इसका नाम ShiftBell_Backup_ से शुरू होता है।,문구 작성·의미 검토 / 레이아웃 미검증
Flutter,backupRestoreInvalidToast,이 백업 파일은 내용 검사를 통과하지 못해 복구하지 않았어요. 지금 데이터는 바뀌지 않았어요.,"This backup couldn't be verified. Nothing was restored, and your current data is unchanged.",इस बैकअप की जांच सफल नहीं हुई। कोई डेटा वापस नहीं लाया गया और आपका मौजूदा डेटा वैसा ही है।,문구 작성·의미 검토 / 레이아웃 미검증
Flutter,backupRestoreIncompleteToast,복구를 끝까지 마치지 못했어요. 알람은 지금 데이터 기준으로 다시 맞춰 두었어요. 앱을 다시 열면 이어서 완료할 수 있어요.,The restore couldn't finish. Alarms have been set again based on your current data. Open the app again to complete it.,डेटा वापस लाने की प्रक्रिया पूरी नहीं हुई। मौजूदा डेटा के अनुसार अलार्म फिर सेट कर दिए गए हैं। प्रक्रिया पूरी करने के लिए ऐप दोबारा खोलें।,문구 작성·의미 검토 / 레이아웃 미검증
Flutter,settingsRestoreFromBackupEmptyToast,이 백업에는 근무 일정이 없어서 불러오지 않았어요. 지금 데이터는 그대로예요.,"This backup has no shift schedule, so it wasn't loaded. Your current data is unchanged.","इस बैकअप में शिफ्ट शेड्यूल नहीं है, इसलिए इसे लोड नहीं किया गया। मौजूदा डेटा वैसा ही है।",문구 작성·의미 검토 / 레이아웃 미검증
Flutter,restoreInterruptedTitle,백업 복원이 완료되지 않았어요,Restore interrupted,डेटा वापस लाना बीच में रुक गया,문구 작성·의미 검토 / 레이아웃 미검증
Flutter,restoreInterruptedDesc,"이전에 시작한 복원이 중간에 멈췄어요. 이어서 완료하면 그 백업 내용으로 데이터를 맞추고, 멈춘 뒤에 바뀐 내용은 덮어써져요. 지금 데이터로 계속 쓸 수도 있어요. 어느 쪽이든 알람은 선택한 데이터 기준으로 다시 맞춰져요.","An earlier restore did not finish. Continuing will replace your current data with that backup, including any changes made since the restore stopped.

You can continue restoring or keep your current data. Alarms will be scheduled using the data you choose.","पिछली बार बैकअप से डेटा वापस लाने की प्रक्रिया पूरी नहीं हुई। जारी रखने पर मौजूदा डेटा की जगह उस बैकअप का डेटा आ जाएगा। प्रक्रिया रुकने के बाद किए गए बदलाव भी बदल जाएंगे।

आप प्रक्रिया जारी रख सकते हैं या मौजूदा डेटा रख सकते हैं। अलार्म आपके चुने हुए डेटा के अनुसार सेट होंगे।",문구 작성·의미 검토 / 레이아웃 미검증
Flutter,restoreInterruptedResumeButton,이어서 복원하기,Continue restoring,प्रक्रिया जारी रखें,문구 작성·의미 검토 / 레이아웃 미검증
Flutter,restoreInterruptedKeepButton,지금 데이터로 계속 쓰기,Keep current data,मौजूदा डेटा रखें,문구 작성·의미 검토 / 레이아웃 미검증
Flutter,restoreInterruptedCopyLost,복원에 쓰던 파일을 찾을 수 없어서 이어서 할 수 없어요. 알람과 일정 알림은 지금 데이터 기준으로 다시 맞춰 둘게요.,"The backup file is no longer available, so this restore cannot continue. Alarms will be scheduled again using your current data.","बैकअप फ़ाइल अब उपलब्ध नहीं है, इसलिए प्रक्रिया जारी नहीं रख सकते। मौजूदा डेटा के अनुसार अलार्म फिर सेट होंगे।",문구 작성·의미 검토 / 레이아웃 미검증
Flutter,restoreInterruptedInProgress,처리하는 중...,Working...,प्रक्रिया चल रही है…,문구 작성·의미 검토 / 레이아웃 미검증
Flutter,settingsRestoreFromBackupTitle,백업 데이터 불러오기,Restore from backup,बैकअप से डेटा वापस लाएं,문구 작성·의미 검토 / 레이아웃 미검증
Flutter,settingsRestoreFromBackupDesc,다른 백업 파일로 지금 데이터를 덮어써요,Overwrite current data with a backup file,मौजूदा डेटा की जगह बैकअप का डेटा लाएं,문구 작성·의미 검토 / 레이아웃 미검증
Flutter,settingsRestoreFromBackupWarningTitle,백업 데이터 불러오기,Restore from backup,बैकअप से डेटा वापस लाएं,문구 작성·의미 검토 / 레이아웃 미검증
Flutter,settingsRestoreFromBackupWarningBody,"지금 이 기기에 저장된 근무표·알람·메모·수면 기록 등 모든 데이터가 선택하는 백업 파일의 내용으로 완전히 덮어써집니다. 되돌릴 수 없으니 신중하게 진행해주세요.

다음 화면에서 파일 선택 창이 뜨면 아래 위치의 파일을 선택해주세요.

경로: Download → ShiftBell
파일명: ShiftBell_Backup_manual_(직접 백업) 또는 ShiftBell_Backup_auto_(자동 백업)로 시작하고 끝에 날짜와 시각이 붙은 파일(예: ShiftBell_Backup_auto_260917_060412.json)
보통 두 파일 중 날짜·시각이 더 최근인 것을 고르세요. 고른 뒤 다음 화면에서 그 백업의 저장 시각을 다시 확인할 수 있습니다.","Your current app data, including shifts, alarms, notes and overtime, will be replaced by the backup you choose. This cannot be undone.

Choose a file in Download → ShiftBell.

Backup names start with ShiftBell_Backup_manual_ or ShiftBell_Backup_auto_ and end with a date and time, for example ShiftBell_Backup_auto_260917_060412.json. Choose the most recent file, or the version you want to restore. You can review its saved time before continuing.","आपके मौजूदा ऐप डेटा—शिफ्ट, अलार्म, नोट और ओवरटाइम सहित—की जगह चुने गए बैकअप का डेटा आ जाएगा। इसे वापस नहीं किया जा सकता।

Download → ShiftBell में फ़ाइल चुनें।

बैकअप का नाम ShiftBell_Backup_manual_ या ShiftBell_Backup_auto_ से शुरू होता है और अंत में तारीख व समय होता है। जैसे: ShiftBell_Backup_auto_260917_060412.json। सबसे नई फ़ाइल या जिस समय का डेटा चाहिए, वह फ़ाइल चुनें। आगे बढ़ने से पहले बैकअप का समय देख सकते हैं।",문구 작성·의미 검토 / 레이아웃 미검증
Flutter,settingsRestoreFromBackupPickButton,파일 선택하기,Choose file,फ़ाइल चुनें,문구 작성·의미 검토 / 레이아웃 미검증
Flutter,settingsRestoreFromBackupConfirmTitle,이 백업으로 복구할까요?,Restore from this backup?,इस बैकअप से डेटा वापस लाएं?,문구 작성·의미 검토 / 레이아웃 미검증
Flutter,settingsRestoreFromBackupConfirmBody,{date}에 저장된 백업이에요. 복구하면 지금 이 기기의 데이터는 모두 사라지고 이 백업 내용으로 바뀝니다.,This backup was saved on {date}. Restoring will replace the app’s current data with this backup’s contents.,यह बैकअप {date} को सेव हुआ था। ऐप के मौजूदा डेटा की जगह इस बैकअप का डेटा आ जाएगा।,문구 작성·의미 검토 / 레이아웃 미검증
Flutter,settingsRestoreFromBackupConfirmButton,복구하기,Restore,वापस लाएं,문구 작성·의미 검토 / 레이아웃 미검증
Flutter,settingsRestoreFromBackupInProgress,복구하는 중...,Restoring...,डेटा वापस लाया जा रहा है…,문구 작성·의미 검토 / 레이아웃 미검증
Flutter,settingsRestoreFromBackupSuccessToast,복구 완료! 앱을 다시 시작할게요.,Restored! Restarting the app now.,डेटा वापस आ गया! ऐप दोबारा शुरू हो रहा है।,문구 작성·의미 검토 / 레이아웃 미검증
Flutter,restoreWaitingAlarmEnd,알람이 울리는 중이에요. 알람이 끝나면 앱을 다시 시작할게요.,An alarm is ringing. The app will restart after the alarm ends.,अभी अलार्म बज रहा है। इसके बंद होने पर ऐप दोबारा शुरू होगा।,문구 작성·의미 검토 / 레이아웃 미검증
Flutter,restoreDoNotLeave,복구가 끝날 때까지 앱을 닫거나 다른 화면으로 이동하지 마세요.,Please don't close the app or leave this screen until the restore finishes.,डेटा वापस आने तक ऐप बंद न करें और इसी स्क्रीन पर रहें।,문구 작성·의미 검토 / 레이아웃 미검증
Flutter,settingsRestoreFromBackupFailedToast,복구에 실패했어요. 다시 시도해주세요.,Restore failed. Please try again.,डेटा वापस नहीं आ सका। फिर कोशिश करें।,문구 작성·의미 검토 / 레이아웃 미검증
Flutter,settingsHelp,도움말,Help,मदद,문구 작성·의미 검토 / 레이아웃 미검증
Flutter,settingsHelpDesc,앱 사용법 안내,How to use ShiftBell,ShiftBell इस्तेमाल करना सीखें,문구 작성·의미 검토 / 레이아웃 미검증
Flutter,settingsPrivacyPolicy,개인정보처리방침,Privacy Policy,निजता नीति,문구 작성·의미 검토 / 레이아웃 미검증
Flutter,settingsAdPrivacy,광고 개인정보 설정,Ad Privacy Settings,विज्ञापन की निजता सेटिंग,문구 작성·의미 검토 / 레이아웃 미검증
Flutter,settingsActionCannotBeUndone,이 작업은 되돌릴 수 없습니다.,This action cannot be undone.,इसे वापस नहीं किया जा सकता।,문구 작성·의미 검토 / 레이아웃 미검증
Flutter,settingsMustRecreateAlarms,앱 이용을 위해서는 알람을 다시 생성해야 합니다.,You'll need to set up alarms again if you want them to ring.,अलार्म बजाने के लिए उन्हें फिर सेट करना होगा।,문구 작성·의미 검토 / 레이아웃 미검증
Flutter,settingsAlarmSoundSettings,알람음 설정,Sound & Vibration,आवाज़ और वाइब्रेशन,문구 작성·의미 검토 / 레이아웃 미검증
Flutter,settingsAlarmSoundManageDesc,"소리+진동, 진동, 무음 설정","Choose a sound, vibration or silent mode","आवाज़, वाइब्रेशन या साइलेंट मोड चुनें",문구 작성·의미 검토 / 레이아웃 미검증
Flutter,settingsIncludesVibration,진동 포함,Includes Vibration,वाइब्रेशन भी चालू,문구 작성·의미 검토 / 레이아웃 미검증
Flutter,settingsAllAlarmsWillBeDeleted,등록된 모든 알람이 삭제됩니다.,All scheduled alarms will be deleted.,सभी सेट किए गए अलार्म हट जाएंगे।,문구 작성·의미 검토 / 레이아웃 미검증
Flutter,settingsAllAlarmsDeletedToast,모든 알람이 완전히 삭제되었습니다,All alarms have been permanently deleted,सभी अलार्म हमेशा के लिए हटा दिए गए,문구 작성·의미 검토 / 레이아웃 미검증
Flutter,statusDeleteFailed,삭제 실패,Failed to delete,हटाया नहीं जा सका,문구 작성·의미 검토 / 레이아웃 미검증
Flutter,settingsScheduleChanging,스케줄 변경 중...,Changing schedule...,शेड्यूल बदला जा रहा है…,문구 작성·의미 검토 / 레이아웃 미검증
Flutter,settingsScheduleChangeFailedWithError,스케줄 변경 실패: {error},Failed to change schedule: {error},शेड्यूल नहीं बदल सका: {error},문구 작성·의미 검토 / 레이아웃 미검증
Flutter,settingsAllTeamsRegularOnly,이 기능은 규칙적 근무 패턴이 설정된 경우에만 사용할 수 있습니다.,Team schedules require a repeating shift pattern.,टीमों के शेड्यूल के लिए दोहराने वाला शिफ्ट क्रम ज़रूरी है।,문구 작성·의미 검토 / 레이아웃 미검증
Flutter,settingsEditShiftNameTitle,근무명 수정,Edit Shift Name,शिफ्ट का नाम बदलें,문구 작성·의미 검토 / 레이아웃 미검증
Flutter,settingsEditFixedAlarmTitle,고정 알람 수정,Edit Shift Alarms,शिफ्ट के अलार्म बदलें,문구 작성·의미 검토 / 레이아웃 미검증
Flutter,settingsEditShiftColorTitle,근무명 색상 변경,Change Shift Color,शिफ्ट का रंग बदलें,문구 작성·의미 검토 / 레이아웃 미검증
Flutter,settingsEditShiftColorDesc,근무별 색상을 변경합니다,Change the color for each shift,हर शिफ्ट का रंग चुनें,문구 작성·의미 검토 / 레이아웃 미검증
Flutter,settingsShiftFixedAlarmTitle,{shift} 고정 알람,Alarms for {shift},{shift} के अलार्म,문구 작성·의미 검토 / 레이아웃 미검증
Flutter,settingsFixedAlarmRegisterLimit,근무별 알람 {max}개까지 등록 가능,Up to {max} alarms per shift,हर शिफ्ट के लिए अधिकतम {max} अलार्म,문구 작성·의미 검토 / 레이아웃 미검증
Flutter,settingsColorPickerTitle,"""{shift}"" 색상 선택","Select Color for ""{shift}""","""{shift}"" का रंग चुनें",문구 작성·의미 검토 / 레이아웃 미검증
Flutter,settingsSelectTodayShiftFromPattern,패턴에서 오늘 근무를 선택하세요,Select today's shift from the pattern,क्रम में आज की शिफ्ट चुनें,문구 작성·의미 검토 / 레이아웃 미검증
Flutter,settingsScheduleChangeWarning,"앞으로 10일간의 고정알람을
새 스케줄에 맞춰 갱신합니다.
원터치 알람과 알람 이력은
그대로 유지됩니다.","Shift alarms for the next 10 days will follow your new schedule.
One-tap alarms and alarm history will be kept.","अगले 10 दिनों के शिफ्ट अलार्म नए शेड्यूल के अनुसार बदल जाएंगे।
एक टैप अलार्म और अलार्म का इतिहास बना रहेगा।",문구 작성·의미 검토 / 레이아웃 미검증
Flutter,settingsScheduleChangedRedoAllTeamsHint,스케줄 변경 시 전체 근무표도 다시 설정해주세요.,"If you use team schedules, set them up again after this change.","अगर आप टीमों के शेड्यूल इस्तेमाल करते हैं, तो इस बदलाव के बाद उन्हें फिर सेट करें।",문구 작성·의미 검토 / 레이아웃 미검증
Flutter,settingsResetScheduleSharingFailed,스케줄은 초기화됐지만 이전 공유가 남아 있을 수 있어요. 앱 사용이 정상화되면 ‘일정공유 → 내 일정 공유하기’에서 ‘공유 중지’를 눌러 주세요.,"Your schedule was reset, but your old shared schedule may still be visible. When the app is working again, go to Schedule Sharing → Share My Schedule → Stop Sharing.","आपका शेड्यूल रीसेट हो गया, लेकिन पुराना शेयर किया गया शेड्यूल अभी दिख सकता है। ऐप फिर ठीक से काम करने लगे तो शेड्यूल शेयर करें → मेरा शेड्यूल शेयर करें → शेयर करना बंद करें पर जाएं।",문구 작성·의미 검토 / 레이아웃 미검증
Flutter,settingsResetScheduleConfirm,"교대 스케줄과 알람을 모두 초기화할까요?

전체 조 근무표와 알람 이력, 생성 기록도 삭제됩니다. 내 일정 공유도 중지됩니다. 인터넷 연결이 없으면 연결 후 중지되며, 그전에는 기존 공유가 보일 수 있습니다.","Reset your shift schedule and all alarms?

All team schedules, alarm history and creation records will also be deleted. Sharing your schedule will stop too. If offline, sharing stops after reconnecting; the previously shared schedule may remain visible until then.","अपना शिफ्ट शेड्यूल और सभी अलार्म रीसेट करें?

सभी टीमों के शेड्यूल, अलार्म का इतिहास और अलार्म बनने के रिकॉर्ड भी हट जाएंगे। शेड्यूल शेयर करना भी बंद होगा। इंटरनेट न होने पर दोबारा कनेक्ट होने के बाद शेयर करना बंद होगा; तब तक पुराना शेड्यूल दिख सकता है।",문구 작성·의미 검토 / 레이아웃 미검증
Flutter,privacyIntro,"교대시계는 개발자가 운영하는 별도 서버 없이 동작하며, 앱에서 만드는 데이터는 기본적으로 사용자의 기기 안에 저장됩니다. 아래에서 무엇이 기기에 저장되고, 어떤 경우에 어떤 정보가 Google 서비스로 전송되는지 안내드립니다.","Your shift and alarm data is stored on your device. ShiftBell also uses Google services for usage statistics and advertising. This policy explains those services, local files and data retained from features used before switching to English.","आपकी शिफ्ट और अलार्म का डेटा आपके डिवाइस पर सेव होता है। ShiftBell इस्तेमाल के आंकड़ों और विज्ञापनों के लिए Google की सेवाएं भी इस्तेमाल करता है। यह नीति इन सेवाओं, स्थानीय फ़ाइलों और हिंदी में बदलने से पहले इस्तेमाल की गई सुविधाओं के बचे हुए डेटा की जानकारी देती है।",문구 작성·의미 검토 / 레이아웃 미검증
Flutter,privacyNoCollectionTitle,기본 - 기기 안에 저장되는 데이터,Data stored on your device,आपके डिवाइस पर सेव होने वाला डेटा,문구 작성·의미 검토 / 레이아웃 미검증
Flutter,privacyNoCollectionBody,"근무 스케줄, 알람 설정과 알람 기록, 메모/일정, 근무시간·OT, 수면 기록, 친구 목록 등 앱에서 만드는 데이터는 사용자의 기기 안에 저장되며 개발자에게 전송되지 않습니다. 자동 수면 추정도 화면이 켜져 있는지, 충전 중인지만 기기 안에서 확인하고 그 결과를 밖으로 보내지 않습니다.

다만 아래 '사용 통계', '일정공유', '광고' 항목에 적힌 범위의 정보는 Google 서비스로 전송됩니다.

진단 파일은 Android 10 이상에서 기기 안의 Download/ShiftBell/log 폴더에 자동 저장·갱신됩니다. 이 파일에는 기기·Android 버전, 권한과 배터리 설정 상태, 알람 예약·울림 기록, 백업 기록이 들어가며 메모·일정 내용, 근무명, 친구 이름은 들어가지 않아요. 앱이 이 파일을 자동으로 전송하지 않으며, 필요할 때 사용자가 직접 찾아 보내실 수 있어요.","Your shifts, alarm settings and history, notes, work hours and overtime are stored in the app’s local database. These contents are not included in analytics events or advertising requests.

The Events tab, sleep tracking and schedule sharing are unavailable in English. Switching languages does not erase records you created while using those features in Korean. They may remain in the database and in backups. Automatic sleep estimation is disabled in English.

On Android 10 or later, diagnostic files are saved locally in Download/ShiftBell/log. They include device and Android versions, permission and battery settings, and alarm and backup processing records. Note or event contents, shift names and friend names are excluded. The app does not send these files automatically.","आपकी शिफ्ट, अलार्म सेटिंग और इतिहास, नोट, काम के घंटे और ओवरटाइम ऐप के स्थानीय डेटाबेस में सेव होते हैं। इनकी सामग्री इस्तेमाल के आंकड़ों या विज्ञापन अनुरोधों में शामिल नहीं की जाती।

निजी काम टैब, नींद की ट्रैकिंग और शेड्यूल शेयर करना हिंदी में उपलब्ध नहीं हैं। भाषा बदलने से कोरियाई में इन सुविधाओं का इस्तेमाल करते समय बनाए गए रिकॉर्ड नहीं मिटते। वे डेटाबेस और बैकअप में रह सकते हैं। हिंदी में नींद का अपने आप अनुमान लगाना बंद रहता है।

Android 10 या नए संस्करण पर समस्या जांचने की फ़ाइलें Download/ShiftBell/log में स्थानीय रूप से सेव होती हैं। इनमें डिवाइस और Android के संस्करण, अनुमतियां, बैटरी सेटिंग तथा अलार्म और बैकअप प्रक्रिया के रिकॉर्ड होते हैं। नोट या निजी काम की सामग्री, शिफ्ट के नाम और दोस्तों के नाम शामिल नहीं होते। ऐप इन फ़ाइलों को अपने आप नहीं भेजता।",문구 작성·의미 검토 / 레이아웃 미검증
Flutter,privacyAnalyticsTitle,사용 통계(Google Firebase Analytics),Usage statistics (Google Firebase Analytics),इस्तेमाल के आंकड़े (Google Firebase Analytics),문구 작성·의미 검토 / 레이아웃 미검증
Flutter,privacyAnalyticsBody,"앱을 개선하기 위해 Google Firebase Analytics가 앱 실행·화면 이용 같은 이용 기록, 앱 버전, 기기 종류·OS 버전, 대략적인 지역 정보와 앱 설치별 식별자를 자동으로 수집합니다. 또 어떤 기능이 얼마나 쓰이는지 알 수 있도록 알람 끄기·5분 연장 횟수, 메모·일정·수면 기록·백업 같은 기능을 사용한 횟수만 함께 기록합니다. 웹 뷰어에서 친구 근무표를 정상적으로 연 횟수는 앱 사용과 별도로 집계하며, 공유 코드나 친구 이름은 이 이벤트에 넣지 않습니다. 근무표·메모·수면 기록·알람 시각 같은 앱 데이터의 내용은 통계에 넣지 않습니다. 수집된 통계는 Google의 개인정보처리방침에 따라 처리됩니다.","Google Firebase Analytics collects usage and device information, such as app opens, screen views, app and operating-system versions, device model, approximate region and an installation identifier. ShiftBell also records feature-use events, such as dismissing or snoozing an alarm, saving a note or creating a backup.

These events do not include shift names, alarm times, note text or other schedule contents. Statistics are processed under Google’s privacy policy.","Google Firebase Analytics ऐप खोलने, स्क्रीन देखने, ऐप और ऑपरेटिंग सिस्टम के संस्करण, डिवाइस मॉडल, अनुमानित क्षेत्र और इंस्टॉलेशन पहचानकर्ता जैसी जानकारी इकट्ठा करता है। ShiftBell अलार्म बंद करने या स्नूज़ करने, नोट सेव करने और बैकअप बनाने जैसी सुविधाओं के इस्तेमाल के रिकॉर्ड भी भेजता है।

इन रिकॉर्ड में शिफ्ट के नाम, अलार्म का समय, नोट का पाठ या शेड्यूल की दूसरी सामग्री शामिल नहीं होती। इन आंकड़ों पर Google की निजता नीति लागू होती है।",문구 작성·의미 검토 / 레이아웃 미검증
Flutter,privacyFirebaseTitle,일정공유 기능을 쓰는 경우(Google Firebase),Google services and previous sharing,Google सेवाएं और पहले शेयर किया गया डेटा,문구 작성·의미 검토 / 레이아웃 미검증
Flutter,privacyFirebaseBody,"'일정공유'를 켜면 친구에게 보여줄 이름과 근무 스케줄(근무 패턴·시작일·근무별 색상·날짜별 근무 변경)이 Google Firebase 서버에 저장되고, 공유 코드나 링크를 가진 사람은 누구나 볼 수 있습니다. 이를 위해 앱이 자동으로 만드는 익명 식별자가 함께 쓰이며, 메모·OT·수면 기록·알람 설정은 전송하지 않습니다.

공유를 중지하면 기기에서는 바로 꺼지고 서버에 삭제 요청이 전송됩니다. 인터넷에 연결되어 있지 않으면 연결된 뒤 다시 보내며, 그 전까지는 친구가 이전 근무표를 볼 수 있습니다. 친구 기기에 이미 받아 둔 근무표나 캡처는 회수할 수 없습니다.

앱을 삭제하고 다시 설치하면 새 익명 식별자가 만들어져, 이전에 공유한 데이터를 앱에서 지울 수 없게 됩니다. 재설치 전에 공유를 중지해 주세요.

한국 공휴일 변경분을 확인하려고 Firebase의 공개 문서를 드물게 읽습니다. 이 조회에 근무표·수면 기록 등 앱 내용은 보내지 않습니다. 업데이트 가능 여부는 Google Play에서 확인합니다.","Sharing is unavailable in English. If sharing was enabled before switching languages, ShiftBell stops new uploads and requests deletion of the previously shared schedule. If the device is offline, deletion is retried when the app can connect. Until the server confirms deletion, an old link may still show the previously shared schedule. Copies or screenshots held by other people cannot be recalled.

Previously shared data consists of the display name, shift pattern, start date, shift colors and date-specific shift changes. It does not include notes, overtime, alarm settings or sleep records. Sharing uses an anonymous Firebase identifier. Reinstalling can make data associated with a previous identifier inaccessible from the app.

Update availability is checked through Google Play. Korean holiday updates use a public Firebase document when the app is in Korean; no shift or note contents are sent with that request.","हिंदी में शेयर करने की सुविधा उपलब्ध नहीं है। भाषा बदलने से पहले शेयर करना चालू था तो ShiftBell नए अपलोड रोकता है और पहले शेयर किए गए शेड्यूल को हटाने का अनुरोध करता है। इंटरनेट न होने पर ऐप कनेक्ट होने के बाद फिर कोशिश करता है। सर्वर से हटाने की पुष्टि मिलने तक पुराने लिंक पर पिछला शेड्यूल दिख सकता है। दूसरों के पास मौजूद कॉपी या स्क्रीनशॉट वापस नहीं लिए जा सकते।

पहले शेयर किए गए डेटा में दिखाया जाने वाला नाम, शिफ्ट का क्रम, शुरुआत की तारीख, शिफ्ट के रंग और किसी खास तारीख की शिफ्ट में बदलाव शामिल होते हैं। नोट, ओवरटाइम, अलार्म सेटिंग या नींद के रिकॉर्ड शामिल नहीं होते। शेयर करने के लिए Firebase का अनाम पहचानकर्ता इस्तेमाल होता है। ऐप दोबारा इंस्टॉल करने पर पुराने पहचानकर्ता से जुड़े डेटा तक ऐप से पहुंच खो सकती है।

ऐप अपडेट की उपलब्धता Google Play से जांची जाती है। कोरियाई भाषा में कोरियाई छुट्टियों के अपडेट के लिए सार्वजनिक Firebase दस्तावेज़ इस्तेमाल होता है। इस अनुरोध में शिफ्ट या नोट की सामग्री नहीं भेजी जाती।",문구 작성·의미 검토 / 레이아웃 미검증
Flutter,privacyAdsTitle,광고 제공(Google AdMob),Advertising (Google AdMob),विज्ञापन (Google AdMob),문구 작성·의미 검토 / 레이아웃 미검증
Flutter,privacyAdsBody,"앱 화면 일부에 Google AdMob 배너 광고가 표시됩니다. 광고 제공과 성과 측정을 위해 Google이 광고 식별자 등 기기 정보를 수집할 수 있으며, 이는 앱이 아닌 Google의 개인정보처리방침에 따릅니다. 앱은 근무표·메모 같은 앱 데이터를 광고 요청에 넣지 않습니다.","ShiftBell displays Google AdMob banner ads. The advertising SDK may process device identifiers, IP addresses, app interactions and diagnostics to provide and measure ads. ShiftBell does not include your shift schedule, alarm times or note contents in ad requests.

Where required by Google’s consent system, the app asks for your advertising choices. When available, use Ad Privacy Settings in Settings to review them. Google’s privacy policy describes how Google handles this information.","ShiftBell में Google AdMob के बैनर विज्ञापन दिखते हैं। विज्ञापन दिखाने और उनके प्रदर्शन को मापने के लिए विज्ञापन SDK डिवाइस पहचानकर्ता, IP पते, ऐप में गतिविधि और समस्या जांच की जानकारी का उपयोग कर सकता है। ShiftBell विज्ञापन अनुरोधों में आपका शिफ्ट शेड्यूल, अलार्म का समय या नोट की सामग्री शामिल नहीं करता।

जहां Google की सहमति प्रणाली के अनुसार ज़रूरी हो, ऐप विज्ञापनों के बारे में आपकी पसंद पूछता है। उपलब्ध होने पर सेटिंग में विज्ञापन की निजता सेटिंग से अपनी पसंद देख या बदल सकते हैं। Google इस जानकारी का उपयोग कैसे करता है, यह उसकी निजता नीति में बताया गया है।",문구 작성·의미 검토 / 레이아웃 미검증
Flutter,privacyPermissionsTitle,앱이 요청하는 권한,Permissions the app requests,ऐप को किन अनुमतियों की ज़रूरत है,문구 작성·의미 검토 / 레이아웃 미검증
Flutter,privacyPermissionsBody,"• 알림: 알람 사전 안내, 알람 상태 표시, 일정 알림
• 다른 앱 위에 표시: 다른 앱 사용 중에도 알람 화면을 띄우기 위함
• 정확한 알람: 설정한 시각에 오차 없이 알람이 울리게 하기 위함

권한을 허용하지 않아도 앱은 계속 쓸 수 있지만, 위 기능 중 일부가 제한될 수 있습니다.","• Notifications: show alarm status and pre-alarm reminders.
• Display over other apps: show the alarm screen while you use other apps.
• Exact alarms: schedule alarms for the time you set.

You can review these permissions in Android Settings. Declining them may limit alarm notifications or prevent alarms from working as expected.","• सूचनाएं: अलार्म की स्थिति और पहले से याद दिलाने वाली सूचना दिखाने के लिए।
• दूसरे ऐप्स के ऊपर दिखाना: दूसरे ऐप इस्तेमाल करते समय अलार्म स्क्रीन दिखाने के लिए।
• सटीक अलार्म: तय समय पर अलार्म बजाने के लिए।

Android की सेटिंग में ये अनुमतियां देख सकते हैं। अनुमति न देने पर अलार्म की सूचनाएं सीमित हो सकती हैं या अलार्म अपेक्षा के अनुसार काम नहीं कर सकते।",문구 작성·의미 검토 / 레이아웃 미검증
Flutter,privacyDataRetentionTitle,데이터 보관 및 삭제,Data retention and deletion,डेटा रखना और हटाना,문구 작성·의미 검토 / 레이아웃 미검증
Flutter,privacyDataRetentionBody,"기기 안의 데이터는 앱을 삭제하면 함께 삭제됩니다.

단, '백업' 기능(자동 백업 포함)으로 만든 파일은 기기의 다운로드/ShiftBell 폴더에 남아 앱을 삭제해도 지워지지 않습니다. 이 파일은 암호화되지 않았고 근무표·알람 기록·메모/일정·OT·수면 기록·친구 목록 등이 들어 있으니 다른 사람에게 보내지 않도록 주의하고, 필요 없으면 파일 관리자에서 직접 삭제해 주세요. 백업 파일은 자동으로 외부에 전송되지 않지만, 클라우드 동기화 폴더 등으로 옮기면 그 서비스의 정책이 적용됩니다.

Download/ShiftBell/log의 진단 파일도 앱 삭제 후 남을 수 있습니다. 이 파일에는 기기 정보, 권한 상태, 알람·백업 기록이 들어 있으므로 필요 없으면 파일 관리자에서 직접 삭제해 주세요.

백업은 Android 10 이상에서만 지원됩니다. 앱을 삭제하고 다시 설치하면 이전 백업을 자동으로 찾지 못하므로, 첫 화면의 '기존에 쓰시던 분이라면'에서 '불러오기'를 눌러 파일을 직접 골라야 합니다.

일정공유 데이터의 삭제는 위 '일정공유' 안내를, 사용 통계·광고 데이터의 보관은 Google의 정책을 따릅니다.","Uninstalling removes the app’s local database. Backup and diagnostic files saved in Download/ShiftBell may remain; delete them with your file manager when they are no longer needed.

Backups are not encrypted. They can contain your full local data, including records from features previously used in Korean. Keep them private. The app never uploads these files automatically. If you copy them to a cloud service or send them to someone, that service or recipient controls the copy.

The app keeps one manual backup and one automatic backup. A new file replaces the previous file of the same kind.

Previously shared data is handled as described in Google services and previous sharing. Google’s policies apply to retention of analytics and advertising data.","ऐप अनइंस्टॉल करने पर उसका स्थानीय डेटाबेस हट जाता है। Download/ShiftBell में सेव बैकअप और समस्या जांच की फ़ाइलें रह सकती हैं। ज़रूरत न होने पर इन्हें फ़ाइल मैनेजर से हटाएं।

बैकअप एन्क्रिप्टेड नहीं होते। इनमें आपका पूरा स्थानीय डेटा हो सकता है, जिसमें कोरियाई में पहले इस्तेमाल की गई सुविधाओं के रिकॉर्ड भी शामिल हैं। इन्हें सुरक्षित रखें। ऐप इन फ़ाइलों को अपने आप अपलोड नहीं करता। अगर आप इन्हें किसी क्लाउड सेवा पर रखते हैं या किसी को भेजते हैं, तो उस कॉपी का नियंत्रण उस सेवा या व्यक्ति के पास होगा।

ऐप खुद लिया गया एक बैकअप और अपने आप लिया गया एक बैकअप रखता है। उसी प्रकार का नया बैकअप पुराने की जगह लेता है।

पहले शेयर किए गए डेटा के बारे में ‘Google सेवाएं और पहले शेयर किया गया डेटा’ देखें। इस्तेमाल के आंकड़ों और विज्ञापन डेटा को रखने पर Google की नीतियां लागू होती हैं।",문구 작성·의미 검토 / 레이아웃 미검증
Flutter,privacyChildrenTitle,아동 대상 서비스가 아닙니다,Not directed at children,बच्चों के लिए नहीं है,문구 작성·의미 검토 / 레이아웃 미검증
Flutter,privacyChildrenBody,"본 앱은 만 14세 미만 아동을 대상으로 하지 않으며, 아동의 개인정보를 의도적으로 수집하지 않습니다.","This app is not directed at children under 14, and we do not knowingly collect personal information from children.",यह ऐप 14 साल से कम उम्र के बच्चों के लिए नहीं है। हम जानबूझकर बच्चों की निजी जानकारी इकट्ठा नहीं करते।,문구 작성·의미 검토 / 레이아웃 미검증
Flutter,privacyContactTitle,문의처,Contact,संपर्क,문구 작성·의미 검토 / 레이아웃 미검증
Flutter,privacyContactBody,"앱 이용 중 궁금한 점이나 문의사항은 아래로 연락해 주세요.
• 티스토리: lowvibe07.tistory.com
• 카카오톡 오픈채팅: '교대시계 앱' 검색","For app support and privacy questions:
lowvibe07@gmail.com","ऐप में मदद या निजता से जुड़े सवालों के लिए:
lowvibe07@gmail.com",문구 작성·의미 검토 / 레이아웃 미검증
Flutter,privacyEffectiveDate,이 개인정보처리방침은 2026년 9월 22일부터 적용됩니다. 내용이 바뀌면 이 화면과 앱 업데이트 안내를 통해 다시 고지합니다.,"Last updated: October 5, 2026.",आखिरी अपडेट: 5 अक्टूबर 2026।,문구 작성·의미 검토 / 레이아웃 미검증
Flutter,workHoursNoScheduleYet,근무 스케줄을 먼저 설정해주세요,Set up your shift schedule first,पहले अपना शिफ्ट शेड्यूल बनाएं,문구 작성·의미 검토 / 레이아웃 미검증
Flutter,workHoursShiftChangeOtTitle,근무 변경 시 OT에 합산,Extra hours from shift changes,शिफ्ट बदलने से बढ़े घंटे,문구 작성·의미 검토 / 레이아웃 미검증
Flutter,workHoursShiftChangeOtDesc,"달력에서 근무를 바꾸는 경우(예: 휴무 → 주간), 해당 근무의 기본 근무시간을 OT시간에 반영할지 정합니다.
(월별 / 주별 근무시간에는 자동으로 합산됩니다.)","When you change a shift in a repeating pattern, count any extra hours as overtime. For example, changing an 8-hour shift to a 12-hour shift adds 4 hours; changing a day off to an 8-hour shift adds 8.

Weekly and monthly work-hour totals always use the updated shift hours. This setting only changes the overtime summary.","दोहराने वाले क्रम में शिफ्ट बदलने पर बढ़े हुए घंटों को ओवरटाइम में जोड़ें। जैसे, 8 घंटे की शिफ्ट को 12 घंटे में बदलने पर 4 घंटे और छुट्टी को 8 घंटे की शिफ्ट में बदलने पर 8 घंटे जुड़ेंगे।

हफ़्ते और महीने के कुल काम के घंटे हमेशा बदली हुई शिफ्ट के अनुसार गिने जाते हैं। यह सेटिंग सिर्फ ओवरटाइम के कुल समय को बदलती है।",문구 작성·의미 검토 / 레이아웃 미검증
Flutter,workHoursDefaultDurationDesc,"출근/퇴근 시각을 입력하면 근무시간이 자동으로 계산돼요. 달력의 ""이번 달 총 근무시간""과 ""주별 근무시간"", 수면·회복 탭의 분석까지 여기 값을 기준으로 계산돼요.",Enter the usual start and end times for each shift. ShiftBell uses them to calculate your scheduled hours and weekly and monthly totals.,हर शिफ्ट के शुरू और खत्म होने का सामान्य समय दर्ज करें। इन्हीं से ShiftBell तय काम के घंटे और हफ़्ते व महीने का कुल समय निकालता है।,문구 작성·의미 검토 / 레이아웃 미검증
Flutter,workHoursShiftTimeClockIn,출근,Start,शुरू,문구 작성·의미 검토 / 레이아웃 미검증
Flutter,workHoursShiftTimeClockOut,퇴근,End,खत्म,문구 작성·의미 검토 / 레이아웃 미검증
Flutter,workHoursResetShiftTime,출퇴근 시각 지우기(--:--로 되돌리기),Clear start and end times,शुरू और खत्म होने का समय हटाएं,문구 작성·의미 검토 / 레이아웃 미검증
Flutter,workHoursLegacyClockTimeHint,기존 근무시간은 유지 중이에요. 출퇴근 시간을 입력해주세요.,Your previously saved hours are still in use. Add start and end times to update them.,पहले सेव किए गए घंटे अभी लागू हैं। बदलने के लिए शुरू और खत्म होने का समय दर्ज करें।,문구 작성·의미 검토 / 레이아웃 미검증
Flutter,workHoursPeriodBasisDesc,이번 달의 총 근무시간을 산정할 기준을 정합니다.,Choose which dates to include in each month’s work-hour total.,"महीने के कुल काम के घंटों में कौन-सी तारीखें गिननी हैं, चुनें।",문구 작성·의미 검토 / 레이아웃 미검증
Flutter,workHoursDurationExcluded,0시간 (근무시간 미포함),0 hours (not counted as work time),0 घंटे (काम के समय में नहीं गिना जाएगा),문구 작성·의미 검토 / 레이아웃 미검증
Flutter,workHoursDurationHoursOnly,{h}시간,"{h, plural, =1{1 hour} other{{h} hours}}","{h, plural, =1{1 घंटा} other{{h} घंटे}}",문구 작성·의미 검토 / 레이아웃 미검증
Flutter,workHoursDurationHoursMinutes,{h}시간 {m}분,"{h, plural, =1{1 hour} other{{h} hours}} {m, plural, =1{1 minute} other{{m} minutes}}","{h, plural, =1{1 घंटा} other{{h} घंटे}} {m, plural, =1{1 मिनट} other{{m} मिनट}}",문구 작성·의미 검토 / 레이아웃 미검증
Flutter,workHoursEditDialogTitle,"""{shift}"" 기본 근무시간",Hours for {shift},{shift} के काम के घंटे,문구 작성·의미 검토 / 레이아웃 미검증
Flutter,workHoursUnitHourLabel,시간,hours,घंटे,문구 작성·의미 검토 / 레이아웃 미검증
Flutter,workHoursUnitMinuteLabel,분,minutes,मिनट,문구 작성·의미 검토 / 레이아웃 미검증
Flutter,workHoursCutoffDayPrefix,매월,Day,हर महीने की,문구 작성·의미 검토 / 레이아웃 미검증
Flutter,workHoursCutoffDaySuffix,일,of every month,तारीख,문구 작성·의미 검토 / 레이아웃 미검증
Flutter,friendShareTitle,일정 공유,Schedule Sharing,शेड्यूल शेयर करें,문구 작성·의미 검토 / 레이아웃 미검증
Flutter,friendShareMyScheduleTitle,내 일정 공유하기,Share My Schedule,मेरा शेड्यूल शेयर करें,문구 작성·의미 검토 / 레이아웃 미검증
Flutter,friendAdd,친구 추가,Add Friend,दोस्त जोड़ें,문구 작성·의미 검토 / 레이아웃 미검증
Flutter,friendName,친구 이름,Friend's Name,दोस्त का नाम,문구 작성·의미 검토 / 레이아웃 미검증
Flutter,friendNameOptionalHint,(선택 - 비우면 코드에 담긴 이름 사용),Optional · leave blank to use the shared name,वैकल्पिक · खाली छोड़ने पर शेयर किया गया नाम दिखेगा,문구 작성·의미 검토 / 레이아웃 미검증
Flutter,friendShareCodeFromFriend,친구가 보내준 공유 코드,Friend's Share Code,दोस्त का शेयर कोड,문구 작성·의미 검토 / 레이아웃 미검증
Flutter,friendEnterShareCode,친구가 보내준 공유 코드를 붙여넣으면 친구의 일정을 볼 수 있어요,Paste the code your friend sent you to see their schedule,दोस्त का शेड्यूल देखने के लिए उनका भेजा कोड पेस्ट करें,문구 작성·의미 검토 / 레이아웃 미검증
Flutter,friendCanCheckAnytime,언제든 친구의 일정을 확인할 수 있습니다.,You can check your friend's schedule anytime.,दोस्त का शेड्यूल कभी भी देख सकते हैं।,문구 작성·의미 검토 / 레이아웃 미검증
Flutter,friendAddedToast,친구를 추가했어요,Friend added,दोस्त जुड़ गया,문구 작성·의미 검토 / 레이아웃 미검증
Flutter,friendInvalidCodeOrDuplicate,코드가 올바르지 않거나 이미 추가된 친구예요,Invalid code or friend already added,कोड सही नहीं है या दोस्त पहले से जुड़ा है,문구 작성·의미 검토 / 레이아웃 미검증
Flutter,friendLoadFailedCheckNetwork,근무표를 불러올 수 없어요. 네트워크 연결을 확인해주세요,Couldn't load the schedule. Please check your connection,शेड्यूल लोड नहीं हुआ। इंटरनेट कनेक्शन जांचें।,문구 작성·의미 검토 / 레이아웃 미검증
Flutter,friendShowingCachedSchedule,"최신 정보를 못 받아와서, 이전에 저장된 근무표를 보여드려요","Couldn't get the latest info, showing a previously saved schedule",नई जानकारी नहीं मिली। पहले सेव किया गया शेड्यूल दिख रहा है।,문구 작성·의미 검토 / 레이아웃 미검증
Flutter,friendNoneAddedYet,아직 추가한 친구가 없어요,No friends added yet,अभी कोई दोस्त नहीं जोड़ा है,문구 작성·의미 검토 / 레이아웃 미검증
Flutter,friendScheduleOf,{name}님의 교대 스케줄,{name}'s Shift Schedule,{name} का शिफ्ट शेड्यूल,문구 작성·의미 검토 / 레이아웃 미검증
Flutter,friendRemove,친구 삭제,Remove Friend,दोस्त हटाएं,문구 작성·의미 검토 / 레이아웃 미검증
Flutter,friendRemoveConfirm,{name}님을 목록에서 삭제할까요?,Remove {name} from your list?,{name} को अपनी सूची से हटाएं?,문구 작성·의미 검토 / 레이아웃 미검증
Flutter,friendDisplayNameTitle,친구에게 보여줄 이름,Display Name,दिखाया जाने वाला नाम,문구 작성·의미 검토 / 레이아웃 미검증
Flutter,friendEnterDisplayName,친구에게 보여줄 이름을 입력하세요,Enter the name your friends will see,दोस्तों को दिखने वाला अपना नाम दर्ज करें,문구 작성·의미 검토 / 레이아웃 미검증
Flutter,friendShareIncludesSchedule,내 근무 스케줄과 근무 변경 사항이 공유됩니다.,Your shift schedule and shift changes are shared.,आपका शिफ्ट शेड्यूल और शिफ्ट में किए गए बदलाव शेयर होंगे।,문구 작성·의미 검토 / 레이아웃 미검증
Flutter,friendShareExcludesExtras,"메모, OT, 근무시간, 알람 설정은 공유되지 않습니다.","Notes, overtime, work hours and alarm settings are not shared.","नोट, ओवरटाइम, काम के घंटे और अलार्म सेटिंग शेयर नहीं होंगे।",문구 작성·의미 검토 / 레이아웃 미검증
Flutter,friendStartSharing,공유 시작하기,Start Sharing,शेयर करना शुरू करें,문구 작성·의미 검토 / 레이아웃 미검증
Flutter,friendStopSharing,공유 중지,Stop Sharing,शेयर करना बंद करें,문구 작성·의미 검토 / 레이아웃 미검증
Flutter,friendStopSharingConfirm,"공유를 중지하면 친구가 더 이상 내 근무표를 볼 수 없어요. 인터넷에 연결되지 않은 상태라면 연결된 뒤 서버에서 지워지고, 친구 기기에 이미 받아 둔 내용은 회수되지 않아요. 계속할까요?","If you stop sharing, your friends can no longer see your schedule. If you're offline, it will be removed from the server once you're connected, and anything already downloaded to a friend's device can't be recalled. Continue?",शेयर करना बंद करने पर दोस्त आपका शेड्यूल नहीं देख सकेंगे। इंटरनेट न होने पर कनेक्शन लौटने के बाद शेड्यूल सर्वर से हटेगा। दोस्तों के डिवाइस पर पहले से डाउनलोड की गई जानकारी वापस नहीं ली जा सकती। जारी रखें?,문구 작성·의미 검토 / 레이아웃 미검증
Flutter,friendRestartSharingHint,"(다시 공유하려면 이 화면에서 ""공유 시작하기""를 다시 누르면 돼요. 기존 코드와 링크가 그대로 다시 동작해요)","(To share again, just tap ""Start Sharing"" here. Your existing code and link will work again)",(दोबारा शेयर करने के लिए यहां ‘शेयर करना शुरू करें’ पर टैप करें। पुराना कोड और लिंक फिर काम करेंगे।),문구 작성·의미 검토 / 레이아웃 미검증
Flutter,friendMyShareCode,앱을 쓰는 친구에게 (공유 코드),Share code · for people with the app,शेयर कोड · ऐप इस्तेमाल करने वालों के लिए,문구 작성·의미 검토 / 레이아웃 미검증
Flutter,friendShareCodeInstructions,"친구가 앱에서 ""친구 추가""에 이 코드를 붙여넣으면 공유가 완료돼요.",Your friend can view your schedule by pasting this code into Add Friend.,आपका दोस्त ‘दोस्त जोड़ें’ में यह कोड पेस्ट करके आपका शेड्यूल देख सकता है।,문구 작성·의미 검토 / 레이아웃 미검증
Flutter,friendShareWithoutApp,앱이 없는 친구에게 (링크),Share link · no app needed,शेयर लिंक · ऐप की ज़रूरत नहीं,문구 작성·의미 검토 / 레이아웃 미검증
Flutter,friendShareLinkHint,이 링크를 열면 앱 설치 없이 바로 내 일정을 볼 수 있어요.,"Opening this link lets them see your schedule right away, no install needed.",इस लिंक से शेड्यूल तुरंत देख सकते हैं। ऐप इंस्टॉल करना ज़रूरी नहीं।,문구 작성·의미 검토 / 레이아웃 미검증
Flutter,friendInstallShortcutHint,주소창의 설치 버튼을 눌러 홈 화면에 바로가기를 추가할 수 있어요.,Tap the install icon in the address bar to add a home-screen shortcut.,होम स्क्रीन पर शॉर्टकट जोड़ने के लिए एड्रेस बार के इंस्टॉल आइकन पर टैप करें।,문구 작성·의미 검토 / 레이아웃 미검증
Flutter,friendDisplayNameUpdated,공유 이름을 변경했어요,Display name updated,दिखाया जाने वाला नाम बदल गया,문구 작성·의미 검토 / 레이아웃 미검증
Flutter,friendDisplayNameUpdateFailed,이름 변경에 실패했어요. 네트워크를 확인해주세요,Failed to update name. Please check your connection,नाम नहीं बदल सका। इंटरनेट कनेक्शन जांचें।,문구 작성·의미 검토 / 레이아웃 미검증
Flutter,friendEnterDisplayNameError,친구에게 보일 내 이름을 입력해주세요,Please enter the name your friends will see,दोस्तों को दिखने वाला अपना नाम दर्ज करें,문구 작성·의미 검토 / 레이아웃 미검증
Flutter,friendConnectionFailed,연결에 실패했어요. 네트워크 연결을 확인하고 화면을 다시 열어주세요,Connection failed. Please check your network and reopen this screen,कनेक्शन नहीं हुआ। इंटरनेट जांचकर यह स्क्रीन फिर खोलें।,문구 작성·의미 검토 / 레이아웃 미검증
Flutter,friendCouldNotLoad,불러올 수 없어요,Couldn't Load,लोड नहीं हो सका,문구 작성·의미 검토 / 레이아웃 미검증
Flutter,friendLinkMissingCode,링크에 공유 코드가 없어요.,The link is missing a share code.,लिंक में शेयर कोड नहीं है।,문구 작성·의미 검토 / 레이아웃 미검증
Flutter,friendLoadFailedDetailed,"근무표를 불러올 수 없어요. 링크가 오래됐거나, 상대방이 공유를 중지했거나, 네트워크 연결을 확인해주세요.","Couldn't load the schedule. The link may be outdated, the sharer may have stopped sharing, or there may be a connection issue.","शेड्यूल लोड नहीं हुआ। लिंक पुराना हो सकता है, शेयर करना बंद हो चुका हो सकता है या इंटरनेट में समस्या हो सकती है।",문구 작성·의미 검토 / 레이아웃 미검증
Flutter,friendUnknownError,알 수 없는 오류가 발생했어요.,An unknown error occurred.,कोई अनजान समस्या आ गई।,문구 작성·의미 검토 / 레이아웃 미검증
Flutter,friendInstallForHomeScreen,홈 화면에서 바로 열려면 주소창의 설치 버튼을 눌러주세요.,Tap the install button in the address bar to use it right from your home screen.,होम स्क्रीन से सीधे खोलने के लिए एड्रेस बार के इंस्टॉल बटन पर टैप करें।,문구 작성·의미 검토 / 레이아웃 미검증
Flutter,friendOpenInBrowserHint,"Chrome 등 브라우저로 열어야 설치할 수 있어요. 우측 상단 메뉴에서 ""다른 브라우저로 열기""를 눌러주세요.","Open this in Chrome or another browser to install it. Tap the menu in the top right and choose ""Open in Browser.""",इंस्टॉल करने के लिए इसे Chrome या किसी दूसरे ब्राउज़र में खोलें। ऊपर दाईं ओर मेन्यू में ‘ब्राउज़र में खोलें’ चुनें।,문구 작성·의미 검토 / 레이아웃 미검증
Flutter,friendQuickInstallHint,홈 화면에 추가하면 다음부터 더 빠르게 열 수 있어요,Add it to your home screen to open it faster next time,अगली बार जल्दी खोलने के लिए होम स्क्रीन पर जोड़ें,문구 작성·의미 검토 / 레이아웃 미검증
Flutter,friendQuickInstallButton,바로가기 추가,Add Shortcut,शॉर्टकट जोड़ें,문구 작성·의미 검토 / 레이아웃 미검증
Flutter,friendWebAppTagline,간편한 스케줄 등록 및 자동 알람 생성 앱,"Your shifts and alarms, in sync",आपकी शिफ्ट के हिसाब से आपके अलार्म,문구 작성·의미 검토 / 레이아웃 미검증
Flutter,friendInstallApp,앱 설치,Install App,ऐप इंस्टॉल करें,문구 작성·의미 검토 / 레이아웃 미검증
Flutter,friendDefaultDisplayName,친구,Friend,दोस्त,문구 작성·의미 검토 / 레이아웃 미검증
Flutter,friendLastSyncedAt,마지막 동기화: {date},Last synced: {date},आखिरी सिंक: {date},문구 작성·의미 검토 / 레이아웃 미검증
Flutter,friendServerNotReady,아직 친구공유 서버 연결 전이에요. 잠시 후 다시 시도해주세요,Not connected to the sharing server yet. Please try again in a moment,शेयरिंग सर्वर से अभी कनेक्शन नहीं हुआ। थोड़ी देर बाद फिर कोशिश करें।,문구 작성·의미 검토 / 레이아웃 미검증
Flutter,friendScheduleNotSet,아직 근무 스케줄이 설정되지 않았어요,Your shift schedule hasn't been set up yet,आपका शिफ्ट शेड्यूल अभी सेट नहीं है,문구 작성·의미 검토 / 레이아웃 미검증
Flutter,friendStartSharingFailed,공유 시작에 실패했어요. 네트워크 연결을 확인하고 다시 시도해주세요,Failed to start sharing. Please check your connection and try again,शेयर करना शुरू नहीं हुआ। इंटरनेट जांचकर फिर कोशिश करें।,문구 작성·의미 검토 / 레이아웃 미검증
Flutter,friendSyncPendingBanner,친구에게 보이는 근무표를 아직 반영하는 중이에요. 네트워크가 연결되면 자동으로 다시 보내요.,Your latest schedule has not been shared yet. ShiftBell will try again automatically when you’re online.,आपका नया शेड्यूल अभी शेयर नहीं हुआ है। इंटरनेट आने पर ShiftBell अपने आप फिर कोशिश करेगा।,문구 작성·의미 검토 / 레이아웃 미검증
Flutter,friendStopPendingBanner,공유 중지를 서버에 보내는 중이에요. 확인되기 전까지는 친구에게 이전 근무표가 보일 수 있어요.,Stopping sharing has not been confirmed yet. Your previously shared schedule may still be visible.,शेयर करना बंद होने की पुष्टि अभी नहीं मिली है। पुराना शेड्यूल अब भी दिख सकता है।,문구 작성·의미 검토 / 레이아웃 미검증
Flutter,friendRetrySync,지금 다시 보내기,Retry now,फिर कोशिश करें,문구 작성·의미 검토 / 레이아웃 미검증
Flutter,friendSyncPendingToast,아직 서버에 반영되지 않았어요. 연결되면 자동으로 다시 보내요,Sharing is not confirmed yet. ShiftBell will retry automatically when you’re online.,शेयर होने की पुष्टि अभी नहीं मिली है। इंटरनेट आने पर ShiftBell अपने आप फिर कोशिश करेगा।,문구 작성·의미 검토 / 레이아웃 미검증
Flutter,friendStopSharingAction,중지,Stop,बंद करें,문구 작성·의미 검토 / 레이아웃 미검증
Flutter,friendCodeCopied,코드를 복사했어요,Code copied,कोड कॉपी हो गया,문구 작성·의미 검토 / 레이아웃 미검증
Flutter,friendLinkCopied,링크를 복사했어요,Link copied,लिंक कॉपी हो गया,문구 작성·의미 검토 / 레이아웃 미검증
Flutter,friendShareMessage,"{name}님의 교대 스케줄을 공유해요! 🗓️

▶ 앱 없이 바로 보기: {link}

▶ 교대시계 앱 사용 중이면 ""친구 추가""에 아래 코드를 붙여넣어주세요.

{code}","View {name}’s shift schedule 🗓️

Open this link: {link}

Or paste this code into Add Friend in ShiftBell:

{code}","{name} का शिफ्ट शेड्यूल देखें 🗓️

यह लिंक खोलें: {link}

या ShiftBell में ‘दोस्त जोड़ें’ पर यह कोड पेस्ट करें:

{code}",문구 작성·의미 검토 / 레이아웃 미검증
Flutter,friendNameHintExample,친구 이름 입력,Enter friend's name,दोस्त का नाम दर्ज करें,문구 작성·의미 검토 / 레이아웃 미검증
Flutter,friendShareChannelsExplainer,"앱이 없는 친구에게는 링크로, 앱을 쓰는 친구에게는 코드로 공유할 수 있어요.","Send a link to friends without the app, or a code to friends who have it.","जिन दोस्तों के पास ऐप नहीं है, उन्हें लिंक भेजें। ऐप इस्तेमाल करने वालों को कोड भेजें।",문구 작성·의미 검토 / 레이아웃 미검증
Flutter,permissionGetStarted,교대시계 시작하기,Get Started with ShiftBell,ShiftBell के साथ शुरू करें,문구 작성·의미 검토 / 레이아웃 미검증
Flutter,permissionIntro,알람이 정확하게 울리려면 아래 권한이 필요해요,Allow these permissions so your alarms can work reliably.,"अलार्म ठीक से काम करें, इसके लिए ये अनुमतियां दें।",문구 작성·의미 검토 / 레이아웃 미검증
Flutter,permissionNotification,알림,Notifications,सूचनाएं,문구 작성·의미 검토 / 레이아웃 미검증
Flutter,permissionNotificationDesc,알람과 일정 알림을 보여주는 데 사용돼요,Show alarm notifications and reminders,अलार्म की सूचनाएं और रिमाइंडर दिखाएं,문구 작성·의미 검토 / 레이아웃 미검증
Flutter,permissionOverlay,다른 앱 위에 표시,Display Over Other Apps,दूसरे ऐप्स के ऊपर दिखाना,문구 작성·의미 검토 / 레이아웃 미검증
Flutter,permissionOverlayDesc,다른 앱을 쓰는 중에도 알람 화면을 띄우기 위해 필요해요,Show the alarm screen while you use other apps,दूसरे ऐप इस्तेमाल करते समय अलार्म स्क्रीन दिखाएं,문구 작성·의미 검토 / 레이아웃 미검증
Flutter,permissionExactAlarm,정확한 알람,Exact Alarms,सटीक अलार्म,문구 작성·의미 검토 / 레이아웃 미검증
Flutter,permissionExactAlarmDesc,설정한 시각에 정확히 울리려면 필요해요,Needed for the alarm to ring at the exact time you set,अलार्म को आपके तय समय पर बजाने के लिए ज़रूरी,문구 작성·의미 검토 / 레이아웃 미검증
Flutter,permissionAllow,권한 허용하기,Allow Permissions,अनुमतियां दें,문구 작성·의미 검토 / 레이아웃 미검증
Flutter,permissionRequired,필수,Required,ज़रूरी,문구 작성·의미 검토 / 레이아웃 미검증
Flutter,permissionRecommended,권장,Recommended,सुझाया गया,문구 작성·의미 검토 / 레이아웃 미검증
Flutter,permissionSomeDenied,일부 권한이 거부되었어요,Some Permissions Were Denied,कुछ अनुमतियां नहीं मिलीं,문구 작성·의미 검토 / 레이아웃 미검증
Flutter,permissionSomeDeniedDesc,앱을 계속 사용할 수 있지만 알람이 정확히 울리지 않을 수 있어요.,Some alarm features may not work as expected until you allow the relevant permissions.,संबंधित अनुमतियां मिलने तक अलार्म की कुछ सुविधाएं अपेक्षा के अनुसार काम नहीं कर सकतीं।,문구 작성·의미 검토 / 레이아웃 미검증
Flutter,permissionCanAllowLater,설정에서 언제든지 권한을 허용할 수 있어요.,You can allow permissions anytime in Settings.,सेटिंग में कभी भी अनुमतियां दे सकते हैं।,문구 작성·의미 검토 / 레이아웃 미검증
Flutter,permissionRequiredNotGranted,필수 권한 미허용,Required Permissions Not Granted,ज़रूरी अनुमतियां नहीं मिलीं,문구 작성·의미 검토 / 레이아웃 미검증
Flutter,statusDataLoadFailed,데이터 로드 실패,Failed to load data,डेटा लोड नहीं हुआ,문구 작성·의미 검토 / 레이아웃 미검증
Flutter,statusNoSchedule,스케줄이 없습니다,No schedule found,कोई शेड्यूल नहीं मिला,문구 작성·의미 검토 / 레이아웃 미검증
Flutter,statusErrorOccurred,에러 발생,An error occurred,कोई समस्या आ गई,문구 작성·의미 검토 / 레이아웃 미검증
Flutter,statusShiftAssigned,근무가 할당되었습니다,Shift assigned,शिफ्ट लगा दी गई,문구 작성·의미 검토 / 레이아웃 미검증
Flutter,statusShiftAssignFailed,근무 할당 실패,Failed to assign shift,शिफ्ट नहीं लग सकी,문구 작성·의미 검토 / 레이아웃 미검증
Flutter,statusShiftChangeFailed,근무 변경 실패,Failed to change shift,शिफ्ट नहीं बदल सकी,문구 작성·의미 검토 / 레이아웃 미검증
Flutter,alarmSchedulePartialFailed,근무는 저장됐지만 알람 {total}개 중 {failed}개를 등록하지 못했어요. 정확한 알람 권한을 확인한 뒤 근무를 다시 저장해 주세요.,"Shift saved, but {failed} of {total} alarms could not be set. Check the exact alarm permission and save the shift again.","शिफ्ट सेव हो गई, लेकिन {total} में से {failed} अलार्म सेट नहीं हुए। सटीक अलार्म की अनुमति जांचकर शिफ्ट फिर सेव करें।",문구 작성·의미 검토 / 레이아웃 미검증
Flutter,scheduleNotifyRegisterFailed,일정은 저장됐지만 알림을 예약하지 못했어요. 정확한 알람 권한을 확인한 뒤 일정을 다시 저장해 주세요.,"Event saved, but its reminder could not be set. Check the exact alarm permission, then save the event again.","काम सेव हो गया, लेकिन रिमाइंडर सेट नहीं हुआ। सटीक अलार्म की अनुमति जांचकर काम फिर सेव करें।",문구 작성·의미 검토 / 레이아웃 미검증
Flutter,scheduleTabSyncFailed,화면 설정을 바꾸지 못했어요. 잠시 후 다시 시도해주세요.,Couldn't change the screen setting. Please try again shortly.,स्क्रीन की सेटिंग नहीं बदल सकी। थोड़ी देर बाद फिर कोशिश करें।,문구 작성·의미 검토 / 레이아웃 미검증
Flutter,permissionStatusUnknown,{name}(확인 불가),{name} (status unknown),{name} (स्थिति पता नहीं है),문구 작성·의미 검토 / 레이아웃 미검증
Flutter,statusShiftNameUpdated,근무명이 변경되었습니다,Shift name updated,शिफ्ट का नाम बदल गया,문구 작성·의미 검토 / 레이아웃 미검증
Flutter,statusShiftColorUpdated,근무명 색상이 변경되었습니다,Shift color updated,शिफ्ट का रंग बदल गया,문구 작성·의미 검토 / 레이아웃 미검증
Flutter,statusColorAlreadyUsed,이미 다른 근무에서 사용 중인 색상입니다,This color is already used by another shift,यह रंग दूसरी शिफ्ट में इस्तेमाल हो रहा है,문구 작성·의미 검토 / 레이아웃 미검증
Flutter,statusScheduleUpdated,스케줄이 변경되었습니다,Schedule updated,शेड्यूल अपडेट हो गया,문구 작성·의미 검토 / 레이아웃 미검증
Flutter,statusEnterMemoContent,메모 내용을 입력해주세요,Write a note first,पहले नोट लिखें,문구 작성·의미 검토 / 레이아웃 미검증
Flutter,statusMemoLimit,메모는 {max}개만 등록 가능합니다,You can add up to {max} notes,अधिकतम {max} नोट जोड़ सकते हैं,문구 작성·의미 검토 / 레이아웃 미검증
Flutter,statusOneCharOnly,한 글자만 입력 가능합니다.,Only one character allowed.,सिर्फ एक अक्षर दर्ज करें।,문구 작성·의미 검토 / 레이아웃 미검증
Flutter,statusFullTeamScheduleTitle,전체 교대조 근무표 작성,Set up team schedules,टीमों के शेड्यूल सेट करें,문구 작성·의미 검토 / 레이아웃 미검증
Flutter,statusPatternDayCycle,교대 패턴 (총 {days}일 주기),Shift Pattern ({days}-day cycle),शिफ्ट का क्रम ({days} दिन का चक्र),문구 작성·의미 검토 / 레이아웃 미검증
Flutter,allTeamsSetupRosterLabel,조 이름,Team Names,टीमों के नाम,문구 작성·의미 검토 / 레이아웃 미검증
Flutter,allTeamsSetupRosterHint,근무표에 사용할 모든 조를 정합니다. 수정에서 조를 추가·삭제하거나 이름을 바꿀 수 있습니다.,"Add the teams you want to see. Tap Edit to add, remove or rename a team.","जिन टीमों को देखना है, उन्हें जोड़ें। टीम जोड़ने, हटाने या नाम बदलने के लिए ‘बदलें’ पर टैप करें।",문구 작성·의미 검토 / 레이아웃 미검증
Flutter,allTeamsSetupMyTeamLabel,내 조,My Team,मेरी टीम,문구 작성·의미 검토 / 레이아웃 미검증
Flutter,allTeamsSetupMyTeamPickHint,이 중에서 내 조를 골라주세요.,Pick which one is your team.,इनमें से अपनी टीम चुनें।,문구 작성·의미 검토 / 레이아웃 미검증
Flutter,allTeamsSetupOtherTeamsLabel,다른 조,Other Teams,दूसरी टीमें,문구 작성·의미 검토 / 레이아웃 미검증
Flutter,allTeamsSetupOtherTeamsHint,우리 근무표에 실제로 쓰이는 다른 조를 모두 골라주세요.,Select the other teams to include.,साथ में दिखाने के लिए दूसरी टीमें चुनें।,문구 작성·의미 검토 / 레이아웃 미검증
Flutter,allTeamsSetupPickMyTeamFirstHint,먼저 내 조를 선택해주세요.,Pick your team first.,पहले अपनी टीम चुनें।,문구 작성·의미 검토 / 레이아웃 미검증
Flutter,allTeamsSetupAssignSectionLabel,근무 배정,Assign Shifts,शिफ्ट लगाएं,문구 작성·의미 검토 / 레이아웃 미검증
Flutter,allTeamsSetupAssignHint,"조를 누르고, 오늘 그 조가 근무하는 자리를 눌러 배정하세요.","Select a team, then choose its position in the shift pattern today.","टीम चुनें, फिर शिफ्ट क्रम में आज उसकी स्थिति चुनें।",문구 작성·의미 검토 / 레이아웃 미검증
Flutter,allTeamsSetupDuplicateNameError,이미 있는 조 이름이에요.,That team name is already used.,यह टीम नाम पहले से मौजूद है।,문구 작성·의미 검토 / 레이아웃 미검증
Flutter,allTeamsSetupMinOtherTeamHint,다른 조를 최소 1개 이상 선택해주세요.,Select at least one other team.,कम से कम एक दूसरी टीम चुनें।,문구 작성·의미 검토 / 레이아웃 미검증
Flutter,allTeamsSetupEditTooltip,전체 근무표 편집,Edit team schedules,टीमों के शेड्यूल बदलें,문구 작성·의미 검토 / 레이아웃 미검증
Flutter,alarmHistoryEmpty,알람 이력이 없습니다,No Alarm History,अलार्म का कोई इतिहास नहीं है,문구 작성·의미 검토 / 레이아웃 미검증
Flutter,alarmHistoryDeleteAllTitle,전체 이력 삭제,Delete All History,पूरा इतिहास हटाएं,문구 작성·의미 검토 / 레이아웃 미검증
Flutter,alarmHistoryTestOnlyWarning,⚠️ 이 화면의 모든 기록이 사라집니다,⚠️ This will permanently delete every record shown here.,⚠️ यहां दिखने वाले सभी रिकॉर्ड हमेशा के लिए हट जाएंगे।,문구 작성·의미 검토 / 레이아웃 미검증
Flutter,alarmHistoryDeleteAllDesc,모든 알람 이력이 삭제됩니다.,All alarm history will be deleted.,अलार्म का पूरा इतिहास हट जाएगा।,문구 작성·의미 검토 / 레이아웃 미검증
Flutter,alarmHistoryDeletedToast,모든 알람 이력이 삭제되었습니다,All alarm history deleted,अलार्म का पूरा इतिहास हटा दिया गया,문구 작성·의미 검토 / 레이아웃 미검증
Flutter,alarmHistoryDeleteFailed,이력 삭제 실패: {error},Failed to delete history: {error},इतिहास नहीं हट सका: {error},문구 작성·의미 검토 / 레이아웃 미검증
Flutter,themeMainWhite,메인테마 - 화이트,Classic Light,क्लासिक लाइट,문구 작성·의미 검토 / 레이아웃 미검증
Flutter,themeMainDark,메인테마 - 다크,Classic Dark,क्लासिक डार्क,문구 작성·의미 검토 / 레이아웃 미검증
Flutter,themeMinimal,심플 라인,Simple Line,सिंपल लाइन,문구 작성·의미 검토 / 레이아웃 미검증
Flutter,themeMaterialCard,소프트 카드,Soft Card,सॉफ्ट कार्ड,문구 작성·의미 검토 / 레이아웃 미검증
Flutter,themeBoldGrid,다크 그리드,Dark Grid,डार्क ग्रिड,문구 작성·의미 검토 / 레이아웃 미검증
Flutter,themeInitialBadge,컬러 뱃지,Color Badge,कलर बैज,문구 작성·의미 검토 / 레이아웃 미검증
Flutter,themeUnderline,미니멀 언더라인,Minimal Underline,मिनिमल अंडरलाइन,문구 작성·의미 검토 / 레이아웃 미검증
Flutter,themeEventChip,이벤트 캘린더,Event Calendar,इवेंट कैलेंडर,문구 작성·의미 검토 / 레이아웃 미검증
Flutter,themeEditorial,매거진,Magazine,मैगज़ीन,문구 작성·의미 검토 / 레이아웃 미검증
Flutter,themeDiary,다이어리,Diary,डायरी,문구 작성·의미 검토 / 레이아웃 미검증
Flutter,themeSwipeToChoose,좌우로 넘겨서 골라보세요,Swipe left or right to choose,चुनने के लिए बाएं या दाएं स्वाइप करें,문구 작성·의미 검토 / 레이아웃 미검증
Flutter,themeCurrentlyApplied,현재 적용된 테마,Current theme,मौजूदा थीम,문구 작성·의미 검토 / 레이아웃 미검증
Flutter,themeApplyThis,이 테마로 적용,Apply theme,यह थीम लगाएं,문구 작성·의미 검토 / 레이아웃 미검증
Flutter,soundDefault,기본알람음,Default alarm sound,डिफ़ॉल्ट अलार्म की आवाज़,문구 작성·의미 검토 / 레이아웃 미검증
Flutter,soundBellN,알람벨 {n},Alarm sound {n},अलार्म की आवाज़ {n},문구 작성·의미 검토 / 레이아웃 미검증
Flutter,soundFileNotFound,알람음 파일을 찾을 수 없습니다,Alarm sound file not found,अलार्म की आवाज़ वाली फ़ाइल नहीं मिली,문구 작성·의미 검토 / 레이아웃 미검증
Flutter,splashTitle,교대시계,ShiftBell,ShiftBell,문구 작성·의미 검토 / 레이아웃 미검증
Flutter,splashTagline,교대 스케줄 확인 및 자동 알람 생성,"Your shifts and alarms, in sync",आपकी शिफ्ट के हिसाब से आपके अलार्म,문구 작성·의미 검토 / 레이아웃 미검증
Flutter,updateNewVersionAvailable,새 버전이 있어요!,New Version Available!,नया संस्करण उपलब्ध है!,문구 작성·의미 검토 / 레이아웃 미검증
Flutter,updateRecommendMessage,"새 버전으로 업데이트하는 걸
권해요.",Update to the latest version of ShiftBell.,ShiftBell को नए संस्करण में अपडेट करें।,문구 작성·의미 검토 / 레이아웃 미검증
Flutter,updateDataPreservedHint,(저장된 정보는 그대로 유지됩니다),Your saved data will be kept.,आपका सेव किया गया डेटा बना रहेगा।,문구 작성·의미 검토 / 레이아웃 미검증
Flutter,updateReleaseNoteTitle,교대시계 업데이트 노트,ShiftBell Update Notes,ShiftBell में नया क्या है,문구 작성·의미 검토 / 레이아웃 미검증
Flutter,updateReleaseNoteBody,"1. 개인 일정 관리
근무 일정과 함께 약속이나 할 일을 시간별로 관리할 수 있어요.

2. 수면 회복
근무시간과 수면 데이터를 바탕으로 교대근무자의 컨디션 회복을 모니터링하고, 확인된 정보와 권장 행동을 안내해요.

3. 데이터 백업
데이터 백업 기능이 추가되었고, 중요한 데이터는 자동으로 백업돼요.

사용 중 궁금한 점이나 불편한 점은 카카오톡 오픈채팅에서 ‘교대시계 앱’을 검색해 문의해주세요.

꾸준히 사용해주셔서 감사합니다. 도움이 되셨다면 플레이스토어 리뷰도 부탁드립니다!","This update improves shift calendars, alarms and local backups.

Thanks for using ShiftBell.","इस अपडेट में शिफ्ट कैलेंडर, अलार्म और डिवाइस पर बैकअप की सुविधा बेहतर की गई है।

ShiftBell इस्तेमाल करने के लिए धन्यवाद।",문구 작성·의미 검토 / 레이아웃 미검증
Flutter,allTeamsNotConfigured,"전체 교대조 근무표가
설정되지 않았습니다",Team schedules are not set up yet,टीमों के शेड्यूल अभी सेट नहीं हैं,문구 작성·의미 검토 / 레이아웃 미검증
Flutter,allTeamsCreateButton,전체 교대조 근무표 만들기,Set up teams,टीमें सेट करें,문구 작성·의미 검토 / 레이아웃 미검증
Flutter,allTeamsThisMonthButton,이번 달,This Month,इस महीने,문구 작성·의미 검토 / 레이아웃 미검증
Flutter,statusErrorWithDetail,에러 발생: {error},An error occurred: {error},कोई समस्या आ गई: {error},문구 작성·의미 검토 / 레이아웃 미검증
Flutter,themeLabMockDayShiftLong,주간근무,Day Shift,दिन की शिफ्ट,문구 작성·의미 검토 / 레이아웃 미검증
Flutter,themeLabPreviewFixedMonthNotice,이 미리보기는 2026년 8월로 고정되어 있어요,Preview for August 2026,अगस्त 2026 का प्रीव्यू,문구 작성·의미 검토 / 레이아웃 미검증
Flutter,themeLabPreviewSheetTitle,{date} ({weekday}),{date} ({weekday}),{date} ({weekday}),문구 작성·의미 검토 / 레이아웃 미검증
Flutter,themeLabPreviewShiftLabel,근무: {shift},Shift: {shift},शिफ्ट: {shift},문구 작성·의미 검토 / 레이아웃 미검증
Flutter,themeLabPreviewMemoCount,"{count, plural, =1{메모 1개} other{메모 {count}개}}: {memos}","{count, plural, =1{1 note} other{{count} notes}}: {memos}","{count, plural, =1{1 नोट} other{{count} नोट}}: {memos}",문구 작성·의미 검토 / 레이아웃 미검증
Flutter,themeLabPreviewSheetHint,실제 앱에서는 이 자리에서 메모/OT를 확인하고 수정할 수 있어요.,"In your calendar, you can view and edit notes and overtime here.",अपने कैलेंडर में यहां नोट और ओवरटाइम देख या बदल सकते हैं।,문구 작성·의미 검토 / 레이아웃 미검증
Flutter,themeLabOtDetailNotice,실제 앱에서는 여기를 탭하면 OT 상세 목록이 열려요,"In your calendar, tap here to see your overtime entries.",अपने कैलेंडर में यहां टैप करके दर्ज किया गया ओवरटाइम देखें।,문구 작성·의미 검토 / 레이아웃 미검증
Flutter,dismissAlarmConfirmed,알람 확인,Dismissed,बंद किया गया,문구 작성·의미 검토 / 레이아웃 미검증
Flutter,dismissSnoozed5Min,5분 연장,Snoozed for 5 min,5 मिनट के लिए स्नूज़ किया गया,문구 작성·의미 검토 / 레이아웃 미검증
Flutter,dismissNoResponse,무응답,Missed,छूट गया,문구 작성·의미 검토 / 레이아웃 미검증
Flutter,dismissAlarmRemoved,알람 제거,Alarm Removed,अलार्म हटा दिया गया,문구 작성·의미 검토 / 레이아웃 미검증
Flutter,scheduleDuplicateTimeSlot,이미 같은 시간대의 일정이 있어요. 그 일정에 내용을 함께 적어주세요.,There is already an event at this time. Add your note to that event instead.,इस समय पहले से एक काम है। अपना नोट उसी में जोड़ें।,문구 작성·의미 검토 / 레이아웃 미검증
Flutter,scheduleMaxPerSlot,이 시간대에는 일정을 최대 {count}개까지만 만들 수 있어요,You can add up to {count} events at this time,इस समय अधिकतम {count} काम जोड़ सकते हैं,문구 작성·의미 검토 / 레이아웃 미검증
Flutter,scheduleDeleteConfirmTitle,일정을 삭제할까요?,Delete this event?,यह काम हटाएं?,문구 작성·의미 검토 / 레이아웃 미검증
Flutter,scheduleDeleteConfirmBody,삭제한 일정은 되돌릴 수 없어요.,This event will be permanently deleted.,यह काम हमेशा के लिए हट जाएगा।,문구 작성·의미 검토 / 레이아웃 미검증
Flutter,scheduleEditTitle,일정 수정,Edit Event,काम बदलें,문구 작성·의미 검토 / 레이아웃 미검증
Flutter,scheduleNewTitle,새 일정,New Event,नया काम,문구 작성·의미 검토 / 레이아웃 미검증
Flutter,scheduleContentFieldLabel,내용,Details,विवरण,문구 작성·의미 검토 / 레이아웃 미검증
Flutter,scheduleTimeSectionLabel,시간,Time,समय,문구 작성·의미 검토 / 레이아웃 미검증
Flutter,scheduleNotifySectionLabel,알림,Notification,सूचना,문구 작성·의미 검토 / 레이아웃 미검증
Flutter,scheduleNotifyToggleLabel,일정에 맞춰 알림 받기,Remind me,याद दिलाएं,문구 작성·의미 검토 / 레이아웃 미검증
Flutter,scheduleNotifyDescription,시스템 알림 설정(소리·진동·무음)을 그대로 따르는 알림 1건으로 알려드려요.,"You'll get one notification that follows your device's sound, vibrate, or silent setting.","एक सूचना मिलेगी। आवाज़, वाइब्रेशन या साइलेंट मोड डिवाइस की सेटिंग के अनुसार होगा।",문구 작성·의미 검토 / 레이아웃 미검증
Flutter,scheduleNotifyOffsetQuestion,몇 분 전에 알려드릴까요?,When should we remind you?,कब याद दिलाएं?,문구 작성·의미 검토 / 레이아웃 미검증
Flutter,scheduleNotifyOffsetOnTime,정시,At the start time,शुरू होने पर,문구 작성·의미 검토 / 레이아웃 미검증
Flutter,scheduleNotifyOffsetBefore,{minutes}분 전,{minutes} min before,{minutes} मिनट पहले,문구 작성·의미 검토 / 레이아웃 미검증
Flutter,scheduleNotifyPastTimeWarning,이미 지난 시각이라 알림이 울리지 않아요. 시간을 바꿔주세요.,The reminder time has already passed. Choose a later time to receive a notification.,याद दिलाने का समय बीत चुका है। सूचना पाने के लिए आगे का समय चुनें।,문구 작성·의미 검토 / 레이아웃 미검증
Flutter,scheduleCreateButton,생성,Create,जोड़ें,문구 작성·의미 검토 / 레이아웃 미검증
Flutter,helpSearchHint,궁금한 내용 검색,Search help topics,मदद में खोजें,문구 작성·의미 검토 / 레이아웃 미검증
Flutter,helpEmptySearchResult,검색 결과가 없어요,No results found,कोई नतीजा नहीं मिला,문구 작성·의미 검토 / 레이아웃 미검증
Flutter,helpStartSectionTitle,시작하기,Getting Started,शुरुआत करें,문구 작성·의미 검토 / 레이아웃 미검증
Flutter,helpStartOnboardingTitle,처음 실행했을 때 화면들,Setting up ShiftBell,ShiftBell कैसे सेट करें,문구 작성·의미 검토 / 레이아웃 미검증
Flutter,helpStartOnboardingBody,"앱을 처음 열면 알림, 정확한 알람, 다른 앱 위에 표시 같은 권한을 차례로 안내해요. 잠금 화면에서도 알람이 정해진 시각에 울리려면 꼭 필요한 권한이라, 하나라도 거부하면 알람이 늦게 울리거나 아예 울리지 않을 수 있어요.

권한을 허용하고 나면 근무 스케줄을 만드는 화면으로 넘어가요.

기본 근무명은 주간·야간·오전·오후·휴무·연차예요. 쓰지 않는 이름은 ×로 지우고 + 추가로 새 이름을 만들 수 있어요. 첫 화면 아래에서 백업 데이터를 불러올 수도 있어요.","Allow notifications, exact alarms and display over other apps so ShiftBell can alert you reliably. Then choose whether your shifts repeat, add your shift names and set alarms for the shifts that need them. You can skip alarms and add them later in Settings.

Remove unused shift names with × and add any missing names with + Add. If you have used ShiftBell before, choose Restore from backup to restore a backup file.","अलार्म ठीक से काम करें, इसके लिए सूचनाओं, सटीक अलार्म और दूसरे ऐप्स के ऊपर दिखाने की अनुमति दें। फिर चुनें कि आपकी शिफ्ट एक तय क्रम में दोहराती हैं या नहीं। शिफ्ट के नाम जोड़ें और ज़रूरत के अनुसार अलार्म सेट करें। अलार्म अभी छोड़कर बाद में सेटिंग से भी जोड़ सकते हैं।

जिन शिफ्ट नामों की ज़रूरत नहीं है, उन्हें × से हटाएं। नए नाम + जोड़ें से बनाएं। पहले ShiftBell इस्तेमाल किया है तो ‘बैकअप से डेटा वापस लाएं’ चुनकर अपनी बैकअप फ़ाइल खोलें।",문구 작성·의미 검토 / 레이아웃 미검증
Flutter,helpStartScheduleTypesTitle,규칙적 근무 vs 불규칙 근무,Repeating vs. irregular schedules,तय क्रम और बदलती शिफ्ट में अंतर,문구 작성·의미 검토 / 레이아웃 미검증
Flutter,helpStartScheduleTypesBody,"근무 스케줄은 두 가지 방식으로 만들 수 있어요.

규칙적 근무는 ""주간-주간-야간-야간-비번-비번-휴무""처럼 정해진 패턴이 시작일부터 계속 반복되는 방식이에요. 패턴과 시작일만 정해 두면 이후 날짜는 앱이 알아서 채워 줘요.

불규칙 근무는 반복되는 패턴이 없어서 날짜마다 근무를 직접 정하는 방식이에요. 달력에서 날짜를 길게 눌러 하루 또는 여러 날의 근무를 지정할 수 있어요.","A repeating schedule follows a cycle, such as Day, Day, Night, Night, Off, Off. Build the cycle and select today’s position in it. ShiftBell fills in future dates automatically.

For a non-repeating schedule, assign shifts to dates yourself. Long-press a date, select any other dates you want, and choose a shift.","तय क्रम वाली शिफ्ट एक चक्र में दोहराती हैं, जैसे दिन, दिन, रात, रात, छुट्टी, छुट्टी। यह क्रम बनाएं और उसमें आज की स्थिति चुनें। ShiftBell आगे की तारीखें अपने आप भर देगा।

शिफ्ट का तय क्रम न हो तो तारीखों पर खुद शिफ्ट लगाएं। किसी तारीख को दबाकर रखें, दूसरी तारीखें भी चुनें और शिफ्ट पर टैप करें।",문구 작성·의미 검토 / 레이아웃 미검증
Flutter,helpShiftSectionTitle,근무 관리,Managing Shifts,शिफ्ट का प्रबंधन,문구 작성·의미 검토 / 레이아웃 미검증
Flutter,helpShiftIrregularAssignTitle,불규칙 근무자가 근무 배정하는 법,Adding shifts without a repeating pattern,तय क्रम न हो तो शिफ्ट कैसे लगाएं,문구 작성·의미 검토 / 레이아웃 미검증
Flutter,helpShiftIrregularAssignBody,"불규칙 근무를 쓰고 있다면 달력 탭에서 날짜를 길게 눌러, 그날(또는 여러 날) 일할 근무를 골라 배정해요. 반복 적용되는 게 아니라 고른 날짜에만 적용되니, 다른 날짜는 각각 따로 지정해야 해요.

며칠 앞서 미리 배정해 두면 그 배정에 맞춰 알람도 자동으로 준비돼요.","Touch and hold a date on the calendar, select any other dates you need, then choose a shift. The shift is assigned only to the dates you select.

Add upcoming shifts in advance so ShiftBell can schedule their alarms.","कैलेंडर में किसी तारीख को दबाकर रखें। ज़रूरत की दूसरी तारीखें चुनें और फिर शिफ्ट चुनें। शिफ्ट सिर्फ चुनी गई तारीखों पर लगेगी।

आने वाली शिफ्ट पहले से दर्ज करें, ताकि ShiftBell उनके अलार्म सेट कर सके।",문구 작성·의미 검토 / 레이아웃 미검증
Flutter,helpShiftChangeShiftTitle,특정 날짜의 근무 바꾸는 법,Changing the shift on a specific date,किसी एक दिन की शिफ्ट बदलना,문구 작성·의미 검토 / 레이아웃 미검증
Flutter,helpShiftChangeShiftBody,"규칙적 근무든 불규칙 근무든, 특정 날짜만 원래 정해진 근무와 다르게 바꾸고 싶으면 달력에서 그 날짜를 길게 눌러 다른 근무로 다시 지정하면 됩니다. 바꾼 날의 알람은 새로 지정한 근무 기준으로 자동으로 다시 계산돼요.","Whether you're on a repeating or irregular schedule, you can override a single date by long-pressing it on the calendar and picking a different shift. Alarms for that day are automatically recalculated to match the new shift.","तय क्रम हो या बदलती शिफ्ट, किसी भी तारीख की शिफ्ट अलग से बदल सकते हैं। कैलेंडर में तारीख को दबाकर रखें और दूसरी शिफ्ट चुनें। उस दिन के अलार्म नई शिफ्ट के हिसाब से अपने आप बदल जाएंगे।",문구 작성·의미 검토 / 레이아웃 미검증
Flutter,helpShiftShiftColorsTitle,근무명 색상 직접 바꾸기,Customizing shift colors,शिफ्ट के रंग चुनना,문구 작성·의미 검토 / 레이아웃 미검증
Flutter,helpShiftShiftColorsBody,"달력 테마마다 근무별 기본 색상이 정해져 있지만, 특정 근무명의 색만 원하는 색으로 따로 바꿀 수도 있어요. 근무 설정 화면에서 근무명을 고르고 색상을 지정하면, 그 색이 테마 기본색보다 우선 적용됩니다.","Every calendar theme has default colors per shift, but you can override the color of a specific shift name if you like. Pick the shift name in the shift settings and choose a color — your choice takes priority over the theme's default.",हर कैलेंडर थीम में शिफ्ट के रंग पहले से तय होते हैं। किसी शिफ्ट का अलग रंग चाहिए तो शिफ्ट सेटिंग में उसका नाम चुनकर रंग बदलें। आपका चुना रंग थीम के रंग की जगह दिखेगा।,문구 작성·의미 검토 / 레이아웃 미검증
Flutter,helpShiftAllShiftsTitle,전체 근무표란?,Viewing other teams in your rotation,दूसरी टीमों की शिफ्ट देखना,문구 작성·의미 검토 / 레이아웃 미검증
Flutter,helpShiftAllShiftsBody,"같은 직장에서 일하지만 나와 다른 조에 속한 동료들의 근무 패턴을 한눈에 보여주는 화면이에요. ""이번 주에 A조는 언제 쉬지?"" 같은 걸 확인할 때 씁니다.

달력 탭에서 전체 근무표 메뉴로 들어가면 볼 수 있고, 조 구성(몇 개 조가 있는지, 각 조가 나보다 며칠 빠르거나 늦게 도는지)은 미리 설정해둬야 정확하게 표시됩니다.","Tap All teams on the Calendar tab to compare team schedules. Add team names and choose your team. You can use one repeating pattern with a different starting position for each team, or set a separate cycle or weekly schedule for each team.

Team schedules are calculated on your device. They do not connect to coworkers’ accounts or download their schedules.","कैलेंडर टैब में ‘सभी टीमें’ पर टैप करें। टीमों के नाम जोड़ें और अपनी टीम चुनें। सभी टीमों के लिए एक ही क्रम में अलग शुरुआती स्थिति चुन सकते हैं, या हर टीम का अलग चक्र अथवा साप्ताहिक शेड्यूल बना सकते हैं।

टीमों के शेड्यूल आपके डिवाइस पर ही बनते हैं। वे सहकर्मियों के खातों से नहीं जुड़ते और उनके शेड्यूल डाउनलोड नहीं करते।",문구 작성·의미 검토 / 레이아웃 미검증
Flutter,helpShiftTeamChangeTitle,조가 바뀌었을 때,When your team changes,आपकी टीम बदलने पर,문구 작성·의미 검토 / 레이아웃 미검증
Flutter,helpShiftTeamChangeBody,설정 → 편집 → 스케줄 변경을 눌러서 오늘의 근무를 지정하면 됩니다. 근무명·알람은 그대로 유지됩니다.,"If you have set up team schedules, open All teams → Edit → Change my team and select your new team. Shift alarms will follow that team’s schedule. Manual changes to individual dates will be cleared, but the team schedules will be kept.

To change your position in a repeating pattern instead, go to Settings → Edit → Change Schedule. Check the confirmation message before saving.","टीमों के शेड्यूल सेट हैं तो सभी टीमें → बदलें → मेरी टीम बदलें में नई टीम चुनें। शिफ्ट के अलार्म नई टीम के शेड्यूल के अनुसार होंगे। अलग-अलग तारीखों पर खुद किए गए बदलाव हट जाएंगे, लेकिन टीमों के शेड्यूल बने रहेंगे।

सिर्फ दोहराने वाले क्रम में अपनी स्थिति बदलनी हो तो सेटिंग → बदलें → शेड्यूल बदलें पर जाएं। सेव करने से पहले पुष्टि का संदेश पढ़ें।",문구 작성·의미 검토 / 레이아웃 미검증
Flutter,helpAlarmSectionTitle,알람,Alarms,अलार्म,문구 작성·의미 검토 / 레이아웃 미검증
Flutter,helpAlarmTemplatesTitle,고정 알람 만들기,Setting alarms for a shift,किसी शिफ्ट के लिए अलार्म लगाना,문구 작성·의미 검토 / 레이아웃 미검증
Flutter,helpAlarmTemplatesBody,"근무 하나당 알람을 최대 5개까지 등록할 수 있어요. 근무 당일뿐 아니라 전날, 다음날에도 만들 수 있고, 알람마다 시각과 알람음 등을 따로 설정할 수 있습니다.","Add up to five alarms per shift in Settings. Each alarm has its own time and sound settings and can ring on the shift day, the day before or the day after.

ShiftBell prepares upcoming alarms automatically as your calendar moves forward. For a non-repeating schedule, assign your shifts ahead of time so their alarms can be scheduled.

Alarm lists use a 24-hour display. The time editor follows your device’s 12- or 24-hour setting. In 12-hour mode, 12 AM is midnight and 12 PM is noon.

Shift alarms follow the device’s current time zone. When daylight saving time skips a clock time, the alarm moves forward by the clock change (for example, 02:30 becomes 03:30 for a one-hour jump). When a clock time occurs twice, it rings once at the second occurrence. Alarms that resolve to the same time are combined.","सेटिंग में हर शिफ्ट के लिए अधिकतम पांच अलार्म जोड़ें। हर अलार्म का समय और आवाज़ अलग चुन सकते हैं। यह शिफ्ट वाले दिन, एक दिन पहले या अगले दिन बज सकता है।

तारीख आगे बढ़ने पर ShiftBell आने वाले अलार्म अपने आप तैयार करता है। शिफ्ट का तय क्रम नहीं है तो शिफ्ट पहले से दर्ज करें, ताकि उनके अलार्म सेट हो सकें।

अलार्म सूची में समय 24 घंटे के प्रारूप में दिखता है। समय चुनने की स्क्रीन डिवाइस की 12 या 24 घंटे वाली सेटिंग के अनुसार होती है। 12 घंटे के प्रारूप में 12 AM आधी रात और 12 PM दोपहर है।

शिफ्ट के अलार्म डिवाइस के मौजूदा समय क्षेत्र के अनुसार चलते हैं। डेलाइट सेविंग के कारण कोई समय छूट जाए तो अलार्म घड़ी में हुए बदलाव जितना आगे खिसकता है। जैसे एक घंटा आगे होने पर 02:30 का अलार्म 03:30 पर बजेगा। घड़ी पीछे होने से एक समय दो बार आए तो अलार्म दूसरी बार उस समय पर एक बार बजेगा। एक ही वास्तविक समय पर पड़ने वाले अलार्म मिला दिए जाते हैं।",문구 작성·의미 검토 / 레이아웃 미검증
Flutter,helpAlarmSoundVolumeTitle,알람음 바꾸기 / 소리 문제,Choosing an alarm sound and volume,अलार्म की आवाज़ और वॉल्यूम चुनना,문구 작성·의미 검토 / 레이아웃 미검증
Flutter,helpAlarmSoundVolumeBody,"앱 자체 알람음 7종과 제조사 기본 알람음 중에서 고를 수 있어요. 기기마다 스피커 특성이 달라서 소리가 너무 작거나 클 수 있는데, 앱이 자동으로 볼륨을 보정하지만 그래도 안 맞으면 알람 설정에서 소리를 다른 걸로 바꿔보세요.","You can choose from 7 built-in alarm sounds or your device's own system alarm sounds. Speaker characteristics vary by device, so the app auto-corrects volume, but if it still feels off, try switching to a different sound in the alarm settings.","ऐप की 7 आवाज़ों या डिवाइस की सिस्टम अलार्म आवाज़ों में से चुन सकते हैं। हर डिवाइस का स्पीकर अलग होता है, इसलिए ऐप वॉल्यूम अपने आप समायोजित करता है। फिर भी आवाज़ ठीक न लगे तो अलार्म सेटिंग में दूसरी आवाज़ चुनें।",문구 작성·의미 검토 / 레이아웃 미검증
Flutter,helpAlarmAlarmNotRingingTitle,알람이 안 울릴 때 확인할 것,If an alarm doesn't go off,अलार्म न बजे तो क्या करें,문구 작성·의미 검토 / 레이아웃 미검증
Flutter,helpAlarmAlarmNotRingingBody,"가장 흔한 원인은 권한이에요. 설정에서 이 앱의 ""정확한 알람"", ""알림"", ""다른 앱 위에 표시"" 권한이 켜져 있는지, 배터리 최적화 대상에서 이 앱이 빠져 있는지 확인해 보세요.

그다음으로 흔한 원인은 근무나 알람 설정이에요. 그날 근무가 실제로 배정돼 있는지, 그 근무에 고정 알람이 등록돼 있는지 확인해 보세요. 근무만 배정하고 고정 알람을 만들지 않으면 알람은 울리지 않아요.","Check that exact alarms are allowed for ShiftBell. Also check notification and display-over-other-apps permissions so you can see and control alarms, and review your phone’s battery restrictions.

Make sure the date has a shift assigned and that the shift has an alarm. Check the alarm’s sound, volume and vibration settings as well.","जांचें कि ShiftBell को सटीक अलार्म की अनुमति मिली है। अलार्म देखने और नियंत्रित करने के लिए सूचनाओं तथा दूसरे ऐप्स के ऊपर दिखाने की अनुमति भी जांचें। फ़ोन की बैटरी पाबंदियां भी देखें।

उस तारीख पर शिफ्ट और उस शिफ्ट के लिए अलार्म होना चाहिए। अलार्म की आवाज़, वॉल्यूम और वाइब्रेशन सेटिंग भी जांचें।",문구 작성·의미 검토 / 레이아웃 미검증
Flutter,helpAlarmAlarmHistoryTitle,전체 알람 내역 확인하기,Viewing alarm history,अलार्म का इतिहास देखना,문구 작성·의미 검토 / 레이아웃 미검증
Flutter,helpAlarmAlarmHistoryBody,"지금까지 울린 알람과 그 결과는 설정 → 알람 이력에서 볼 수 있어요.

5분 연장은 버튼을 누른 시점부터 5분 뒤에 다시 울리도록 예약합니다. 서머타임으로 시계가 바뀌어도 같습니다. 시계가 뒤로 돌아가 같은 시각이 두 번 오는 날에는 다음 알람과 이력에 ‘첫 번째 시각’ 또는 ‘두 번째 시각’을 표시합니다.","You can see every alarm and its result under Settings → Alarm History.

Snooze sets the alarm for five minutes after you tap it, even when the clocks change. During the repeated hour when clocks go back, “First occurrence” and “Second occurrence” distinguish the two times in upcoming alarms and alarm history.","सेटिंग → अलार्म का इतिहास में हर अलार्म और उसका नतीजा देख सकते हैं।

स्नूज़ पर टैप करने के पांच मिनट बाद अलार्म फिर बजता है, भले ही इस बीच घड़ी का समय बदले। घड़ी पीछे होने से एक घंटा दो बार आए तो आने वाले अलार्म और इतिहास में ‘पहली बार’ और ‘दूसरी बार’ से दोनों समय अलग पहचाने जाते हैं।",문구 작성·의미 검토 / 레이아웃 미검증
Flutter,helpCalendarSectionTitle,달력 & 홈 화면 위젯,Calendar & Home Widget,कैलेंडर और होम स्क्रीन विजेट,문구 작성·의미 검토 / 레이아웃 미검증
Flutter,helpCalendarThemesTitle,달력 테마 바꾸기,Changing the calendar theme,कैलेंडर की थीम बदलना,문구 작성·의미 검토 / 레이아웃 미검증
Flutter,helpCalendarThemesBody,"달력 색상 테마를 10종 중에서 고를 수 있어요. 앱 안의 달력에 적용되고, 홈 화면 위젯은 항상 밝은 기본 색으로 표시돼요.","Choose from six themes in Settings → Calendar Theme: Classic Light, Classic Dark, Simple Line, Soft Card, Diary and Dark Grid.

Themes apply to the calendar inside the app. The home-screen widget keeps its light appearance.","सेटिंग → कैलेंडर थीम में छह थीम हैं: क्लासिक लाइट, क्लासिक डार्क, सिंपल लाइन, सॉफ्ट कार्ड, डायरी और डार्क ग्रिड।

थीम ऐप के कैलेंडर पर लागू होती है। होम स्क्रीन विजेट हल्के रंग में ही रहता है।",문구 작성·의미 검토 / 레이아웃 미검증
Flutter,helpCalendarOtTitle,OT/특근 기록하고 확인하는 법,Recording and checking overtime,ओवरटाइम दर्ज करना और देखना,문구 작성·의미 검토 / 레이아웃 미검증
Flutter,helpCalendarOtBody,달력 탭의 날짜 상세 화면에서 그날의 OT(초과근무)를 기록할 수 있어요. 기록한 내용은 주별/월별 근로시간 합산에 같이 반영됩니다.,"Tap a date in the Calendar tab to record overtime. The app includes it in your weekly and monthly work-hour totals. OT means overtime.

Weekly totals always run from Monday to Sunday, even when your calendar starts on Sunday. Monthly totals use the reporting period you choose in Settings. These are time totals, not a payroll calculation.","कैलेंडर टैब में तारीख पर टैप करके ओवरटाइम दर्ज करें। यह हफ़्ते और महीने के कुल काम के घंटों में जुड़ता है। OT का मतलब ओवरटाइम है।

हफ़्ते का कुल समय हमेशा सोमवार से रविवार तक गिना जाता है, भले ही कैलेंडर रविवार से शुरू हो। महीने का कुल समय सेटिंग में चुनी गई अवधि के अनुसार होता है। यह समय का हिसाब है, वेतन की गणना नहीं।",문구 작성·의미 검토 / 레이아웃 미검증
Flutter,helpCalendarWorkHoursPayTitle,주별/월별 근로시간 확인하기,Checking weekly and monthly work hours,हफ़्ते और महीने के काम के घंटे देखना,문구 작성·의미 검토 / 레이아웃 미검증
Flutter,helpCalendarWorkHoursPayBody,설정에서 근무별 출퇴근 시각을 입력하면 월별·주별 근로시간을 자동으로 계산해요. OT도 포함돼요. 달력에서 근무를 바꿨을 때 그 근무의 기본 근무시간을 OT에 합산할지도 설정에서 고를 수 있어요.,"Enter the usual start and end times for each shift in Settings. ShiftBell uses these times and your overtime entries to calculate weekly and monthly hours.

For a repeating pattern, you can also include extra hours from shift changes in the overtime summary. Only the increase over the original shift counts, not the new shift’s full duration.","सेटिंग में हर शिफ्ट के शुरू और खत्म होने का सामान्य समय दर्ज करें। ShiftBell इन्हीं समयों और दर्ज ओवरटाइम से हफ़्ते व महीने के कुल घंटे निकालता है।

तय क्रम वाली शिफ्ट में बदलाव से बढ़े घंटे भी ओवरटाइम में जोड़ सकते हैं। सिर्फ मूल शिफ्ट से बढ़ा हुआ समय गिना जाता है, नई शिफ्ट का पूरा समय नहीं।",문구 작성·의미 검토 / 레이아웃 미검증
Flutter,helpCalendarHomeWidgetTitle,홈 화면에 위젯 추가하기,Adding the home-screen widget,होम स्क्रीन पर विजेट जोड़ना,문구 작성·의미 검토 / 레이아웃 미검증
Flutter,helpCalendarHomeWidgetBody,"홈 화면을 길게 눌러 위젯 추가 메뉴로 들어가면 이 앱의 달력 위젯을 추가할 수 있어요. 근무명, 메모까지 표시됩니다.","Long-press your home screen, open Widgets and add ShiftBell Calendar. It shows shift names and up to three notes per date. Resize it to switch between a three-week view and a full month.

Weekday order follows the same regional default as the app. Public holidays and lunar dates are not shown in English.","होम स्क्रीन को दबाकर रखें, विजेट खोलें और ShiftBell कैलेंडर जोड़ें। इसमें हर तारीख पर शिफ्ट का नाम और अधिकतम तीन नोट दिखते हैं। आकार बदलकर तीन हफ़्ते या पूरा महीना दिखा सकते हैं।

हफ़्ते के दिनों का क्रम ऐप की तरह क्षेत्रीय डिफ़ॉल्ट के अनुसार होता है। हिंदी में सार्वजनिक छुट्टियां और चंद्र कैलेंडर की तारीखें नहीं दिखतीं।",문구 작성·의미 검토 / 레이아웃 미검증
Flutter,helpScheduleTabSectionTitle,일정관리 탭,Schedule Tab,निजी काम टैब,문구 작성·의미 검토 / 레이아웃 미검증
Flutter,helpScheduleTabWhatIsItTitle,일정관리 탭은 무엇이 다른가,How is the Schedule tab different?,निजी काम टैब कैसे अलग है?,문구 작성·의미 검토 / 레이아웃 미검증
Flutter,helpScheduleTabWhatIsItBody,"달력 탭의 ""메모""가 하루 전체에 대한 메모라면, 일정관리 탭은 하루 내에 몇 시부터 몇 시까지 무엇을 할지 시간 단위로 관리할 수 있는 화면이에요. 출근 전 약속, 퇴근 후 일정처럼 구체적인 시각이 있는 일들을 정리할 때 씁니다.","Calendar notes apply to a whole day. Events in the Schedule tab have a specific time, with an optional end time and reminder. Use them for appointments, errands or plans before and after work.","कैलेंडर के नोट पूरे दिन के लिए होते हैं। निजी काम टैब में हर काम का तय समय होता है। चाहें तो खत्म होने का समय और रिमाइंडर भी जोड़ें। इसे अपॉइंटमेंट, ज़रूरी काम या शिफ्ट से पहले और बाद की योजनाओं के लिए इस्तेमाल करें।",문구 작성·의미 검토 / 레이아웃 미검증
Flutter,helpScheduleTabCreateEditTitle,일정 만들고 수정하는 법,Adding and editing events,काम जोड़ना और बदलना,문구 작성·의미 검토 / 레이아웃 미검증
Flutter,helpScheduleTabCreateEditBody,화면 오른쪽 아래의 시계 아이콘을 누르면 시각을 고르는 모드로 바뀌어요. 원하는 시각에서 한 번 더 누르면 일정 만들기 화면이 나와요.,"Tap the clock icon at the bottom right, then tap a time on the timeline to add an event.",नीचे दाईं ओर घड़ी के आइकन पर टैप करें। फिर टाइमलाइन में समय चुनकर काम जोड़ें।,문구 작성·의미 검토 / 레이아웃 미검증
Flutter,helpScheduleTabAutoCategoryTitle,일정에 맞는 아이콘이 붙는 방식,How matching icons get picked,काम के साथ आइकन कैसे चुना जाता है,문구 작성·의미 검토 / 레이아웃 미검증
Flutter,helpScheduleTabAutoCategoryBody,앱이 일정 내용을 보고 알아서 관련 있는 아이콘을 붙여줍니다. 관련 있는 아이콘을 찾지 못한 경우에는 기본 도형 아이콘이 대신 붙습니다.,"The app reads what you typed and automatically attaches a matching icon. If it can't find a good match, a default shape icon is attached instead.",ऐप आपके लिखे विवरण के आधार पर मिलता-जुलता आइकन अपने आप लगाता है। सही मेल न मिलने पर सामान्य आकृति वाला आइकन दिखता है।,문구 작성·의미 검토 / 레이아웃 미검증
Flutter,helpConditionSectionTitle,수면·회복,Sleep & Recovery,नींद और आराम,문구 작성·의미 검토 / 레이아웃 미검증
Flutter,helpConditionWhatIsItTitle,수면·회복 탭은 무엇인가,What is the Sleep & Recovery tab?,नींद और आराम टैब क्या है?,문구 작성·의미 검토 / 레이아웃 미검증
Flutter,helpConditionWhatIsItBody,"내 근무 일정과 실제 수면 기록을 연결해서, 지금 시각을 기준으로 ""확인된 사실""(근무 사이 회복시간, 퇴근 후 실제 수면, 연속 야간·장시간 근무 등)과 ""추천 행동""(몇 시까지 잠자리에 들기, 카페인을 끊을 시각, 퇴근길 주의 등)을 보여주는 화면입니다. 점수로 상태를 매기지 않고, 수면 기록이 없거나 출퇴근 시각이 비어 있으면 그 한계를 ""판단 범위""로 따로 알려드려요. 건강 관련 기준과 조언은 수면의학·산업보건 분야의 연구 근거를 바탕으로 합니다.","This screen lets you review detected sleep, add a sleep period, and see your confirmed records. It shows recorded times and durations without giving a health score or medical diagnosis. Review an automatic estimate before confirming it.","इस स्क्रीन पर अनुमानित नींद की जांच कर सकते हैं, सोने का समय जोड़ सकते हैं और पुष्टि किए गए रिकॉर्ड देख सकते हैं। इसमें दर्ज समय और अवधि दिखती है। यह स्वास्थ्य स्कोर या चिकित्सा निदान नहीं देता। अपने आप बने अनुमान की पुष्टि करने से पहले उसे जांचें।",문구 작성·의미 검토 / 레이아웃 미검증
Flutter,helpConditionEvidenceListTitle,수면·회복 안내 근거,Sleep & Recovery evidence,नींद और आराम की जानकारी के स्रोत,문구 작성·의미 검토 / 레이아웃 미검증
Flutter,helpConditionEvidenceListBody,"수면·회복 탭의 안내는 아래 14개 자료를 바탕으로 해요. 연속 근무일수나 내 평균과의 비교처럼 일부 기준은 이 앱이 직접 정한 값이라 따로 출처를 붙이지 않아요.

EVIDENCE-001 · 교대 방향(정방향/역방향) — 정방향 교대(주간→오후→야간)가 역방향보다 적응하기 쉽다고 보고됨. (NIOSH)

EVIDENCE-002 · 근무 사이 최소 회복시간 — 두 근무 사이 최소 11시간의 회복시간을 둘 것을 권장. (Knauth & Hornberger, NIOSH Module 5 인용)

EVIDENCE-003 · 근무 사이 최소 회복시간(법제 기준) — 모든 근로자는 24시간마다 최소 11시간의 연속 휴식을 보장받아야 함. (EU 근로시간지침 제3조)

EVIDENCE-004 · 장시간 근무와 사고·부상 위험 — 8시간 근무 대비 10시간 근무는 상대위험 약 +13%, 12시간 근무는 약 +27% 증가하는 것으로 모델링됨. (Folkard & Lombardi, 2006)

EVIDENCE-005 · 연속 근무 후 휴식일 — 8시간 근무 5일 또는 10시간 근무 4일 연속 뒤에는 1~2일, 12시간 근무 3일 연속 뒤에는 2일의 휴식을 계획할 것을 권고. 며칠 몰아 일하고 몰아 쉬는 패턴은 피하라고도 함. (NIOSH)

EVIDENCE-006 · 야간근무 후 수면 — 야간근무 후에는 수면을 확보하는 것을 우선할 것을 권고. (NIOSH)

EVIDENCE-007 · 야간근무 전 낮잠 — 조건부로 도움이 될 수 있다고 보고되나, 가이드라인 스스로 근거 수준이 매우 낮다고 명시함. 낮잠 직후 졸림에 주의. (AASM, 2025)

EVIDENCE-008 · 카페인과 수면 — 취침 6시간 전 카페인 섭취도 총 수면시간을 1시간 이상 유의하게 감소시킴. (Drake 외, 2013)

EVIDENCE-009 · 야간근무 후 귀가길 빛 노출 — 강한 빛 노출을 줄이면 이후 수면에 도움이 될 수 있음(단, 졸음운전 위험이 있으면 안전 우선). (NIOSH)

EVIDENCE-010 · 야간근무 중 식사 — 자정~새벽 6시 사이 식사량을 줄이고 가벼운 음식 위주로 할 것을 권고. (NIOSH)

EVIDENCE-011 · 성인 권장 수면시간 — 만 18~64세 권장 수면시간은 7~9시간. (National Sleep Foundation, 2015)

EVIDENCE-012 · 주간 최대 근무시간(법제 기준) — 평균 주간 근무시간(연장근무 포함)이 48시간을 넘지 않아야 함. (EU 근로시간지침 제6조)

EVIDENCE-013 · 연속 야간근무 횟수와 사고 위험 — 야간근무가 연속될수록 사고·부상 상대위험이 누적됨(2일째 약 +6%, 3일째 약 +17%, 4일째 약 +36% — 낮/오후근무 연속보다 야간근무 연속에서 위험 증가가 더 가파름). (Folkard & Tucker, 2003)

EVIDENCE-014 · 주간 누적 근무시간 상한 — 간호사 근무시간을 24시간 안에 12시간, 7일 안에 60시간을 넘지 않게 제한할 것을 권고. 2014년 체계적 검토는 주 40시간을 넘는 근무가 환자 안전 저하와 연관된다고 보고. (IOM, 2004 / NIOSH Module 5 인용)","The Sleep & Recovery tab's guidance draws on the 14 sources below. A few thresholds, such as consecutive workdays or comparisons with your own average, are set by this app and don't carry a separate source.

EVIDENCE-001 · Shift rotation direction — Forward rotation (day→evening→night) is reported to be easier to adapt to than backward rotation. (NIOSH)

EVIDENCE-002 · Minimum rest between shifts — Recommends at least 11 hours of rest between two shifts. (Knauth & Hornberger, cited in NIOSH Module 5)

EVIDENCE-003 · Minimum rest between shifts (legal standard) — Every worker must get at least 11 consecutive hours of rest per 24 hours. (EU Working Time Directive, Art. 3)

EVIDENCE-004 · Long shifts and injury/accident risk — Relative risk is modeled at about +13% for a 10-hour shift and +27% for a 12-hour shift, versus an 8-hour shift. (Folkard & Lombardi, 2006)

EVIDENCE-005 · Rest days after consecutive shifts — Recommends 1–2 rest days after 5 days of 8-hour shifts or 4 days of 10-hour shifts, and 2 rest days after 3 days of 12-hour shifts. It also advises against packing work into a few days and then taking several days off. (NIOSH)

EVIDENCE-006 · Sleep after a night shift — Recommends prioritizing sleep after a night shift. (NIOSH)

EVIDENCE-007 · Napping before a night shift — Conditionally helpful, but the guideline itself states the evidence level is very low. Watch for grogginess right after waking. (AASM, 2025)

EVIDENCE-008 · Caffeine and sleep — Caffeine taken even 6 hours before bedtime significantly cuts total sleep time by over an hour. (Drake et al., 2013)

EVIDENCE-009 · Light exposure on the commute home after a night shift — Reducing bright light exposure can help later sleep (but safety comes first if you're too drowsy to drive safely). (NIOSH)

EVIDENCE-010 · Eating during a night shift — Recommends eating less between midnight and 6am and favoring light meals. (NIOSH)

EVIDENCE-011 · Recommended sleep for adults — Adults aged 18–64 are recommended 7–9 hours of sleep. (National Sleep Foundation, 2015)

EVIDENCE-012 · Maximum weekly working hours (legal standard) — Average weekly working time, including overtime, must not exceed 48 hours. (EU Working Time Directive, Art. 6)

EVIDENCE-013 · Consecutive night shifts and accident risk — Relative risk of accidents/injuries accumulates with each successive night shift (about +6% on night 2, +17% on night 3, +36% on night 4 — the increase is steeper for consecutive night shifts than for consecutive day/evening shifts). (Folkard & Tucker, 2003)

EVIDENCE-014 · Weekly cumulative working hours — Recommends limiting nurses' work to 12 hours in 24 and 60 hours in 7 days. A 2014 systematic review reported that working more than 40 hours a week is linked to lower patient safety. (IOM, 2004; cited in NIOSH Module 5)","नींद और आराम टैब की जानकारी नीचे दिए 14 स्रोतों पर आधारित है। लगातार काम के दिन या आपके अपने औसत से तुलना जैसी कुछ सीमाएं ऐप ने तय की हैं; उनके अलग स्रोत नहीं हैं।

EVIDENCE-001 · शिफ्ट बदलने की दिशा — आगे बढ़ता क्रम (दिन→शाम→रात), पीछे जाने वाले क्रम से अपनाने में आसान बताया गया है। (NIOSH)

EVIDENCE-002 · शिफ्टों के बीच न्यूनतम आराम — दो शिफ्टों के बीच कम से कम 11 घंटे आराम की सलाह। (Knauth & Hornberger, NIOSH Module 5 में उद्धृत)

EVIDENCE-003 · शिफ्टों के बीच न्यूनतम आराम का कानूनी मानक — हर 24 घंटे में लगातार कम से कम 11 घंटे आराम। यह यूरोपीय संघ का मानक है। (EU Working Time Directive, अनुच्छेद 3)

EVIDENCE-004 · लंबी शिफ्ट और चोट या दुर्घटना का जोखिम — 8 घंटे की शिफ्ट की तुलना में मॉडल के अनुसार सापेक्ष जोखिम 10 घंटे की शिफ्ट में लगभग 13% और 12 घंटे में 27% अधिक है। (Folkard & Lombardi, 2006)

EVIDENCE-005 · लगातार शिफ्टों के बाद आराम — 8 घंटे की 5 शिफ्टों या 10 घंटे की 4 शिफ्टों के बाद 1–2 दिन और 12 घंटे की 3 शिफ्टों के बाद 2 दिन आराम की सलाह। कुछ दिनों में बहुत काम समेटकर फिर कई दिन छुट्टी लेने से भी बचने को कहा गया है। (NIOSH)

EVIDENCE-006 · रात की शिफ्ट के बाद नींद — रात की शिफ्ट के बाद सोने को प्राथमिकता देने की सलाह। (NIOSH)

EVIDENCE-007 · रात की शिफ्ट से पहले झपकी — कुछ स्थितियों में मददगार हो सकती है, लेकिन दिशानिर्देश में प्रमाण का स्तर बहुत कम बताया गया है। जागने के तुरंत बाद सुस्ती का ध्यान रखें। (AASM, 2025)

EVIDENCE-008 · कैफ़ीन और नींद — सोने से 6 घंटे पहले ली गई कैफ़ीन से भी अध्ययन में कुल नींद एक घंटे से अधिक कम हुई। (Drake et al., 2013)

EVIDENCE-009 · रात की शिफ्ट से घर लौटते समय रोशनी — तेज़ रोशनी कम करने से बाद की नींद में मदद मिल सकती है। लेकिन इतनी नींद आ रही हो कि सुरक्षित गाड़ी न चला सकें तो सुरक्षा पहले है। (NIOSH)

EVIDENCE-010 · रात की शिफ्ट में भोजन — आधी रात से सुबह 6 बजे तक कम खाने और हल्का भोजन लेने की सलाह। (NIOSH)

EVIDENCE-011 · वयस्कों की नींद — 18–64 साल के वयस्कों के लिए 7–9 घंटे नींद की सलाह। (National Sleep Foundation, 2015)

EVIDENCE-012 · हफ़्ते के काम के घंटों का कानूनी मानक — ओवरटाइम सहित औसत साप्ताहिक काम 48 घंटे से अधिक नहीं होना चाहिए। यह यूरोपीय संघ का मानक है। (EU Working Time Directive, अनुच्छेद 6)

EVIDENCE-013 · लगातार रात की शिफ्ट और दुर्घटना का जोखिम — हर अगली रात के साथ दुर्घटना या चोट का सापेक्ष जोखिम बढ़ता है: दूसरी रात लगभग 6%, तीसरी पर 17% और चौथी पर 36%। लगातार दिन या शाम की शिफ्टों से यह बढ़ोतरी अधिक तेज़ है। (Folkard & Tucker, 2003)

EVIDENCE-014 · हफ़्ते के कुल काम के घंटे — नर्सों के लिए 24 घंटे में 12 और 7 दिनों में 60 घंटे तक काम सीमित रखने की सलाह। 2014 की व्यवस्थित समीक्षा में हफ़्ते में 40 घंटे से अधिक काम का संबंध कम रोगी सुरक्षा से मिला। (IOM, 2004; NIOSH Module 5 में उद्धृत)",문구 작성·의미 검토 / 레이아웃 미검증
Flutter,helpConditionSetupNeededTitle,오늘의 컨디션을 보려면 먼저 해야 할 설정,Setup required before using this tab,इस टैब के लिए पहले क्या सेट करें,문구 작성·의미 검토 / 레이아웃 미검증
Flutter,helpConditionSetupNeededBody,"이 기능을 쓰려면 설정 → 근무시간 및 OT 설정에서 최소 하나의 근무명에 대해 출퇴근 시각을 입력해둬야 해요. 하나도 입력돼 있지 않으면 오늘의 컨디션은 나오지 않고, 수면 기록만 남길 수 있어요. 전부 다 채울 필요는 없고, 지금 쓰고 있는 근무명 중 하나만 입력해도 동작해요.","You need to enter start and end times for at least one shift name under Settings → Work Hours & Overtime first. Until you do, Today's Condition won't appear, but you can still log sleep. You don't need to fill in every shift — just one you're currently using is enough.","पहले सेटिंग → काम के घंटे और ओवरटाइम में कम से कम एक शिफ्ट के शुरू और खत्म होने का समय दर्ज करें। तब तक आज की स्थिति नहीं दिखेगी, लेकिन नींद दर्ज कर सकते हैं। सभी शिफ्ट भरना ज़रूरी नहीं; अभी इस्तेमाल हो रही एक शिफ्ट काफ़ी है।",문구 작성·의미 검토 / 레이아웃 미검증
Flutter,helpSleepSectionTitle,수면 기록,Sleep Tracking,नींद की ट्रैकिंग,문구 작성·의미 검토 / 레이아웃 미검증
Flutter,helpSleepWidgetTitle,수면 기록 위젯이란,What is the sleep-tracking widget?,नींद दर्ज करने वाला विजेट क्या है?,문구 작성·의미 검토 / 레이아웃 미검증
Flutter,helpSleepWidgetBody,"홈 화면에 수면 위젯을 올려 두고, 자기 전에 ""수면"", 일어난 뒤에 ""기상"" 버튼을 눌러 간단히 기록해 보세요. 위젯에는 오늘의 근무명도 함께 보여요.

기록한 수면은 수면·회복 탭에서 근무 일정과 함께 살펴보고, 지금 챙길 일을 안내받는 데 쓰여요.

야간 근무 중에 잔 잠은 낮잠으로 구분하고, 자정이 지나도 그 근무가 시작된 날짜에 기록해요. 예를 들어 27일 19시~28일 07시 근무 중 28일 00~02시에 잤다면 27일 낮잠으로 표시돼요.","Add the sleep widget to your home screen. Tap Sleep when you go to bed and Wake when you get up. The widget also shows today’s shift.

Your sleep records appear in Sleep & Recovery alongside your work schedule.","होम स्क्रीन पर नींद का विजेट जोड़ें। सोते समय ‘सोने जा रहे हैं’ और उठने पर ‘जाग गए’ पर टैप करें। विजेट में आज की शिफ्ट भी दिखती है।

नींद और आराम टैब में आपके नींद के रिकॉर्ड शिफ्ट शेड्यूल के साथ दिखते हैं।",문구 작성·의미 검토 / 레이아웃 미검증
Flutter,helpSleepAutoDetectTitle,자동으로 수면을 추정해주는 기능,Automatic sleep estimation,नींद का अपने आप अनुमान लगाना,문구 작성·의미 검토 / 레이아웃 미검증
Flutter,helpSleepAutoDetectBody,"위젯을 누르지 않아도, 근무 일정과 폰을 오래 만지지 않은 시간을 바탕으로 앱이 ""이때 주무셨을 것 같다""고 추정해요. 퇴근 후 잠과 밤잠, 그리고 야간 근무 출근 전에 잔 낮잠까지 찾아요. 근무 중에 잔 잠은 자동으로 잡지 않아서 위젯으로 직접 기록해야 해요.

추정한 기록은 항상 추정일 뿐이라, ""맞아요""로 확인해야 정식 기록이 돼요.","ShiftBell estimates when you may have slept using your work schedule and periods when your phone’s screen was off. It looks for sleep after work, overnight sleep and naps before a night shift. Sleep during a shift is not estimated automatically; record it using the widget.

Estimates are saved as confirmed sleep records only after you review and confirm them.","ShiftBell आपके शिफ्ट शेड्यूल और फ़ोन की स्क्रीन बंद रहने के समय से नींद का अनुमान लगाता है। इसमें काम के बाद की नींद, रात की नींद और रात की शिफ्ट से पहले की झपकी देखी जाती है। शिफ्ट के दौरान नींद का अपने आप अनुमान नहीं लगता; उसे विजेट से दर्ज करें।

आपके जांचने और पुष्टि करने के बाद ही अनुमान पक्के नींद रिकॉर्ड के रूप में सेव होते हैं।",문구 작성·의미 검토 / 레이아웃 미검증
Flutter,helpSleepMiniCalendarTitle,최근 수면 기록 확인/수정하기,Reviewing and editing recent sleep records,हाल की नींद देखना और बदलना,문구 작성·의미 검토 / 레이아웃 미검증
Flutter,helpSleepMiniCalendarBody,"수면·회복 탭의 ""최근 수면 기록"" 미니 달력에서 확정된 기록을 하루 단위로 볼 수 있어요. 칸을 탭하면 그 자리에서 기록을 만들거나 고치거나 지울 수 있어요. 더 예전 기록은 ""전체보기""에서 월 단위로 넘기며 볼 수 있어요.

그 아래 ""내 근무별 수면 패턴""에서는 근무 유형별 평균 수면을 주 수면과 낮잠으로 나눠 볼 수 있어요.","The ""Recent Sleep"" mini calendar on the Sleep & Recovery tab shows confirmed records day by day. Tap a slot to create, edit, or delete a record right there. For older records, use ""View All"" to browse month by month.

Below it, ""My sleep by shift"" breaks down your average sleep for each shift type into main sleep and naps.","नींद और आराम टैब के ‘हाल की नींद’ छोटे कैलेंडर में तारीख के अनुसार पुष्टि किए गए रिकॉर्ड दिखते हैं। किसी खाने पर टैप करके रिकॉर्ड जोड़ें, बदलें या हटाएं। पुराने रिकॉर्ड महीने के हिसाब से देखने के लिए ‘सभी देखें’ चुनें।

नीचे ‘शिफ्ट के हिसाब से मेरी नींद’ में हर शिफ्ट की औसत नींद, मुख्य नींद और झपकी के रूप में अलग दिखती है।",문구 작성·의미 검토 / 레이아웃 미검증
Flutter,helpFriendSectionTitle,친구 공유,Friend Sharing,दोस्तों से शेयर करना,문구 작성·의미 검토 / 레이아웃 미검증
Flutter,helpFriendWhatIsItTitle,친구 공유란 무엇인가,What is friend sharing?,दोस्तों से शेयर करना क्या है?,문구 작성·의미 검토 / 레이아웃 미검증
Flutter,helpFriendWhatIsItBody,"친구나 다른 사람이 내 근무표를 볼 수 있게 공유하거나, 반대로 다른 사람이 공유한 근무표를 내가 볼 수도 있는 기능이에요. 앱이 없는 사용자에게도 내 근무표를 간단하게 공유할 수 있어요.",This lets you share your work schedule so a friend or someone else can view it — or view a schedule someone else shared with you. You can share your schedule easily even with people who don't have the app.,"अपना शिफ्ट शेड्यूल दोस्तों या किसी और को दिखा सकते हैं और दूसरों का शेयर किया शेड्यूल देख सकते हैं। जिनके पास ऐप नहीं है, उनके साथ भी आसानी से शेयर कर सकते हैं।",문구 작성·의미 검토 / 레이아웃 미검증
Flutter,helpFriendShareCodeTitle,내 공유 코드 만들어서 알려주기,Generating and sharing your code,शेयर कोड बनाना और भेजना,문구 작성·의미 검토 / 레이아웃 미검증
Flutter,helpFriendShareCodeBody,"달력 탭의 ""친구"" 버튼으로 들어가 ""내 일정 공유하기""를 누르면 코드가 발급됩니다. 이 코드를 상대방에게 알려주면, 상대방이 자기 앱에 그 코드를 등록해서 내 근무표를 볼 수 있어요.","Tap ""Friends"" on the Calendar tab, then ""Share My Schedule"" to get your code. Give it to the other person, and they can register it in their own app to view your schedule.","कैलेंडर टैब में ‘दोस्त’, फिर ‘मेरा शेड्यूल शेयर करें’ पर टैप करके कोड लें। यह कोड दूसरे व्यक्ति को भेजें। वे अपने ऐप में इसे जोड़कर आपका शेड्यूल देख सकते हैं।",문구 작성·의미 검토 / 레이아웃 미검증
Flutter,helpFriendViewFriendTitle,친구 코드로 친구 근무표 보기,Viewing a friend's schedule with their code,कोड से दोस्त का शेड्यूल देखना,문구 작성·의미 검토 / 레이아웃 미검증
Flutter,helpFriendViewFriendBody,"반대로 친구에게 코드를 받았다면, 친구 목록 화면에서 코드를 입력해 친구를 추가하면 그 친구의 근무표를 내 앱에서 달력 형태로 볼 수 있어요.","If you've received a friend's code, add them from the friend list screen by entering it — their schedule then shows up as a calendar inside your own app.",दोस्त का कोड मिला है तो दोस्तों की सूची में उसे दर्ज करके दोस्त जोड़ें। उनका शेड्यूल आपके ऐप में कैलेंडर के रूप में दिखेगा।,문구 작성·의미 검토 / 레이아웃 미검증
Flutter,helpFriendReinstallNoteTitle,앱을 재설치하면 생기는 일,What happens if you reinstall the app,ऐप दोबारा इंस्टॉल करने पर क्या होता है,문구 작성·의미 검토 / 레이아웃 미검증
Flutter,helpFriendReinstallNoteBody,"앱을 지웠다가 다시 설치하면 내부적으로 새로운 계정처럼 인식돼서, 이전에 맺어둔 친구 공유 연결이 끊깁니다. 다시 연결하려면 공유 코드를 새로 발급받아 상대방에게 다시 알려줘야 해요.

이때 상대방 화면에는 에러가 뜨지 않고, 재설치 전 마지막으로 받아온 근무표가 그대로 남아있을 뿐이에요. 상대방이 스스로 알아차리기 어려우니, 재설치했다면 꼭 먼저 알려주세요.","After reinstalling ShiftBell, you will need to share a new code or link. Your old code does not connect to the new installation.

Someone using the old code may still see the schedule you shared before reinstalling, without an error message. Let them know and ask them to replace the old code with your new one.","ShiftBell दोबारा इंस्टॉल करने के बाद नया कोड या लिंक शेयर करना होगा। पुराना कोड नए इंस्टॉलेशन से नहीं जुड़ता।

पुराना कोड इस्तेमाल करने वाले को बिना किसी त्रुटि संदेश के आपका पहले शेयर किया हुआ शेड्यूल दिख सकता है। उन्हें बताएं और पुराने कोड की जगह नया कोड जोड़ने को कहें।",문구 작성·의미 검토 / 레이아웃 미검증
Flutter,helpBackupSectionTitle,백업 및 복구,Backup & Restore,बैकअप और डेटा वापस लाना,문구 작성·의미 검토 / 레이아웃 미검증
Flutter,helpBackupDataStorageTitle,내 데이터는 어디에 저장되나요,Where is my data stored?,मेरा डेटा कहां सेव होता है?,문구 작성·의미 검토 / 레이아웃 미검증
Flutter,helpBackupDataStorageBody,"알람, 근무 스케줄, 메모, 일정, 수면 기록 같은 데이터는 전부 내 기기 안에만 저장돼요. 외부 서버로 보내지 않고, 앱을 지우면 함께 사라져요. 그래서 백업이 중요해요.

예외는 친구 공유예요. 공유를 켜면 근무 패턴, 색상처럼 공유에 꼭 필요한 정보만 서버(Firestore)에 올라가요. 메모, OT, 근로시간, 알람 설정은 그때도 올라가지 않아요.","Your shifts, alarms, alarm history, notes and work-hour records are saved on your device. Backups are local files in Download/ShiftBell. They are not uploaded automatically.

Usage statistics and advertising use Google services. See the Privacy Policy for what information they process. Data from features previously used in Korean can remain in local storage and backups even while those features are hidden in English.","आपकी शिफ्ट, अलार्म, अलार्म का इतिहास, नोट और काम के घंटों के रिकॉर्ड आपके डिवाइस पर सेव होते हैं। बैकअप Download/ShiftBell की स्थानीय फ़ाइलें हैं। वे अपने आप अपलोड नहीं होतीं।

इस्तेमाल के आंकड़ों और विज्ञापनों के लिए Google की सेवाएं इस्तेमाल होती हैं। वे कौन-सी जानकारी इस्तेमाल करती हैं, यह निजता नीति में देखें। कोरियाई में पहले इस्तेमाल की गई सुविधाओं का डेटा स्थानीय स्टोरेज और बैकअप में रह सकता है, भले ही हिंदी में वे सुविधाएं छिपी हों।",문구 작성·의미 검토 / 레이아웃 미검증
Flutter,helpBackupAutoBackupTitle,자동 백업은 언제 이루어지나,When does automatic backup happen?,अपने आप बैकअप कब लिया जाता है?,문구 작성·의미 검토 / 레이아웃 미검증
Flutter,helpBackupAutoBackupBody,"앱을 백그라운드로 전환할 때(홈 버튼을 누르거나 다른 앱으로 이동할 때), 그사이 실제로 데이터가 바뀐 경우에만 자동으로 백업돼요. 백업 파일은 기기 안 다운로드 폴더(Download/ShiftBell)에 저장되고, 클라우드나 다른 기기로는 자동으로 보내지 않아요. 설정의 ""데이터 백업""에서 직접 백업할 수도 있어요.","ShiftBell checks for changes when you open, return to or leave the app. If your data has changed, it saves an automatic backup to Download/ShiftBell on your device. You can also choose Back up data in Settings.

It keeps one manual backup and one automatic backup. A new backup replaces only the file of the same kind. Backups require Android 10 or later.","ऐप खोलने, वापस आने या बाहर जाने पर ShiftBell डेटा में बदलाव जांचता है। बदलाव हो तो डिवाइस के Download/ShiftBell में अपने आप बैकअप सेव करता है। सेटिंग में ‘डेटा का बैकअप लें’ भी चुन सकते हैं।

खुद लिया गया एक और अपने आप लिया गया एक बैकअप रखा जाता है। नया बैकअप सिर्फ उसी प्रकार की पुरानी फ़ाइल बदलता है। बैकअप के लिए Android 10 या नया संस्करण ज़रूरी है।",문구 작성·의미 검토 / 레이아웃 미검증
Flutter,helpBackupRestoreTitle,새 기기로 옮기거나 재설치 후 복구하는 법,Restoring after reinstalling or moving to a new device,दोबारा इंस्टॉल करने या फ़ोन बदलने पर डेटा वापस लाना,문구 작성·의미 검토 / 레이아웃 미검증
Flutter,helpBackupRestoreBody,"앱을 지웠다가 다시 설치했다면, 첫 화면의 ""기존에 쓰시던 분이라면""에서 ""불러오기""를 눌러 백업 파일을 직접 골라 주세요. 파일은 Download/ShiftBell 폴더에 있어요.

다른 기기로 옮길 때는 이전 기기의 Download/ShiftBell 폴더에 있는 백업 파일을 새 기기로 먼저 복사해 두세요.

백업 파일은 직접 백업(manual)과 자동 백업(auto) 두 개만 남아요. 새로 만들면 같은 종류의 파일만 바뀌어서, 자동 백업이 직접 백업을 지우지 않아요.

복구가 끝나면 알림, 정확한 알람 같은 권한은 안전을 위해 다시 물어봐요.","Choose Restore from backup on the first screen or in Settings, then select a backup file from Download/ShiftBell. Review its saved time before restoring: the backup replaces your current app data.

To move to another phone, copy the file to that phone first. After restoring, check your shifts, upcoming alarms and alarm permissions.","पहली स्क्रीन या सेटिंग में ‘बैकअप से डेटा वापस लाएं’ चुनें। फिर Download/ShiftBell से बैकअप फ़ाइल चुनें। पहले उसके सेव होने का समय देखें: बैकअप का डेटा ऐप के मौजूदा डेटा की जगह लेगा।

दूसरे फ़ोन पर जाने के लिए पहले फ़ाइल उस फ़ोन पर कॉपी करें। डेटा वापस आने के बाद अपनी शिफ्ट, आने वाले अलार्म और अलार्म की अनुमतियां जांचें।",문구 작성·의미 검토 / 레이아웃 미검증
Flutter,helpBackupRestoreManualTitle,복구가 자동으로 안 될 때,If automatic restore doesn't find your backup,बैकअप अपने आप न मिले तो,문구 작성·의미 검토 / 레이아웃 미검증
Flutter,helpBackupRestoreManualBody,"안드로이드는 앱을 지우면 그 앱이 만든 파일을 새로 설치한 앱에 자동으로 보여주지 않아서, 재설치한 뒤에는 이전 백업을 자동으로 찾을 수 없어요. 이럴 땐 첫 화면의 ""기존에 쓰시던 분이라면"" 옆 ""불러오기""로 파일 선택 창을 열고, Download/ShiftBell 폴더에서 가장 최근 백업 파일을 직접 골라 주세요.","After reinstalling, choose Restore from backup and select your previous backup using the file picker. Android may not let the new installation find files created by the old installation automatically.",ऐप दोबारा इंस्टॉल करने के बाद ‘बैकअप से डेटा वापस लाएं’ चुनें और फ़ाइल चुनने वाली स्क्रीन से पुराना बैकअप खोलें। हो सकता है कि Android नए इंस्टॉलेशन को पुराने इंस्टॉलेशन की फ़ाइलें अपने आप खोजने की अनुमति न दे।,문구 작성·의미 검토 / 레이아웃 미검증
Flutter,helpBackupRestoreOldBackupFailTitle,아주 오래된 백업은 복구가 안 될 수도 있어요,A very old backup may fail to restore,बहुत पुराना बैकअप काम न करे तो,문구 작성·의미 검토 / 레이아웃 미검증
Flutter,helpBackupRestoreOldBackupFailBody,"앱이 업데이트되면서 저장하는 데이터 형식이 가끔 바뀌어요. 백업을 만든 버전과 복구하는 버전의 차이가 크면(아주 오래전 백업을 한참 뒤에 최신 버전에서 복구하는 경우 등) 복구에 실패할 수 있고, 같은 파일로 다시 해도 같은 이유로 실패하기 쉬워요.

기기를 바꾸거나 재설치하기 직전에 설정의 ""데이터 백업""을 한 번 눌러 새 백업을 만들어 두면 안전해요. 자동 백업이 잘 되고 있어도, 중요한 순간 직전에는 직접 한 번 더 해 두는 게 좋아요.","A backup from a much older version of ShiftBell may use a data format that can no longer be restored. Trying the same file again may not help.

Before changing phones or reinstalling, use Back up data in Settings to save a fresh backup. Copy it to a safe location if you are resetting or replacing your phone.","ShiftBell के बहुत पुराने संस्करण का बैकअप ऐसे प्रारूप में हो सकता है जिसे अब वापस नहीं लाया जा सके। उसी फ़ाइल से दोबारा कोशिश करने पर भी समस्या रह सकती है।

फ़ोन बदलने या ऐप दोबारा इंस्टॉल करने से पहले सेटिंग में ‘डेटा का बैकअप लें’ से नया बैकअप बनाएं। फ़ोन रीसेट करने या बदलने से पहले फ़ाइल सुरक्षित जगह कॉपी करें।",문구 작성·의미 검토 / 레이아웃 미검증
Flutter,helpTroubleshootSectionTitle,문제 해결,Troubleshooting,समस्या का समाधान,문구 작성·의미 검토 / 레이아웃 미검증
Flutter,helpTroubleshootAlarmIssueTitle,알람이 안 울려요,My alarm didn't go off,मेरा अलार्म नहीं बजा,문구 작성·의미 검토 / 레이아웃 미검증
Flutter,helpTroubleshootAlarmIssueBody,"가장 먼저 설정에서 이 앱의 알림·정확한 알람·다른 앱 위에 표시 권한이 켜져 있는지, 배터리 최적화 대상에서 제외돼 있는지 확인하세요. 그다음 그 날짜에 근무가 배정돼 있는지, 그 근무에 고정 알람이 등록돼 있는지도 확인해보세요.","Check exact alarm permission, notification and display-over-other-apps permissions, and your phone’s battery restrictions. Then check that the date has a shift assigned, that the shift has an alarm, and that sound or vibration is enabled.","सटीक अलार्म, सूचनाओं और दूसरे ऐप्स के ऊपर दिखाने की अनुमतियां तथा फ़ोन की बैटरी पाबंदियां जांचें। फिर देखें कि उस तारीख पर शिफ्ट लगी है, शिफ्ट के लिए अलार्म है और आवाज़ या वाइब्रेशन चालू है।",문구 작성·의미 검토 / 레이아웃 미검증
Flutter,helpTroubleshootForceStopTitle,휴대폰 설정에서 이 앱을 강제 종료했어요,I force-stopped this app from phone settings,फ़ोन की सेटिंग से ऐप को ज़बरदस्ती रोक दिया,문구 작성·의미 검토 / 레이아웃 미검증
Flutter,helpTroubleshootForceStopBody,"휴대폰 설정 → 앱에서 이 앱을 ""강제 종료""하면 예약해 둔 알람이 전부 취소돼요. 앱을 그냥 나가거나 최근 앱 목록에서 밀어서 끄는 것과는 달라서, 그 두 가지는 알람에 영향을 주지 않아요.

강제 종료한 뒤 앱을 다시 열면, 그 시점에 아직 지나지 않은 알람은 자동으로 다시 등록돼요. 하지만 강제 종료하고 다시 열기 전에 이미 시각이 지난 알람은 복원되지 않아서 그날은 울리지 않아요.

강제 종료를 했다면 다음 알람 시각 전에 앱을 한 번 열어 주세요. 그러면 다시 정상적으로 울려요.","Using Force stop in Android Settings → Apps cancels ShiftBell’s scheduled alarms. Open ShiftBell again before your next alarm so it can reschedule upcoming alarms. Alarms whose time has already passed will not ring retroactively.

Leaving the app or removing it from Recent apps does not itself cancel alarms, although some phones apply additional background restrictions.","Android सेटिंग → ऐप्स में ‘ज़बरदस्ती रोकें’ इस्तेमाल करने पर ShiftBell के सेट किए गए अलार्म रद्द हो जाते हैं। अगले अलार्म से पहले ShiftBell फिर खोलें, ताकि आने वाले अलार्म दोबारा सेट हो सकें। जिनका समय बीत गया है, वे बाद में नहीं बजेंगे।

सिर्फ ऐप से बाहर जाने या हाल के ऐप्स से हटाने पर अलार्म रद्द नहीं होते। हालांकि कुछ फ़ोन बैकग्राउंड में अतिरिक्त पाबंदियां लगाते हैं।",문구 작성·의미 검토 / 레이아웃 미검증
Flutter,helpTroubleshootWidgetIssueTitle,위젯이 업데이트가 안 돼요,The widget isn't updating,विजेट अपडेट नहीं हो रहा,문구 작성·의미 검토 / 레이아웃 미검증
Flutter,helpTroubleshootWidgetIssueBody,위젯을 삭제했다가 다시 추가해 보세요. 그래도 그대로라면 앱을 한 번 열었다가 홈 화면으로 돌아와 확인해 주세요.,"Try removing the widget and adding it again. If it still looks the same, open the app once, then go back to your home screen and check again.",विजेट हटाकर फिर जोड़ें। फिर भी बदलाव न दिखे तो ऐप एक बार खोलें और होम स्क्रीन पर वापस जाकर जांचें।,문구 작성·의미 검토 / 레이아웃 미검증
Flutter,helpTroubleshootBackupFileMissingTitle,백업 파일을 못 찾겠어요,I can't find my backup file,बैकअप फ़ाइल नहीं मिल रही,문구 작성·의미 검토 / 레이아웃 미검증
Flutter,helpTroubleshootBackupFileMissingBody,"기기의 파일 관리 앱에서 Download/ShiftBell 폴더를 직접 확인해 보세요. 폴더가 없다면 아직 백업이 한 번도 만들어지지 않았다는 뜻이니, 설정의 ""데이터 백업""을 눌러 하나 만들어 두세요.","Look in Download/ShiftBell using your phone’s file manager. If no backup is there, use Back up data in Settings to create one.",फ़ोन के फ़ाइल मैनेजर में Download/ShiftBell देखें। बैकअप न मिले तो सेटिंग में ‘डेटा का बैकअप लें’ से नया बनाएं।,문구 작성·의미 검토 / 레이아웃 미검증
Flutter,helpTroubleshootFriendDisconnectedTitle,친구 근무표가 며칠째 안 바뀌어요,My friend's schedule hasn't changed in days,दोस्त का शेड्यूल कई दिनों से नहीं बदला,문구 작성·의미 검토 / 레이아웃 미검증
Flutter,helpTroubleshootFriendDisconnectedBody,"에러 없이 근무표만 그대로 멈춰 있다면, 대부분 친구가 앱을 재설치한 경우예요. 재설치하면 내부 계정이 새로 만들어져 기존 연결이 끊기는데, 이때는 화면에 아무 안내도 뜨지 않고 재설치 전 마지막 모습이 계속 보여요.

친구 근무표 화면 위쪽의 ""마지막 동기화"" 시간이 계속 옛날 날짜인지 확인해 보세요. 그렇다면 친구에게 새 공유 코드를 받아서, 기존 항목을 지우고 새 코드로 다시 추가하면 돼요.","Check the Last synced time on your friend’s schedule. An old timestamp can mean their changes have not synced or they have reinstalled ShiftBell.

Ask them to open the app with an internet connection and check sharing. If they reinstalled it, ask for a new code, remove the old entry and add them again.","दोस्त के शेड्यूल में आखिरी सिंक का समय देखें। पुराना समय दिखने का मतलब हो सकता है कि बदलाव सिंक नहीं हुए या दोस्त ने ऐप दोबारा इंस्टॉल किया है।

उन्हें इंटरनेट चालू करके ऐप खोलने और शेयरिंग जांचने को कहें। ऐप दोबारा इंस्टॉल किया है तो नया कोड लें, पुरानी एंट्री हटाएं और दोस्त को फिर जोड़ें।",문구 작성·의미 검토 / 레이아웃 미검증
Flutter,startupFailedTitle,앱을 시작하지 못했어요,Couldn't start the app,ऐप शुरू नहीं हो सका,문구 작성·의미 검토 / 레이아웃 미검증
Flutter,startupFailedBody,앱을 준비하는 중 문제가 생겼어요. 기기 저장공간이 부족하지 않은지 확인한 뒤 다시 시도해주세요. 계속 같은 화면이 나오면 기기를 다시 시작해보세요.,"Something went wrong while getting the app ready. Make sure your device has enough free storage, then try again. If this keeps happening, try restarting your device.",ऐप तैयार करते समय समस्या आ गई। डिवाइस में खाली स्टोरेज जांचें और फिर कोशिश करें। समस्या बनी रहे तो डिवाइस रीस्टार्ट करें।,문구 작성·의미 검토 / 레이아웃 미검증
Flutter,startupRetry,다시 시도,Try again,फिर कोशिश करें,문구 작성·의미 검토 / 레이아웃 미검증
Flutter,startupSlowMessage,앱을 준비하고 있어요. 잠시만 기다려주세요.,Getting the app ready. Please wait a moment.,ऐप तैयार हो रहा है। थोड़ा इंतज़ार करें।,문구 작성·의미 검토 / 레이아웃 미검증
Flutter,startupStalledMessage,준비가 평소보다 오래 걸리고 있어요. 다시 시도해도 계속 이 화면이면 앱을 완전히 종료한 뒤 다시 열어주세요.,"This is taking longer than usual. If you still see this screen after trying again, close the app completely and open it again.",सामान्य से ज़्यादा समय लग रहा है। दोबारा कोशिश करने पर भी यही स्क्रीन रहे तो ऐप पूरी तरह बंद करके फिर खोलें।,문구 작성·의미 검토 / 레이아웃 미검증
Flutter,shiftAnnualLeave,연차,Leave,अवकाश,문구 작성·의미 검토 / 레이아웃 미검증
Flutter,onboardingBackupTitle,백업 데이터 불러오기,Restore from backup,बैकअप से डेटा वापस लाएं,문구 작성·의미 검토 / 레이아웃 미검증
Flutter,onboardingBackupDesc,Download/ShiftBell 폴더의 백업 파일로 초기화해요.,Start from a backup file in Download/ShiftBell.,Download/ShiftBell की बैकअप फ़ाइल से शुरू करें।,문구 작성·의미 검토 / 레이아웃 미검증
Flutter,helpOneTapTitle,원터치 알람: 자주 쓰는 시각을 빠르게 추가하기,One-tap alarms: quickly add a saved time,एक टैप अलार्म: सेव किए समय पर तुरंत अलार्म लगाएं,문구 작성·의미 검토 / 레이아웃 미검증
Flutter,helpOneTapBody,"달력 위의 원터치 알람 버튼을 누르고 +로 시각과 울림 방식(소리+진동·진동·무음)을 저장해 주세요. 처음에는 한 칸만 보이고, 저장할 때마다 다음 추가 칸이 나타나요. 최대 5개까지 저장할 수 있어요.

저장된 시각을 누른 뒤 오늘 또는 내일을 선택하면 알람이 예약되고 원터치 화면이 닫혀요. 예약 결과는 화면 아래에 잠깐 표시돼요. 이미 지난 시각이나 다른 알람과 같은 시각에는 추가하지 않아요.

목록을 보고 있을 때 달력을 누르면 원터치 화면이 닫혀요. 시각을 고른 상태에서는 뒤로가기로 목록에 돌아갈 수 있어요.

시각을 선택하면 수정·삭제 버튼이 나타나요. 미래 날짜에 이미 추가한 설정은 먼저 해당 알람을 삭제해야 수정할 수 있어요. 날짜의 알람만 지우려면 달력에서 그 날짜를 열고 원터치 알람 옆 ×를 누르세요. 설정을 통째로 지우면 연결된 알람도 삭제돼요. 삭제 후 고정 알람이 다시 예약될 수 있으며 확인창에서 안내해요.","Tap the one-tap alarm button above the calendar, then + to save a time and a sound setting (sound + vibration, vibration or silent). One empty slot appears at a time, up to five saved presets.

Choose a saved time, then today or tomorrow. After scheduling, the panel closes and a short confirmation appears. Past times and times already occupied by another alarm are rejected.

Tap the calendar while viewing the preset list to close the panel. After selecting a preset, Back returns to the list.

Selecting a preset also shows Edit and Delete. A preset assigned to a future date cannot be edited until its assigned alarms are removed. To remove an individual alarm, open its date and tap × next to the one-tap alarm. Deleting a preset also deletes its assigned alarms. The confirmation explains whether a shift alarm will be restored.","कैलेंडर के ऊपर एक टैप अलार्म बटन दबाएं। फिर + से समय और आवाज़ की सेटिंग सेव करें: आवाज़ + वाइब्रेशन, सिर्फ वाइब्रेशन या साइलेंट। एक बार में एक खाली जगह दिखती है। अधिकतम पांच विकल्प सेव कर सकते हैं।

सेव किया समय चुनें, फिर आज या कल चुनें। अलार्म लगने पर पैनल बंद होगा और पुष्टि का छोटा संदेश दिखेगा। बीत चुके समय या पहले से किसी अलार्म के समय पर नया अलार्म नहीं लगेगा।

विकल्पों की सूची खुली हो तो कैलेंडर पर टैप करके पैनल बंद करें। कोई विकल्प चुनने के बाद वापस जाने पर सूची दिखती है।

विकल्प चुनने पर ‘बदलें’ और ‘हटाएं’ भी दिखते हैं। आगे के लिए अलार्म लगा हो तो उसे हटाने तक विकल्प बदल नहीं सकते। एक अलार्म हटाने के लिए उसकी तारीख खोलें और एक टैप अलार्म के पास × दबाएं। विकल्प हटाने से उससे लगे अलार्म भी हटेंगे। पुष्टि के संदेश में बताया जाता है कि शिफ्ट का अलार्म वापस लगेगा या नहीं।",문구 작성·의미 검토 / 레이아웃 미검증
Flutter,helpCalendarTextSizeTitle,달력 글자 크기와 화면 크기,Calendar text and screen sizes,कैलेंडर के अक्षर और स्क्रीन का आकार,문구 작성·의미 검토 / 레이아웃 미검증
Flutter,helpCalendarTextSizeBody,"달력은 휴대폰과 폴더블 화면 크기에 맞춰 배치돼요. 시스템 글자 크기는 셀이 심하게 깨지지 않도록 달력에서 최대 1.3배까지만 반영해요.

이벤트캘린더·컬러뱃지·소프트카드·심플라인은 근무명을 기본부터 크게 표시해요. 시스템 글자를 작게 하면 줄어들지만, 기본 크기보다 더 커지지는 않아요. 날짜·메모 등 다른 요소는 각 테마의 배치를 따라요.

날짜를 눌러 연 상세창에 내용이 많으면 위아래로 스크롤할 수 있어요. 메모는 하루 최대 3개이며, 긴 내용은 메모를 눌러 확인하세요.","Calendar cells adapt to phone, cover and unfolded screen widths. Long shift names and notes may be shortened to fit. Tap a date or note to read the full text. Each date supports up to three notes.

Simple Line and Soft Card use a larger default shift label. Calendar text scaling is limited to keep dates, shifts and notes within their cells.","कैलेंडर के खाने फ़ोन, बाहरी स्क्रीन और खुली हुई फ़ोल्ड स्क्रीन की चौड़ाई के अनुसार ढलते हैं। लंबे शिफ्ट नाम और नोट जगह के अनुसार छोटे करके दिख सकते हैं। पूरा पाठ पढ़ने के लिए तारीख या नोट पर टैप करें। हर तारीख पर अधिकतम तीन नोट रख सकते हैं।

सिंपल लाइन और सॉफ्ट कार्ड में शिफ्ट नाम सामान्य से बड़े दिखते हैं। तारीख, शिफ्ट और नोट को खाने में रखने के लिए कैलेंडर के अक्षर बढ़ाने की सीमा तय है।",문구 작성·의미 검토 / 레이아웃 미검증
Flutter,helpDiagnosticTitle,문제 신고용 진단 파일 찾기,Find a diagnostic file for a problem report,समस्या बताने के लिए जांच की फ़ाइल कहां मिलेगी,문구 작성·의미 검토 / 레이아웃 미검증
Flutter,helpDiagnosticBody,"알람이나 백업에 문제가 있었다면 파일 관리자에서 Download/ShiftBell/log 폴더를 확인해 주세요(Android 10 이상). 앱이 진단 파일을 기기 안에 자동으로 저장하고 갱신해요.

기기·Android 버전, 권한·배터리 설정 상태, 알람 예약·울림과 백업 처리 기록이 들어 있어요. 메모·일정 내용이나 근무명·친구 이름은 포함하지 않아요. 자동으로 개발자에게 전송되지는 않으며, 문의할 때 필요하면 직접 첨부해 주세요. 앱을 삭제해도 파일이 남을 수 있으니 필요 없으면 파일 관리자에서 지워 주세요.","For alarm or backup issues, check Download/ShiftBell/log in your file manager (Android 10 or later). Diagnostic files are saved and updated locally.

They include device and Android versions, permission and battery settings, and alarm and backup processing records. Note or event contents, shift names and friend names are excluded. Files are not sent automatically. You can attach them when contacting support. They may remain after uninstalling; remove them in your file manager when no longer needed.","अलार्म या बैकअप की समस्या हो तो फ़ाइल मैनेजर में Download/ShiftBell/log देखें। इसके लिए Android 10 या नया संस्करण चाहिए। समस्या जांच की फ़ाइलें डिवाइस पर ही सेव और अपडेट होती हैं।

इनमें डिवाइस और Android के संस्करण, अनुमतियां, बैटरी सेटिंग तथा अलार्म और बैकअप प्रक्रिया के रिकॉर्ड होते हैं। नोट या निजी काम की सामग्री, शिफ्ट के नाम और दोस्तों के नाम शामिल नहीं होते। फ़ाइलें अपने आप नहीं भेजी जातीं। मदद के लिए संपर्क करते समय इन्हें संलग्न कर सकते हैं। ऐप हटाने के बाद भी ये रह सकती हैं; ज़रूरत न होने पर फ़ाइल मैनेजर से हटा दें।",문구 작성·의미 검토 / 레이아웃 미검증
Flutter,helpCalendarLocaleTitle,날짜와 공휴일 표시,"Dates, weekends and public holidays","तारीखें, सप्ताहांत और सार्वजनिक छुट्टियां",문구 작성·의미 검토 / 레이아웃 미검증
Flutter,helpCalendarLocaleBody,한국어 달력은 일요일부터 시작하며 한국 공휴일과 음력을 표시합니다. 영어에서는 지역에 따라 주 시작 요일이 달라지며 이번 버전에는 공휴일과 음력을 표시하지 않습니다. 주간 근무시간 집계는 월요일부터 일요일 기준을 유지합니다.,"The calendar uses Sunday first for US English and Monday first for UK English and supported European regional settings. English dates use month names to avoid confusion between day/month and month/day.

Public holidays are not included in the English calendar or widget in this release. A red Sunday is a weekend marker, not a public-holiday label. Korean lunar dates are also hidden. Your shifts and alarms still follow your own schedule.

Weekly work-hour totals always use Monday–Sunday. A holiday or weekend does not automatically make a shift a day off.","हिंदी कैलेंडर में हफ़्ता रविवार से शुरू होता है। तारीख में महीने का नाम दिया जाता है, ताकि दिन और महीने के क्रम में भ्रम न हो।

इस संस्करण के हिंदी कैलेंडर और विजेट में सार्वजनिक छुट्टियां शामिल नहीं हैं। लाल रविवार सप्ताहांत का संकेत है, सार्वजनिक छुट्टी का चिह्न नहीं। कोरियाई चंद्र कैलेंडर की तारीखें भी नहीं दिखतीं। शिफ्ट और अलार्म आपके अपने शेड्यूल के अनुसार चलते हैं।

हफ़्ते के काम के घंटे हमेशा सोमवार से रविवार तक गिने जाते हैं। सार्वजनिक छुट्टी या सप्ताहांत होने से शिफ्ट अपने आप छुट्टी में नहीं बदलती।",문구 작성·의미 검토 / 레이아웃 미검증
Flutter,alarmSnoozedLabel,스누즈 중,Snoozed,स्नूज़ किया गया,문구 작성·의미 검토 / 레이아웃 미검증
Flutter,alarmClockFirstOccurrence,첫 번째 시각,First occurrence,पहली बार,문구 작성·의미 검토 / 레이아웃 미검증
Flutter,alarmClockSecondOccurrence,두 번째 시각,Second occurrence,दूसरी बार,문구 작성·의미 검토 / 레이아웃 미검증
Flutter,shiftNameInUse,사용 중인 근무는 이름만 수정할 수 있습니다.,Shifts in use can only be renamed.,इस्तेमाल हो रही शिफ्ट का सिर्फ नाम बदल सकते हैं।,문구 작성·의미 검토 / 레이아웃 미검증
Flutter,scheduleOutsideTeamsConfirm,선택한 위치는 전체 근무표의 어느 조와도 일치하지 않습니다. 계속하면 전체 근무표가 삭제되어 다시 설정해야 합니다. 근무 스케줄을 변경할까요?,"The selected position does not match any team in the full roster. Continuing will delete the full roster, and you will need to set it up again. Change your schedule?",चुनी गई स्थिति किसी टीम के मौजूदा शेड्यूल से मेल नहीं खाती। आगे बढ़ने पर सभी टीमों का शेड्यूल हट जाएगा और फिर बनाना होगा। अपना शेड्यूल बदलें?,문구 작성·의미 검토 / 레이아웃 미검증
Flutter,scheduleMyTeam,내 조,My team,मेरी टीम,문구 작성·의미 검토 / 레이아웃 미검증
Flutter,scheduleTeamsAtToday,오늘을 기준으로 각 조가 배정된 패턴 위치입니다.,Team positions in the cycle as of today.,आज शिफ्ट चक्र में टीमों की स्थिति।,문구 작성·의미 검토 / 레이아웃 미검증
Flutter,scheduleTeamChanged,{from}조에서 {to}조의 스케줄로 변경되었습니다.,Your schedule changed from team {from} to team {to}.,आपका शेड्यूल टीम {from} से टीम {to} में बदल गया।,문구 작성·의미 검토 / 레이아웃 미검증
Flutter,teamSetupModeTitle,설정 방식을 선택해 주세요,Choose a setup method,सेट करने का तरीका चुनें,문구 작성·의미 검토 / 레이아웃 미검증
Flutter,teamSetupShared,모든 조가 같은 패턴 사용,All teams use the same pattern,सभी टीमों का एक ही क्रम,문구 작성·의미 검토 / 레이아웃 미검증
Flutter,teamSetupSharedHint,하나의 근무 패턴에 각 조를 배정합니다.,Assign each team to a position in one cycle.,एक चक्र में हर टीम की स्थिति चुनें।,문구 작성·의미 검토 / 레이아웃 미검증
Flutter,teamSetupIndividual,조별로 다른 패턴 사용,Use a different pattern for each team,हर टीम का अलग क्रम,문구 작성·의미 검토 / 레이아웃 미검증
Flutter,teamSetupIndividualHint,"조마다 순환 패턴 또는
요일별 근무를 설정합니다.",Give each team its own cycle or weekly schedule.,हर टीम का अपना चक्र या साप्ताहिक शेड्यूल बनाएं।,문구 작성·의미 검토 / 레이아웃 미검증
Flutter,teamRuleBase,기본 패턴 사용,Use the base cycle,मूल चक्र इस्तेमाल करें,문구 작성·의미 검토 / 레이아웃 미검증
Flutter,teamRuleCycle,다른 순환 패턴,Use another cycle,अलग चक्र बनाएं,문구 작성·의미 검토 / 레이아웃 미검증
Flutter,teamRuleWeekly,요일별 근무,Assign by weekday,हफ़्ते के दिन के अनुसार,문구 작성·의미 검토 / 레이아웃 미검증
Flutter,teamRuleTitle,근무 규칙 설정,Set shift pattern,शिफ्ट का क्रम सेट करें,문구 작성·의미 검토 / 레이아웃 미검증
Flutter,teamRuleLocked,내 달력과 연결됨 · 변경할 수 없음,Linked to my calendar · read only,मेरे कैलेंडर से जुड़ा है · यहां बदलाव नहीं कर सकते,문구 작성·의미 검토 / 레이아웃 미검증
Flutter,teamRuleMissing,근무 규칙을 설정해 주세요,Set this team’s shift pattern,इस टीम की शिफ्ट का क्रम सेट करें,문구 작성·의미 검토 / 레이아웃 미검증
Flutter,teamRuleEdit,설정,Set up,सेट करें,문구 작성·의미 검토 / 레이아웃 미검증
Flutter,teamRulePatternHint,"근무 칩을 순서대로 눌러 패턴을 만드세요.
입력한 칩을 누르면 해당 위치를 삭제합니다.","Tap shifts in order to build a repeating cycle.
Tap a shift in the cycle to remove it.","दोहराने वाला चक्र बनाने के लिए शिफ्ट पर क्रम से टैप करें।
चक्र से शिफ्ट हटाने के लिए उस पर टैप करें।",문구 작성·의미 검토 / 레이아웃 미검증
Flutter,teamRuleAllShiftsHint,설정에 등록된 모든 근무명을 사용할 수 있습니다.,You can use any shift name added in Settings.,सेटिंग में जोड़ा गया कोई भी शिफ्ट नाम इस्तेमाल कर सकते हैं।,문구 작성·의미 검토 / 레이아웃 미검증
Flutter,teamRuleWeeklyHint,"근무 칩을 선택한 뒤 배정할 요일을 누르세요.
월요일부터 일요일까지 모두 배정해 주세요.","Choose a shift, then tap a weekday to assign it.
Assign all seven days.","शिफ्ट चुनें, फिर हफ़्ते के दिन पर टैप करके लगाएं।
सातों दिनों की शिफ्ट चुनें।",문구 작성·의미 검토 / 레이아웃 미검증
Flutter,teamRulePositionHint,아래 패턴에서 기준 날짜의 위치를 선택해 주세요.,Choose where this team is in the cycle on the date shown.,दिखाई गई तारीख पर चक्र में इस टीम की स्थिति चुनें।,문구 작성·의미 검토 / 레이아웃 미검증
Flutter,teamRuleComplete,설정 완료,Complete,पूरा करें,문구 작성·의미 검토 / 레이아웃 미검증
Flutter,teamRuleReview,전체근무표 미리보기,Preview full team schedule,सभी टीमों का शेड्यूल देखें,문구 작성·의미 검토 / 레이아웃 미검증
Flutter,teamRuleReviewHint,"각 조의 근무를 확인해 주세요.
저장한 뒤에는 내 소속 조만 변경할 수 있습니다.
근무 규칙을 수정하려면 전체근무표를 다시 만들어야 합니다.","Check each team’s shifts before saving. You can switch teams later. To change a team’s pattern, set up the team schedules again.",सेव करने से पहले हर टीम की शिफ्ट जांचें। बाद में अपनी टीम बदल सकते हैं। किसी टीम का क्रम बदलने के लिए टीमों के शेड्यूल फिर बनाएं।,문구 작성·의미 검토 / 레이아웃 미검증
Flutter,teamRuleUnset,미배정,Unassigned,तय नहीं है,문구 작성·의미 검토 / 레이아웃 미검증
Flutter,teamRuleResetCycle,패턴 비우기,Clear cycle,चक्र साफ़ करें,문구 작성·의미 검토 / 레이아웃 미검증
Flutter,teamRuleChooseTeam,변경하실 조를 선택해 주세요.,Select the team you want to change to.,"जिस टीम में जाना है, उसे चुनें।",문구 작성·의미 검토 / 레이아웃 미검증
Flutter,teamRuleCurrentTeam,현재 내 조,My current team,मेरी मौजूदा टीम,문구 작성·의미 검토 / 레이아웃 미검증
Flutter,teamRuleWeeklyLabel,월 · 화 · 수 · 목 · 금 · 토 · 일,Mon · Tue · Wed · Thu · Fri · Sat · Sun,सोम · मंगल · बुध · गुरु · शुक्र · शनि · रवि,문구 작성·의미 검토 / 레이아웃 미검증
Flutter,teamScheduleResetConfirm,"내 스케줄을 변경하고
고정알람을 재설정합니다.
설정된 전체근무표는 삭제됩니다.

전체근무표를 유지하고
소속 조만 변경하려면
전체근무표 → 편집 → 내 조 변경을
이용해 주세요.","Your schedule will change and shift alarms will be updated. The team schedules will be deleted.

To keep the team schedules and switch teams, use All teams → Edit → Change my team.","आपका शेड्यूल बदलेगा और शिफ्ट के अलार्म अपडेट होंगे। टीमों के शेड्यूल हट जाएंगे।

टीमों के शेड्यूल रखते हुए अपनी टीम बदलने के लिए सभी टीमें → बदलें → मेरी टीम बदलें चुनें।",문구 작성·의미 검토 / 레이아웃 미검증
Flutter,teamSwitchAction,내 조 변경,Change my team,मेरी टीम बदलें,문구 작성·의미 검토 / 레이아웃 미검증
Flutter,teamRuleOverlapHint,조 사이의 근무 중복이나 공백을 허용합니다.,Teams may share shifts or have days off together.,टीमों की शिफ्ट या छुट्टियां एक ही दिन हो सकती हैं।,문구 작성·의미 검토 / 레이아웃 미검증
Flutter,teamRuleMonday,월,Mon,सोम,문구 작성·의미 검토 / 레이아웃 미검증
Flutter,teamRuleTuesday,화,Tue,मंगल,문구 작성·의미 검토 / 레이아웃 미검증
Flutter,teamRuleWednesday,수,Wed,बुध,문구 작성·의미 검토 / 레이아웃 미검증
Flutter,teamRuleThursday,목,Thu,गुरु,문구 작성·의미 검토 / 레이아웃 미검증
Flutter,teamRuleFriday,금,Fri,शुक्र,문구 작성·의미 검토 / 레이아웃 미검증
Flutter,teamRuleSaturday,토,Sat,शनि,문구 작성·의미 검토 / 레이아웃 미검증
Flutter,teamRuleSunday,일,Sun,रवि,문구 작성·의미 검토 / 레이아웃 미검증
Flutter,teamEditTitle,전체근무표 편집,Edit full team schedule,सभी टीमों का शेड्यूल बदलें,문구 작성·의미 검토 / 레이아웃 미검증
Flutter,teamEditChangedQuestion,근무 조가 바뀌었나요?,Has your team changed?,क्या आपकी टीम बदल गई है?,문구 작성·의미 검토 / 레이아웃 미검증
Flutter,teamEditRecreateTitle,전체근무표 다시 만들기,Recreate the full team schedule,सभी टीमों का शेड्यूल फिर बनाएं,문구 작성·의미 검토 / 레이아웃 미검증
Flutter,teamEditRecreateHint,전체근무표가 잘못 설정되어 각 조의 근무를 다시 입력해야 하는 경우,Use this if team positions were set incorrectly.,टीमों की शुरुआती स्थिति गलत चुनी हो तो यह विकल्प लें।,문구 작성·의미 검토 / 레이아웃 미검증
Flutter,teamEditRecreateConfirm,"현재의 전체근무표를 삭제하고 다시 만듭니다.
내 근무와 알람은 변경되지 않습니다.","Delete the current full team schedule and create it again?
Your shifts and alarms will stay the same.","टीमों का मौजूदा शेड्यूल हटाकर फिर बनाएं?
आपकी शिफ्ट और अलार्म वैसे ही रहेंगे।",문구 작성·의미 검토 / 레이아웃 미검증
Flutter,teamEditPositionsOn,{date} 기준 각 조의 근무,Team positions on {date},{date} को टीमों की स्थिति,문구 작성·의미 검토 / 레이아웃 미검증
Flutter,teamEditSwitchConfirm,"{from}조에서 {to}조로 내 근무를 변경합니다.

현재 등록된 고정알람도
{to}조의 스케줄로 전부 재설정됩니다.

수동으로 변경한 근무는 초기화됩니다.

전체근무표는 유지됩니다.","Switch from team {from} to team {to}?

Shift alarms will follow team {to}’s schedule. Manual changes to individual dates will be cleared.

The team schedules will be kept.","टीम {from} से टीम {to} में जाएं?

शिफ्ट के अलार्म टीम {to} के शेड्यूल के अनुसार होंगे। अलग-अलग तारीखों पर खुद किए गए बदलाव हट जाएंगे।

टीमों के शेड्यूल बने रहेंगे।",문구 작성·의미 검토 / 레이아웃 미검증
Flutter,teamEditSwitchPreview,현재 근무조 ({from}조)에서 {to}조로 근무스케줄을 변경합니다.,Your work schedule will change from team {from} to team {to}.,आपका शिफ्ट शेड्यूल टीम {from} से टीम {to} में बदल जाएगा।,문구 작성·의미 검토 / 레이아웃 미검증
Flutter,alarmSnoozeCollisionResult,5분 후에 다른 알람이 있어 종료,Dismissed: another alarm at snooze time,बंद हुआ: स्नूज़ के समय दूसरा अलार्म है,문구 작성·의미 검토 / 레이아웃 미검증
Flutter,alarmRefreshUnconfirmed,알람 갱신 완료를 확인하지 못했습니다. 다시 확인해 주세요.,Alarm refresh could not be confirmed. Please check again.,अलार्म अपडेट होने की पुष्टि नहीं हुई। फिर जांचें।,문구 작성·의미 검토 / 레이아웃 미검증
Flutter,scheduleRefreshUnconfirmed,근무표는 저장됐지만 알람 예약 완료를 확인하지 못했습니다. 다시 확인해 주세요.,"The schedule was saved, but alarm scheduling could not be confirmed.","शेड्यूल सेव हो गया, लेकिन अलार्म सेट होने की पुष्टि नहीं हुई।",문구 작성·의미 검토 / 레이아웃 미검증
Flutter,oneTapDeleteNoAlarmConfirm,원터치 알람을 삭제하면 이 시각에 알람이 남지 않습니다. 삭제할까요?,No alarm will remain at this time. Delete the one-tap alarm?,इस समय कोई अलार्म नहीं बचेगा। एक टैप अलार्म हटाएं?,문구 작성·의미 검토 / 레이아웃 미검증
Flutter,oneTapDeleteRestoreConfirm,원터치 알람을 삭제하면 {shift} 고정 알람을 다시 예약합니다. 삭제할까요?,Delete this one-tap alarm and restore the alarm for {shift}?,यह एक टैप अलार्म हटाकर {shift} का अलार्म वापस लगाएं?,문구 작성·의미 검토 / 레이아웃 미검증
Flutter,oneTapDeleteNoAlarmDetail,삭제하면 이 시각에 알람이 남지 않습니다.,No alarm will remain at this time.,इस समय कोई अलार्म नहीं बचेगा।,문구 작성·의미 검토 / 레이아웃 미검증
Flutter,oneTapDeleteRestoreDetail,삭제 후 {shift} 고정 알람을 다시 예약합니다.,The alarm for {shift} will be restored.,{shift} का अलार्म वापस लग जाएगा।,문구 작성·의미 검토 / 레이아웃 미검증
Flutter,oneTapDeletedRefreshRetry,원터치 알람은 삭제됐지만 고정 알람 예약에 실패했습니다. 다시 갱신합니다.,One-tap alarm deleted. The shift alarm could not be restored yet; ShiftBell will retry when alarms are refreshed.,एक टैप अलार्म हट गया। शिफ्ट का अलार्म अभी वापस नहीं लग सका; अलार्म अपडेट करते समय ShiftBell फिर कोशिश करेगा।,문구 작성·의미 검토 / 레이아웃 미검증
Flutter,oneTapDeletedFixedRestored,원터치 알람을 삭제하고 고정 알람을 예약했습니다.,One-tap alarm deleted. Shift alarm restored.,एक टैप अलार्म हट गया। शिफ्ट का अलार्म वापस लग गया।,문구 작성·의미 검토 / 레이아웃 미검증
Flutter,teamEditChooseTeam,변경하실 조를 선택해주세요.,Select the team you want to change to.,"जिस टीम में जाना है, उसे चुनें।",문구 작성·의미 검토 / 레이아웃 미검증
Flutter,durationCompactHours,{hours}시간,{hours}h,{hours} घं.,문구 작성·의미 검토 / 레이아웃 미검증
Flutter,durationCompactMinutes,{minutes}분,{minutes}m,{minutes} मि.,문구 작성·의미 검토 / 레이아웃 미검증
Android,alarm_type_sound_vibration_short,소리+진동,sound + vibration,आवाज़ + वाइब्रेशन,문구 작성 / 실기기 미검증
Android,alarm_type_vibration_short,진동,vibration,वाइब्रेशन,문구 작성 / 실기기 미검증
Android,alarm_type_silent_short,무음,silent,साइलेंट,문구 작성 / 실기기 미검증
Android,snooze_collision_message,%1$s 알람(%2$s)이 있어 미루지 않고 종료했어요.,Another alarm (%2$s) is set for %1$s. This alarm was dismissed without snoozing.,%1$s पर दूसरा अलार्म (%2$s) है। यह अलार्म स्नूज़ किए बिना बंद कर दिया गया।,문구 작성 / 실기기 미검증
Android,calendar_widget_description,전주/이번주/다음주 근무 일정을 홈 화면에서 바로 볼 수 있어요.,See your shifts and notes. Resize the widget to show three weeks or a full month.,अपनी शिफ्ट और नोट देखें। आकार बदलकर तीन हफ़्ते या पूरा महीना दिखाएं।,문구 작성 / 실기기 미검증
Android,sleep_widget_description,버튼으로 취침/기상을 기록해요.,Tap to record when you go to bed and wake up.,सोने और जागने का समय दर्ज करने के लिए टैप करें।,문구 작성 / 실기기 미검증
Android,sleep_widget_brand,교대시계,Shift Bell,Shift Bell,문구 작성 / 실기기 미검증
Android,app_widget_calendar_label,교대시계 달력,ShiftBell Calendar,ShiftBell कैलेंडर,문구 작성 / 실기기 미검증
Android,app_widget_sleep_label,교대시계 수면기록,ShiftBell Sleep,ShiftBell नींद,문구 작성 / 실기기 미검증
Android,alarm_swipe_hint,위로 스와이프해서 끄기,Swipe up to dismiss,बंद करने के लिए ऊपर स्वाइप करें,문구 작성 / 실기기 미검증
Android,alarm_snooze_label,5분 후,Snooze,स्नूज़ करें,문구 작성 / 실기기 미검증
Android,alarm_dismiss_label,끄기,Dismiss,बंद करें,문구 작성 / 실기기 미검증
Android,one_tap_alarm_label,원터치 알람,One-tap alarm,एक टैप अलार्म,문구 작성 / 실기기 미검증
Android,channel_alarm_result,결과 알림,Snoozed and missed alarms,स्नूज़ किए गए और छूटे अलार्म,문구 작성 / 실기기 미검증
Android,channel_alarm_guard,사전 알림,Upcoming alarms,आने वाले अलार्म,문구 작성 / 실기기 미검증
Android,channel_schedule_notify,일정 알림,Event reminders,निजी काम के रिमाइंडर,문구 작성 / 실기기 미검증
Android,channel_restore_notify,백업 복원 안내,Backup restore status,बैकअप से डेटा वापस लाने की स्थिति,문구 작성 / 실기기 미검증
Android,notif_ringing_content,알람 울림 중,Alarm is ringing,अलार्म बज रहा है,문구 작성 / 실기기 미검증
Android,notif_action_snooze,5분 후,Snooze 5 min,5 मिनट बाद फिर बजाएं,문구 작성 / 실기기 미검증
Android,notif_action_dismiss,알람 끄기,Dismiss alarm,अलार्म बंद करें,문구 작성 / 실기기 미검증
Android,notif_snoozed_title,%1$s로 연장되었습니다,Snoozed until %1$s,स्नूज़ किया गया · अगला अलार्म %1$s पर,문구 작성 / 실기기 미검증
Android,notif_guard_title,잠시 후 알람이 울립니다 (%1$s),Your alarm will ring soon (%1$s),आपका अलार्म जल्द बजेगा (%1$s),문구 작성 / 실기기 미검증
Android,notif_restore_title,백업 복원이 완료되지 않았어요,Backup restore didn\'t finish,बैकअप से डेटा वापस लाना पूरा नहीं हुआ,문구 작성 / 실기기 미검증
Android,notif_restore_text,알람은 지금 데이터 기준으로 동작해요. 앱을 열어 복원을 마무리해 주세요.,Alarms are set using your current data. Open ShiftBell to finish restoring the backup.,मौजूदा डेटा के अनुसार अलार्म सेट हैं। बैकअप से डेटा वापस लाना पूरा करने के लिए ShiftBell खोलें।,문구 작성 / 실기기 미검증
Android,widget_setup_schedule_first,앱에서 근무 스케줄을 먼저 설정해주세요,Set up your shift schedule in the app first,पहले ऐप में अपना शिफ्ट शेड्यूल बनाएं,문구 작성 / 실기기 미검증
Android 요일,widget_weekday_labels[0],일,Sun,रवि,문구 작성 / 실기기 미검증
Android 요일,widget_weekday_labels[1],월,Mon,सोम,문구 작성 / 실기기 미검증
Android 요일,widget_weekday_labels[2],화,Tue,मंगल,문구 작성 / 실기기 미검증
Android 요일,widget_weekday_labels[3],수,Wed,बुध,문구 작성 / 실기기 미검증
Android 요일,widget_weekday_labels[4],목,Thu,गुरु,문구 작성 / 실기기 미검증
Android 요일,widget_weekday_labels[5],금,Fri,शुक्र,문구 작성 / 실기기 미검증
Android 요일,widget_weekday_labels[6],토,Sat,शनि,문구 작성 / 실기기 미검증
Android,sleep_widget_sleep,수면,Sleep,सोने जा रहे हैं,문구 작성 / 실기기 미검증
Android,sleep_widget_wake,기상,Wake,जाग गए,문구 작성 / 실기기 미검증
Android,sleep_widget_no_shift,근무없음,No shift,कोई शिफ्ट नहीं,문구 작성 / 실기기 미검증
Android,sleep_widget_not_set,미설정,Not set,सेट नहीं है,문구 작성 / 실기기 미검증
Android,sleep_widget_unknown,정보 없음,Unknown,पता नहीं है,문구 작성 / 실기기 미검증
Android,sleep_widget_tab_off,탭 꺼짐,Tab hidden,टैब छिपा है,문구 작성 / 실기기 미검증
Android,widget_no_shift,없음,None,कोई नहीं,문구 작성 / 실기기 미검증
Android,alarm_default_label,알람,Alarm,अलार्म,문구 작성 / 실기기 미검증
Android,channel_guard_description,20분 전 사전 알림,Reminder 20 minutes before an alarm,अलार्म से 20 मिनट पहले याद दिलाएं,문구 작성 / 실기기 미검증
Android,channel_result_description,스누즈/타임아웃 결과,Snoozed and missed alarm notifications,स्नूज़ किए गए और छूटे अलार्म की सूचनाएं,문구 작성 / 실기기 미검증
Android,channel_ring_description,근무 시간 알림,Shift alarm notifications,शिफ्ट के अलार्म की सूचनाएं,문구 작성 / 실기기 미검증
Android,widget_preview_day,주간,Day,दिन,문구 작성 / 실기기 미검증
Android,widget_preview_night,야간,Night,रात,문구 작성 / 실기기 미검증
Android,widget_preview_off,휴무,Off,छुट्टी,문구 작성 / 실기기 미검증
Android,widget_weekday_0,일,Sun,रवि,문구 작성 / 실기기 미검증
Android,widget_weekday_1,월,Mon,सोम,문구 작성 / 실기기 미검증
Android,widget_weekday_2,화,Tue,मंगल,문구 작성 / 실기기 미검증
Android,widget_weekday_3,수,Wed,बुध,문구 작성 / 실기기 미검증
Android,widget_weekday_4,목,Thu,गुरु,문구 작성 / 실기기 미검증
Android,widget_weekday_5,금,Fri,शुक्र,문구 작성 / 실기기 미검증
Android,widget_weekday_6,토,Sat,शनि,문구 작성 / 실기기 미검증
Android,alarm_clock_first,%1$s (첫 번째),%1$s (first),%1$s (पहली बार),문구 작성 / 실기기 미검증
Android,alarm_clock_second,%1$s (두 번째),%1$s (second),%1$s (दूसरी बार),문구 작성 / 실기기 미검증
