파일,최종 소스 행,보존·수정 판정,호출·도달 근거,범위
lib/main.dart,116,유지(기능 조건/원본 데이터/진단/측정/주석),"AlarmTestScreen은 제품 routes/import 생성 없음, foreign build 종료. 나머지 진단/데이터는 기존 원본 보존. 언어 변경 SnackBar clear. F01/F02 탭 가드.",정적 추적; 실제 기기는 NOT_RUN
lib/main.dart,173,유지(기능 조건/원본 데이터/진단/측정/주석),"AlarmTestScreen은 제품 routes/import 생성 없음, foreign build 종료. 나머지 진단/데이터는 기존 원본 보존. 언어 변경 SnackBar clear. F01/F02 탭 가드.",정적 추적; 실제 기기는 NOT_RUN
lib/main.dart,186,유지(기능 조건/원본 데이터/진단/측정/주석),"AlarmTestScreen은 제품 routes/import 생성 없음, foreign build 종료. 나머지 진단/데이터는 기존 원본 보존. 언어 변경 SnackBar clear. F01/F02 탭 가드.",정적 추적; 실제 기기는 NOT_RUN
lib/main.dart,219,유지(기능 조건/원본 데이터/진단/측정/주석),"AlarmTestScreen은 제품 routes/import 생성 없음, foreign build 종료. 나머지 진단/데이터는 기존 원본 보존. 언어 변경 SnackBar clear. F01/F02 탭 가드.",정적 추적; 실제 기기는 NOT_RUN
lib/main.dart,221,유지(기능 조건/원본 데이터/진단/측정/주석),"AlarmTestScreen은 제품 routes/import 생성 없음, foreign build 종료. 나머지 진단/데이터는 기존 원본 보존. 언어 변경 SnackBar clear. F01/F02 탭 가드.",정적 추적; 실제 기기는 NOT_RUN
lib/main.dart,296,유지(기능 조건/원본 데이터/진단/측정/주석),"AlarmTestScreen은 제품 routes/import 생성 없음, foreign build 종료. 나머지 진단/데이터는 기존 원본 보존. 언어 변경 SnackBar clear. F01/F02 탭 가드.",정적 추적; 실제 기기는 NOT_RUN
lib/main.dart,303,유지(기능 조건/원본 데이터/진단/측정/주석),"AlarmTestScreen은 제품 routes/import 생성 없음, foreign build 종료. 나머지 진단/데이터는 기존 원본 보존. 언어 변경 SnackBar clear. F01/F02 탭 가드.",정적 추적; 실제 기기는 NOT_RUN
lib/main.dart,305,유지(기능 조건/원본 데이터/진단/측정/주석),"AlarmTestScreen은 제품 routes/import 생성 없음, foreign build 종료. 나머지 진단/데이터는 기존 원본 보존. 언어 변경 SnackBar clear. F01/F02 탭 가드.",정적 추적; 실제 기기는 NOT_RUN
lib/main.dart,645,유지(기능 조건/원본 데이터/진단/측정/주석),"AlarmTestScreen은 제품 routes/import 생성 없음, foreign build 종료. 나머지 진단/데이터는 기존 원본 보존. 언어 변경 SnackBar clear. F01/F02 탭 가드.",정적 추적; 실제 기기는 NOT_RUN
lib/main.dart,658,유지(기능 조건/원본 데이터/진단/측정/주석),"AlarmTestScreen은 제품 routes/import 생성 없음, foreign build 종료. 나머지 진단/데이터는 기존 원본 보존. 언어 변경 SnackBar clear. F01/F02 탭 가드.",정적 추적; 실제 기기는 NOT_RUN
lib/main.dart,660,유지(기능 조건/원본 데이터/진단/측정/주석),"AlarmTestScreen은 제품 routes/import 생성 없음, foreign build 종료. 나머지 진단/데이터는 기존 원본 보존. 언어 변경 SnackBar clear. F01/F02 탭 가드.",정적 추적; 실제 기기는 NOT_RUN
lib/main.dart,662,유지(기능 조건/원본 데이터/진단/측정/주석),"AlarmTestScreen은 제품 routes/import 생성 없음, foreign build 종료. 나머지 진단/데이터는 기존 원본 보존. 언어 변경 SnackBar clear. F01/F02 탭 가드.",정적 추적; 실제 기기는 NOT_RUN
lib/main.dart,675,유지(기능 조건/원본 데이터/진단/측정/주석),"AlarmTestScreen은 제품 routes/import 생성 없음, foreign build 종료. 나머지 진단/데이터는 기존 원본 보존. 언어 변경 SnackBar clear. F01/F02 탭 가드.",정적 추적; 실제 기기는 NOT_RUN
lib/main.dart,698,유지(기능 조건/원본 데이터/진단/측정/주석),"AlarmTestScreen은 제품 routes/import 생성 없음, foreign build 종료. 나머지 진단/데이터는 기존 원본 보존. 언어 변경 SnackBar clear. F01/F02 탭 가드.",정적 추적; 실제 기기는 NOT_RUN
lib/main.dart,702,유지(기능 조건/원본 데이터/진단/측정/주석),"AlarmTestScreen은 제품 routes/import 생성 없음, foreign build 종료. 나머지 진단/데이터는 기존 원본 보존. 언어 변경 SnackBar clear. F01/F02 탭 가드.",정적 추적; 실제 기기는 NOT_RUN
lib/main.dart,708,유지(기능 조건/원본 데이터/진단/측정/주석),"AlarmTestScreen은 제품 routes/import 생성 없음, foreign build 종료. 나머지 진단/데이터는 기존 원본 보존. 언어 변경 SnackBar clear. F01/F02 탭 가드.",정적 추적; 실제 기기는 NOT_RUN
lib/main.dart,714,유지(기능 조건/원본 데이터/진단/측정/주석),"AlarmTestScreen은 제품 routes/import 생성 없음, foreign build 종료. 나머지 진단/데이터는 기존 원본 보존. 언어 변경 SnackBar clear. F01/F02 탭 가드.",정적 추적; 실제 기기는 NOT_RUN
lib/main.dart,720,유지(기능 조건/원본 데이터/진단/측정/주석),"AlarmTestScreen은 제품 routes/import 생성 없음, foreign build 종료. 나머지 진단/데이터는 기존 원본 보존. 언어 변경 SnackBar clear. F01/F02 탭 가드.",정적 추적; 실제 기기는 NOT_RUN
lib/main.dart,723,유지(기능 조건/원본 데이터/진단/측정/주석),"AlarmTestScreen은 제품 routes/import 생성 없음, foreign build 종료. 나머지 진단/데이터는 기존 원본 보존. 언어 변경 SnackBar clear. F01/F02 탭 가드.",정적 추적; 실제 기기는 NOT_RUN
lib/main.dart,727,유지(기능 조건/원본 데이터/진단/측정/주석),"AlarmTestScreen은 제품 routes/import 생성 없음, foreign build 종료. 나머지 진단/데이터는 기존 원본 보존. 언어 변경 SnackBar clear. F01/F02 탭 가드.",정적 추적; 실제 기기는 NOT_RUN
lib/main.dart,792,유지(기능 조건/원본 데이터/진단/측정/주석),"AlarmTestScreen은 제품 routes/import 생성 없음, foreign build 종료. 나머지 진단/데이터는 기존 원본 보존. 언어 변경 SnackBar clear. F01/F02 탭 가드.",정적 추적; 실제 기기는 NOT_RUN
lib/main.dart,915,유지(기능 조건/원본 데이터/진단/측정/주석),"AlarmTestScreen은 제품 routes/import 생성 없음, foreign build 종료. 나머지 진단/데이터는 기존 원본 보존. 언어 변경 SnackBar clear. F01/F02 탭 가드.",정적 추적; 실제 기기는 NOT_RUN
lib/main.dart,916,유지(기능 조건/원본 데이터/진단/측정/주석),"AlarmTestScreen은 제품 routes/import 생성 없음, foreign build 종료. 나머지 진단/데이터는 기존 원본 보존. 언어 변경 SnackBar clear. F01/F02 탭 가드.",정적 추적; 실제 기기는 NOT_RUN
lib/main.dart,917,유지(기능 조건/원본 데이터/진단/측정/주석),"AlarmTestScreen은 제품 routes/import 생성 없음, foreign build 종료. 나머지 진단/데이터는 기존 원본 보존. 언어 변경 SnackBar clear. F01/F02 탭 가드.",정적 추적; 실제 기기는 NOT_RUN
lib/main.dart,918,유지(기능 조건/원본 데이터/진단/측정/주석),"AlarmTestScreen은 제품 routes/import 생성 없음, foreign build 종료. 나머지 진단/데이터는 기존 원본 보존. 언어 변경 SnackBar clear. F01/F02 탭 가드.",정적 추적; 실제 기기는 NOT_RUN
lib/main.dart,950,유지(기능 조건/원본 데이터/진단/측정/주석),"AlarmTestScreen은 제품 routes/import 생성 없음, foreign build 종료. 나머지 진단/데이터는 기존 원본 보존. 언어 변경 SnackBar clear. F01/F02 탭 가드.",정적 추적; 실제 기기는 NOT_RUN
lib/main.dart,955,유지(기능 조건/원본 데이터/진단/측정/주석),"AlarmTestScreen은 제품 routes/import 생성 없음, foreign build 종료. 나머지 진단/데이터는 기존 원본 보존. 언어 변경 SnackBar clear. F01/F02 탭 가드.",정적 추적; 실제 기기는 NOT_RUN
lib/main.dart,962,유지(기능 조건/원본 데이터/진단/측정/주석),"AlarmTestScreen은 제품 routes/import 생성 없음, foreign build 종료. 나머지 진단/데이터는 기존 원본 보존. 언어 변경 SnackBar clear. F01/F02 탭 가드.",정적 추적; 실제 기기는 NOT_RUN
lib/main.dart,964,유지(기능 조건/원본 데이터/진단/측정/주석),"AlarmTestScreen은 제품 routes/import 생성 없음, foreign build 종료. 나머지 진단/데이터는 기존 원본 보존. 언어 변경 SnackBar clear. F01/F02 탭 가드.",정적 추적; 실제 기기는 NOT_RUN
lib/main.dart,977,유지(기능 조건/원본 데이터/진단/측정/주석),"AlarmTestScreen은 제품 routes/import 생성 없음, foreign build 종료. 나머지 진단/데이터는 기존 원본 보존. 언어 변경 SnackBar clear. F01/F02 탭 가드.",정적 추적; 실제 기기는 NOT_RUN
lib/main.dart,1017,유지(기능 조건/원본 데이터/진단/측정/주석),"AlarmTestScreen은 제품 routes/import 생성 없음, foreign build 종료. 나머지 진단/데이터는 기존 원본 보존. 언어 변경 SnackBar clear. F01/F02 탭 가드.",정적 추적; 실제 기기는 NOT_RUN
lib/main.dart,1026,유지(기능 조건/원본 데이터/진단/측정/주석),"AlarmTestScreen은 제품 routes/import 생성 없음, foreign build 종료. 나머지 진단/데이터는 기존 원본 보존. 언어 변경 SnackBar clear. F01/F02 탭 가드.",정적 추적; 실제 기기는 NOT_RUN
lib/main.dart,1032,유지(기능 조건/원본 데이터/진단/측정/주석),"AlarmTestScreen은 제품 routes/import 생성 없음, foreign build 종료. 나머지 진단/데이터는 기존 원본 보존. 언어 변경 SnackBar clear. F01/F02 탭 가드.",정적 추적; 실제 기기는 NOT_RUN
lib/main.dart,1038,유지(기능 조건/원본 데이터/진단/측정/주석),"AlarmTestScreen은 제품 routes/import 생성 없음, foreign build 종료. 나머지 진단/데이터는 기존 원본 보존. 언어 변경 SnackBar clear. F01/F02 탭 가드.",정적 추적; 실제 기기는 NOT_RUN
lib/main.dart,1046,유지(기능 조건/원본 데이터/진단/측정/주석),"AlarmTestScreen은 제품 routes/import 생성 없음, foreign build 종료. 나머지 진단/데이터는 기존 원본 보존. 언어 변경 SnackBar clear. F01/F02 탭 가드.",정적 추적; 실제 기기는 NOT_RUN
lib/main.dart,1052,유지(기능 조건/원본 데이터/진단/측정/주석),"AlarmTestScreen은 제품 routes/import 생성 없음, foreign build 종료. 나머지 진단/데이터는 기존 원본 보존. 언어 변경 SnackBar clear. F01/F02 탭 가드.",정적 추적; 실제 기기는 NOT_RUN
lib/main.dart,1059,유지(기능 조건/원본 데이터/진단/측정/주석),"AlarmTestScreen은 제품 routes/import 생성 없음, foreign build 종료. 나머지 진단/데이터는 기존 원본 보존. 언어 변경 SnackBar clear. F01/F02 탭 가드.",정적 추적; 실제 기기는 NOT_RUN
lib/main.dart,1060,유지(기능 조건/원본 데이터/진단/측정/주석),"AlarmTestScreen은 제품 routes/import 생성 없음, foreign build 종료. 나머지 진단/데이터는 기존 원본 보존. 언어 변경 SnackBar clear. F01/F02 탭 가드.",정적 추적; 실제 기기는 NOT_RUN
lib/main.dart,1069,유지(기능 조건/원본 데이터/진단/측정/주석),"AlarmTestScreen은 제품 routes/import 생성 없음, foreign build 종료. 나머지 진단/데이터는 기존 원본 보존. 언어 변경 SnackBar clear. F01/F02 탭 가드.",정적 추적; 실제 기기는 NOT_RUN
lib/main.dart,1074,유지(기능 조건/원본 데이터/진단/측정/주석),"AlarmTestScreen은 제품 routes/import 생성 없음, foreign build 종료. 나머지 진단/데이터는 기존 원본 보존. 언어 변경 SnackBar clear. F01/F02 탭 가드.",정적 추적; 실제 기기는 NOT_RUN
lib/main.dart,1082,유지(기능 조건/원본 데이터/진단/측정/주석),"AlarmTestScreen은 제품 routes/import 생성 없음, foreign build 종료. 나머지 진단/데이터는 기존 원본 보존. 언어 변경 SnackBar clear. F01/F02 탭 가드.",정적 추적; 실제 기기는 NOT_RUN
lib/main.dart,1110,유지(기능 조건/원본 데이터/진단/측정/주석),"AlarmTestScreen은 제품 routes/import 생성 없음, foreign build 종료. 나머지 진단/데이터는 기존 원본 보존. 언어 변경 SnackBar clear. F01/F02 탭 가드.",정적 추적; 실제 기기는 NOT_RUN
lib/main.dart,1111,유지(기능 조건/원본 데이터/진단/측정/주석),"AlarmTestScreen은 제품 routes/import 생성 없음, foreign build 종료. 나머지 진단/데이터는 기존 원본 보존. 언어 변경 SnackBar clear. F01/F02 탭 가드.",정적 추적; 실제 기기는 NOT_RUN
lib/main.dart,1119,유지(기능 조건/원본 데이터/진단/측정/주석),"AlarmTestScreen은 제품 routes/import 생성 없음, foreign build 종료. 나머지 진단/데이터는 기존 원본 보존. 언어 변경 SnackBar clear. F01/F02 탭 가드.",정적 추적; 실제 기기는 NOT_RUN
lib/main.dart,1120,유지(기능 조건/원본 데이터/진단/측정/주석),"AlarmTestScreen은 제품 routes/import 생성 없음, foreign build 종료. 나머지 진단/데이터는 기존 원본 보존. 언어 변경 SnackBar clear. F01/F02 탭 가드.",정적 추적; 실제 기기는 NOT_RUN
lib/main.dart,1128,유지(기능 조건/원본 데이터/진단/측정/주석),"AlarmTestScreen은 제품 routes/import 생성 없음, foreign build 종료. 나머지 진단/데이터는 기존 원본 보존. 언어 변경 SnackBar clear. F01/F02 탭 가드.",정적 추적; 실제 기기는 NOT_RUN
lib/main.dart,1135,유지(기능 조건/원본 데이터/진단/측정/주석),"AlarmTestScreen은 제품 routes/import 생성 없음, foreign build 종료. 나머지 진단/데이터는 기존 원본 보존. 언어 변경 SnackBar clear. F01/F02 탭 가드.",정적 추적; 실제 기기는 NOT_RUN
lib/main.dart,1142,유지(기능 조건/원본 데이터/진단/측정/주석),"AlarmTestScreen은 제품 routes/import 생성 없음, foreign build 종료. 나머지 진단/데이터는 기존 원본 보존. 언어 변경 SnackBar clear. F01/F02 탭 가드.",정적 추적; 실제 기기는 NOT_RUN
lib/main.dart,1158,유지(기능 조건/원본 데이터/진단/측정/주석),"AlarmTestScreen은 제품 routes/import 생성 없음, foreign build 종료. 나머지 진단/데이터는 기존 원본 보존. 언어 변경 SnackBar clear. F01/F02 탭 가드.",정적 추적; 실제 기기는 NOT_RUN
lib/main.dart,1168,유지(기능 조건/원본 데이터/진단/측정/주석),"AlarmTestScreen은 제품 routes/import 생성 없음, foreign build 종료. 나머지 진단/데이터는 기존 원본 보존. 언어 변경 SnackBar clear. F01/F02 탭 가드.",정적 추적; 실제 기기는 NOT_RUN
lib/main.dart,1175,유지(기능 조건/원본 데이터/진단/측정/주석),"AlarmTestScreen은 제품 routes/import 생성 없음, foreign build 종료. 나머지 진단/데이터는 기존 원본 보존. 언어 변경 SnackBar clear. F01/F02 탭 가드.",정적 추적; 실제 기기는 NOT_RUN
lib/main.dart,1204,유지(기능 조건/원본 데이터/진단/측정/주석),"AlarmTestScreen은 제품 routes/import 생성 없음, foreign build 종료. 나머지 진단/데이터는 기존 원본 보존. 언어 변경 SnackBar clear. F01/F02 탭 가드.",정적 추적; 실제 기기는 NOT_RUN
lib/main.dart,1215,유지(기능 조건/원본 데이터/진단/측정/주석),"AlarmTestScreen은 제품 routes/import 생성 없음, foreign build 종료. 나머지 진단/데이터는 기존 원본 보존. 언어 변경 SnackBar clear. F01/F02 탭 가드.",정적 추적; 실제 기기는 NOT_RUN
lib/main.dart,1224,유지(기능 조건/원본 데이터/진단/측정/주석),"AlarmTestScreen은 제품 routes/import 생성 없음, foreign build 종료. 나머지 진단/데이터는 기존 원본 보존. 언어 변경 SnackBar clear. F01/F02 탭 가드.",정적 추적; 실제 기기는 NOT_RUN
lib/web_main.dart,75,유지(기능 조건/원본 데이터/진단/측정/주석),주석 내 인용 문자열/emoji 또는 저장 sentinel·내부 식별자/검증 예외. 소비는 날짜/알람·근무 계산/위젯 색 판단이며 실제 안내는 common l10n/R.string. 사용자 데이터·진단 계약 보존.,정적 추적; 실제 기기는 NOT_RUN
lib/web_main.dart,414,유지(기능 조건/원본 데이터/진단/측정/주석),주석 내 인용 문자열/emoji 또는 저장 sentinel·내부 식별자/검증 예외. 소비는 날짜/알람·근무 계산/위젯 색 판단이며 실제 안내는 common l10n/R.string. 사용자 데이터·진단 계약 보존.,정적 추적; 실제 기기는 NOT_RUN
lib/models/alarm.dart,39,유지(기능 조건/원본 데이터/진단/측정/주석),print/debugPrint/Log 또는 내부 throw의 호출 위치. 제품 실패 표시에서는 외국어 localizedErrorDetail 사용. 기술 로그는 원인 보존.,정적 추적; 실제 기기는 NOT_RUN
lib/models/alarm_history.dart,39,유지(기능 조건/원본 데이터/진단/측정/주석),print/debugPrint/Log 또는 내부 throw의 호출 위치. 제품 실패 표시에서는 외국어 localizedErrorDetail 사용. 기술 로그는 원인 보존.,정적 추적; 실제 기기는 NOT_RUN
lib/models/alarm_type.dart,75,유지(기능 조건/원본 데이터/진단/측정/주석),주석 내 인용 문자열/emoji 또는 저장 sentinel·내부 식별자/검증 예외. 소비는 날짜/알람·근무 계산/위젯 색 판단이며 실제 안내는 common l10n/R.string. 사용자 데이터·진단 계약 보존.,정적 추적; 실제 기기는 NOT_RUN
lib/models/calendar_theme.dart,145,유지(기능 조건/원본 데이터/진단/측정/주석),mockShiftNames(context)에서 ko/de/pt/hi/en을 직접 분기. 한국어 12개는 ko 반환에만 존재. 외국어 12개도 실제 테마 미리보기의 근무 유형 뜻과 비교해 유지.,정적 추적; 실제 기기는 NOT_RUN
lib/models/calendar_theme.dart,146,유지(기능 조건/원본 데이터/진단/측정/주석),mockShiftNames(context)에서 ko/de/pt/hi/en을 직접 분기. 한국어 12개는 ko 반환에만 존재. 외국어 12개도 실제 테마 미리보기의 근무 유형 뜻과 비교해 유지.,정적 추적; 실제 기기는 NOT_RUN
lib/models/calendar_theme.dart,147,유지(기능 조건/원본 데이터/진단/측정/주석),mockShiftNames(context)에서 ko/de/pt/hi/en을 직접 분기. 한국어 12개는 ko 반환에만 존재. 외국어 12개도 실제 테마 미리보기의 근무 유형 뜻과 비교해 유지.,정적 추적; 실제 기기는 NOT_RUN
lib/models/calendar_theme.dart,148,유지(기능 조건/원본 데이터/진단/측정/주석),mockShiftNames(context)에서 ko/de/pt/hi/en을 직접 분기. 한국어 12개는 ko 반환에만 존재. 외국어 12개도 실제 테마 미리보기의 근무 유형 뜻과 비교해 유지.,정적 추적; 실제 기기는 NOT_RUN
lib/models/calendar_theme.dart,149,유지(기능 조건/원본 데이터/진단/측정/주석),mockShiftNames(context)에서 ko/de/pt/hi/en을 직접 분기. 한국어 12개는 ko 반환에만 존재. 외국어 12개도 실제 테마 미리보기의 근무 유형 뜻과 비교해 유지.,정적 추적; 실제 기기는 NOT_RUN
lib/models/calendar_theme.dart,150,유지(기능 조건/원본 데이터/진단/측정/주석),mockShiftNames(context)에서 ko/de/pt/hi/en을 직접 분기. 한국어 12개는 ko 반환에만 존재. 외국어 12개도 실제 테마 미리보기의 근무 유형 뜻과 비교해 유지.,정적 추적; 실제 기기는 NOT_RUN
lib/models/calendar_theme.dart,151,유지(기능 조건/원본 데이터/진단/측정/주석),mockShiftNames(context)에서 ko/de/pt/hi/en을 직접 분기. 한국어 12개는 ko 반환에만 존재. 외국어 12개도 실제 테마 미리보기의 근무 유형 뜻과 비교해 유지.,정적 추적; 실제 기기는 NOT_RUN
lib/models/calendar_theme.dart,152,유지(기능 조건/원본 데이터/진단/측정/주석),mockShiftNames(context)에서 ko/de/pt/hi/en을 직접 분기. 한국어 12개는 ko 반환에만 존재. 외국어 12개도 실제 테마 미리보기의 근무 유형 뜻과 비교해 유지.,정적 추적; 실제 기기는 NOT_RUN
lib/models/calendar_theme.dart,153,유지(기능 조건/원본 데이터/진단/측정/주석),mockShiftNames(context)에서 ko/de/pt/hi/en을 직접 분기. 한국어 12개는 ko 반환에만 존재. 외국어 12개도 실제 테마 미리보기의 근무 유형 뜻과 비교해 유지.,정적 추적; 실제 기기는 NOT_RUN
lib/models/calendar_theme.dart,154,유지(기능 조건/원본 데이터/진단/측정/주석),mockShiftNames(context)에서 ko/de/pt/hi/en을 직접 분기. 한국어 12개는 ko 반환에만 존재. 외국어 12개도 실제 테마 미리보기의 근무 유형 뜻과 비교해 유지.,정적 추적; 실제 기기는 NOT_RUN
lib/models/calendar_theme.dart,155,유지(기능 조건/원본 데이터/진단/측정/주석),mockShiftNames(context)에서 ko/de/pt/hi/en을 직접 분기. 한국어 12개는 ko 반환에만 존재. 외국어 12개도 실제 테마 미리보기의 근무 유형 뜻과 비교해 유지.,정적 추적; 실제 기기는 NOT_RUN
lib/models/calendar_theme.dart,156,유지(기능 조건/원본 데이터/진단/측정/주석),mockShiftNames(context)에서 ko/de/pt/hi/en을 직접 분기. 한국어 12개는 ko 반환에만 존재. 외국어 12개도 실제 테마 미리보기의 근무 유형 뜻과 비교해 유지.,정적 추적; 실제 기기는 NOT_RUN
lib/models/friend_schedule.dart,36,유지(기능 조건/원본 데이터/진단/측정/주석),주석 내 인용 문자열/emoji 또는 저장 sentinel·내부 식별자/검증 예외. 소비는 날짜/알람·근무 계산/위젯 색 판단이며 실제 안내는 common l10n/R.string. 사용자 데이터·진단 계약 보존.,정적 추적; 실제 기기는 NOT_RUN
lib/models/shift_schedule.dart,22,유지(기능 조건/원본 데이터/진단/측정/주석),주석 내 인용 문자열/emoji 또는 저장 sentinel·내부 식별자/검증 예외. 소비는 날짜/알람·근무 계산/위젯 색 판단이며 실제 안내는 common l10n/R.string. 사용자 데이터·진단 계약 보존.,정적 추적; 실제 기기는 NOT_RUN
lib/models/shift_schedule.dart,27,유지(기능 조건/원본 데이터/진단/측정/주석),주석 내 인용 문자열/emoji 또는 저장 sentinel·내부 식별자/검증 예외. 소비는 날짜/알람·근무 계산/위젯 색 판단이며 실제 안내는 common l10n/R.string. 사용자 데이터·진단 계약 보존.,정적 추적; 실제 기기는 NOT_RUN
lib/models/shift_schedule.dart,192,유지(기능 조건/원본 데이터/진단/측정/주석),주석 내 인용 문자열/emoji 또는 저장 sentinel·내부 식별자/검증 예외. 소비는 날짜/알람·근무 계산/위젯 색 판단이며 실제 안내는 common l10n/R.string. 사용자 데이터·진단 계약 보존.,정적 추적; 실제 기기는 NOT_RUN
lib/models/shift_schedule.dart,202,유지(기능 조건/원본 데이터/진단/측정/주석),주석 내 인용 문자열/emoji 또는 저장 sentinel·내부 식별자/검증 예외. 소비는 날짜/알람·근무 계산/위젯 색 판단이며 실제 안내는 common l10n/R.string. 사용자 데이터·진단 계약 보존.,정적 추적; 실제 기기는 NOT_RUN
lib/models/shift_schedule.dart,212,유지(기능 조건/원본 데이터/진단/측정/주석),주석 내 인용 문자열/emoji 또는 저장 sentinel·내부 식별자/검증 예외. 소비는 날짜/알람·근무 계산/위젯 색 판단이며 실제 안내는 common l10n/R.string. 사용자 데이터·진단 계약 보존.,정적 추적; 실제 기기는 NOT_RUN
lib/models/shift_schedule.dart,222,유지(기능 조건/원본 데이터/진단/측정/주석),주석 내 인용 문자열/emoji 또는 저장 sentinel·내부 식별자/검증 예외. 소비는 날짜/알람·근무 계산/위젯 색 판단이며 실제 안내는 common l10n/R.string. 사용자 데이터·진단 계약 보존.,정적 추적; 실제 기기는 NOT_RUN
lib/models/shift_schedule.dart,232,유지(기능 조건/원본 데이터/진단/측정/주석),주석 내 인용 문자열/emoji 또는 저장 sentinel·내부 식별자/검증 예외. 소비는 날짜/알람·근무 계산/위젯 색 판단이며 실제 안내는 common l10n/R.string. 사용자 데이터·진단 계약 보존.,정적 추적; 실제 기기는 NOT_RUN
lib/models/shift_schedule.dart,261,유지(기능 조건/원본 데이터/진단/측정/주석),주석 내 인용 문자열/emoji 또는 저장 sentinel·내부 식별자/검증 예외. 소비는 날짜/알람·근무 계산/위젯 색 판단이며 실제 안내는 common l10n/R.string. 사용자 데이터·진단 계약 보존.,정적 추적; 실제 기기는 NOT_RUN
lib/models/sleep_record.dart,105,유지(기능 조건/원본 데이터/진단/측정/주석),F01/F02/F04의 한국어 기능 진입·수신 조건에 종속하는 copy/엔진 데이터/내부 로그. 신규 외국어는 해당 UI를 생성하지 않음; KO 사용자 데이터·도메인 단어 유지.,정적 추적; 실제 기기는 NOT_RUN
lib/providers/alarm_provider.dart,95,유지(기능 조건/원본 데이터/진단/측정/주석),print/debugPrint/Log 또는 내부 throw의 호출 위치. 제품 실패 표시에서는 외국어 localizedErrorDetail 사용. 기술 로그는 원인 보존.,정적 추적; 실제 기기는 NOT_RUN
lib/providers/alarm_provider.dart,97,유지(기능 조건/원본 데이터/진단/측정/주석),print/debugPrint/Log 또는 내부 throw의 호출 위치. 제품 실패 표시에서는 외국어 localizedErrorDetail 사용. 기술 로그는 원인 보존.,정적 추적; 실제 기기는 NOT_RUN
lib/providers/alarm_provider.dart,101,유지(기능 조건/원본 데이터/진단/측정/주석),print/debugPrint/Log 또는 내부 throw의 호출 위치. 제품 실패 표시에서는 외국어 localizedErrorDetail 사용. 기술 로그는 원인 보존.,정적 추적; 실제 기기는 NOT_RUN
lib/providers/alarm_provider.dart,103,유지(기능 조건/원본 데이터/진단/측정/주석),print/debugPrint/Log 또는 내부 throw의 호출 위치. 제품 실패 표시에서는 외국어 localizedErrorDetail 사용. 기술 로그는 원인 보존.,정적 추적; 실제 기기는 NOT_RUN
lib/providers/alarm_provider.dart,123,유지(기능 조건/원본 데이터/진단/측정/주석),print/debugPrint/Log 또는 내부 throw의 호출 위치. 제품 실패 표시에서는 외국어 localizedErrorDetail 사용. 기술 로그는 원인 보존.,정적 추적; 실제 기기는 NOT_RUN
lib/providers/alarm_provider.dart,125,유지(기능 조건/원본 데이터/진단/측정/주석),print/debugPrint/Log 또는 내부 throw의 호출 위치. 제품 실패 표시에서는 외국어 localizedErrorDetail 사용. 기술 로그는 원인 보존.,정적 추적; 실제 기기는 NOT_RUN
lib/providers/alarm_provider.dart,141,유지(기능 조건/원본 데이터/진단/측정/주석),print/debugPrint/Log 또는 내부 throw의 호출 위치. 제품 실패 표시에서는 외국어 localizedErrorDetail 사용. 기술 로그는 원인 보존.,정적 추적; 실제 기기는 NOT_RUN
lib/providers/alarm_provider.dart,161,유지(기능 조건/원본 데이터/진단/측정/주석),print/debugPrint/Log 또는 내부 throw의 호출 위치. 제품 실패 표시에서는 외국어 localizedErrorDetail 사용. 기술 로그는 원인 보존.,정적 추적; 실제 기기는 NOT_RUN
lib/providers/alarm_provider.dart,167,유지(기능 조건/원본 데이터/진단/측정/주석),print/debugPrint/Log 또는 내부 throw의 호출 위치. 제품 실패 표시에서는 외국어 localizedErrorDetail 사용. 기술 로그는 원인 보존.,정적 추적; 실제 기기는 NOT_RUN
lib/providers/alarm_provider.dart,177,유지(기능 조건/원본 데이터/진단/측정/주석),print/debugPrint/Log 또는 내부 throw의 호출 위치. 제품 실패 표시에서는 외국어 localizedErrorDetail 사용. 기술 로그는 원인 보존.,정적 추적; 실제 기기는 NOT_RUN
lib/providers/alarm_provider.dart,179,유지(기능 조건/원본 데이터/진단/측정/주석),print/debugPrint/Log 또는 내부 throw의 호출 위치. 제품 실패 표시에서는 외국어 localizedErrorDetail 사용. 기술 로그는 원인 보존.,정적 추적; 실제 기기는 NOT_RUN
lib/providers/alarm_provider.dart,185,유지(기능 조건/원본 데이터/진단/측정/주석),print/debugPrint/Log 또는 내부 throw의 호출 위치. 제품 실패 표시에서는 외국어 localizedErrorDetail 사용. 기술 로그는 원인 보존.,정적 추적; 실제 기기는 NOT_RUN
lib/providers/alarm_provider.dart,187,유지(기능 조건/원본 데이터/진단/측정/주석),print/debugPrint/Log 또는 내부 throw의 호출 위치. 제품 실패 표시에서는 외국어 localizedErrorDetail 사용. 기술 로그는 원인 보존.,정적 추적; 실제 기기는 NOT_RUN
lib/providers/alarm_provider.dart,191,유지(기능 조건/원본 데이터/진단/측정/주석),print/debugPrint/Log 또는 내부 throw의 호출 위치. 제품 실패 표시에서는 외국어 localizedErrorDetail 사용. 기술 로그는 원인 보존.,정적 추적; 실제 기기는 NOT_RUN
lib/providers/alarm_provider.dart,195,유지(기능 조건/원본 데이터/진단/측정/주석),print/debugPrint/Log 또는 내부 throw의 호출 위치. 제품 실패 표시에서는 외국어 localizedErrorDetail 사용. 기술 로그는 원인 보존.,정적 추적; 실제 기기는 NOT_RUN
lib/providers/alarm_provider.dart,211,유지(기능 조건/원본 데이터/진단/측정/주석),print/debugPrint/Log 또는 내부 throw의 호출 위치. 제품 실패 표시에서는 외국어 localizedErrorDetail 사용. 기술 로그는 원인 보존.,정적 추적; 실제 기기는 NOT_RUN
lib/providers/alarm_provider.dart,228,유지(기능 조건/원본 데이터/진단/측정/주석),print/debugPrint/Log 또는 내부 throw의 호출 위치. 제품 실패 표시에서는 외국어 localizedErrorDetail 사용. 기술 로그는 원인 보존.,정적 추적; 실제 기기는 NOT_RUN
lib/providers/alarm_provider.dart,234,유지(기능 조건/원본 데이터/진단/측정/주석),print/debugPrint/Log 또는 내부 throw의 호출 위치. 제품 실패 표시에서는 외국어 localizedErrorDetail 사용. 기술 로그는 원인 보존.,정적 추적; 실제 기기는 NOT_RUN
lib/providers/alarm_provider.dart,275,유지(기능 조건/원본 데이터/진단/측정/주석),print/debugPrint/Log 또는 내부 throw의 호출 위치. 제품 실패 표시에서는 외국어 localizedErrorDetail 사용. 기술 로그는 원인 보존.,정적 추적; 실제 기기는 NOT_RUN
lib/providers/alarm_provider.dart,290,유지(기능 조건/원본 데이터/진단/측정/주석),print/debugPrint/Log 또는 내부 throw의 호출 위치. 제품 실패 표시에서는 외국어 localizedErrorDetail 사용. 기술 로그는 원인 보존.,정적 추적; 실제 기기는 NOT_RUN
lib/providers/alarm_provider.dart,302,유지(기능 조건/원본 데이터/진단/측정/주석),print/debugPrint/Log 또는 내부 throw의 호출 위치. 제품 실패 표시에서는 외국어 localizedErrorDetail 사용. 기술 로그는 원인 보존.,정적 추적; 실제 기기는 NOT_RUN
lib/providers/alarm_provider.dart,308,유지(기능 조건/원본 데이터/진단/측정/주석),print/debugPrint/Log 또는 내부 throw의 호출 위치. 제품 실패 표시에서는 외국어 localizedErrorDetail 사용. 기술 로그는 원인 보존.,정적 추적; 실제 기기는 NOT_RUN
lib/providers/alarm_provider.dart,312,유지(기능 조건/원본 데이터/진단/측정/주석),print/debugPrint/Log 또는 내부 throw의 호출 위치. 제품 실패 표시에서는 외국어 localizedErrorDetail 사용. 기술 로그는 원인 보존.,정적 추적; 실제 기기는 NOT_RUN
lib/providers/alarm_provider.dart,314,유지(기능 조건/원본 데이터/진단/측정/주석),print/debugPrint/Log 또는 내부 throw의 호출 위치. 제품 실패 표시에서는 외국어 localizedErrorDetail 사용. 기술 로그는 원인 보존.,정적 추적; 실제 기기는 NOT_RUN
lib/providers/alarm_provider.dart,330,유지(기능 조건/원본 데이터/진단/측정/주석),print/debugPrint/Log 또는 내부 throw의 호출 위치. 제품 실패 표시에서는 외국어 localizedErrorDetail 사용. 기술 로그는 원인 보존.,정적 추적; 실제 기기는 NOT_RUN
lib/providers/alarm_provider.dart,350,유지(기능 조건/원본 데이터/진단/측정/주석),print/debugPrint/Log 또는 내부 throw의 호출 위치. 제품 실패 표시에서는 외국어 localizedErrorDetail 사용. 기술 로그는 원인 보존.,정적 추적; 실제 기기는 NOT_RUN
lib/providers/alarm_provider.dart,356,유지(기능 조건/원본 데이터/진단/측정/주석),print/debugPrint/Log 또는 내부 throw의 호출 위치. 제품 실패 표시에서는 외국어 localizedErrorDetail 사용. 기술 로그는 원인 보존.,정적 추적; 실제 기기는 NOT_RUN
lib/providers/alarm_provider.dart,358,유지(기능 조건/원본 데이터/진단/측정/주석),print/debugPrint/Log 또는 내부 throw의 호출 위치. 제품 실패 표시에서는 외국어 localizedErrorDetail 사용. 기술 로그는 원인 보존.,정적 추적; 실제 기기는 NOT_RUN
lib/providers/alarm_provider.dart,364,유지(기능 조건/원본 데이터/진단/측정/주석),print/debugPrint/Log 또는 내부 throw의 호출 위치. 제품 실패 표시에서는 외국어 localizedErrorDetail 사용. 기술 로그는 원인 보존.,정적 추적; 실제 기기는 NOT_RUN
lib/providers/alarm_provider.dart,366,유지(기능 조건/원본 데이터/진단/측정/주석),print/debugPrint/Log 또는 내부 throw의 호출 위치. 제품 실패 표시에서는 외국어 localizedErrorDetail 사용. 기술 로그는 원인 보존.,정적 추적; 실제 기기는 NOT_RUN
lib/providers/alarm_provider.dart,372,유지(기능 조건/원본 데이터/진단/측정/주석),print/debugPrint/Log 또는 내부 throw의 호출 위치. 제품 실패 표시에서는 외국어 localizedErrorDetail 사용. 기술 로그는 원인 보존.,정적 추적; 실제 기기는 NOT_RUN
lib/providers/alarm_provider.dart,374,유지(기능 조건/원본 데이터/진단/측정/주석),print/debugPrint/Log 또는 내부 throw의 호출 위치. 제품 실패 표시에서는 외국어 localizedErrorDetail 사용. 기술 로그는 원인 보존.,정적 추적; 실제 기기는 NOT_RUN
lib/providers/alarm_provider.dart,378,유지(기능 조건/원본 데이터/진단/측정/주석),print/debugPrint/Log 또는 내부 throw의 호출 위치. 제품 실패 표시에서는 외국어 localizedErrorDetail 사용. 기술 로그는 원인 보존.,정적 추적; 실제 기기는 NOT_RUN
lib/providers/alarm_provider.dart,380,유지(기능 조건/원본 데이터/진단/측정/주석),print/debugPrint/Log 또는 내부 throw의 호출 위치. 제품 실패 표시에서는 외국어 localizedErrorDetail 사용. 기술 로그는 원인 보존.,정적 추적; 실제 기기는 NOT_RUN
lib/providers/alarm_provider.dart,393,유지(기능 조건/원본 데이터/진단/측정/주석),print/debugPrint/Log 또는 내부 throw의 호출 위치. 제품 실패 표시에서는 외국어 localizedErrorDetail 사용. 기술 로그는 원인 보존.,정적 추적; 실제 기기는 NOT_RUN
lib/providers/alarm_provider.dart,395,유지(기능 조건/원본 데이터/진단/측정/주석),print/debugPrint/Log 또는 내부 throw의 호출 위치. 제품 실패 표시에서는 외국어 localizedErrorDetail 사용. 기술 로그는 원인 보존.,정적 추적; 실제 기기는 NOT_RUN
lib/providers/calendar_theme_provider.dart,25,유지(기능 조건/원본 데이터/진단/측정/주석),print/debugPrint/Log 또는 내부 throw의 호출 위치. 제품 실패 표시에서는 외국어 localizedErrorDetail 사용. 기술 로그는 원인 보존.,정적 추적; 실제 기기는 NOT_RUN
lib/providers/calendar_theme_provider.dart,42,유지(기능 조건/원본 데이터/진단/측정/주석),print/debugPrint/Log 또는 내부 throw의 호출 위치. 제품 실패 표시에서는 외국어 localizedErrorDetail 사용. 기술 로그는 원인 보존.,정적 추적; 실제 기기는 NOT_RUN
lib/providers/friend_provider.dart,55,유지(기능 조건/원본 데이터/진단/측정/주석),print/debugPrint/Log 또는 내부 throw의 호출 위치. 제품 실패 표시에서는 외국어 localizedErrorDetail 사용. 기술 로그는 원인 보존.,정적 추적; 실제 기기는 NOT_RUN
lib/providers/friend_provider.dart,109,유지(기능 조건/원본 데이터/진단/측정/주석),print/debugPrint/Log 또는 내부 throw의 호출 위치. 제품 실패 표시에서는 외국어 localizedErrorDetail 사용. 기술 로그는 원인 보존.,정적 추적; 실제 기기는 NOT_RUN
lib/providers/memo_provider.dart,30,유지(기능 조건/원본 데이터/진단/측정/주석),print/debugPrint/Log 또는 내부 throw의 호출 위치. 제품 실패 표시에서는 외국어 localizedErrorDetail 사용. 기술 로그는 원인 보존.,정적 추적; 실제 기기는 NOT_RUN
lib/providers/memo_provider.dart,49,유지(기능 조건/원본 데이터/진단/측정/주석),print/debugPrint/Log 또는 내부 throw의 호출 위치. 제품 실패 표시에서는 외국어 localizedErrorDetail 사용. 기술 로그는 원인 보존.,정적 추적; 실제 기기는 NOT_RUN
lib/providers/schedule_provider.dart,49,유지(기능 조건/원본 데이터/진단/측정/주석),print/debugPrint/Log 또는 내부 throw의 호출 위치. 제품 실패 표시에서는 외국어 localizedErrorDetail 사용. 기술 로그는 원인 보존.,정적 추적; 실제 기기는 NOT_RUN
lib/providers/schedule_provider.dart,220,유지(기능 조건/원본 데이터/진단/측정/주석),print/debugPrint/Log 또는 내부 throw의 호출 위치. 제품 실패 표시에서는 외국어 localizedErrorDetail 사용. 기술 로그는 원인 보존.,정적 추적; 실제 기기는 NOT_RUN
lib/providers/schedule_provider.dart,230,유지(기능 조건/원본 데이터/진단/측정/주석),print/debugPrint/Log 또는 내부 throw의 호출 위치. 제품 실패 표시에서는 외국어 localizedErrorDetail 사용. 기술 로그는 원인 보존.,정적 추적; 실제 기기는 NOT_RUN
lib/providers/schedule_provider.dart,237,유지(기능 조건/원본 데이터/진단/측정/주석),print/debugPrint/Log 또는 내부 throw의 호출 위치. 제품 실패 표시에서는 외국어 localizedErrorDetail 사용. 기술 로그는 원인 보존.,정적 추적; 실제 기기는 NOT_RUN
lib/providers/schedule_provider.dart,239,유지(기능 조건/원본 데이터/진단/측정/주석),print/debugPrint/Log 또는 내부 throw의 호출 위치. 제품 실패 표시에서는 외국어 localizedErrorDetail 사용. 기술 로그는 원인 보존.,정적 추적; 실제 기기는 NOT_RUN
lib/providers/schedule_provider.dart,245,유지(기능 조건/원본 데이터/진단/측정/주석),print/debugPrint/Log 또는 내부 throw의 호출 위치. 제품 실패 표시에서는 외국어 localizedErrorDetail 사용. 기술 로그는 원인 보존.,정적 추적; 실제 기기는 NOT_RUN
lib/providers/schedule_provider.dart,247,유지(기능 조건/원본 데이터/진단/측정/주석),print/debugPrint/Log 또는 내부 throw의 호출 위치. 제품 실패 표시에서는 외국어 localizedErrorDetail 사용. 기술 로그는 원인 보존.,정적 추적; 실제 기기는 NOT_RUN
lib/providers/schedule_provider.dart,253,유지(기능 조건/원본 데이터/진단/측정/주석),print/debugPrint/Log 또는 내부 throw의 호출 위치. 제품 실패 표시에서는 외국어 localizedErrorDetail 사용. 기술 로그는 원인 보존.,정적 추적; 실제 기기는 NOT_RUN
lib/providers/schedule_provider.dart,255,유지(기능 조건/원본 데이터/진단/측정/주석),print/debugPrint/Log 또는 내부 throw의 호출 위치. 제품 실패 표시에서는 외국어 localizedErrorDetail 사용. 기술 로그는 원인 보존.,정적 추적; 실제 기기는 NOT_RUN
lib/providers/schedule_provider.dart,266,유지(기능 조건/원본 데이터/진단/측정/주석),print/debugPrint/Log 또는 내부 throw의 호출 위치. 제품 실패 표시에서는 외국어 localizedErrorDetail 사용. 기술 로그는 원인 보존.,정적 추적; 실제 기기는 NOT_RUN
lib/providers/schedule_provider.dart,269,유지(기능 조건/원본 데이터/진단/측정/주석),print/debugPrint/Log 또는 내부 throw의 호출 위치. 제품 실패 표시에서는 외국어 localizedErrorDetail 사용. 기술 로그는 원인 보존.,정적 추적; 실제 기기는 NOT_RUN
lib/providers/schedule_provider.dart,286,유지(기능 조건/원본 데이터/진단/측정/주석),print/debugPrint/Log 또는 내부 throw의 호출 위치. 제품 실패 표시에서는 외국어 localizedErrorDetail 사용. 기술 로그는 원인 보존.,정적 추적; 실제 기기는 NOT_RUN
lib/providers/schedule_provider.dart,314,유지(기능 조건/원본 데이터/진단/측정/주석),print/debugPrint/Log 또는 내부 throw의 호출 위치. 제품 실패 표시에서는 외국어 localizedErrorDetail 사용. 기술 로그는 원인 보존.,정적 추적; 실제 기기는 NOT_RUN
lib/providers/schedule_provider.dart,351,유지(기능 조건/원본 데이터/진단/측정/주석),print/debugPrint/Log 또는 내부 throw의 호출 위치. 제품 실패 표시에서는 외국어 localizedErrorDetail 사용. 기술 로그는 원인 보존.,정적 추적; 실제 기기는 NOT_RUN
lib/providers/schedule_provider.dart,355,유지(기능 조건/원본 데이터/진단/측정/주석),print/debugPrint/Log 또는 내부 throw의 호출 위치. 제품 실패 표시에서는 외국어 localizedErrorDetail 사용. 기술 로그는 원인 보존.,정적 추적; 실제 기기는 NOT_RUN
lib/providers/schedule_provider.dart,357,유지(기능 조건/원본 데이터/진단/측정/주석),print/debugPrint/Log 또는 내부 throw의 호출 위치. 제품 실패 표시에서는 외국어 localizedErrorDetail 사용. 기술 로그는 원인 보존.,정적 추적; 실제 기기는 NOT_RUN
lib/providers/schedule_provider.dart,359,유지(기능 조건/원본 데이터/진단/측정/주석),print/debugPrint/Log 또는 내부 throw의 호출 위치. 제품 실패 표시에서는 외국어 localizedErrorDetail 사용. 기술 로그는 원인 보존.,정적 추적; 실제 기기는 NOT_RUN
lib/providers/schedule_provider.dart,367,유지(기능 조건/원본 데이터/진단/측정/주석),print/debugPrint/Log 또는 내부 throw의 호출 위치. 제품 실패 표시에서는 외국어 localizedErrorDetail 사용. 기술 로그는 원인 보존.,정적 추적; 실제 기기는 NOT_RUN
lib/providers/schedule_provider.dart,370,유지(기능 조건/원본 데이터/진단/측정/주석),print/debugPrint/Log 또는 내부 throw의 호출 위치. 제품 실패 표시에서는 외국어 localizedErrorDetail 사용. 기술 로그는 원인 보존.,정적 추적; 실제 기기는 NOT_RUN
lib/providers/schedule_provider.dart,372,유지(기능 조건/원본 데이터/진단/측정/주석),print/debugPrint/Log 또는 내부 throw의 호출 위치. 제품 실패 표시에서는 외국어 localizedErrorDetail 사용. 기술 로그는 원인 보존.,정적 추적; 실제 기기는 NOT_RUN
lib/providers/sleep_record_provider.dart,33,유지(기능 조건/원본 데이터/진단/측정/주석),print/debugPrint/Log 또는 내부 throw의 호출 위치. 제품 실패 표시에서는 외국어 localizedErrorDetail 사용. 기술 로그는 원인 보존.,정적 추적; 실제 기기는 NOT_RUN
lib/providers/tab_visibility_provider.dart,43,유지(기능 조건/원본 데이터/진단/측정/주석),print/debugPrint/Log 또는 내부 throw의 호출 위치. 제품 실패 표시에서는 외국어 localizedErrorDetail 사용. 기술 로그는 원인 보존.,정적 추적; 실제 기기는 NOT_RUN
lib/providers/tab_visibility_provider.dart,51,유지(기능 조건/원본 데이터/진단/측정/주석),print/debugPrint/Log 또는 내부 throw의 호출 위치. 제품 실패 표시에서는 외국어 localizedErrorDetail 사용. 기술 로그는 원인 보존.,정적 추적; 실제 기기는 NOT_RUN
lib/providers/work_hours_settings_provider.dart,109,유지(기능 조건/원본 데이터/진단/측정/주석),periodLabel은 isKorean 블록에서만 년/기준 반환. calendar_tab 호출이 Localizations.localeOf(context)와 같은 isKorean를 전달. foreign DateFormat.MMMd/yMMMd. 기간 계산은 언어 독립.,정적 추적; 실제 기기는 NOT_RUN
lib/providers/work_hours_settings_provider.dart,111,유지(기능 조건/원본 데이터/진단/측정/주석),periodLabel은 isKorean 블록에서만 년/기준 반환. calendar_tab 호출이 Localizations.localeOf(context)와 같은 isKorean를 전달. foreign DateFormat.MMMd/yMMMd. 기간 계산은 언어 독립.,정적 추적; 실제 기기는 NOT_RUN
lib/screens/all_alarms_history_view.dart,153,유지(기능 조건/원본 데이터/진단/측정/주석),print/debugPrint/Log 또는 내부 throw의 호출 위치. 제품 실패 표시에서는 외국어 localizedErrorDetail 사용. 기술 로그는 원인 보존.,정적 추적; 실제 기기는 NOT_RUN
lib/screens/all_shifts_view.dart,50,유지(기능 조건/원본 데이터/진단/측정/주석),주석 내 인용 문자열/emoji 또는 저장 sentinel·내부 식별자/검증 예외. 소비는 날짜/알람·근무 계산/위젯 색 판단이며 실제 안내는 common l10n/R.string. 사용자 데이터·진단 계약 보존.,정적 추적; 실제 기기는 NOT_RUN
lib/screens/all_teams_setup_screen.dart,81,유지(기능 조건/원본 데이터/진단/측정/주석),주석 내 인용 문자열/emoji 또는 저장 sentinel·내부 식별자/검증 예외. 소비는 날짜/알람·근무 계산/위젯 색 판단이며 실제 안내는 common l10n/R.string. 사용자 데이터·진단 계약 보존.,정적 추적; 실제 기기는 NOT_RUN
lib/screens/calendar_tab.dart,196,유지(기능 조건/원본 데이터/진단/측정/주석),미설정/없음은 저장 계약의 sentinel·색/표시 분기. 년/월·전체 조는 isKorean 삼항식. 가9 TextSpan은 TextPainter 크기 측정용(화면 전달 문구가 아님). 여러 줄 로그의 시작 print 호출까지 추적. 음력 상세와 themedCellData는 ko 조건.,정적 추적; 실제 기기는 NOT_RUN
lib/screens/calendar_tab.dart,199,유지(기능 조건/원본 데이터/진단/측정/주석),미설정/없음은 저장 계약의 sentinel·색/표시 분기. 년/월·전체 조는 isKorean 삼항식. 가9 TextSpan은 TextPainter 크기 측정용(화면 전달 문구가 아님). 여러 줄 로그의 시작 print 호출까지 추적. 음력 상세와 themedCellData는 ko 조건.,정적 추적; 실제 기기는 NOT_RUN
lib/screens/calendar_tab.dart,213,유지(기능 조건/원본 데이터/진단/측정/주석),미설정/없음은 저장 계약의 sentinel·색/표시 분기. 년/월·전체 조는 isKorean 삼항식. 가9 TextSpan은 TextPainter 크기 측정용(화면 전달 문구가 아님). 여러 줄 로그의 시작 print 호출까지 추적. 음력 상세와 themedCellData는 ko 조건.,정적 추적; 실제 기기는 NOT_RUN
lib/screens/calendar_tab.dart,216,유지(기능 조건/원본 데이터/진단/측정/주석),미설정/없음은 저장 계약의 sentinel·색/표시 분기. 년/월·전체 조는 isKorean 삼항식. 가9 TextSpan은 TextPainter 크기 측정용(화면 전달 문구가 아님). 여러 줄 로그의 시작 print 호출까지 추적. 음력 상세와 themedCellData는 ko 조건.,정적 추적; 실제 기기는 NOT_RUN
lib/screens/calendar_tab.dart,357,유지(기능 조건/원본 데이터/진단/측정/주석),미설정/없음은 저장 계약의 sentinel·색/표시 분기. 년/월·전체 조는 isKorean 삼항식. 가9 TextSpan은 TextPainter 크기 측정용(화면 전달 문구가 아님). 여러 줄 로그의 시작 print 호출까지 추적. 음력 상세와 themedCellData는 ko 조건.,정적 추적; 실제 기기는 NOT_RUN
lib/screens/calendar_tab.dart,413,유지(기능 조건/원본 데이터/진단/측정/주석),미설정/없음은 저장 계약의 sentinel·색/표시 분기. 년/월·전체 조는 isKorean 삼항식. 가9 TextSpan은 TextPainter 크기 측정용(화면 전달 문구가 아님). 여러 줄 로그의 시작 print 호출까지 추적. 음력 상세와 themedCellData는 ko 조건.,정적 추적; 실제 기기는 NOT_RUN
lib/screens/calendar_tab.dart,1161,유지(기능 조건/원본 데이터/진단/측정/주석),미설정/없음은 저장 계약의 sentinel·색/표시 분기. 년/월·전체 조는 isKorean 삼항식. 가9 TextSpan은 TextPainter 크기 측정용(화면 전달 문구가 아님). 여러 줄 로그의 시작 print 호출까지 추적. 음력 상세와 themedCellData는 ko 조건.,정적 추적; 실제 기기는 NOT_RUN
lib/screens/calendar_tab.dart,2555,유지(기능 조건/원본 데이터/진단/측정/주석),미설정/없음은 저장 계약의 sentinel·색/표시 분기. 년/월·전체 조는 isKorean 삼항식. 가9 TextSpan은 TextPainter 크기 측정용(화면 전달 문구가 아님). 여러 줄 로그의 시작 print 호출까지 추적. 음력 상세와 themedCellData는 ko 조건.,정적 추적; 실제 기기는 NOT_RUN
lib/screens/calendar_tab.dart,2581,유지(기능 조건/원본 데이터/진단/측정/주석),미설정/없음은 저장 계약의 sentinel·색/표시 분기. 년/월·전체 조는 isKorean 삼항식. 가9 TextSpan은 TextPainter 크기 측정용(화면 전달 문구가 아님). 여러 줄 로그의 시작 print 호출까지 추적. 음력 상세와 themedCellData는 ko 조건.,정적 추적; 실제 기기는 NOT_RUN
lib/screens/calendar_tab.dart,3615,유지(기능 조건/원본 데이터/진단/측정/주석),미설정/없음은 저장 계약의 sentinel·색/표시 분기. 년/월·전체 조는 isKorean 삼항식. 가9 TextSpan은 TextPainter 크기 측정용(화면 전달 문구가 아님). 여러 줄 로그의 시작 print 호출까지 추적. 음력 상세와 themedCellData는 ko 조건.,정적 추적; 실제 기기는 NOT_RUN
lib/screens/calendar_tab.dart,3798,유지(기능 조건/원본 데이터/진단/측정/주석),미설정/없음은 저장 계약의 sentinel·색/표시 분기. 년/월·전체 조는 isKorean 삼항식. 가9 TextSpan은 TextPainter 크기 측정용(화면 전달 문구가 아님). 여러 줄 로그의 시작 print 호출까지 추적. 음력 상세와 themedCellData는 ko 조건.,정적 추적; 실제 기기는 NOT_RUN
lib/screens/calendar_tab.dart,3853,유지(기능 조건/원본 데이터/진단/측정/주석),미설정/없음은 저장 계약의 sentinel·색/표시 분기. 년/월·전체 조는 isKorean 삼항식. 가9 TextSpan은 TextPainter 크기 측정용(화면 전달 문구가 아님). 여러 줄 로그의 시작 print 호출까지 추적. 음력 상세와 themedCellData는 ko 조건.,정적 추적; 실제 기기는 NOT_RUN
lib/screens/calendar_tab.dart,5035,유지(기능 조건/원본 데이터/진단/측정/주석),미설정/없음은 저장 계약의 sentinel·색/표시 분기. 년/월·전체 조는 isKorean 삼항식. 가9 TextSpan은 TextPainter 크기 측정용(화면 전달 문구가 아님). 여러 줄 로그의 시작 print 호출까지 추적. 음력 상세와 themedCellData는 ko 조건.,정적 추적; 실제 기기는 NOT_RUN
lib/screens/calendar_tab.dart,5078,유지(기능 조건/원본 데이터/진단/측정/주석),미설정/없음은 저장 계약의 sentinel·색/표시 분기. 년/월·전체 조는 isKorean 삼항식. 가9 TextSpan은 TextPainter 크기 측정용(화면 전달 문구가 아님). 여러 줄 로그의 시작 print 호출까지 추적. 음력 상세와 themedCellData는 ko 조건.,정적 추적; 실제 기기는 NOT_RUN
lib/screens/calendar_tab.dart,5320,유지(기능 조건/원본 데이터/진단/측정/주석),미설정/없음은 저장 계약의 sentinel·색/표시 분기. 년/월·전체 조는 isKorean 삼항식. 가9 TextSpan은 TextPainter 크기 측정용(화면 전달 문구가 아님). 여러 줄 로그의 시작 print 호출까지 추적. 음력 상세와 themedCellData는 ko 조건.,정적 추적; 실제 기기는 NOT_RUN
lib/screens/calendar_tab.dart,6060,유지(기능 조건/원본 데이터/진단/측정/주석),미설정/없음은 저장 계약의 sentinel·색/표시 분기. 년/월·전체 조는 isKorean 삼항식. 가9 TextSpan은 TextPainter 크기 측정용(화면 전달 문구가 아님). 여러 줄 로그의 시작 print 호출까지 추적. 음력 상세와 themedCellData는 ko 조건.,정적 추적; 실제 기기는 NOT_RUN
lib/screens/calendar_tab.dart,6064,유지(기능 조건/원본 데이터/진단/측정/주석),미설정/없음은 저장 계약의 sentinel·색/표시 분기. 년/월·전체 조는 isKorean 삼항식. 가9 TextSpan은 TextPainter 크기 측정용(화면 전달 문구가 아님). 여러 줄 로그의 시작 print 호출까지 추적. 음력 상세와 themedCellData는 ko 조건.,정적 추적; 실제 기기는 NOT_RUN
lib/screens/calendar_tab.dart,6238,유지(기능 조건/원본 데이터/진단/측정/주석),미설정/없음은 저장 계약의 sentinel·색/표시 분기. 년/월·전체 조는 isKorean 삼항식. 가9 TextSpan은 TextPainter 크기 측정용(화면 전달 문구가 아님). 여러 줄 로그의 시작 print 호출까지 추적. 음력 상세와 themedCellData는 ko 조건.,정적 추적; 실제 기기는 NOT_RUN
lib/screens/calendar_tab.dart,6245,유지(기능 조건/원본 데이터/진단/측정/주석),미설정/없음은 저장 계약의 sentinel·색/표시 분기. 년/월·전체 조는 isKorean 삼항식. 가9 TextSpan은 TextPainter 크기 측정용(화면 전달 문구가 아님). 여러 줄 로그의 시작 print 호출까지 추적. 음력 상세와 themedCellData는 ko 조건.,정적 추적; 실제 기기는 NOT_RUN
lib/screens/calendar_tab.dart,6256,유지(기능 조건/원본 데이터/진단/측정/주석),미설정/없음은 저장 계약의 sentinel·색/표시 분기. 년/월·전체 조는 isKorean 삼항식. 가9 TextSpan은 TextPainter 크기 측정용(화면 전달 문구가 아님). 여러 줄 로그의 시작 print 호출까지 추적. 음력 상세와 themedCellData는 ko 조건.,정적 추적; 실제 기기는 NOT_RUN
lib/screens/calendar_tab.dart,6286,유지(기능 조건/원본 데이터/진단/측정/주석),미설정/없음은 저장 계약의 sentinel·색/표시 분기. 년/월·전체 조는 isKorean 삼항식. 가9 TextSpan은 TextPainter 크기 측정용(화면 전달 문구가 아님). 여러 줄 로그의 시작 print 호출까지 추적. 음력 상세와 themedCellData는 ko 조건.,정적 추적; 실제 기기는 NOT_RUN
lib/screens/calendar_tab.dart,6377,유지(기능 조건/원본 데이터/진단/측정/주석),미설정/없음은 저장 계약의 sentinel·색/표시 분기. 년/월·전체 조는 isKorean 삼항식. 가9 TextSpan은 TextPainter 크기 측정용(화면 전달 문구가 아님). 여러 줄 로그의 시작 print 호출까지 추적. 음력 상세와 themedCellData는 ko 조건.,정적 추적; 실제 기기는 NOT_RUN
lib/screens/calendar_tab.dart,6437,유지(기능 조건/원본 데이터/진단/측정/주석),미설정/없음은 저장 계약의 sentinel·색/표시 분기. 년/월·전체 조는 isKorean 삼항식. 가9 TextSpan은 TextPainter 크기 측정용(화면 전달 문구가 아님). 여러 줄 로그의 시작 print 호출까지 추적. 음력 상세와 themedCellData는 ko 조건.,정적 추적; 실제 기기는 NOT_RUN
lib/screens/calendar_tab.dart,6470,유지(기능 조건/원본 데이터/진단/측정/주석),미설정/없음은 저장 계약의 sentinel·색/표시 분기. 년/월·전체 조는 isKorean 삼항식. 가9 TextSpan은 TextPainter 크기 측정용(화면 전달 문구가 아님). 여러 줄 로그의 시작 print 호출까지 추적. 음력 상세와 themedCellData는 ko 조건.,정적 추적; 실제 기기는 NOT_RUN
lib/screens/calendar_tab.dart,6538,유지(기능 조건/원본 데이터/진단/측정/주석),미설정/없음은 저장 계약의 sentinel·색/표시 분기. 년/월·전체 조는 isKorean 삼항식. 가9 TextSpan은 TextPainter 크기 측정용(화면 전달 문구가 아님). 여러 줄 로그의 시작 print 호출까지 추적. 음력 상세와 themedCellData는 ko 조건.,정적 추적; 실제 기기는 NOT_RUN
lib/screens/calendar_tab.dart,6588,유지(기능 조건/원본 데이터/진단/측정/주석),미설정/없음은 저장 계약의 sentinel·색/표시 분기. 년/월·전체 조는 isKorean 삼항식. 가9 TextSpan은 TextPainter 크기 측정용(화면 전달 문구가 아님). 여러 줄 로그의 시작 print 호출까지 추적. 음력 상세와 themedCellData는 ko 조건.,정적 추적; 실제 기기는 NOT_RUN
lib/screens/calendar_theme_lab_screen.dart,103,유지(기능 조건/원본 데이터/진단/측정/주석),광복절 목업은 _mockHolidayNameFor의 ko 조건 뒤에만 표시. _isRedDay도 ko 조건. 외국어 6테마/목업 근무명 분기는 F06. 내부 AUGUST/TODAY는 한국어 전용 테마에만 사용.,정적 추적; 실제 기기는 NOT_RUN
lib/screens/condition_tab.dart,45,유지(기능 조건/원본 데이터/진단/측정/주석),F01/F02/F04의 한국어 기능 진입·수신 조건에 종속하는 copy/엔진 데이터/내부 로그. 신규 외국어는 해당 UI를 생성하지 않음; KO 사용자 데이터·도메인 단어 유지.,정적 추적; 실제 기기는 NOT_RUN
lib/screens/condition_tab.dart,71,유지(기능 조건/원본 데이터/진단/측정/주석),F01/F02/F04의 한국어 기능 진입·수신 조건에 종속하는 copy/엔진 데이터/내부 로그. 신규 외국어는 해당 UI를 생성하지 않음; KO 사용자 데이터·도메인 단어 유지.,정적 추적; 실제 기기는 NOT_RUN
lib/screens/condition_tab.dart,96,유지(기능 조건/원본 데이터/진단/측정/주석),F01/F02/F04의 한국어 기능 진입·수신 조건에 종속하는 copy/엔진 데이터/내부 로그. 신규 외국어는 해당 UI를 생성하지 않음; KO 사용자 데이터·도메인 단어 유지.,정적 추적; 실제 기기는 NOT_RUN
lib/screens/condition_tab.dart,179,유지(기능 조건/원본 데이터/진단/측정/주석),F01/F02/F04의 한국어 기능 진입·수신 조건에 종속하는 copy/엔진 데이터/내부 로그. 신규 외국어는 해당 UI를 생성하지 않음; KO 사용자 데이터·도메인 단어 유지.,정적 추적; 실제 기기는 NOT_RUN
lib/screens/condition_tab.dart,183,유지(기능 조건/원본 데이터/진단/측정/주석),F01/F02/F04의 한국어 기능 진입·수신 조건에 종속하는 copy/엔진 데이터/내부 로그. 신규 외국어는 해당 UI를 생성하지 않음; KO 사용자 데이터·도메인 단어 유지.,정적 추적; 실제 기기는 NOT_RUN
lib/screens/condition_tab.dart,192,유지(기능 조건/원본 데이터/진단/측정/주석),F01/F02/F04의 한국어 기능 진입·수신 조건에 종속하는 copy/엔진 데이터/내부 로그. 신규 외국어는 해당 UI를 생성하지 않음; KO 사용자 데이터·도메인 단어 유지.,정적 추적; 실제 기기는 NOT_RUN
lib/screens/condition_tab.dart,245,유지(기능 조건/원본 데이터/진단/측정/주석),F01/F02/F04의 한국어 기능 진입·수신 조건에 종속하는 copy/엔진 데이터/내부 로그. 신규 외국어는 해당 UI를 생성하지 않음; KO 사용자 데이터·도메인 단어 유지.,정적 추적; 실제 기기는 NOT_RUN
lib/screens/condition_tab.dart,250,유지(기능 조건/원본 데이터/진단/측정/주석),F01/F02/F04의 한국어 기능 진입·수신 조건에 종속하는 copy/엔진 데이터/내부 로그. 신규 외국어는 해당 UI를 생성하지 않음; KO 사용자 데이터·도메인 단어 유지.,정적 추적; 실제 기기는 NOT_RUN
lib/screens/condition_tab.dart,251,유지(기능 조건/원본 데이터/진단/측정/주석),F01/F02/F04의 한국어 기능 진입·수신 조건에 종속하는 copy/엔진 데이터/내부 로그. 신규 외국어는 해당 UI를 생성하지 않음; KO 사용자 데이터·도메인 단어 유지.,정적 추적; 실제 기기는 NOT_RUN
lib/screens/condition_tab.dart,252,유지(기능 조건/원본 데이터/진단/측정/주석),F01/F02/F04의 한국어 기능 진입·수신 조건에 종속하는 copy/엔진 데이터/내부 로그. 신규 외국어는 해당 UI를 생성하지 않음; KO 사용자 데이터·도메인 단어 유지.,정적 추적; 실제 기기는 NOT_RUN
lib/screens/condition_tab.dart,265,유지(기능 조건/원본 데이터/진단/측정/주석),F01/F02/F04의 한국어 기능 진입·수신 조건에 종속하는 copy/엔진 데이터/내부 로그. 신규 외국어는 해당 UI를 생성하지 않음; KO 사용자 데이터·도메인 단어 유지.,정적 추적; 실제 기기는 NOT_RUN
lib/screens/condition_tab.dart,314,유지(기능 조건/원본 데이터/진단/측정/주석),F01/F02/F04의 한국어 기능 진입·수신 조건에 종속하는 copy/엔진 데이터/내부 로그. 신규 외국어는 해당 UI를 생성하지 않음; KO 사용자 데이터·도메인 단어 유지.,정적 추적; 실제 기기는 NOT_RUN
lib/screens/condition_tab.dart,342,유지(기능 조건/원본 데이터/진단/측정/주석),F01/F02/F04의 한국어 기능 진입·수신 조건에 종속하는 copy/엔진 데이터/내부 로그. 신규 외국어는 해당 UI를 생성하지 않음; KO 사용자 데이터·도메인 단어 유지.,정적 추적; 실제 기기는 NOT_RUN
lib/screens/condition_tab.dart,345,유지(기능 조건/원본 데이터/진단/측정/주석),F01/F02/F04의 한국어 기능 진입·수신 조건에 종속하는 copy/엔진 데이터/내부 로그. 신규 외국어는 해당 UI를 생성하지 않음; KO 사용자 데이터·도메인 단어 유지.,정적 추적; 실제 기기는 NOT_RUN
lib/screens/condition_tab.dart,350,유지(기능 조건/원본 데이터/진단/측정/주석),F01/F02/F04의 한국어 기능 진입·수신 조건에 종속하는 copy/엔진 데이터/내부 로그. 신규 외국어는 해당 UI를 생성하지 않음; KO 사용자 데이터·도메인 단어 유지.,정적 추적; 실제 기기는 NOT_RUN
lib/screens/condition_tab.dart,354,유지(기능 조건/원본 데이터/진단/측정/주석),F01/F02/F04의 한국어 기능 진입·수신 조건에 종속하는 copy/엔진 데이터/내부 로그. 신규 외국어는 해당 UI를 생성하지 않음; KO 사용자 데이터·도메인 단어 유지.,정적 추적; 실제 기기는 NOT_RUN
lib/screens/condition_tab.dart,377,유지(기능 조건/원본 데이터/진단/측정/주석),F01/F02/F04의 한국어 기능 진입·수신 조건에 종속하는 copy/엔진 데이터/내부 로그. 신규 외국어는 해당 UI를 생성하지 않음; KO 사용자 데이터·도메인 단어 유지.,정적 추적; 실제 기기는 NOT_RUN
lib/screens/condition_tab.dart,399,유지(기능 조건/원본 데이터/진단/측정/주석),F01/F02/F04의 한국어 기능 진입·수신 조건에 종속하는 copy/엔진 데이터/내부 로그. 신규 외국어는 해당 UI를 생성하지 않음; KO 사용자 데이터·도메인 단어 유지.,정적 추적; 실제 기기는 NOT_RUN
lib/screens/condition_tab.dart,400,유지(기능 조건/원본 데이터/진단/측정/주석),F01/F02/F04의 한국어 기능 진입·수신 조건에 종속하는 copy/엔진 데이터/내부 로그. 신규 외국어는 해당 UI를 생성하지 않음; KO 사용자 데이터·도메인 단어 유지.,정적 추적; 실제 기기는 NOT_RUN
lib/screens/condition_tab.dart,401,유지(기능 조건/원본 데이터/진단/측정/주석),F01/F02/F04의 한국어 기능 진입·수신 조건에 종속하는 copy/엔진 데이터/내부 로그. 신규 외국어는 해당 UI를 생성하지 않음; KO 사용자 데이터·도메인 단어 유지.,정적 추적; 실제 기기는 NOT_RUN
lib/screens/condition_tab.dart,514,유지(기능 조건/원본 데이터/진단/측정/주석),F01/F02/F04의 한국어 기능 진입·수신 조건에 종속하는 copy/엔진 데이터/내부 로그. 신규 외국어는 해당 UI를 생성하지 않음; KO 사용자 데이터·도메인 단어 유지.,정적 추적; 실제 기기는 NOT_RUN
lib/screens/condition_tab.dart,546,유지(기능 조건/원본 데이터/진단/측정/주석),F01/F02/F04의 한국어 기능 진입·수신 조건에 종속하는 copy/엔진 데이터/내부 로그. 신규 외국어는 해당 UI를 생성하지 않음; KO 사용자 데이터·도메인 단어 유지.,정적 추적; 실제 기기는 NOT_RUN
lib/screens/condition_tab.dart,578,유지(기능 조건/원본 데이터/진단/측정/주석),F01/F02/F04의 한국어 기능 진입·수신 조건에 종속하는 copy/엔진 데이터/내부 로그. 신규 외국어는 해당 UI를 생성하지 않음; KO 사용자 데이터·도메인 단어 유지.,정적 추적; 실제 기기는 NOT_RUN
lib/screens/condition_tab.dart,636,유지(기능 조건/원본 데이터/진단/측정/주석),F01/F02/F04의 한국어 기능 진입·수신 조건에 종속하는 copy/엔진 데이터/내부 로그. 신규 외국어는 해당 UI를 생성하지 않음; KO 사용자 데이터·도메인 단어 유지.,정적 추적; 실제 기기는 NOT_RUN
lib/screens/condition_tab.dart,661,유지(기능 조건/원본 데이터/진단/측정/주석),F01/F02/F04의 한국어 기능 진입·수신 조건에 종속하는 copy/엔진 데이터/내부 로그. 신규 외국어는 해당 UI를 생성하지 않음; KO 사용자 데이터·도메인 단어 유지.,정적 추적; 실제 기기는 NOT_RUN
lib/screens/condition_tab.dart,676,유지(기능 조건/원본 데이터/진단/측정/주석),F01/F02/F04의 한국어 기능 진입·수신 조건에 종속하는 copy/엔진 데이터/내부 로그. 신규 외국어는 해당 UI를 생성하지 않음; KO 사용자 데이터·도메인 단어 유지.,정적 추적; 실제 기기는 NOT_RUN
lib/screens/condition_tab.dart,686,유지(기능 조건/원본 데이터/진단/측정/주석),F01/F02/F04의 한국어 기능 진입·수신 조건에 종속하는 copy/엔진 데이터/내부 로그. 신규 외국어는 해당 UI를 생성하지 않음; KO 사용자 데이터·도메인 단어 유지.,정적 추적; 실제 기기는 NOT_RUN
lib/screens/condition_tab.dart,687,유지(기능 조건/원본 데이터/진단/측정/주석),F01/F02/F04의 한국어 기능 진입·수신 조건에 종속하는 copy/엔진 데이터/내부 로그. 신규 외국어는 해당 UI를 생성하지 않음; KO 사용자 데이터·도메인 단어 유지.,정적 추적; 실제 기기는 NOT_RUN
lib/screens/condition_tab.dart,693,유지(기능 조건/원본 데이터/진단/측정/주석),F01/F02/F04의 한국어 기능 진입·수신 조건에 종속하는 copy/엔진 데이터/내부 로그. 신규 외국어는 해당 UI를 생성하지 않음; KO 사용자 데이터·도메인 단어 유지.,정적 추적; 실제 기기는 NOT_RUN
lib/screens/condition_tab.dart,707,유지(기능 조건/원본 데이터/진단/측정/주석),F01/F02/F04의 한국어 기능 진입·수신 조건에 종속하는 copy/엔진 데이터/내부 로그. 신규 외국어는 해당 UI를 생성하지 않음; KO 사용자 데이터·도메인 단어 유지.,정적 추적; 실제 기기는 NOT_RUN
lib/screens/condition_tab.dart,711,유지(기능 조건/원본 데이터/진단/측정/주석),F01/F02/F04의 한국어 기능 진입·수신 조건에 종속하는 copy/엔진 데이터/내부 로그. 신규 외국어는 해당 UI를 생성하지 않음; KO 사용자 데이터·도메인 단어 유지.,정적 추적; 실제 기기는 NOT_RUN
lib/screens/condition_tab.dart,720,유지(기능 조건/원본 데이터/진단/측정/주석),F01/F02/F04의 한국어 기능 진입·수신 조건에 종속하는 copy/엔진 데이터/내부 로그. 신규 외국어는 해당 UI를 생성하지 않음; KO 사용자 데이터·도메인 단어 유지.,정적 추적; 실제 기기는 NOT_RUN
lib/screens/condition_tab.dart,765,유지(기능 조건/원본 데이터/진단/측정/주석),F01/F02/F04의 한국어 기능 진입·수신 조건에 종속하는 copy/엔진 데이터/내부 로그. 신규 외국어는 해당 UI를 생성하지 않음; KO 사용자 데이터·도메인 단어 유지.,정적 추적; 실제 기기는 NOT_RUN
lib/screens/condition_tab.dart,775,유지(기능 조건/원본 데이터/진단/측정/주석),F01/F02/F04의 한국어 기능 진입·수신 조건에 종속하는 copy/엔진 데이터/내부 로그. 신규 외국어는 해당 UI를 생성하지 않음; KO 사용자 데이터·도메인 단어 유지.,정적 추적; 실제 기기는 NOT_RUN
lib/screens/condition_tab.dart,782,유지(기능 조건/원본 데이터/진단/측정/주석),F01/F02/F04의 한국어 기능 진입·수신 조건에 종속하는 copy/엔진 데이터/내부 로그. 신규 외국어는 해당 UI를 생성하지 않음; KO 사용자 데이터·도메인 단어 유지.,정적 추적; 실제 기기는 NOT_RUN
lib/screens/condition_tab.dart,852,유지(기능 조건/원본 데이터/진단/측정/주석),F01/F02/F04의 한국어 기능 진입·수신 조건에 종속하는 copy/엔진 데이터/내부 로그. 신규 외국어는 해당 UI를 생성하지 않음; KO 사용자 데이터·도메인 단어 유지.,정적 추적; 실제 기기는 NOT_RUN
lib/screens/condition_tab.dart,860,유지(기능 조건/원본 데이터/진단/측정/주석),F01/F02/F04의 한국어 기능 진입·수신 조건에 종속하는 copy/엔진 데이터/내부 로그. 신규 외국어는 해당 UI를 생성하지 않음; KO 사용자 데이터·도메인 단어 유지.,정적 추적; 실제 기기는 NOT_RUN
lib/screens/condition_tab.dart,884,유지(기능 조건/원본 데이터/진단/측정/주석),F01/F02/F04의 한국어 기능 진입·수신 조건에 종속하는 copy/엔진 데이터/내부 로그. 신규 외국어는 해당 UI를 생성하지 않음; KO 사용자 데이터·도메인 단어 유지.,정적 추적; 실제 기기는 NOT_RUN
lib/screens/condition_tab.dart,894,유지(기능 조건/원본 데이터/진단/측정/주석),F01/F02/F04의 한국어 기능 진입·수신 조건에 종속하는 copy/엔진 데이터/내부 로그. 신규 외국어는 해당 UI를 생성하지 않음; KO 사용자 데이터·도메인 단어 유지.,정적 추적; 실제 기기는 NOT_RUN
lib/screens/condition_tab.dart,915,유지(기능 조건/원본 데이터/진단/측정/주석),F01/F02/F04의 한국어 기능 진입·수신 조건에 종속하는 copy/엔진 데이터/내부 로그. 신규 외국어는 해당 UI를 생성하지 않음; KO 사용자 데이터·도메인 단어 유지.,정적 추적; 실제 기기는 NOT_RUN
lib/screens/condition_tab.dart,925,유지(기능 조건/원본 데이터/진단/측정/주석),F01/F02/F04의 한국어 기능 진입·수신 조건에 종속하는 copy/엔진 데이터/내부 로그. 신규 외국어는 해당 UI를 생성하지 않음; KO 사용자 데이터·도메인 단어 유지.,정적 추적; 실제 기기는 NOT_RUN
lib/screens/condition_tab.dart,944,유지(기능 조건/원본 데이터/진단/측정/주석),F01/F02/F04의 한국어 기능 진입·수신 조건에 종속하는 copy/엔진 데이터/내부 로그. 신규 외국어는 해당 UI를 생성하지 않음; KO 사용자 데이터·도메인 단어 유지.,정적 추적; 실제 기기는 NOT_RUN
lib/screens/condition_tab.dart,958,유지(기능 조건/원본 데이터/진단/측정/주석),F01/F02/F04의 한국어 기능 진입·수신 조건에 종속하는 copy/엔진 데이터/내부 로그. 신규 외국어는 해당 UI를 생성하지 않음; KO 사용자 데이터·도메인 단어 유지.,정적 추적; 실제 기기는 NOT_RUN
lib/screens/condition_tab.dart,959,유지(기능 조건/원본 데이터/진단/측정/주석),F01/F02/F04의 한국어 기능 진입·수신 조건에 종속하는 copy/엔진 데이터/내부 로그. 신규 외국어는 해당 UI를 생성하지 않음; KO 사용자 데이터·도메인 단어 유지.,정적 추적; 실제 기기는 NOT_RUN
lib/screens/condition_tab.dart,961,유지(기능 조건/원본 데이터/진단/측정/주석),F01/F02/F04의 한국어 기능 진입·수신 조건에 종속하는 copy/엔진 데이터/내부 로그. 신규 외국어는 해당 UI를 생성하지 않음; KO 사용자 데이터·도메인 단어 유지.,정적 추적; 실제 기기는 NOT_RUN
lib/screens/condition_tab.dart,1015,유지(기능 조건/원본 데이터/진단/측정/주석),F01/F02/F04의 한국어 기능 진입·수신 조건에 종속하는 copy/엔진 데이터/내부 로그. 신규 외국어는 해당 UI를 생성하지 않음; KO 사용자 데이터·도메인 단어 유지.,정적 추적; 실제 기기는 NOT_RUN
lib/screens/condition_tab.dart,1023,유지(기능 조건/원본 데이터/진단/측정/주석),F01/F02/F04의 한국어 기능 진입·수신 조건에 종속하는 copy/엔진 데이터/내부 로그. 신규 외국어는 해당 UI를 생성하지 않음; KO 사용자 데이터·도메인 단어 유지.,정적 추적; 실제 기기는 NOT_RUN
lib/screens/condition_tab.dart,1038,유지(기능 조건/원본 데이터/진단/측정/주석),F01/F02/F04의 한국어 기능 진입·수신 조건에 종속하는 copy/엔진 데이터/내부 로그. 신규 외국어는 해당 UI를 생성하지 않음; KO 사용자 데이터·도메인 단어 유지.,정적 추적; 실제 기기는 NOT_RUN
lib/screens/condition_tab.dart,1039,유지(기능 조건/원본 데이터/진단/측정/주석),F01/F02/F04의 한국어 기능 진입·수신 조건에 종속하는 copy/엔진 데이터/내부 로그. 신규 외국어는 해당 UI를 생성하지 않음; KO 사용자 데이터·도메인 단어 유지.,정적 추적; 실제 기기는 NOT_RUN
lib/screens/condition_tab.dart,1040,유지(기능 조건/원본 데이터/진단/측정/주석),F01/F02/F04의 한국어 기능 진입·수신 조건에 종속하는 copy/엔진 데이터/내부 로그. 신규 외국어는 해당 UI를 생성하지 않음; KO 사용자 데이터·도메인 단어 유지.,정적 추적; 실제 기기는 NOT_RUN
lib/screens/condition_tab.dart,1224,유지(기능 조건/원본 데이터/진단/측정/주석),F01/F02/F04의 한국어 기능 진입·수신 조건에 종속하는 copy/엔진 데이터/내부 로그. 신규 외국어는 해당 UI를 생성하지 않음; KO 사용자 데이터·도메인 단어 유지.,정적 추적; 실제 기기는 NOT_RUN
lib/screens/condition_tab.dart,1235,유지(기능 조건/원본 데이터/진단/측정/주석),F01/F02/F04의 한국어 기능 진입·수신 조건에 종속하는 copy/엔진 데이터/내부 로그. 신규 외국어는 해당 UI를 생성하지 않음; KO 사용자 데이터·도메인 단어 유지.,정적 추적; 실제 기기는 NOT_RUN
lib/screens/memo_list_view.dart,77,유지(기능 조건/원본 데이터/진단/측정/주석),"년/월/일 반환 앞의 isKorean 조건, foreign DateFormat. 사용자 메모 본문은 입력 데이터로 보존.",정적 추적; 실제 기기는 NOT_RUN
lib/screens/memo_list_view.dart,84,유지(기능 조건/원본 데이터/진단/측정/주석),"년/월/일 반환 앞의 isKorean 조건, foreign DateFormat. 사용자 메모 본문은 입력 데이터로 보존.",정적 추적; 실제 기기는 NOT_RUN
lib/screens/next_alarm_tab.dart,97,유지(기능 조건/원본 데이터/진단/측정/주석),print/debugPrint/Log 또는 내부 throw의 호출 위치. 제품 실패 표시에서는 외국어 localizedErrorDetail 사용. 기술 로그는 원인 보존.,정적 추적; 실제 기기는 NOT_RUN
lib/screens/next_alarm_tab.dart,103,유지(기능 조건/원본 데이터/진단/측정/주석),print/debugPrint/Log 또는 내부 throw의 호출 위치. 제품 실패 표시에서는 외국어 localizedErrorDetail 사용. 기술 로그는 원인 보존.,정적 추적; 실제 기기는 NOT_RUN
lib/screens/next_alarm_tab.dart,548,유지(기능 조건/원본 데이터/진단/측정/주석),print/debugPrint/Log 또는 내부 throw의 호출 위치. 제품 실패 표시에서는 외국어 localizedErrorDetail 사용. 기술 로그는 원인 보존.,정적 추적; 실제 기기는 NOT_RUN
lib/screens/onboarding_screen.dart,900,유지(기능 조건/원본 데이터/진단/측정/주석),주석 내 인용 문자열/emoji 또는 저장 sentinel·내부 식별자/검증 예외. 소비는 날짜/알람·근무 계산/위젯 색 판단이며 실제 안내는 common l10n/R.string. 사용자 데이터·진단 계약 보존.,정적 추적; 실제 기기는 NOT_RUN
lib/screens/onboarding_screen.dart,902,유지(기능 조건/원본 데이터/진단/측정/주석),주석 내 인용 문자열/emoji 또는 저장 sentinel·내부 식별자/검증 예외. 소비는 날짜/알람·근무 계산/위젯 색 판단이며 실제 안내는 common l10n/R.string. 사용자 데이터·진단 계약 보존.,정적 추적; 실제 기기는 NOT_RUN
lib/screens/onboarding_screen.dart,904,유지(기능 조건/원본 데이터/진단/측정/주석),주석 내 인용 문자열/emoji 또는 저장 sentinel·내부 식별자/검증 예외. 소비는 날짜/알람·근무 계산/위젯 색 판단이며 실제 안내는 common l10n/R.string. 사용자 데이터·진단 계약 보존.,정적 추적; 실제 기기는 NOT_RUN
lib/screens/onboarding_screen.dart,988,유지(기능 조건/원본 데이터/진단/측정/주석),주석 내 인용 문자열/emoji 또는 저장 sentinel·내부 식별자/검증 예외. 소비는 날짜/알람·근무 계산/위젯 색 판단이며 실제 안내는 common l10n/R.string. 사용자 데이터·진단 계약 보존.,정적 추적; 실제 기기는 NOT_RUN
lib/screens/onboarding_screen.dart,1005,유지(기능 조건/원본 데이터/진단/측정/주석),주석 내 인용 문자열/emoji 또는 저장 sentinel·내부 식별자/검증 예외. 소비는 날짜/알람·근무 계산/위젯 색 판단이며 실제 안내는 common l10n/R.string. 사용자 데이터·진단 계약 보존.,정적 추적; 실제 기기는 NOT_RUN
lib/screens/onboarding_screen.dart,1046,유지(기능 조건/원본 데이터/진단/측정/주석),주석 내 인용 문자열/emoji 또는 저장 sentinel·내부 식별자/검증 예외. 소비는 날짜/알람·근무 계산/위젯 색 판단이며 실제 안내는 common l10n/R.string. 사용자 데이터·진단 계약 보존.,정적 추적; 실제 기기는 NOT_RUN
lib/screens/onboarding_screen.dart,1049,유지(기능 조건/원본 데이터/진단/측정/주석),주석 내 인용 문자열/emoji 또는 저장 sentinel·내부 식별자/검증 예외. 소비는 날짜/알람·근무 계산/위젯 색 판단이며 실제 안내는 common l10n/R.string. 사용자 데이터·진단 계약 보존.,정적 추적; 실제 기기는 NOT_RUN
lib/screens/onboarding_screen.dart,1051,유지(기능 조건/원본 데이터/진단/측정/주석),주석 내 인용 문자열/emoji 또는 저장 sentinel·내부 식별자/검증 예외. 소비는 날짜/알람·근무 계산/위젯 색 판단이며 실제 안내는 common l10n/R.string. 사용자 데이터·진단 계약 보존.,정적 추적; 실제 기기는 NOT_RUN
lib/screens/onboarding_screen.dart,1063,유지(기능 조건/원본 데이터/진단/측정/주석),주석 내 인용 문자열/emoji 또는 저장 sentinel·내부 식별자/검증 예외. 소비는 날짜/알람·근무 계산/위젯 색 판단이며 실제 안내는 common l10n/R.string. 사용자 데이터·진단 계약 보존.,정적 추적; 실제 기기는 NOT_RUN
lib/screens/onboarding_screen.dart,1065,유지(기능 조건/원본 데이터/진단/측정/주석),주석 내 인용 문자열/emoji 또는 저장 sentinel·내부 식별자/검증 예외. 소비는 날짜/알람·근무 계산/위젯 색 판단이며 실제 안내는 common l10n/R.string. 사용자 데이터·진단 계약 보존.,정적 추적; 실제 기기는 NOT_RUN
lib/screens/onboarding_screen.dart,1092,유지(기능 조건/원본 데이터/진단/측정/주석),주석 내 인용 문자열/emoji 또는 저장 sentinel·내부 식별자/검증 예외. 소비는 날짜/알람·근무 계산/위젯 색 판단이며 실제 안내는 common l10n/R.string. 사용자 데이터·진단 계약 보존.,정적 추적; 실제 기기는 NOT_RUN
lib/screens/onboarding_screen.dart,1152,유지(기능 조건/원본 데이터/진단/측정/주석),주석 내 인용 문자열/emoji 또는 저장 sentinel·내부 식별자/검증 예외. 소비는 날짜/알람·근무 계산/위젯 색 판단이며 실제 안내는 common l10n/R.string. 사용자 데이터·진단 계약 보존.,정적 추적; 실제 기기는 NOT_RUN
lib/screens/restore_progress_screen.dart,57,유지(기능 조건/원본 데이터/진단/측정/주석),print/debugPrint/Log 또는 내부 throw의 호출 위치. 제품 실패 표시에서는 외국어 localizedErrorDetail 사용. 기술 로그는 원인 보존.,정적 추적; 실제 기기는 NOT_RUN
lib/screens/schedule_management_tab.dart,1710,유지(기능 조건/원본 데이터/진단/측정/주석),print/debugPrint/Log 또는 내부 throw의 호출 위치. 제품 실패 표시에서는 외국어 localizedErrorDetail 사용. 기술 로그는 원인 보존.,정적 추적; 실제 기기는 NOT_RUN
lib/screens/schedule_management_tab.dart,1755,유지(기능 조건/원본 데이터/진단/측정/주석),print/debugPrint/Log 또는 내부 throw의 호출 위치. 제품 실패 표시에서는 외국어 localizedErrorDetail 사용. 기술 로그는 원인 보존.,정적 추적; 실제 기기는 NOT_RUN
lib/screens/schedule_management_tab.dart,1768,유지(기능 조건/원본 데이터/진단/측정/주석),print/debugPrint/Log 또는 내부 throw의 호출 위치. 제품 실패 표시에서는 외국어 localizedErrorDetail 사용. 기술 로그는 원인 보존.,정적 추적; 실제 기기는 NOT_RUN
lib/screens/schedule_management_tab.dart,3081,유지(기능 조건/원본 데이터/진단/측정/주석),print/debugPrint/Log 또는 내부 throw의 호출 위치. 제품 실패 표시에서는 외국어 localizedErrorDetail 사용. 기술 로그는 원인 보존.,정적 추적; 실제 기기는 NOT_RUN
lib/screens/schedule_management_tab.dart,3082,유지(기능 조건/원본 데이터/진단/측정/주석),print/debugPrint/Log 또는 내부 throw의 호출 위치. 제품 실패 표시에서는 외국어 localizedErrorDetail 사용. 기술 로그는 원인 보존.,정적 추적; 실제 기기는 NOT_RUN
lib/screens/schedule_management_tab.dart,3083,유지(기능 조건/원본 데이터/진단/측정/주석),print/debugPrint/Log 또는 내부 throw의 호출 위치. 제품 실패 표시에서는 외국어 localizedErrorDetail 사용. 기술 로그는 원인 보존.,정적 추적; 실제 기기는 NOT_RUN
lib/screens/schedule_management_tab.dart,3084,유지(기능 조건/원본 데이터/진단/측정/주석),print/debugPrint/Log 또는 내부 throw의 호출 위치. 제품 실패 표시에서는 외국어 localizedErrorDetail 사용. 기술 로그는 원인 보존.,정적 추적; 실제 기기는 NOT_RUN
lib/screens/schedule_management_tab.dart,3085,유지(기능 조건/원본 데이터/진단/측정/주석),print/debugPrint/Log 또는 내부 throw의 호출 위치. 제품 실패 표시에서는 외국어 localizedErrorDetail 사용. 기술 로그는 원인 보존.,정적 추적; 실제 기기는 NOT_RUN
lib/screens/schedule_management_tab.dart,3086,유지(기능 조건/원본 데이터/진단/측정/주석),print/debugPrint/Log 또는 내부 throw의 호출 위치. 제품 실패 표시에서는 외국어 localizedErrorDetail 사용. 기술 로그는 원인 보존.,정적 추적; 실제 기기는 NOT_RUN
lib/screens/schedule_management_tab.dart,3087,유지(기능 조건/원본 데이터/진단/측정/주석),print/debugPrint/Log 또는 내부 throw의 호출 위치. 제품 실패 표시에서는 외국어 localizedErrorDetail 사용. 기술 로그는 원인 보존.,정적 추적; 실제 기기는 NOT_RUN
lib/screens/schedule_management_tab.dart,3088,유지(기능 조건/원본 데이터/진단/측정/주석),print/debugPrint/Log 또는 내부 throw의 호출 위치. 제품 실패 표시에서는 외국어 localizedErrorDetail 사용. 기술 로그는 원인 보존.,정적 추적; 실제 기기는 NOT_RUN
lib/screens/schedule_management_tab.dart,3089,유지(기능 조건/원본 데이터/진단/측정/주석),print/debugPrint/Log 또는 내부 throw의 호출 위치. 제품 실패 표시에서는 외국어 localizedErrorDetail 사용. 기술 로그는 원인 보존.,정적 추적; 실제 기기는 NOT_RUN
lib/screens/schedule_management_tab.dart,3092,유지(기능 조건/원본 데이터/진단/측정/주석),print/debugPrint/Log 또는 내부 throw의 호출 위치. 제품 실패 표시에서는 외국어 localizedErrorDetail 사용. 기술 로그는 원인 보존.,정적 추적; 실제 기기는 NOT_RUN
lib/screens/schedule_management_tab.dart,3093,유지(기능 조건/원본 데이터/진단/측정/주석),print/debugPrint/Log 또는 내부 throw의 호출 위치. 제품 실패 표시에서는 외국어 localizedErrorDetail 사용. 기술 로그는 원인 보존.,정적 추적; 실제 기기는 NOT_RUN
lib/screens/schedule_management_tab.dart,3094,유지(기능 조건/원본 데이터/진단/측정/주석),print/debugPrint/Log 또는 내부 throw의 호출 위치. 제품 실패 표시에서는 외국어 localizedErrorDetail 사용. 기술 로그는 원인 보존.,정적 추적; 실제 기기는 NOT_RUN
lib/screens/schedule_management_tab.dart,3095,유지(기능 조건/원본 데이터/진단/측정/주석),print/debugPrint/Log 또는 내부 throw의 호출 위치. 제품 실패 표시에서는 외국어 localizedErrorDetail 사용. 기술 로그는 원인 보존.,정적 추적; 실제 기기는 NOT_RUN
lib/screens/schedule_management_tab.dart,3096,유지(기능 조건/원본 데이터/진단/측정/주석),print/debugPrint/Log 또는 내부 throw의 호출 위치. 제품 실패 표시에서는 외국어 localizedErrorDetail 사용. 기술 로그는 원인 보존.,정적 추적; 실제 기기는 NOT_RUN
lib/screens/schedule_management_tab.dart,3097,유지(기능 조건/원본 데이터/진단/측정/주석),print/debugPrint/Log 또는 내부 throw의 호출 위치. 제품 실패 표시에서는 외국어 localizedErrorDetail 사용. 기술 로그는 원인 보존.,정적 추적; 실제 기기는 NOT_RUN
lib/screens/schedule_management_tab.dart,3098,유지(기능 조건/원본 데이터/진단/측정/주석),print/debugPrint/Log 또는 내부 throw의 호출 위치. 제품 실패 표시에서는 외국어 localizedErrorDetail 사용. 기술 로그는 원인 보존.,정적 추적; 실제 기기는 NOT_RUN
lib/screens/schedule_management_tab.dart,3099,유지(기능 조건/원본 데이터/진단/측정/주석),print/debugPrint/Log 또는 내부 throw의 호출 위치. 제품 실패 표시에서는 외국어 localizedErrorDetail 사용. 기술 로그는 원인 보존.,정적 추적; 실제 기기는 NOT_RUN
lib/screens/schedule_management_tab.dart,3100,유지(기능 조건/원본 데이터/진단/측정/주석),print/debugPrint/Log 또는 내부 throw의 호출 위치. 제품 실패 표시에서는 외국어 localizedErrorDetail 사용. 기술 로그는 원인 보존.,정적 추적; 실제 기기는 NOT_RUN
lib/screens/schedule_management_tab.dart,3110,유지(기능 조건/원본 데이터/진단/측정/주석),print/debugPrint/Log 또는 내부 throw의 호출 위치. 제품 실패 표시에서는 외국어 localizedErrorDetail 사용. 기술 로그는 원인 보존.,정적 추적; 실제 기기는 NOT_RUN
lib/screens/schedule_management_tab.dart,3111,유지(기능 조건/원본 데이터/진단/측정/주석),print/debugPrint/Log 또는 내부 throw의 호출 위치. 제품 실패 표시에서는 외국어 localizedErrorDetail 사용. 기술 로그는 원인 보존.,정적 추적; 실제 기기는 NOT_RUN
lib/screens/schedule_management_tab.dart,3112,유지(기능 조건/원본 데이터/진단/측정/주석),print/debugPrint/Log 또는 내부 throw의 호출 위치. 제품 실패 표시에서는 외국어 localizedErrorDetail 사용. 기술 로그는 원인 보존.,정적 추적; 실제 기기는 NOT_RUN
lib/screens/schedule_management_tab.dart,3113,유지(기능 조건/원본 데이터/진단/측정/주석),print/debugPrint/Log 또는 내부 throw의 호출 위치. 제품 실패 표시에서는 외국어 localizedErrorDetail 사용. 기술 로그는 원인 보존.,정적 추적; 실제 기기는 NOT_RUN
lib/screens/schedule_management_tab.dart,3114,유지(기능 조건/원본 데이터/진단/측정/주석),print/debugPrint/Log 또는 내부 throw의 호출 위치. 제품 실패 표시에서는 외국어 localizedErrorDetail 사용. 기술 로그는 원인 보존.,정적 추적; 실제 기기는 NOT_RUN
lib/screens/schedule_management_tab.dart,3115,유지(기능 조건/원본 데이터/진단/측정/주석),print/debugPrint/Log 또는 내부 throw의 호출 위치. 제품 실패 표시에서는 외국어 localizedErrorDetail 사용. 기술 로그는 원인 보존.,정적 추적; 실제 기기는 NOT_RUN
lib/screens/schedule_management_tab.dart,3116,유지(기능 조건/원본 데이터/진단/측정/주석),print/debugPrint/Log 또는 내부 throw의 호출 위치. 제품 실패 표시에서는 외국어 localizedErrorDetail 사용. 기술 로그는 원인 보존.,정적 추적; 실제 기기는 NOT_RUN
lib/screens/schedule_management_tab.dart,3117,유지(기능 조건/원본 데이터/진단/측정/주석),print/debugPrint/Log 또는 내부 throw의 호출 위치. 제품 실패 표시에서는 외국어 localizedErrorDetail 사용. 기술 로그는 원인 보존.,정적 추적; 실제 기기는 NOT_RUN
lib/screens/schedule_management_tab.dart,3118,유지(기능 조건/원본 데이터/진단/측정/주석),print/debugPrint/Log 또는 내부 throw의 호출 위치. 제품 실패 표시에서는 외국어 localizedErrorDetail 사용. 기술 로그는 원인 보존.,정적 추적; 실제 기기는 NOT_RUN
lib/screens/schedule_management_tab.dart,3119,유지(기능 조건/원본 데이터/진단/측정/주석),print/debugPrint/Log 또는 내부 throw의 호출 위치. 제품 실패 표시에서는 외국어 localizedErrorDetail 사용. 기술 로그는 원인 보존.,정적 추적; 실제 기기는 NOT_RUN
lib/screens/schedule_management_tab.dart,3128,유지(기능 조건/원본 데이터/진단/측정/주석),print/debugPrint/Log 또는 내부 throw의 호출 위치. 제품 실패 표시에서는 외국어 localizedErrorDetail 사용. 기술 로그는 원인 보존.,정적 추적; 실제 기기는 NOT_RUN
lib/screens/schedule_management_tab.dart,3129,유지(기능 조건/원본 데이터/진단/측정/주석),print/debugPrint/Log 또는 내부 throw의 호출 위치. 제품 실패 표시에서는 외국어 localizedErrorDetail 사용. 기술 로그는 원인 보존.,정적 추적; 실제 기기는 NOT_RUN
lib/screens/schedule_management_tab.dart,3130,유지(기능 조건/원본 데이터/진단/측정/주석),print/debugPrint/Log 또는 내부 throw의 호출 위치. 제품 실패 표시에서는 외국어 localizedErrorDetail 사용. 기술 로그는 원인 보존.,정적 추적; 실제 기기는 NOT_RUN
lib/screens/schedule_management_tab.dart,3131,유지(기능 조건/원본 데이터/진단/측정/주석),print/debugPrint/Log 또는 내부 throw의 호출 위치. 제품 실패 표시에서는 외국어 localizedErrorDetail 사용. 기술 로그는 원인 보존.,정적 추적; 실제 기기는 NOT_RUN
lib/screens/schedule_management_tab.dart,3132,유지(기능 조건/원본 데이터/진단/측정/주석),print/debugPrint/Log 또는 내부 throw의 호출 위치. 제품 실패 표시에서는 외국어 localizedErrorDetail 사용. 기술 로그는 원인 보존.,정적 추적; 실제 기기는 NOT_RUN
lib/screens/schedule_management_tab.dart,3133,유지(기능 조건/원본 데이터/진단/측정/주석),print/debugPrint/Log 또는 내부 throw의 호출 위치. 제품 실패 표시에서는 외국어 localizedErrorDetail 사용. 기술 로그는 원인 보존.,정적 추적; 실제 기기는 NOT_RUN
lib/screens/schedule_management_tab.dart,3182,유지(기능 조건/원본 데이터/진단/측정/주석),print/debugPrint/Log 또는 내부 throw의 호출 위치. 제품 실패 표시에서는 외국어 localizedErrorDetail 사용. 기술 로그는 원인 보존.,정적 추적; 실제 기기는 NOT_RUN
lib/screens/schedule_management_tab.dart,3185,유지(기능 조건/원본 데이터/진단/측정/주석),print/debugPrint/Log 또는 내부 throw의 호출 위치. 제품 실패 표시에서는 외국어 localizedErrorDetail 사용. 기술 로그는 원인 보존.,정적 추적; 실제 기기는 NOT_RUN
lib/screens/schedule_management_tab.dart,3616,유지(기능 조건/원본 데이터/진단/측정/주석),print/debugPrint/Log 또는 내부 throw의 호출 위치. 제품 실패 표시에서는 외국어 localizedErrorDetail 사용. 기술 로그는 원인 보존.,정적 추적; 실제 기기는 NOT_RUN
lib/screens/schedule_management_tab.dart,3634,유지(기능 조건/원본 데이터/진단/측정/주석),print/debugPrint/Log 또는 내부 throw의 호출 위치. 제품 실패 표시에서는 외국어 localizedErrorDetail 사용. 기술 로그는 원인 보존.,정적 추적; 실제 기기는 NOT_RUN
lib/screens/schedule_management_tab.dart,3651,유지(기능 조건/원본 데이터/진단/측정/주석),print/debugPrint/Log 또는 내부 throw의 호출 위치. 제품 실패 표시에서는 외국어 localizedErrorDetail 사용. 기술 로그는 원인 보존.,정적 추적; 실제 기기는 NOT_RUN
lib/screens/schedule_management_tab.dart,3833,유지(기능 조건/원본 데이터/진단/측정/주석),print/debugPrint/Log 또는 내부 throw의 호출 위치. 제품 실패 표시에서는 외국어 localizedErrorDetail 사용. 기술 로그는 원인 보존.,정적 추적; 실제 기기는 NOT_RUN
lib/screens/schedule_management_tab.dart,3844,유지(기능 조건/원본 데이터/진단/측정/주석),print/debugPrint/Log 또는 내부 throw의 호출 위치. 제품 실패 표시에서는 외국어 localizedErrorDetail 사용. 기술 로그는 원인 보존.,정적 추적; 실제 기기는 NOT_RUN
lib/screens/schedule_management_tab.dart,3849,유지(기능 조건/원본 데이터/진단/측정/주석),print/debugPrint/Log 또는 내부 throw의 호출 위치. 제품 실패 표시에서는 외국어 localizedErrorDetail 사용. 기술 로그는 원인 보존.,정적 추적; 실제 기기는 NOT_RUN
lib/screens/schedule_management_tab.dart,4161,유지(기능 조건/원본 데이터/진단/측정/주석),print/debugPrint/Log 또는 내부 throw의 호출 위치. 제품 실패 표시에서는 외국어 localizedErrorDetail 사용. 기술 로그는 원인 보존.,정적 추적; 실제 기기는 NOT_RUN
lib/screens/settings_tab.dart,632,유지(기능 조건/원본 데이터/진단/측정/주석),ko-only 재활성화 메뉴 onTap도 ko 조건. 공통 reset/delete/restore 경로는 l10n과 conditional koOnly getter. 여러 줄 진단 print는 화면 copy 아님.,정적 추적; 실제 기기는 NOT_RUN
lib/screens/settings_tab.dart,633,유지(기능 조건/원본 데이터/진단/측정/주석),ko-only 재활성화 메뉴 onTap도 ko 조건. 공통 reset/delete/restore 경로는 l10n과 conditional koOnly getter. 여러 줄 진단 print는 화면 copy 아님.,정적 추적; 실제 기기는 NOT_RUN
lib/screens/settings_tab.dart,1158,유지(기능 조건/원본 데이터/진단/측정/주석),ko-only 재활성화 메뉴 onTap도 ko 조건. 공통 reset/delete/restore 경로는 l10n과 conditional koOnly getter. 여러 줄 진단 print는 화면 copy 아님.,정적 추적; 실제 기기는 NOT_RUN
lib/screens/settings_tab.dart,1303,유지(기능 조건/원본 데이터/진단/측정/주석),ko-only 재활성화 메뉴 onTap도 ko 조건. 공통 reset/delete/restore 경로는 l10n과 conditional koOnly getter. 여러 줄 진단 print는 화면 copy 아님.,정적 추적; 실제 기기는 NOT_RUN
lib/screens/settings_tab.dart,1310,유지(기능 조건/원본 데이터/진단/측정/주석),ko-only 재활성화 메뉴 onTap도 ko 조건. 공통 reset/delete/restore 경로는 l10n과 conditional koOnly getter. 여러 줄 진단 print는 화면 copy 아님.,정적 추적; 실제 기기는 NOT_RUN
lib/screens/settings_tab.dart,1320,유지(기능 조건/원본 데이터/진단/측정/주석),ko-only 재활성화 메뉴 onTap도 ko 조건. 공통 reset/delete/restore 경로는 l10n과 conditional koOnly getter. 여러 줄 진단 print는 화면 copy 아님.,정적 추적; 실제 기기는 NOT_RUN
lib/screens/settings_tab.dart,1611,유지(기능 조건/원본 데이터/진단/측정/주석),ko-only 재활성화 메뉴 onTap도 ko 조건. 공통 reset/delete/restore 경로는 l10n과 conditional koOnly getter. 여러 줄 진단 print는 화면 copy 아님.,정적 추적; 실제 기기는 NOT_RUN
lib/screens/settings_tab.dart,1625,유지(기능 조건/원본 데이터/진단/측정/주석),ko-only 재활성화 메뉴 onTap도 ko 조건. 공통 reset/delete/restore 경로는 l10n과 conditional koOnly getter. 여러 줄 진단 print는 화면 copy 아님.,정적 추적; 실제 기기는 NOT_RUN
lib/screens/settings_tab.dart,1635,유지(기능 조건/원본 데이터/진단/측정/주석),ko-only 재활성화 메뉴 onTap도 ko 조건. 공통 reset/delete/restore 경로는 l10n과 conditional koOnly getter. 여러 줄 진단 print는 화면 copy 아님.,정적 추적; 실제 기기는 NOT_RUN
lib/screens/settings_tab.dart,2307,유지(기능 조건/원본 데이터/진단/측정/주석),ko-only 재활성화 메뉴 onTap도 ko 조건. 공통 reset/delete/restore 경로는 l10n과 conditional koOnly getter. 여러 줄 진단 print는 화면 copy 아님.,정적 추적; 실제 기기는 NOT_RUN
lib/screens/settings_tab.dart,2772,유지(기능 조건/원본 데이터/진단/측정/주석),ko-only 재활성화 메뉴 onTap도 ko 조건. 공통 reset/delete/restore 경로는 l10n과 conditional koOnly getter. 여러 줄 진단 print는 화면 copy 아님.,정적 추적; 실제 기기는 NOT_RUN
lib/screens/sleep_calendar_full_screen.dart,84,유지(기능 조건/원본 데이터/진단/측정/주석),F01/F02/F04의 한국어 기능 진입·수신 조건에 종속하는 copy/엔진 데이터/내부 로그. 신규 외국어는 해당 UI를 생성하지 않음; KO 사용자 데이터·도메인 단어 유지.,정적 추적; 실제 기기는 NOT_RUN
lib/screens/sleep_calendar_full_screen.dart,115,유지(기능 조건/원본 데이터/진단/측정/주석),F01/F02/F04의 한국어 기능 진입·수신 조건에 종속하는 copy/엔진 데이터/내부 로그. 신규 외국어는 해당 UI를 생성하지 않음; KO 사용자 데이터·도메인 단어 유지.,정적 추적; 실제 기기는 NOT_RUN
lib/screens/sleep_calendar_full_screen.dart,151,유지(기능 조건/원본 데이터/진단/측정/주석),F01/F02/F04의 한국어 기능 진입·수신 조건에 종속하는 copy/엔진 데이터/내부 로그. 신규 외국어는 해당 UI를 생성하지 않음; KO 사용자 데이터·도메인 단어 유지.,정적 추적; 실제 기기는 NOT_RUN
lib/screens/sleep_calendar_full_screen.dart,376,유지(기능 조건/원본 데이터/진단/측정/주석),F01/F02/F04의 한국어 기능 진입·수신 조건에 종속하는 copy/엔진 데이터/내부 로그. 신규 외국어는 해당 UI를 생성하지 않음; KO 사용자 데이터·도메인 단어 유지.,정적 추적; 실제 기기는 NOT_RUN
lib/screens/sleep_calendar_full_screen.dart,389,유지(기능 조건/원본 데이터/진단/측정/주석),F01/F02/F04의 한국어 기능 진입·수신 조건에 종속하는 copy/엔진 데이터/내부 로그. 신규 외국어는 해당 UI를 생성하지 않음; KO 사용자 데이터·도메인 단어 유지.,정적 추적; 실제 기기는 NOT_RUN
lib/screens/startup_gate.dart,94,유지(기능 조건/원본 데이터/진단/측정/주석),print/debugPrint/Log 또는 내부 throw의 호출 위치. 제품 실패 표시에서는 외국어 localizedErrorDetail 사용. 기술 로그는 원인 보존.,정적 추적; 실제 기기는 NOT_RUN
lib/screens/startup_gate.dart,109,유지(기능 조건/원본 데이터/진단/측정/주석),print/debugPrint/Log 또는 내부 throw의 호출 위치. 제품 실패 표시에서는 외국어 localizedErrorDetail 사용. 기술 로그는 원인 보존.,정적 추적; 실제 기기는 NOT_RUN
lib/screens/team_schedule_edit_screen.dart,169,유지(기능 조건/원본 데이터/진단/측정/주석),"한국어 조 예시는 _ko 조건, 외국어 A → C/B → D. 실제 팀 문자 입력은 사용자의 데이터.",정적 추적; 실제 기기는 NOT_RUN
lib/services/ad_consent_service.dart,59,유지(기능 조건/원본 데이터/진단/측정/주석),print/debugPrint/Log 또는 내부 throw의 호출 위치. 제품 실패 표시에서는 외국어 localizedErrorDetail 사용. 기술 로그는 원인 보존.,정적 추적; 실제 기기는 NOT_RUN
lib/services/ad_consent_service.dart,63,유지(기능 조건/원본 데이터/진단/측정/주석),print/debugPrint/Log 또는 내부 throw의 호출 위치. 제품 실패 표시에서는 외국어 localizedErrorDetail 사용. 기술 로그는 원인 보존.,정적 추적; 실제 기기는 NOT_RUN
lib/services/ad_consent_service.dart,68,유지(기능 조건/원본 데이터/진단/측정/주석),print/debugPrint/Log 또는 내부 throw의 호출 위치. 제품 실패 표시에서는 외국어 localizedErrorDetail 사용. 기술 로그는 원인 보존.,정적 추적; 실제 기기는 NOT_RUN
lib/services/ad_consent_service.dart,73,유지(기능 조건/원본 데이터/진단/측정/주석),print/debugPrint/Log 또는 내부 throw의 호출 위치. 제품 실패 표시에서는 외국어 localizedErrorDetail 사용. 기술 로그는 원인 보존.,정적 추적; 실제 기기는 NOT_RUN
lib/services/ad_consent_service.dart,103,유지(기능 조건/원본 데이터/진단/측정/주석),print/debugPrint/Log 또는 내부 throw의 호출 위치. 제품 실패 표시에서는 외국어 localizedErrorDetail 사용. 기술 로그는 원인 보존.,정적 추적; 실제 기기는 NOT_RUN
lib/services/ad_service.dart,59,유지(기능 조건/원본 데이터/진단/측정/주석),두 줄 문자열은 debugPrint 여러 줄 호출의 인자. 광고 UI 표시 아님.,정적 추적; 실제 기기는 NOT_RUN
lib/services/ad_service.dart,63,유지(기능 조건/원본 데이터/진단/측정/주석),두 줄 문자열은 debugPrint 여러 줄 호출의 인자. 광고 UI 표시 아님.,정적 추적; 실제 기기는 NOT_RUN
lib/services/ad_service.dart,81,유지(기능 조건/원본 데이터/진단/측정/주석),두 줄 문자열은 debugPrint 여러 줄 호출의 인자. 광고 UI 표시 아님.,정적 추적; 실제 기기는 NOT_RUN
lib/services/ad_service.dart,88,유지(기능 조건/원본 데이터/진단/측정/주석),두 줄 문자열은 debugPrint 여러 줄 호출의 인자. 광고 UI 표시 아님.,정적 추적; 실제 기기는 NOT_RUN
lib/services/ad_service.dart,100,유지(기능 조건/원본 데이터/진단/측정/주석),두 줄 문자열은 debugPrint 여러 줄 호출의 인자. 광고 UI 표시 아님.,정적 추적; 실제 기기는 NOT_RUN
lib/services/ad_service.dart,110,유지(기능 조건/원본 데이터/진단/측정/주석),두 줄 문자열은 debugPrint 여러 줄 호출의 인자. 광고 UI 표시 아님.,정적 추적; 실제 기기는 NOT_RUN
lib/services/ad_service.dart,133,유지(기능 조건/원본 데이터/진단/측정/주석),두 줄 문자열은 debugPrint 여러 줄 호출의 인자. 광고 UI 표시 아님.,정적 추적; 실제 기기는 NOT_RUN
lib/services/ad_service.dart,140,유지(기능 조건/원본 데이터/진단/측정/주석),두 줄 문자열은 debugPrint 여러 줄 호출의 인자. 광고 UI 표시 아님.,정적 추적; 실제 기기는 NOT_RUN
lib/services/ad_service.dart,142,유지(기능 조건/원본 데이터/진단/측정/주석),두 줄 문자열은 debugPrint 여러 줄 호출의 인자. 광고 UI 표시 아님.,정적 추적; 실제 기기는 NOT_RUN
lib/services/alarm_refresh_service.dart,26,유지(기능 조건/원본 데이터/진단/측정/주석),print/debugPrint/Log 또는 내부 throw의 호출 위치. 제품 실패 표시에서는 외국어 localizedErrorDetail 사용. 기술 로그는 원인 보존.,정적 추적; 실제 기기는 NOT_RUN
lib/services/alarm_refresh_service.dart,35,유지(기능 조건/원본 데이터/진단/측정/주석),print/debugPrint/Log 또는 내부 throw의 호출 위치. 제품 실패 표시에서는 외국어 localizedErrorDetail 사용. 기술 로그는 원인 보존.,정적 추적; 실제 기기는 NOT_RUN
lib/services/alarm_service.dart,33,유지(기능 조건/원본 데이터/진단/측정/주석),scheduleTestAlarm의 한국어 기본 label은 main.dart AlarmTestScreen 한 곳만 호출. 제품 라우트 없음 + 해당 screen build ko 차단. 보통 scheduleAlarm의 label은 required 입력/근무명. 테스트 default는 출시 외국어 경로에서 도달 불가.,정적 추적; 실제 기기는 NOT_RUN
lib/services/alarm_service.dart,52,유지(기능 조건/원본 데이터/진단/측정/주석),scheduleTestAlarm의 한국어 기본 label은 main.dart AlarmTestScreen 한 곳만 호출. 제품 라우트 없음 + 해당 screen build ko 차단. 보통 scheduleAlarm의 label은 required 입력/근무명. 테스트 default는 출시 외국어 경로에서 도달 불가.,정적 추적; 실제 기기는 NOT_RUN
lib/services/alarm_service.dart,53,유지(기능 조건/원본 데이터/진단/측정/주석),scheduleTestAlarm의 한국어 기본 label은 main.dart AlarmTestScreen 한 곳만 호출. 제품 라우트 없음 + 해당 screen build ko 차단. 보통 scheduleAlarm의 label은 required 입력/근무명. 테스트 default는 출시 외국어 경로에서 도달 불가.,정적 추적; 실제 기기는 NOT_RUN
lib/services/alarm_service.dart,55,유지(기능 조건/원본 데이터/진단/측정/주석),scheduleTestAlarm의 한국어 기본 label은 main.dart AlarmTestScreen 한 곳만 호출. 제품 라우트 없음 + 해당 screen build ko 차단. 보통 scheduleAlarm의 label은 required 입력/근무명. 테스트 default는 출시 외국어 경로에서 도달 불가.,정적 추적; 실제 기기는 NOT_RUN
lib/services/alarm_service.dart,64,유지(기능 조건/원본 데이터/진단/측정/주석),scheduleTestAlarm의 한국어 기본 label은 main.dart AlarmTestScreen 한 곳만 호출. 제품 라우트 없음 + 해당 screen build ko 차단. 보통 scheduleAlarm의 label은 required 입력/근무명. 테스트 default는 출시 외국어 경로에서 도달 불가.,정적 추적; 실제 기기는 NOT_RUN
lib/services/alarm_service.dart,66,유지(기능 조건/원본 데이터/진단/측정/주석),scheduleTestAlarm의 한국어 기본 label은 main.dart AlarmTestScreen 한 곳만 호출. 제품 라우트 없음 + 해당 screen build ko 차단. 보통 scheduleAlarm의 label은 required 입력/근무명. 테스트 default는 출시 외국어 경로에서 도달 불가.,정적 추적; 실제 기기는 NOT_RUN
lib/services/alarm_service.dart,75,유지(기능 조건/원본 데이터/진단/측정/주석),scheduleTestAlarm의 한국어 기본 label은 main.dart AlarmTestScreen 한 곳만 호출. 제품 라우트 없음 + 해당 screen build ko 차단. 보통 scheduleAlarm의 label은 required 입력/근무명. 테스트 default는 출시 외국어 경로에서 도달 불가.,정적 추적; 실제 기기는 NOT_RUN
lib/services/alarm_service.dart,77,유지(기능 조건/원본 데이터/진단/측정/주석),scheduleTestAlarm의 한국어 기본 label은 main.dart AlarmTestScreen 한 곳만 호출. 제품 라우트 없음 + 해당 screen build ko 차단. 보통 scheduleAlarm의 label은 required 입력/근무명. 테스트 default는 출시 외국어 경로에서 도달 불가.,정적 추적; 실제 기기는 NOT_RUN
lib/services/alarm_service.dart,83,유지(기능 조건/원본 데이터/진단/측정/주석),scheduleTestAlarm의 한국어 기본 label은 main.dart AlarmTestScreen 한 곳만 호출. 제품 라우트 없음 + 해당 screen build ko 차단. 보통 scheduleAlarm의 label은 required 입력/근무명. 테스트 default는 출시 외국어 경로에서 도달 불가.,정적 추적; 실제 기기는 NOT_RUN
lib/services/alarm_service.dart,93,유지(기능 조건/원본 데이터/진단/측정/주석),scheduleTestAlarm의 한국어 기본 label은 main.dart AlarmTestScreen 한 곳만 호출. 제품 라우트 없음 + 해당 screen build ko 차단. 보통 scheduleAlarm의 label은 required 입력/근무명. 테스트 default는 출시 외국어 경로에서 도달 불가.,정적 추적; 실제 기기는 NOT_RUN
lib/services/alarm_service.dart,99,유지(기능 조건/원본 데이터/진단/측정/주석),scheduleTestAlarm의 한국어 기본 label은 main.dart AlarmTestScreen 한 곳만 호출. 제품 라우트 없음 + 해당 screen build ko 차단. 보통 scheduleAlarm의 label은 required 입력/근무명. 테스트 default는 출시 외국어 경로에서 도달 불가.,정적 추적; 실제 기기는 NOT_RUN
lib/services/alarm_service.dart,101,유지(기능 조건/원본 데이터/진단/측정/주석),scheduleTestAlarm의 한국어 기본 label은 main.dart AlarmTestScreen 한 곳만 호출. 제품 라우트 없음 + 해당 screen build ko 차단. 보통 scheduleAlarm의 label은 required 입력/근무명. 테스트 default는 출시 외국어 경로에서 도달 불가.,정적 추적; 실제 기기는 NOT_RUN
lib/services/alarm_service.dart,109,유지(기능 조건/원본 데이터/진단/측정/주석),scheduleTestAlarm의 한국어 기본 label은 main.dart AlarmTestScreen 한 곳만 호출. 제품 라우트 없음 + 해당 screen build ko 차단. 보통 scheduleAlarm의 label은 required 입력/근무명. 테스트 default는 출시 외국어 경로에서 도달 불가.,정적 추적; 실제 기기는 NOT_RUN
lib/services/alarm_service.dart,112,유지(기능 조건/원본 데이터/진단/측정/주석),scheduleTestAlarm의 한국어 기본 label은 main.dart AlarmTestScreen 한 곳만 호출. 제품 라우트 없음 + 해당 screen build ko 차단. 보통 scheduleAlarm의 label은 required 입력/근무명. 테스트 default는 출시 외국어 경로에서 도달 불가.,정적 추적; 실제 기기는 NOT_RUN
lib/services/app_analytics.dart,145,유지(기능 조건/원본 데이터/진단/측정/주석),print/debugPrint/Log 또는 내부 throw의 호출 위치. 제품 실패 표시에서는 외국어 localizedErrorDetail 사용. 기술 로그는 원인 보존.,정적 추적; 실제 기기는 NOT_RUN
lib/services/app_analytics.dart,206,유지(기능 조건/원본 데이터/진단/측정/주석),print/debugPrint/Log 또는 내부 throw의 호출 위치. 제품 실패 표시에서는 외국어 localizedErrorDetail 사용. 기술 로그는 원인 보존.,정적 추적; 실제 기기는 NOT_RUN
lib/services/backup_service.dart,66,유지(기능 조건/원본 데이터/진단/측정/주석),print/debugPrint/Log 또는 내부 throw의 호출 위치. 제품 실패 표시에서는 외국어 localizedErrorDetail 사용. 기술 로그는 원인 보존.,정적 추적; 실제 기기는 NOT_RUN
lib/services/backup_watcher.dart,114,유지(기능 조건/원본 데이터/진단/측정/주석),print/debugPrint/Log 또는 내부 throw의 호출 위치. 제품 실패 표시에서는 외국어 localizedErrorDetail 사용. 기술 로그는 원인 보존.,정적 추적; 실제 기기는 NOT_RUN
lib/services/backup_watcher.dart,124,유지(기능 조건/원본 데이터/진단/측정/주석),print/debugPrint/Log 또는 내부 throw의 호출 위치. 제품 실패 표시에서는 외국어 localizedErrorDetail 사용. 기술 로그는 원인 보존.,정적 추적; 실제 기기는 NOT_RUN
lib/services/backup_watcher.dart,138,유지(기능 조건/원본 데이터/진단/측정/주석),print/debugPrint/Log 또는 내부 throw의 호출 위치. 제품 실패 표시에서는 외국어 localizedErrorDetail 사용. 기술 로그는 원인 보존.,정적 추적; 실제 기기는 NOT_RUN
lib/services/backup_watcher.dart,143,유지(기능 조건/원본 데이터/진단/측정/주석),print/debugPrint/Log 또는 내부 throw의 호출 위치. 제품 실패 표시에서는 외국어 localizedErrorDetail 사용. 기술 로그는 원인 보존.,정적 추적; 실제 기기는 NOT_RUN
lib/services/backup_watcher.dart,145,유지(기능 조건/원본 데이터/진단/측정/주석),print/debugPrint/Log 또는 내부 throw의 호출 위치. 제품 실패 표시에서는 외국어 localizedErrorDetail 사용. 기술 로그는 원인 보존.,정적 추적; 실제 기기는 NOT_RUN
lib/services/backup_watcher.dart,163,유지(기능 조건/원본 데이터/진단/측정/주석),print/debugPrint/Log 또는 내부 throw의 호출 위치. 제품 실패 표시에서는 외국어 localizedErrorDetail 사용. 기술 로그는 원인 보존.,정적 추적; 실제 기기는 NOT_RUN
lib/services/custom_alarm_service.dart,139,유지(기능 조건/원본 데이터/진단/측정/주석),F01/F02/F04의 한국어 기능 진입·수신 조건에 종속하는 copy/엔진 데이터/내부 로그. 신규 외국어는 해당 UI를 생성하지 않음; KO 사용자 데이터·도메인 단어 유지.,정적 추적; 실제 기기는 NOT_RUN
lib/services/database_service.dart,86,유지(기능 조건/원본 데이터/진단/측정/주석),"historyText는 이어지는 print에만 전달, history row에는 dismissed/swiped 코드 저장. 화면 all_alarms_history_view._getHistoryText는 common l10n. assert/DB 계약과 내용은 사용자 안내가 아님.",정적 추적; 실제 기기는 NOT_RUN
lib/services/database_service.dart,89,유지(기능 조건/원본 데이터/진단/측정/주석),"historyText는 이어지는 print에만 전달, history row에는 dismissed/swiped 코드 저장. 화면 all_alarms_history_view._getHistoryText는 common l10n. assert/DB 계약과 내용은 사용자 안내가 아님.",정적 추적; 실제 기기는 NOT_RUN
lib/services/database_service.dart,92,유지(기능 조건/원본 데이터/진단/측정/주석),"historyText는 이어지는 print에만 전달, history row에는 dismissed/swiped 코드 저장. 화면 all_alarms_history_view._getHistoryText는 common l10n. assert/DB 계약과 내용은 사용자 안내가 아님.",정적 추적; 실제 기기는 NOT_RUN
lib/services/database_service.dart,109,유지(기능 조건/원본 데이터/진단/측정/주석),"historyText는 이어지는 print에만 전달, history row에는 dismissed/swiped 코드 저장. 화면 all_alarms_history_view._getHistoryText는 common l10n. assert/DB 계약과 내용은 사용자 안내가 아님.",정적 추적; 실제 기기는 NOT_RUN
lib/services/database_service.dart,141,유지(기능 조건/원본 데이터/진단/측정/주석),"historyText는 이어지는 print에만 전달, history row에는 dismissed/swiped 코드 저장. 화면 all_alarms_history_view._getHistoryText는 common l10n. assert/DB 계약과 내용은 사용자 안내가 아님.",정적 추적; 실제 기기는 NOT_RUN
lib/services/database_service.dart,382,유지(기능 조건/원본 데이터/진단/측정/주석),"historyText는 이어지는 print에만 전달, history row에는 dismissed/swiped 코드 저장. 화면 all_alarms_history_view._getHistoryText는 common l10n. assert/DB 계약과 내용은 사용자 안내가 아님.",정적 추적; 실제 기기는 NOT_RUN
lib/services/database_service.dart,552,유지(기능 조건/원본 데이터/진단/측정/주석),"historyText는 이어지는 print에만 전달, history row에는 dismissed/swiped 코드 저장. 화면 all_alarms_history_view._getHistoryText는 common l10n. assert/DB 계약과 내용은 사용자 안내가 아님.",정적 추적; 실제 기기는 NOT_RUN
lib/services/database_service.dart,558,유지(기능 조건/원본 데이터/진단/측정/주석),"historyText는 이어지는 print에만 전달, history row에는 dismissed/swiped 코드 저장. 화면 all_alarms_history_view._getHistoryText는 common l10n. assert/DB 계약과 내용은 사용자 안내가 아님.",정적 추적; 실제 기기는 NOT_RUN
lib/services/database_service.dart,559,유지(기능 조건/원본 데이터/진단/측정/주석),"historyText는 이어지는 print에만 전달, history row에는 dismissed/swiped 코드 저장. 화면 all_alarms_history_view._getHistoryText는 common l10n. assert/DB 계약과 내용은 사용자 안내가 아님.",정적 추적; 실제 기기는 NOT_RUN
lib/services/database_service.dart,563,유지(기능 조건/원본 데이터/진단/측정/주석),"historyText는 이어지는 print에만 전달, history row에는 dismissed/swiped 코드 저장. 화면 all_alarms_history_view._getHistoryText는 common l10n. assert/DB 계약과 내용은 사용자 안내가 아님.",정적 추적; 실제 기기는 NOT_RUN
lib/services/database_service.dart,566,유지(기능 조건/원본 데이터/진단/측정/주석),"historyText는 이어지는 print에만 전달, history row에는 dismissed/swiped 코드 저장. 화면 all_alarms_history_view._getHistoryText는 common l10n. assert/DB 계약과 내용은 사용자 안내가 아님.",정적 추적; 실제 기기는 NOT_RUN
lib/services/database_service.dart,738,유지(기능 조건/원본 데이터/진단/측정/주석),"historyText는 이어지는 print에만 전달, history row에는 dismissed/swiped 코드 저장. 화면 all_alarms_history_view._getHistoryText는 common l10n. assert/DB 계약과 내용은 사용자 안내가 아님.",정적 추적; 실제 기기는 NOT_RUN
lib/services/database_service.dart,805,유지(기능 조건/원본 데이터/진단/측정/주석),"historyText는 이어지는 print에만 전달, history row에는 dismissed/swiped 코드 저장. 화면 all_alarms_history_view._getHistoryText는 common l10n. assert/DB 계약과 내용은 사용자 안내가 아님.",정적 추적; 실제 기기는 NOT_RUN
lib/services/database_service.dart,839,유지(기능 조건/원본 데이터/진단/측정/주석),"historyText는 이어지는 print에만 전달, history row에는 dismissed/swiped 코드 저장. 화면 all_alarms_history_view._getHistoryText는 common l10n. assert/DB 계약과 내용은 사용자 안내가 아님.",정적 추적; 실제 기기는 NOT_RUN
lib/services/database_service.dart,850,유지(기능 조건/원본 데이터/진단/측정/주석),"historyText는 이어지는 print에만 전달, history row에는 dismissed/swiped 코드 저장. 화면 all_alarms_history_view._getHistoryText는 common l10n. assert/DB 계약과 내용은 사용자 안내가 아님.",정적 추적; 실제 기기는 NOT_RUN
lib/services/database_service.dart,941,유지(기능 조건/원본 데이터/진단/측정/주석),"historyText는 이어지는 print에만 전달, history row에는 dismissed/swiped 코드 저장. 화면 all_alarms_history_view._getHistoryText는 common l10n. assert/DB 계약과 내용은 사용자 안내가 아님.",정적 추적; 실제 기기는 NOT_RUN
lib/services/database_service.dart,957,유지(기능 조건/원본 데이터/진단/측정/주석),"historyText는 이어지는 print에만 전달, history row에는 dismissed/swiped 코드 저장. 화면 all_alarms_history_view._getHistoryText는 common l10n. assert/DB 계약과 내용은 사용자 안내가 아님.",정적 추적; 실제 기기는 NOT_RUN
lib/services/database_service.dart,997,유지(기능 조건/원본 데이터/진단/측정/주석),"historyText는 이어지는 print에만 전달, history row에는 dismissed/swiped 코드 저장. 화면 all_alarms_history_view._getHistoryText는 common l10n. assert/DB 계약과 내용은 사용자 안내가 아님.",정적 추적; 실제 기기는 NOT_RUN
lib/services/database_service.dart,1098,유지(기능 조건/원본 데이터/진단/측정/주석),"historyText는 이어지는 print에만 전달, history row에는 dismissed/swiped 코드 저장. 화면 all_alarms_history_view._getHistoryText는 common l10n. assert/DB 계약과 내용은 사용자 안내가 아님.",정적 추적; 실제 기기는 NOT_RUN
lib/services/database_service.dart,1274,유지(기능 조건/원본 데이터/진단/측정/주석),"historyText는 이어지는 print에만 전달, history row에는 dismissed/swiped 코드 저장. 화면 all_alarms_history_view._getHistoryText는 common l10n. assert/DB 계약과 내용은 사용자 안내가 아님.",정적 추적; 실제 기기는 NOT_RUN
lib/services/database_service.dart,1379,유지(기능 조건/원본 데이터/진단/측정/주석),"historyText는 이어지는 print에만 전달, history row에는 dismissed/swiped 코드 저장. 화면 all_alarms_history_view._getHistoryText는 common l10n. assert/DB 계약과 내용은 사용자 안내가 아님.",정적 추적; 실제 기기는 NOT_RUN
lib/services/database_service.dart,1385,유지(기능 조건/원본 데이터/진단/측정/주석),"historyText는 이어지는 print에만 전달, history row에는 dismissed/swiped 코드 저장. 화면 all_alarms_history_view._getHistoryText는 common l10n. assert/DB 계약과 내용은 사용자 안내가 아님.",정적 추적; 실제 기기는 NOT_RUN
lib/services/database_service.dart,1401,유지(기능 조건/원본 데이터/진단/측정/주석),"historyText는 이어지는 print에만 전달, history row에는 dismissed/swiped 코드 저장. 화면 all_alarms_history_view._getHistoryText는 common l10n. assert/DB 계약과 내용은 사용자 안내가 아님.",정적 추적; 실제 기기는 NOT_RUN
lib/services/database_service.dart,1478,유지(기능 조건/원본 데이터/진단/측정/주석),"historyText는 이어지는 print에만 전달, history row에는 dismissed/swiped 코드 저장. 화면 all_alarms_history_view._getHistoryText는 common l10n. assert/DB 계약과 내용은 사용자 안내가 아님.",정적 추적; 실제 기기는 NOT_RUN
lib/services/database_service.dart,1551,유지(기능 조건/원본 데이터/진단/측정/주석),"historyText는 이어지는 print에만 전달, history row에는 dismissed/swiped 코드 저장. 화면 all_alarms_history_view._getHistoryText는 common l10n. assert/DB 계약과 내용은 사용자 안내가 아님.",정적 추적; 실제 기기는 NOT_RUN
lib/services/database_service.dart,1687,유지(기능 조건/원본 데이터/진단/측정/주석),"historyText는 이어지는 print에만 전달, history row에는 dismissed/swiped 코드 저장. 화면 all_alarms_history_view._getHistoryText는 common l10n. assert/DB 계약과 내용은 사용자 안내가 아님.",정적 추적; 실제 기기는 NOT_RUN
lib/services/database_service.dart,1724,유지(기능 조건/원본 데이터/진단/측정/주석),"historyText는 이어지는 print에만 전달, history row에는 dismissed/swiped 코드 저장. 화면 all_alarms_history_view._getHistoryText는 common l10n. assert/DB 계약과 내용은 사용자 안내가 아님.",정적 추적; 실제 기기는 NOT_RUN
lib/services/db_migration_runner.dart,67,유지(기능 조건/원본 데이터/진단/측정/주석),print/debugPrint/Log 또는 내부 throw의 호출 위치. 제품 실패 표시에서는 외국어 localizedErrorDetail 사용. 기술 로그는 원인 보존.,정적 추적; 실제 기기는 NOT_RUN
lib/services/db_migration_runner.dart,70,유지(기능 조건/원본 데이터/진단/측정/주석),print/debugPrint/Log 또는 내부 throw의 호출 위치. 제품 실패 표시에서는 외국어 localizedErrorDetail 사용. 기술 로그는 원인 보존.,정적 추적; 실제 기기는 NOT_RUN
lib/services/db_migration_runner.dart,73,유지(기능 조건/원본 데이터/진단/측정/주석),print/debugPrint/Log 또는 내부 throw의 호출 위치. 제품 실패 표시에서는 외국어 localizedErrorDetail 사용. 기술 로그는 원인 보존.,정적 추적; 실제 기기는 NOT_RUN
lib/services/db_migration_runner.dart,77,유지(기능 조건/원본 데이터/진단/측정/주석),print/debugPrint/Log 또는 내부 throw의 호출 위치. 제품 실패 표시에서는 외국어 localizedErrorDetail 사용. 기술 로그는 원인 보존.,정적 추적; 실제 기기는 NOT_RUN
lib/services/db_migration_runner.dart,82,유지(기능 조건/원본 데이터/진단/측정/주석),print/debugPrint/Log 또는 내부 throw의 호출 위치. 제품 실패 표시에서는 외국어 localizedErrorDetail 사용. 기술 로그는 원인 보존.,정적 추적; 실제 기기는 NOT_RUN
lib/services/db_migration_runner.dart,87,유지(기능 조건/원본 데이터/진단/측정/주석),print/debugPrint/Log 또는 내부 throw의 호출 위치. 제품 실패 표시에서는 외국어 localizedErrorDetail 사용. 기술 로그는 원인 보존.,정적 추적; 실제 기기는 NOT_RUN
lib/services/db_migration_runner.dart,91,유지(기능 조건/원본 데이터/진단/측정/주석),print/debugPrint/Log 또는 내부 throw의 호출 위치. 제품 실패 표시에서는 외국어 localizedErrorDetail 사용. 기술 로그는 원인 보존.,정적 추적; 실제 기기는 NOT_RUN
lib/services/db_migration_runner.dart,94,유지(기능 조건/원본 데이터/진단/측정/주석),print/debugPrint/Log 또는 내부 throw의 호출 위치. 제품 실패 표시에서는 외국어 localizedErrorDetail 사용. 기술 로그는 원인 보존.,정적 추적; 실제 기기는 NOT_RUN
lib/services/db_migration_runner.dart,98,유지(기능 조건/원본 데이터/진단/측정/주석),print/debugPrint/Log 또는 내부 throw의 호출 위치. 제품 실패 표시에서는 외국어 localizedErrorDetail 사용. 기술 로그는 원인 보존.,정적 추적; 실제 기기는 NOT_RUN
lib/services/db_migration_runner.dart,106,유지(기능 조건/원본 데이터/진단/측정/주석),print/debugPrint/Log 또는 내부 throw의 호출 위치. 제품 실패 표시에서는 외국어 localizedErrorDetail 사용. 기술 로그는 원인 보존.,정적 추적; 실제 기기는 NOT_RUN
lib/services/db_migration_runner.dart,112,유지(기능 조건/원본 데이터/진단/측정/주석),print/debugPrint/Log 또는 내부 throw의 호출 위치. 제품 실패 표시에서는 외국어 localizedErrorDetail 사용. 기술 로그는 원인 보존.,정적 추적; 실제 기기는 NOT_RUN
lib/services/db_migration_runner.dart,124,유지(기능 조건/원본 데이터/진단/측정/주석),print/debugPrint/Log 또는 내부 throw의 호출 위치. 제품 실패 표시에서는 외국어 localizedErrorDetail 사용. 기술 로그는 원인 보존.,정적 추적; 실제 기기는 NOT_RUN
lib/services/db_migration_runner.dart,128,유지(기능 조건/원본 데이터/진단/측정/주석),print/debugPrint/Log 또는 내부 throw의 호출 위치. 제품 실패 표시에서는 외국어 localizedErrorDetail 사용. 기술 로그는 원인 보존.,정적 추적; 실제 기기는 NOT_RUN
lib/services/db_migration_runner.dart,133,유지(기능 조건/원본 데이터/진단/측정/주석),print/debugPrint/Log 또는 내부 throw의 호출 위치. 제품 실패 표시에서는 외국어 localizedErrorDetail 사용. 기술 로그는 원인 보존.,정적 추적; 실제 기기는 NOT_RUN
lib/services/db_migration_runner.dart,145,유지(기능 조건/원본 데이터/진단/측정/주석),print/debugPrint/Log 또는 내부 throw의 호출 위치. 제품 실패 표시에서는 외국어 localizedErrorDetail 사용. 기술 로그는 원인 보존.,정적 추적; 실제 기기는 NOT_RUN
lib/services/db_migration_runner.dart,155,유지(기능 조건/원본 데이터/진단/측정/주석),print/debugPrint/Log 또는 내부 throw의 호출 위치. 제품 실패 표시에서는 외국어 localizedErrorDetail 사용. 기술 로그는 원인 보존.,정적 추적; 실제 기기는 NOT_RUN
lib/services/db_migration_runner.dart,159,유지(기능 조건/원본 데이터/진단/측정/주석),print/debugPrint/Log 또는 내부 throw의 호출 위치. 제품 실패 표시에서는 외국어 localizedErrorDetail 사용. 기술 로그는 원인 보존.,정적 추적; 실제 기기는 NOT_RUN
lib/services/db_migration_runner.dart,178,유지(기능 조건/원본 데이터/진단/측정/주석),print/debugPrint/Log 또는 내부 throw의 호출 위치. 제품 실패 표시에서는 외국어 localizedErrorDetail 사용. 기술 로그는 원인 보존.,정적 추적; 실제 기기는 NOT_RUN
lib/services/db_migration_runner.dart,181,유지(기능 조건/원본 데이터/진단/측정/주석),print/debugPrint/Log 또는 내부 throw의 호출 위치. 제품 실패 표시에서는 외국어 localizedErrorDetail 사용. 기술 로그는 원인 보존.,정적 추적; 실제 기기는 NOT_RUN
lib/services/db_migration_runner.dart,191,유지(기능 조건/원본 데이터/진단/측정/주석),print/debugPrint/Log 또는 내부 throw의 호출 위치. 제품 실패 표시에서는 외국어 localizedErrorDetail 사용. 기술 로그는 원인 보존.,정적 추적; 실제 기기는 NOT_RUN
lib/services/db_migration_runner.dart,219,유지(기능 조건/원본 데이터/진단/측정/주석),print/debugPrint/Log 또는 내부 throw의 호출 위치. 제품 실패 표시에서는 외국어 localizedErrorDetail 사용. 기술 로그는 원인 보존.,정적 추적; 실제 기기는 NOT_RUN
lib/services/db_migration_runner.dart,234,유지(기능 조건/원본 데이터/진단/측정/주석),print/debugPrint/Log 또는 내부 throw의 호출 위치. 제품 실패 표시에서는 외국어 localizedErrorDetail 사용. 기술 로그는 원인 보존.,정적 추적; 실제 기기는 NOT_RUN
lib/services/firebase_bootstrap.dart,42,유지(기능 조건/원본 데이터/진단/측정/주석),print/debugPrint/Log 또는 내부 throw의 호출 위치. 제품 실패 표시에서는 외국어 localizedErrorDetail 사용. 기술 로그는 원인 보존.,정적 추적; 실제 기기는 NOT_RUN
lib/services/firebase_bootstrap.dart,47,유지(기능 조건/원본 데이터/진단/측정/주석),print/debugPrint/Log 또는 내부 throw의 호출 위치. 제품 실패 표시에서는 외국어 localizedErrorDetail 사용. 기술 로그는 원인 보존.,정적 추적; 실제 기기는 NOT_RUN
lib/services/firebase_bootstrap.dart,62,유지(기능 조건/원본 데이터/진단/측정/주석),print/debugPrint/Log 또는 내부 throw의 호출 위치. 제품 실패 표시에서는 외국어 localizedErrorDetail 사용. 기술 로그는 원인 보존.,정적 추적; 실제 기기는 NOT_RUN
lib/services/holiday_sync_service.dart,47,유지(기능 조건/원본 데이터/진단/측정/주석),print/debugPrint/Log 또는 내부 throw의 호출 위치. 제품 실패 표시에서는 외국어 localizedErrorDetail 사용. 기술 로그는 원인 보존.,정적 추적; 실제 기기는 NOT_RUN
lib/services/holiday_sync_service.dart,92,유지(기능 조건/원본 데이터/진단/측정/주석),print/debugPrint/Log 또는 내부 throw의 호출 위치. 제품 실패 표시에서는 외국어 localizedErrorDetail 사용. 기술 로그는 원인 보존.,정적 추적; 실제 기기는 NOT_RUN
lib/services/holiday_sync_service.dart,95,유지(기능 조건/원본 데이터/진단/측정/주석),print/debugPrint/Log 또는 내부 throw의 호출 위치. 제품 실패 표시에서는 외국어 localizedErrorDetail 사용. 기술 로그는 원인 보존.,정적 추적; 실제 기기는 NOT_RUN
lib/services/holiday_sync_service.dart,121,유지(기능 조건/원본 데이터/진단/측정/주석),print/debugPrint/Log 또는 내부 throw의 호출 위치. 제품 실패 표시에서는 외국어 localizedErrorDetail 사용. 기술 로그는 원인 보존.,정적 추적; 실제 기기는 NOT_RUN
lib/services/memo_category_classifier.dart,34,유지(기능 조건/원본 데이터/진단/측정/주석),한국어 형태소/관계어/키워드는 개인 일정 분류 엔진의 데이터. ScheduleManagementTab ko 래퍼와 F01 경로. 함수 진단 throw는 내부 오류로 UI 실패 문구와 구별. 사용자 메모를 덮어쓰지 않음.,정적 추적; 실제 기기는 NOT_RUN
lib/services/memo_category_classifier.dart,115,유지(기능 조건/원본 데이터/진단/측정/주석),한국어 형태소/관계어/키워드는 개인 일정 분류 엔진의 데이터. ScheduleManagementTab ko 래퍼와 F01 경로. 함수 진단 throw는 내부 오류로 UI 실패 문구와 구별. 사용자 메모를 덮어쓰지 않음.,정적 추적; 실제 기기는 NOT_RUN
lib/services/memo_category_classifier.dart,214,유지(기능 조건/원본 데이터/진단/측정/주석),한국어 형태소/관계어/키워드는 개인 일정 분류 엔진의 데이터. ScheduleManagementTab ko 래퍼와 F01 경로. 함수 진단 throw는 내부 오류로 UI 실패 문구와 구별. 사용자 메모를 덮어쓰지 않음.,정적 추적; 실제 기기는 NOT_RUN
lib/services/memo_category_classifier.dart,215,유지(기능 조건/원본 데이터/진단/측정/주석),한국어 형태소/관계어/키워드는 개인 일정 분류 엔진의 데이터. ScheduleManagementTab ko 래퍼와 F01 경로. 함수 진단 throw는 내부 오류로 UI 실패 문구와 구별. 사용자 메모를 덮어쓰지 않음.,정적 추적; 실제 기기는 NOT_RUN
lib/services/memo_category_classifier.dart,216,유지(기능 조건/원본 데이터/진단/측정/주석),한국어 형태소/관계어/키워드는 개인 일정 분류 엔진의 데이터. ScheduleManagementTab ko 래퍼와 F01 경로. 함수 진단 throw는 내부 오류로 UI 실패 문구와 구별. 사용자 메모를 덮어쓰지 않음.,정적 추적; 실제 기기는 NOT_RUN
lib/services/memo_category_classifier.dart,218,유지(기능 조건/원본 데이터/진단/측정/주석),한국어 형태소/관계어/키워드는 개인 일정 분류 엔진의 데이터. ScheduleManagementTab ko 래퍼와 F01 경로. 함수 진단 throw는 내부 오류로 UI 실패 문구와 구별. 사용자 메모를 덮어쓰지 않음.,정적 추적; 실제 기기는 NOT_RUN
lib/services/memo_category_classifier.dart,221,유지(기능 조건/원본 데이터/진단/측정/주석),한국어 형태소/관계어/키워드는 개인 일정 분류 엔진의 데이터. ScheduleManagementTab ko 래퍼와 F01 경로. 함수 진단 throw는 내부 오류로 UI 실패 문구와 구별. 사용자 메모를 덮어쓰지 않음.,정적 추적; 실제 기기는 NOT_RUN
lib/services/memo_category_classifier.dart,246,유지(기능 조건/원본 데이터/진단/측정/주석),한국어 형태소/관계어/키워드는 개인 일정 분류 엔진의 데이터. ScheduleManagementTab ko 래퍼와 F01 경로. 함수 진단 throw는 내부 오류로 UI 실패 문구와 구별. 사용자 메모를 덮어쓰지 않음.,정적 추적; 실제 기기는 NOT_RUN
lib/services/memo_category_classifier.dart,247,유지(기능 조건/원본 데이터/진단/측정/주석),한국어 형태소/관계어/키워드는 개인 일정 분류 엔진의 데이터. ScheduleManagementTab ko 래퍼와 F01 경로. 함수 진단 throw는 내부 오류로 UI 실패 문구와 구별. 사용자 메모를 덮어쓰지 않음.,정적 추적; 실제 기기는 NOT_RUN
lib/services/memo_category_classifier.dart,248,유지(기능 조건/원본 데이터/진단/측정/주석),한국어 형태소/관계어/키워드는 개인 일정 분류 엔진의 데이터. ScheduleManagementTab ko 래퍼와 F01 경로. 함수 진단 throw는 내부 오류로 UI 실패 문구와 구별. 사용자 메모를 덮어쓰지 않음.,정적 추적; 실제 기기는 NOT_RUN
lib/services/memo_category_classifier.dart,249,유지(기능 조건/원본 데이터/진단/측정/주석),한국어 형태소/관계어/키워드는 개인 일정 분류 엔진의 데이터. ScheduleManagementTab ko 래퍼와 F01 경로. 함수 진단 throw는 내부 오류로 UI 실패 문구와 구별. 사용자 메모를 덮어쓰지 않음.,정적 추적; 실제 기기는 NOT_RUN
lib/services/memo_category_classifier.dart,250,유지(기능 조건/원본 데이터/진단/측정/주석),한국어 형태소/관계어/키워드는 개인 일정 분류 엔진의 데이터. ScheduleManagementTab ko 래퍼와 F01 경로. 함수 진단 throw는 내부 오류로 UI 실패 문구와 구별. 사용자 메모를 덮어쓰지 않음.,정적 추적; 실제 기기는 NOT_RUN
lib/services/memo_category_classifier.dart,251,유지(기능 조건/원본 데이터/진단/측정/주석),한국어 형태소/관계어/키워드는 개인 일정 분류 엔진의 데이터. ScheduleManagementTab ko 래퍼와 F01 경로. 함수 진단 throw는 내부 오류로 UI 실패 문구와 구별. 사용자 메모를 덮어쓰지 않음.,정적 추적; 실제 기기는 NOT_RUN
lib/services/memo_category_classifier.dart,252,유지(기능 조건/원본 데이터/진단/측정/주석),한국어 형태소/관계어/키워드는 개인 일정 분류 엔진의 데이터. ScheduleManagementTab ko 래퍼와 F01 경로. 함수 진단 throw는 내부 오류로 UI 실패 문구와 구별. 사용자 메모를 덮어쓰지 않음.,정적 추적; 실제 기기는 NOT_RUN
lib/services/memo_category_classifier.dart,253,유지(기능 조건/원본 데이터/진단/측정/주석),한국어 형태소/관계어/키워드는 개인 일정 분류 엔진의 데이터. ScheduleManagementTab ko 래퍼와 F01 경로. 함수 진단 throw는 내부 오류로 UI 실패 문구와 구별. 사용자 메모를 덮어쓰지 않음.,정적 추적; 실제 기기는 NOT_RUN
lib/services/memo_category_classifier.dart,254,유지(기능 조건/원본 데이터/진단/측정/주석),한국어 형태소/관계어/키워드는 개인 일정 분류 엔진의 데이터. ScheduleManagementTab ko 래퍼와 F01 경로. 함수 진단 throw는 내부 오류로 UI 실패 문구와 구별. 사용자 메모를 덮어쓰지 않음.,정적 추적; 실제 기기는 NOT_RUN
lib/services/memo_category_classifier.dart,255,유지(기능 조건/원본 데이터/진단/측정/주석),한국어 형태소/관계어/키워드는 개인 일정 분류 엔진의 데이터. ScheduleManagementTab ko 래퍼와 F01 경로. 함수 진단 throw는 내부 오류로 UI 실패 문구와 구별. 사용자 메모를 덮어쓰지 않음.,정적 추적; 실제 기기는 NOT_RUN
lib/services/memo_category_classifier.dart,256,유지(기능 조건/원본 데이터/진단/측정/주석),한국어 형태소/관계어/키워드는 개인 일정 분류 엔진의 데이터. ScheduleManagementTab ko 래퍼와 F01 경로. 함수 진단 throw는 내부 오류로 UI 실패 문구와 구별. 사용자 메모를 덮어쓰지 않음.,정적 추적; 실제 기기는 NOT_RUN
lib/services/memo_category_classifier.dart,257,유지(기능 조건/원본 데이터/진단/측정/주석),한국어 형태소/관계어/키워드는 개인 일정 분류 엔진의 데이터. ScheduleManagementTab ko 래퍼와 F01 경로. 함수 진단 throw는 내부 오류로 UI 실패 문구와 구별. 사용자 메모를 덮어쓰지 않음.,정적 추적; 실제 기기는 NOT_RUN
lib/services/memo_category_classifier.dart,258,유지(기능 조건/원본 데이터/진단/측정/주석),한국어 형태소/관계어/키워드는 개인 일정 분류 엔진의 데이터. ScheduleManagementTab ko 래퍼와 F01 경로. 함수 진단 throw는 내부 오류로 UI 실패 문구와 구별. 사용자 메모를 덮어쓰지 않음.,정적 추적; 실제 기기는 NOT_RUN
lib/services/memo_category_classifier.dart,259,유지(기능 조건/원본 데이터/진단/측정/주석),한국어 형태소/관계어/키워드는 개인 일정 분류 엔진의 데이터. ScheduleManagementTab ko 래퍼와 F01 경로. 함수 진단 throw는 내부 오류로 UI 실패 문구와 구별. 사용자 메모를 덮어쓰지 않음.,정적 추적; 실제 기기는 NOT_RUN
lib/services/memo_category_classifier.dart,260,유지(기능 조건/원본 데이터/진단/측정/주석),한국어 형태소/관계어/키워드는 개인 일정 분류 엔진의 데이터. ScheduleManagementTab ko 래퍼와 F01 경로. 함수 진단 throw는 내부 오류로 UI 실패 문구와 구별. 사용자 메모를 덮어쓰지 않음.,정적 추적; 실제 기기는 NOT_RUN
lib/services/memo_category_classifier.dart,266,유지(기능 조건/원본 데이터/진단/측정/주석),한국어 형태소/관계어/키워드는 개인 일정 분류 엔진의 데이터. ScheduleManagementTab ko 래퍼와 F01 경로. 함수 진단 throw는 내부 오류로 UI 실패 문구와 구별. 사용자 메모를 덮어쓰지 않음.,정적 추적; 실제 기기는 NOT_RUN
lib/services/memo_category_classifier.dart,271,유지(기능 조건/원본 데이터/진단/측정/주석),한국어 형태소/관계어/키워드는 개인 일정 분류 엔진의 데이터. ScheduleManagementTab ko 래퍼와 F01 경로. 함수 진단 throw는 내부 오류로 UI 실패 문구와 구별. 사용자 메모를 덮어쓰지 않음.,정적 추적; 실제 기기는 NOT_RUN
lib/services/memo_category_classifier.dart,272,유지(기능 조건/원본 데이터/진단/측정/주석),한국어 형태소/관계어/키워드는 개인 일정 분류 엔진의 데이터. ScheduleManagementTab ko 래퍼와 F01 경로. 함수 진단 throw는 내부 오류로 UI 실패 문구와 구별. 사용자 메모를 덮어쓰지 않음.,정적 추적; 실제 기기는 NOT_RUN
lib/services/memo_category_classifier.dart,273,유지(기능 조건/원본 데이터/진단/측정/주석),한국어 형태소/관계어/키워드는 개인 일정 분류 엔진의 데이터. ScheduleManagementTab ko 래퍼와 F01 경로. 함수 진단 throw는 내부 오류로 UI 실패 문구와 구별. 사용자 메모를 덮어쓰지 않음.,정적 추적; 실제 기기는 NOT_RUN
lib/services/memo_category_classifier.dart,274,유지(기능 조건/원본 데이터/진단/측정/주석),한국어 형태소/관계어/키워드는 개인 일정 분류 엔진의 데이터. ScheduleManagementTab ko 래퍼와 F01 경로. 함수 진단 throw는 내부 오류로 UI 실패 문구와 구별. 사용자 메모를 덮어쓰지 않음.,정적 추적; 실제 기기는 NOT_RUN
lib/services/memo_category_classifier.dart,275,유지(기능 조건/원본 데이터/진단/측정/주석),한국어 형태소/관계어/키워드는 개인 일정 분류 엔진의 데이터. ScheduleManagementTab ko 래퍼와 F01 경로. 함수 진단 throw는 내부 오류로 UI 실패 문구와 구별. 사용자 메모를 덮어쓰지 않음.,정적 추적; 실제 기기는 NOT_RUN
lib/services/memo_category_classifier.dart,276,유지(기능 조건/원본 데이터/진단/측정/주석),한국어 형태소/관계어/키워드는 개인 일정 분류 엔진의 데이터. ScheduleManagementTab ko 래퍼와 F01 경로. 함수 진단 throw는 내부 오류로 UI 실패 문구와 구별. 사용자 메모를 덮어쓰지 않음.,정적 추적; 실제 기기는 NOT_RUN
lib/services/memo_category_classifier.dart,277,유지(기능 조건/원본 데이터/진단/측정/주석),한국어 형태소/관계어/키워드는 개인 일정 분류 엔진의 데이터. ScheduleManagementTab ko 래퍼와 F01 경로. 함수 진단 throw는 내부 오류로 UI 실패 문구와 구별. 사용자 메모를 덮어쓰지 않음.,정적 추적; 실제 기기는 NOT_RUN
lib/services/memo_category_classifier.dart,278,유지(기능 조건/원본 데이터/진단/측정/주석),한국어 형태소/관계어/키워드는 개인 일정 분류 엔진의 데이터. ScheduleManagementTab ko 래퍼와 F01 경로. 함수 진단 throw는 내부 오류로 UI 실패 문구와 구별. 사용자 메모를 덮어쓰지 않음.,정적 추적; 실제 기기는 NOT_RUN
lib/services/memo_category_classifier.dart,279,유지(기능 조건/원본 데이터/진단/측정/주석),한국어 형태소/관계어/키워드는 개인 일정 분류 엔진의 데이터. ScheduleManagementTab ko 래퍼와 F01 경로. 함수 진단 throw는 내부 오류로 UI 실패 문구와 구별. 사용자 메모를 덮어쓰지 않음.,정적 추적; 실제 기기는 NOT_RUN
lib/services/memo_category_classifier.dart,280,유지(기능 조건/원본 데이터/진단/측정/주석),한국어 형태소/관계어/키워드는 개인 일정 분류 엔진의 데이터. ScheduleManagementTab ko 래퍼와 F01 경로. 함수 진단 throw는 내부 오류로 UI 실패 문구와 구별. 사용자 메모를 덮어쓰지 않음.,정적 추적; 실제 기기는 NOT_RUN
lib/services/memo_category_classifier.dart,281,유지(기능 조건/원본 데이터/진단/측정/주석),한국어 형태소/관계어/키워드는 개인 일정 분류 엔진의 데이터. ScheduleManagementTab ko 래퍼와 F01 경로. 함수 진단 throw는 내부 오류로 UI 실패 문구와 구별. 사용자 메모를 덮어쓰지 않음.,정적 추적; 실제 기기는 NOT_RUN
lib/services/memo_category_classifier.dart,282,유지(기능 조건/원본 데이터/진단/측정/주석),한국어 형태소/관계어/키워드는 개인 일정 분류 엔진의 데이터. ScheduleManagementTab ko 래퍼와 F01 경로. 함수 진단 throw는 내부 오류로 UI 실패 문구와 구별. 사용자 메모를 덮어쓰지 않음.,정적 추적; 실제 기기는 NOT_RUN
lib/services/memo_category_classifier.dart,283,유지(기능 조건/원본 데이터/진단/측정/주석),한국어 형태소/관계어/키워드는 개인 일정 분류 엔진의 데이터. ScheduleManagementTab ko 래퍼와 F01 경로. 함수 진단 throw는 내부 오류로 UI 실패 문구와 구별. 사용자 메모를 덮어쓰지 않음.,정적 추적; 실제 기기는 NOT_RUN
lib/services/memo_category_classifier.dart,284,유지(기능 조건/원본 데이터/진단/측정/주석),한국어 형태소/관계어/키워드는 개인 일정 분류 엔진의 데이터. ScheduleManagementTab ko 래퍼와 F01 경로. 함수 진단 throw는 내부 오류로 UI 실패 문구와 구별. 사용자 메모를 덮어쓰지 않음.,정적 추적; 실제 기기는 NOT_RUN
lib/services/memo_category_classifier.dart,285,유지(기능 조건/원본 데이터/진단/측정/주석),한국어 형태소/관계어/키워드는 개인 일정 분류 엔진의 데이터. ScheduleManagementTab ko 래퍼와 F01 경로. 함수 진단 throw는 내부 오류로 UI 실패 문구와 구별. 사용자 메모를 덮어쓰지 않음.,정적 추적; 실제 기기는 NOT_RUN
lib/services/memo_category_classifier.dart,286,유지(기능 조건/원본 데이터/진단/측정/주석),한국어 형태소/관계어/키워드는 개인 일정 분류 엔진의 데이터. ScheduleManagementTab ko 래퍼와 F01 경로. 함수 진단 throw는 내부 오류로 UI 실패 문구와 구별. 사용자 메모를 덮어쓰지 않음.,정적 추적; 실제 기기는 NOT_RUN
lib/services/memo_category_classifier.dart,287,유지(기능 조건/원본 데이터/진단/측정/주석),한국어 형태소/관계어/키워드는 개인 일정 분류 엔진의 데이터. ScheduleManagementTab ko 래퍼와 F01 경로. 함수 진단 throw는 내부 오류로 UI 실패 문구와 구별. 사용자 메모를 덮어쓰지 않음.,정적 추적; 실제 기기는 NOT_RUN
lib/services/memo_category_classifier.dart,288,유지(기능 조건/원본 데이터/진단/측정/주석),한국어 형태소/관계어/키워드는 개인 일정 분류 엔진의 데이터. ScheduleManagementTab ko 래퍼와 F01 경로. 함수 진단 throw는 내부 오류로 UI 실패 문구와 구별. 사용자 메모를 덮어쓰지 않음.,정적 추적; 실제 기기는 NOT_RUN
lib/services/memo_category_classifier.dart,289,유지(기능 조건/원본 데이터/진단/측정/주석),한국어 형태소/관계어/키워드는 개인 일정 분류 엔진의 데이터. ScheduleManagementTab ko 래퍼와 F01 경로. 함수 진단 throw는 내부 오류로 UI 실패 문구와 구별. 사용자 메모를 덮어쓰지 않음.,정적 추적; 실제 기기는 NOT_RUN
lib/services/memo_category_classifier.dart,290,유지(기능 조건/원본 데이터/진단/측정/주석),한국어 형태소/관계어/키워드는 개인 일정 분류 엔진의 데이터. ScheduleManagementTab ko 래퍼와 F01 경로. 함수 진단 throw는 내부 오류로 UI 실패 문구와 구별. 사용자 메모를 덮어쓰지 않음.,정적 추적; 실제 기기는 NOT_RUN
lib/services/memo_category_classifier.dart,291,유지(기능 조건/원본 데이터/진단/측정/주석),한국어 형태소/관계어/키워드는 개인 일정 분류 엔진의 데이터. ScheduleManagementTab ko 래퍼와 F01 경로. 함수 진단 throw는 내부 오류로 UI 실패 문구와 구별. 사용자 메모를 덮어쓰지 않음.,정적 추적; 실제 기기는 NOT_RUN
lib/services/memo_category_classifier.dart,292,유지(기능 조건/원본 데이터/진단/측정/주석),한국어 형태소/관계어/키워드는 개인 일정 분류 엔진의 데이터. ScheduleManagementTab ko 래퍼와 F01 경로. 함수 진단 throw는 내부 오류로 UI 실패 문구와 구별. 사용자 메모를 덮어쓰지 않음.,정적 추적; 실제 기기는 NOT_RUN
lib/services/memo_category_classifier.dart,293,유지(기능 조건/원본 데이터/진단/측정/주석),한국어 형태소/관계어/키워드는 개인 일정 분류 엔진의 데이터. ScheduleManagementTab ko 래퍼와 F01 경로. 함수 진단 throw는 내부 오류로 UI 실패 문구와 구별. 사용자 메모를 덮어쓰지 않음.,정적 추적; 실제 기기는 NOT_RUN
lib/services/memo_category_classifier.dart,294,유지(기능 조건/원본 데이터/진단/측정/주석),한국어 형태소/관계어/키워드는 개인 일정 분류 엔진의 데이터. ScheduleManagementTab ko 래퍼와 F01 경로. 함수 진단 throw는 내부 오류로 UI 실패 문구와 구별. 사용자 메모를 덮어쓰지 않음.,정적 추적; 실제 기기는 NOT_RUN
lib/services/memo_category_classifier.dart,295,유지(기능 조건/원본 데이터/진단/측정/주석),한국어 형태소/관계어/키워드는 개인 일정 분류 엔진의 데이터. ScheduleManagementTab ko 래퍼와 F01 경로. 함수 진단 throw는 내부 오류로 UI 실패 문구와 구별. 사용자 메모를 덮어쓰지 않음.,정적 추적; 실제 기기는 NOT_RUN
lib/services/memo_category_classifier.dart,296,유지(기능 조건/원본 데이터/진단/측정/주석),한국어 형태소/관계어/키워드는 개인 일정 분류 엔진의 데이터. ScheduleManagementTab ko 래퍼와 F01 경로. 함수 진단 throw는 내부 오류로 UI 실패 문구와 구별. 사용자 메모를 덮어쓰지 않음.,정적 추적; 실제 기기는 NOT_RUN
lib/services/memo_category_classifier.dart,297,유지(기능 조건/원본 데이터/진단/측정/주석),한국어 형태소/관계어/키워드는 개인 일정 분류 엔진의 데이터. ScheduleManagementTab ko 래퍼와 F01 경로. 함수 진단 throw는 내부 오류로 UI 실패 문구와 구별. 사용자 메모를 덮어쓰지 않음.,정적 추적; 실제 기기는 NOT_RUN
lib/services/memo_category_classifier.dart,298,유지(기능 조건/원본 데이터/진단/측정/주석),한국어 형태소/관계어/키워드는 개인 일정 분류 엔진의 데이터. ScheduleManagementTab ko 래퍼와 F01 경로. 함수 진단 throw는 내부 오류로 UI 실패 문구와 구별. 사용자 메모를 덮어쓰지 않음.,정적 추적; 실제 기기는 NOT_RUN
lib/services/memo_category_classifier.dart,304,유지(기능 조건/원본 데이터/진단/측정/주석),한국어 형태소/관계어/키워드는 개인 일정 분류 엔진의 데이터. ScheduleManagementTab ko 래퍼와 F01 경로. 함수 진단 throw는 내부 오류로 UI 실패 문구와 구별. 사용자 메모를 덮어쓰지 않음.,정적 추적; 실제 기기는 NOT_RUN
lib/services/memo_category_classifier.dart,305,유지(기능 조건/원본 데이터/진단/측정/주석),한국어 형태소/관계어/키워드는 개인 일정 분류 엔진의 데이터. ScheduleManagementTab ko 래퍼와 F01 경로. 함수 진단 throw는 내부 오류로 UI 실패 문구와 구별. 사용자 메모를 덮어쓰지 않음.,정적 추적; 실제 기기는 NOT_RUN
lib/services/memo_category_classifier.dart,306,유지(기능 조건/원본 데이터/진단/측정/주석),한국어 형태소/관계어/키워드는 개인 일정 분류 엔진의 데이터. ScheduleManagementTab ko 래퍼와 F01 경로. 함수 진단 throw는 내부 오류로 UI 실패 문구와 구별. 사용자 메모를 덮어쓰지 않음.,정적 추적; 실제 기기는 NOT_RUN
lib/services/memo_category_classifier.dart,307,유지(기능 조건/원본 데이터/진단/측정/주석),한국어 형태소/관계어/키워드는 개인 일정 분류 엔진의 데이터. ScheduleManagementTab ko 래퍼와 F01 경로. 함수 진단 throw는 내부 오류로 UI 실패 문구와 구별. 사용자 메모를 덮어쓰지 않음.,정적 추적; 실제 기기는 NOT_RUN
lib/services/memo_category_classifier.dart,308,유지(기능 조건/원본 데이터/진단/측정/주석),한국어 형태소/관계어/키워드는 개인 일정 분류 엔진의 데이터. ScheduleManagementTab ko 래퍼와 F01 경로. 함수 진단 throw는 내부 오류로 UI 실패 문구와 구별. 사용자 메모를 덮어쓰지 않음.,정적 추적; 실제 기기는 NOT_RUN
lib/services/memo_category_classifier.dart,309,유지(기능 조건/원본 데이터/진단/측정/주석),한국어 형태소/관계어/키워드는 개인 일정 분류 엔진의 데이터. ScheduleManagementTab ko 래퍼와 F01 경로. 함수 진단 throw는 내부 오류로 UI 실패 문구와 구별. 사용자 메모를 덮어쓰지 않음.,정적 추적; 실제 기기는 NOT_RUN
lib/services/memo_category_classifier.dart,310,유지(기능 조건/원본 데이터/진단/측정/주석),한국어 형태소/관계어/키워드는 개인 일정 분류 엔진의 데이터. ScheduleManagementTab ko 래퍼와 F01 경로. 함수 진단 throw는 내부 오류로 UI 실패 문구와 구별. 사용자 메모를 덮어쓰지 않음.,정적 추적; 실제 기기는 NOT_RUN
lib/services/memo_category_classifier.dart,311,유지(기능 조건/원본 데이터/진단/측정/주석),한국어 형태소/관계어/키워드는 개인 일정 분류 엔진의 데이터. ScheduleManagementTab ko 래퍼와 F01 경로. 함수 진단 throw는 내부 오류로 UI 실패 문구와 구별. 사용자 메모를 덮어쓰지 않음.,정적 추적; 실제 기기는 NOT_RUN
lib/services/memo_category_classifier.dart,315,유지(기능 조건/원본 데이터/진단/측정/주석),한국어 형태소/관계어/키워드는 개인 일정 분류 엔진의 데이터. ScheduleManagementTab ko 래퍼와 F01 경로. 함수 진단 throw는 내부 오류로 UI 실패 문구와 구별. 사용자 메모를 덮어쓰지 않음.,정적 추적; 실제 기기는 NOT_RUN
lib/services/memo_category_classifier.dart,316,유지(기능 조건/원본 데이터/진단/측정/주석),한국어 형태소/관계어/키워드는 개인 일정 분류 엔진의 데이터. ScheduleManagementTab ko 래퍼와 F01 경로. 함수 진단 throw는 내부 오류로 UI 실패 문구와 구별. 사용자 메모를 덮어쓰지 않음.,정적 추적; 실제 기기는 NOT_RUN
lib/services/memo_category_classifier.dart,317,유지(기능 조건/원본 데이터/진단/측정/주석),한국어 형태소/관계어/키워드는 개인 일정 분류 엔진의 데이터. ScheduleManagementTab ko 래퍼와 F01 경로. 함수 진단 throw는 내부 오류로 UI 실패 문구와 구별. 사용자 메모를 덮어쓰지 않음.,정적 추적; 실제 기기는 NOT_RUN
lib/services/memo_category_classifier.dart,318,유지(기능 조건/원본 데이터/진단/측정/주석),한국어 형태소/관계어/키워드는 개인 일정 분류 엔진의 데이터. ScheduleManagementTab ko 래퍼와 F01 경로. 함수 진단 throw는 내부 오류로 UI 실패 문구와 구별. 사용자 메모를 덮어쓰지 않음.,정적 추적; 실제 기기는 NOT_RUN
lib/services/memo_category_classifier.dart,319,유지(기능 조건/원본 데이터/진단/측정/주석),한국어 형태소/관계어/키워드는 개인 일정 분류 엔진의 데이터. ScheduleManagementTab ko 래퍼와 F01 경로. 함수 진단 throw는 내부 오류로 UI 실패 문구와 구별. 사용자 메모를 덮어쓰지 않음.,정적 추적; 실제 기기는 NOT_RUN
lib/services/memo_category_classifier.dart,320,유지(기능 조건/원본 데이터/진단/측정/주석),한국어 형태소/관계어/키워드는 개인 일정 분류 엔진의 데이터. ScheduleManagementTab ko 래퍼와 F01 경로. 함수 진단 throw는 내부 오류로 UI 실패 문구와 구별. 사용자 메모를 덮어쓰지 않음.,정적 추적; 실제 기기는 NOT_RUN
lib/services/memo_category_classifier.dart,321,유지(기능 조건/원본 데이터/진단/측정/주석),한국어 형태소/관계어/키워드는 개인 일정 분류 엔진의 데이터. ScheduleManagementTab ko 래퍼와 F01 경로. 함수 진단 throw는 내부 오류로 UI 실패 문구와 구별. 사용자 메모를 덮어쓰지 않음.,정적 추적; 실제 기기는 NOT_RUN
lib/services/memo_category_classifier.dart,322,유지(기능 조건/원본 데이터/진단/측정/주석),한국어 형태소/관계어/키워드는 개인 일정 분류 엔진의 데이터. ScheduleManagementTab ko 래퍼와 F01 경로. 함수 진단 throw는 내부 오류로 UI 실패 문구와 구별. 사용자 메모를 덮어쓰지 않음.,정적 추적; 실제 기기는 NOT_RUN
lib/services/memo_category_classifier.dart,323,유지(기능 조건/원본 데이터/진단/측정/주석),한국어 형태소/관계어/키워드는 개인 일정 분류 엔진의 데이터. ScheduleManagementTab ko 래퍼와 F01 경로. 함수 진단 throw는 내부 오류로 UI 실패 문구와 구별. 사용자 메모를 덮어쓰지 않음.,정적 추적; 실제 기기는 NOT_RUN
lib/services/memo_category_classifier.dart,324,유지(기능 조건/원본 데이터/진단/측정/주석),한국어 형태소/관계어/키워드는 개인 일정 분류 엔진의 데이터. ScheduleManagementTab ko 래퍼와 F01 경로. 함수 진단 throw는 내부 오류로 UI 실패 문구와 구별. 사용자 메모를 덮어쓰지 않음.,정적 추적; 실제 기기는 NOT_RUN
lib/services/memo_category_classifier.dart,337,유지(기능 조건/원본 데이터/진단/측정/주석),한국어 형태소/관계어/키워드는 개인 일정 분류 엔진의 데이터. ScheduleManagementTab ko 래퍼와 F01 경로. 함수 진단 throw는 내부 오류로 UI 실패 문구와 구별. 사용자 메모를 덮어쓰지 않음.,정적 추적; 실제 기기는 NOT_RUN
lib/services/memo_category_classifier.dart,338,유지(기능 조건/원본 데이터/진단/측정/주석),한국어 형태소/관계어/키워드는 개인 일정 분류 엔진의 데이터. ScheduleManagementTab ko 래퍼와 F01 경로. 함수 진단 throw는 내부 오류로 UI 실패 문구와 구별. 사용자 메모를 덮어쓰지 않음.,정적 추적; 실제 기기는 NOT_RUN
lib/services/memo_category_classifier.dart,339,유지(기능 조건/원본 데이터/진단/측정/주석),한국어 형태소/관계어/키워드는 개인 일정 분류 엔진의 데이터. ScheduleManagementTab ko 래퍼와 F01 경로. 함수 진단 throw는 내부 오류로 UI 실패 문구와 구별. 사용자 메모를 덮어쓰지 않음.,정적 추적; 실제 기기는 NOT_RUN
lib/services/memo_category_classifier.dart,340,유지(기능 조건/원본 데이터/진단/측정/주석),한국어 형태소/관계어/키워드는 개인 일정 분류 엔진의 데이터. ScheduleManagementTab ko 래퍼와 F01 경로. 함수 진단 throw는 내부 오류로 UI 실패 문구와 구별. 사용자 메모를 덮어쓰지 않음.,정적 추적; 실제 기기는 NOT_RUN
lib/services/memo_category_classifier.dart,341,유지(기능 조건/원본 데이터/진단/측정/주석),한국어 형태소/관계어/키워드는 개인 일정 분류 엔진의 데이터. ScheduleManagementTab ko 래퍼와 F01 경로. 함수 진단 throw는 내부 오류로 UI 실패 문구와 구별. 사용자 메모를 덮어쓰지 않음.,정적 추적; 실제 기기는 NOT_RUN
lib/services/memo_category_classifier.dart,342,유지(기능 조건/원본 데이터/진단/측정/주석),한국어 형태소/관계어/키워드는 개인 일정 분류 엔진의 데이터. ScheduleManagementTab ko 래퍼와 F01 경로. 함수 진단 throw는 내부 오류로 UI 실패 문구와 구별. 사용자 메모를 덮어쓰지 않음.,정적 추적; 실제 기기는 NOT_RUN
lib/services/memo_category_classifier.dart,345,유지(기능 조건/원본 데이터/진단/측정/주석),한국어 형태소/관계어/키워드는 개인 일정 분류 엔진의 데이터. ScheduleManagementTab ko 래퍼와 F01 경로. 함수 진단 throw는 내부 오류로 UI 실패 문구와 구별. 사용자 메모를 덮어쓰지 않음.,정적 추적; 실제 기기는 NOT_RUN
lib/services/memo_category_classifier.dart,359,유지(기능 조건/원본 데이터/진단/측정/주석),한국어 형태소/관계어/키워드는 개인 일정 분류 엔진의 데이터. ScheduleManagementTab ko 래퍼와 F01 경로. 함수 진단 throw는 내부 오류로 UI 실패 문구와 구별. 사용자 메모를 덮어쓰지 않음.,정적 추적; 실제 기기는 NOT_RUN
lib/services/memo_category_classifier.dart,360,유지(기능 조건/원본 데이터/진단/측정/주석),한국어 형태소/관계어/키워드는 개인 일정 분류 엔진의 데이터. ScheduleManagementTab ko 래퍼와 F01 경로. 함수 진단 throw는 내부 오류로 UI 실패 문구와 구별. 사용자 메모를 덮어쓰지 않음.,정적 추적; 실제 기기는 NOT_RUN
lib/services/memo_category_classifier.dart,361,유지(기능 조건/원본 데이터/진단/측정/주석),한국어 형태소/관계어/키워드는 개인 일정 분류 엔진의 데이터. ScheduleManagementTab ko 래퍼와 F01 경로. 함수 진단 throw는 내부 오류로 UI 실패 문구와 구별. 사용자 메모를 덮어쓰지 않음.,정적 추적; 실제 기기는 NOT_RUN
lib/services/memo_category_classifier.dart,362,유지(기능 조건/원본 데이터/진단/측정/주석),한국어 형태소/관계어/키워드는 개인 일정 분류 엔진의 데이터. ScheduleManagementTab ko 래퍼와 F01 경로. 함수 진단 throw는 내부 오류로 UI 실패 문구와 구별. 사용자 메모를 덮어쓰지 않음.,정적 추적; 실제 기기는 NOT_RUN
lib/services/memo_category_classifier.dart,363,유지(기능 조건/원본 데이터/진단/측정/주석),한국어 형태소/관계어/키워드는 개인 일정 분류 엔진의 데이터. ScheduleManagementTab ko 래퍼와 F01 경로. 함수 진단 throw는 내부 오류로 UI 실패 문구와 구별. 사용자 메모를 덮어쓰지 않음.,정적 추적; 실제 기기는 NOT_RUN
lib/services/memo_category_classifier.dart,364,유지(기능 조건/원본 데이터/진단/측정/주석),한국어 형태소/관계어/키워드는 개인 일정 분류 엔진의 데이터. ScheduleManagementTab ko 래퍼와 F01 경로. 함수 진단 throw는 내부 오류로 UI 실패 문구와 구별. 사용자 메모를 덮어쓰지 않음.,정적 추적; 실제 기기는 NOT_RUN
lib/services/memo_category_classifier.dart,365,유지(기능 조건/원본 데이터/진단/측정/주석),한국어 형태소/관계어/키워드는 개인 일정 분류 엔진의 데이터. ScheduleManagementTab ko 래퍼와 F01 경로. 함수 진단 throw는 내부 오류로 UI 실패 문구와 구별. 사용자 메모를 덮어쓰지 않음.,정적 추적; 실제 기기는 NOT_RUN
lib/services/memo_category_classifier.dart,366,유지(기능 조건/원본 데이터/진단/측정/주석),한국어 형태소/관계어/키워드는 개인 일정 분류 엔진의 데이터. ScheduleManagementTab ko 래퍼와 F01 경로. 함수 진단 throw는 내부 오류로 UI 실패 문구와 구별. 사용자 메모를 덮어쓰지 않음.,정적 추적; 실제 기기는 NOT_RUN
lib/services/memo_category_classifier.dart,367,유지(기능 조건/원본 데이터/진단/측정/주석),한국어 형태소/관계어/키워드는 개인 일정 분류 엔진의 데이터. ScheduleManagementTab ko 래퍼와 F01 경로. 함수 진단 throw는 내부 오류로 UI 실패 문구와 구별. 사용자 메모를 덮어쓰지 않음.,정적 추적; 실제 기기는 NOT_RUN
lib/services/memo_category_classifier.dart,370,유지(기능 조건/원본 데이터/진단/측정/주석),한국어 형태소/관계어/키워드는 개인 일정 분류 엔진의 데이터. ScheduleManagementTab ko 래퍼와 F01 경로. 함수 진단 throw는 내부 오류로 UI 실패 문구와 구별. 사용자 메모를 덮어쓰지 않음.,정적 추적; 실제 기기는 NOT_RUN
lib/services/memo_category_classifier.dart,371,유지(기능 조건/원본 데이터/진단/측정/주석),한국어 형태소/관계어/키워드는 개인 일정 분류 엔진의 데이터. ScheduleManagementTab ko 래퍼와 F01 경로. 함수 진단 throw는 내부 오류로 UI 실패 문구와 구별. 사용자 메모를 덮어쓰지 않음.,정적 추적; 실제 기기는 NOT_RUN
lib/services/memo_category_classifier.dart,372,유지(기능 조건/원본 데이터/진단/측정/주석),한국어 형태소/관계어/키워드는 개인 일정 분류 엔진의 데이터. ScheduleManagementTab ko 래퍼와 F01 경로. 함수 진단 throw는 내부 오류로 UI 실패 문구와 구별. 사용자 메모를 덮어쓰지 않음.,정적 추적; 실제 기기는 NOT_RUN
lib/services/memo_category_classifier.dart,373,유지(기능 조건/원본 데이터/진단/측정/주석),한국어 형태소/관계어/키워드는 개인 일정 분류 엔진의 데이터. ScheduleManagementTab ko 래퍼와 F01 경로. 함수 진단 throw는 내부 오류로 UI 실패 문구와 구별. 사용자 메모를 덮어쓰지 않음.,정적 추적; 실제 기기는 NOT_RUN
lib/services/memo_category_classifier.dart,374,유지(기능 조건/원본 데이터/진단/측정/주석),한국어 형태소/관계어/키워드는 개인 일정 분류 엔진의 데이터. ScheduleManagementTab ko 래퍼와 F01 경로. 함수 진단 throw는 내부 오류로 UI 실패 문구와 구별. 사용자 메모를 덮어쓰지 않음.,정적 추적; 실제 기기는 NOT_RUN
lib/services/memo_category_classifier.dart,375,유지(기능 조건/원본 데이터/진단/측정/주석),한국어 형태소/관계어/키워드는 개인 일정 분류 엔진의 데이터. ScheduleManagementTab ko 래퍼와 F01 경로. 함수 진단 throw는 내부 오류로 UI 실패 문구와 구별. 사용자 메모를 덮어쓰지 않음.,정적 추적; 실제 기기는 NOT_RUN
lib/services/memo_category_classifier.dart,376,유지(기능 조건/원본 데이터/진단/측정/주석),한국어 형태소/관계어/키워드는 개인 일정 분류 엔진의 데이터. ScheduleManagementTab ko 래퍼와 F01 경로. 함수 진단 throw는 내부 오류로 UI 실패 문구와 구별. 사용자 메모를 덮어쓰지 않음.,정적 추적; 실제 기기는 NOT_RUN
lib/services/memo_category_classifier.dart,382,유지(기능 조건/원본 데이터/진단/측정/주석),한국어 형태소/관계어/키워드는 개인 일정 분류 엔진의 데이터. ScheduleManagementTab ko 래퍼와 F01 경로. 함수 진단 throw는 내부 오류로 UI 실패 문구와 구별. 사용자 메모를 덮어쓰지 않음.,정적 추적; 실제 기기는 NOT_RUN
lib/services/memo_category_classifier.dart,383,유지(기능 조건/원본 데이터/진단/측정/주석),한국어 형태소/관계어/키워드는 개인 일정 분류 엔진의 데이터. ScheduleManagementTab ko 래퍼와 F01 경로. 함수 진단 throw는 내부 오류로 UI 실패 문구와 구별. 사용자 메모를 덮어쓰지 않음.,정적 추적; 실제 기기는 NOT_RUN
lib/services/memo_category_classifier.dart,389,유지(기능 조건/원본 데이터/진단/측정/주석),한국어 형태소/관계어/키워드는 개인 일정 분류 엔진의 데이터. ScheduleManagementTab ko 래퍼와 F01 경로. 함수 진단 throw는 내부 오류로 UI 실패 문구와 구별. 사용자 메모를 덮어쓰지 않음.,정적 추적; 실제 기기는 NOT_RUN
lib/services/memo_category_classifier.dart,390,유지(기능 조건/원본 데이터/진단/측정/주석),한국어 형태소/관계어/키워드는 개인 일정 분류 엔진의 데이터. ScheduleManagementTab ko 래퍼와 F01 경로. 함수 진단 throw는 내부 오류로 UI 실패 문구와 구별. 사용자 메모를 덮어쓰지 않음.,정적 추적; 실제 기기는 NOT_RUN
lib/services/memo_category_classifier.dart,391,유지(기능 조건/원본 데이터/진단/측정/주석),한국어 형태소/관계어/키워드는 개인 일정 분류 엔진의 데이터. ScheduleManagementTab ko 래퍼와 F01 경로. 함수 진단 throw는 내부 오류로 UI 실패 문구와 구별. 사용자 메모를 덮어쓰지 않음.,정적 추적; 실제 기기는 NOT_RUN
lib/services/memo_category_classifier.dart,392,유지(기능 조건/원본 데이터/진단/측정/주석),한국어 형태소/관계어/키워드는 개인 일정 분류 엔진의 데이터. ScheduleManagementTab ko 래퍼와 F01 경로. 함수 진단 throw는 내부 오류로 UI 실패 문구와 구별. 사용자 메모를 덮어쓰지 않음.,정적 추적; 실제 기기는 NOT_RUN
lib/services/memo_category_classifier.dart,393,유지(기능 조건/원본 데이터/진단/측정/주석),한국어 형태소/관계어/키워드는 개인 일정 분류 엔진의 데이터. ScheduleManagementTab ko 래퍼와 F01 경로. 함수 진단 throw는 내부 오류로 UI 실패 문구와 구별. 사용자 메모를 덮어쓰지 않음.,정적 추적; 실제 기기는 NOT_RUN
lib/services/memo_category_classifier.dart,394,유지(기능 조건/원본 데이터/진단/측정/주석),한국어 형태소/관계어/키워드는 개인 일정 분류 엔진의 데이터. ScheduleManagementTab ko 래퍼와 F01 경로. 함수 진단 throw는 내부 오류로 UI 실패 문구와 구별. 사용자 메모를 덮어쓰지 않음.,정적 추적; 실제 기기는 NOT_RUN
lib/services/memo_category_classifier.dart,395,유지(기능 조건/원본 데이터/진단/측정/주석),한국어 형태소/관계어/키워드는 개인 일정 분류 엔진의 데이터. ScheduleManagementTab ko 래퍼와 F01 경로. 함수 진단 throw는 내부 오류로 UI 실패 문구와 구별. 사용자 메모를 덮어쓰지 않음.,정적 추적; 실제 기기는 NOT_RUN
lib/services/memo_category_classifier.dart,400,유지(기능 조건/원본 데이터/진단/측정/주석),한국어 형태소/관계어/키워드는 개인 일정 분류 엔진의 데이터. ScheduleManagementTab ko 래퍼와 F01 경로. 함수 진단 throw는 내부 오류로 UI 실패 문구와 구별. 사용자 메모를 덮어쓰지 않음.,정적 추적; 실제 기기는 NOT_RUN
lib/services/memo_category_classifier.dart,404,유지(기능 조건/원본 데이터/진단/측정/주석),한국어 형태소/관계어/키워드는 개인 일정 분류 엔진의 데이터. ScheduleManagementTab ko 래퍼와 F01 경로. 함수 진단 throw는 내부 오류로 UI 실패 문구와 구별. 사용자 메모를 덮어쓰지 않음.,정적 추적; 실제 기기는 NOT_RUN
lib/services/memo_category_classifier.dart,407,유지(기능 조건/원본 데이터/진단/측정/주석),한국어 형태소/관계어/키워드는 개인 일정 분류 엔진의 데이터. ScheduleManagementTab ko 래퍼와 F01 경로. 함수 진단 throw는 내부 오류로 UI 실패 문구와 구별. 사용자 메모를 덮어쓰지 않음.,정적 추적; 실제 기기는 NOT_RUN
lib/services/memo_category_classifier.dart,408,유지(기능 조건/원본 데이터/진단/측정/주석),한국어 형태소/관계어/키워드는 개인 일정 분류 엔진의 데이터. ScheduleManagementTab ko 래퍼와 F01 경로. 함수 진단 throw는 내부 오류로 UI 실패 문구와 구별. 사용자 메모를 덮어쓰지 않음.,정적 추적; 실제 기기는 NOT_RUN
lib/services/memo_category_classifier.dart,409,유지(기능 조건/원본 데이터/진단/측정/주석),한국어 형태소/관계어/키워드는 개인 일정 분류 엔진의 데이터. ScheduleManagementTab ko 래퍼와 F01 경로. 함수 진단 throw는 내부 오류로 UI 실패 문구와 구별. 사용자 메모를 덮어쓰지 않음.,정적 추적; 실제 기기는 NOT_RUN
lib/services/memo_category_classifier.dart,413,유지(기능 조건/원본 데이터/진단/측정/주석),한국어 형태소/관계어/키워드는 개인 일정 분류 엔진의 데이터. ScheduleManagementTab ko 래퍼와 F01 경로. 함수 진단 throw는 내부 오류로 UI 실패 문구와 구별. 사용자 메모를 덮어쓰지 않음.,정적 추적; 실제 기기는 NOT_RUN
lib/services/memo_category_classifier.dart,416,유지(기능 조건/원본 데이터/진단/측정/주석),한국어 형태소/관계어/키워드는 개인 일정 분류 엔진의 데이터. ScheduleManagementTab ko 래퍼와 F01 경로. 함수 진단 throw는 내부 오류로 UI 실패 문구와 구별. 사용자 메모를 덮어쓰지 않음.,정적 추적; 실제 기기는 NOT_RUN
lib/services/memo_category_classifier.dart,417,유지(기능 조건/원본 데이터/진단/측정/주석),한국어 형태소/관계어/키워드는 개인 일정 분류 엔진의 데이터. ScheduleManagementTab ko 래퍼와 F01 경로. 함수 진단 throw는 내부 오류로 UI 실패 문구와 구별. 사용자 메모를 덮어쓰지 않음.,정적 추적; 실제 기기는 NOT_RUN
lib/services/memo_category_classifier.dart,418,유지(기능 조건/원본 데이터/진단/측정/주석),한국어 형태소/관계어/키워드는 개인 일정 분류 엔진의 데이터. ScheduleManagementTab ko 래퍼와 F01 경로. 함수 진단 throw는 내부 오류로 UI 실패 문구와 구별. 사용자 메모를 덮어쓰지 않음.,정적 추적; 실제 기기는 NOT_RUN
lib/services/memo_category_classifier.dart,421,유지(기능 조건/원본 데이터/진단/측정/주석),한국어 형태소/관계어/키워드는 개인 일정 분류 엔진의 데이터. ScheduleManagementTab ko 래퍼와 F01 경로. 함수 진단 throw는 내부 오류로 UI 실패 문구와 구별. 사용자 메모를 덮어쓰지 않음.,정적 추적; 실제 기기는 NOT_RUN
lib/services/memo_category_classifier.dart,423,유지(기능 조건/원본 데이터/진단/측정/주석),한국어 형태소/관계어/키워드는 개인 일정 분류 엔진의 데이터. ScheduleManagementTab ko 래퍼와 F01 경로. 함수 진단 throw는 내부 오류로 UI 실패 문구와 구별. 사용자 메모를 덮어쓰지 않음.,정적 추적; 실제 기기는 NOT_RUN
lib/services/memo_category_classifier.dart,424,유지(기능 조건/원본 데이터/진단/측정/주석),한국어 형태소/관계어/키워드는 개인 일정 분류 엔진의 데이터. ScheduleManagementTab ko 래퍼와 F01 경로. 함수 진단 throw는 내부 오류로 UI 실패 문구와 구별. 사용자 메모를 덮어쓰지 않음.,정적 추적; 실제 기기는 NOT_RUN
lib/services/memo_category_classifier.dart,425,유지(기능 조건/원본 데이터/진단/측정/주석),한국어 형태소/관계어/키워드는 개인 일정 분류 엔진의 데이터. ScheduleManagementTab ko 래퍼와 F01 경로. 함수 진단 throw는 내부 오류로 UI 실패 문구와 구별. 사용자 메모를 덮어쓰지 않음.,정적 추적; 실제 기기는 NOT_RUN
lib/services/memo_category_classifier.dart,426,유지(기능 조건/원본 데이터/진단/측정/주석),한국어 형태소/관계어/키워드는 개인 일정 분류 엔진의 데이터. ScheduleManagementTab ko 래퍼와 F01 경로. 함수 진단 throw는 내부 오류로 UI 실패 문구와 구별. 사용자 메모를 덮어쓰지 않음.,정적 추적; 실제 기기는 NOT_RUN
lib/services/memo_category_classifier.dart,427,유지(기능 조건/원본 데이터/진단/측정/주석),한국어 형태소/관계어/키워드는 개인 일정 분류 엔진의 데이터. ScheduleManagementTab ko 래퍼와 F01 경로. 함수 진단 throw는 내부 오류로 UI 실패 문구와 구별. 사용자 메모를 덮어쓰지 않음.,정적 추적; 실제 기기는 NOT_RUN
lib/services/memo_category_classifier.dart,428,유지(기능 조건/원본 데이터/진단/측정/주석),한국어 형태소/관계어/키워드는 개인 일정 분류 엔진의 데이터. ScheduleManagementTab ko 래퍼와 F01 경로. 함수 진단 throw는 내부 오류로 UI 실패 문구와 구별. 사용자 메모를 덮어쓰지 않음.,정적 추적; 실제 기기는 NOT_RUN
lib/services/memo_category_classifier.dart,429,유지(기능 조건/원본 데이터/진단/측정/주석),한국어 형태소/관계어/키워드는 개인 일정 분류 엔진의 데이터. ScheduleManagementTab ko 래퍼와 F01 경로. 함수 진단 throw는 내부 오류로 UI 실패 문구와 구별. 사용자 메모를 덮어쓰지 않음.,정적 추적; 실제 기기는 NOT_RUN
lib/services/memo_category_classifier.dart,430,유지(기능 조건/원본 데이터/진단/측정/주석),한국어 형태소/관계어/키워드는 개인 일정 분류 엔진의 데이터. ScheduleManagementTab ko 래퍼와 F01 경로. 함수 진단 throw는 내부 오류로 UI 실패 문구와 구별. 사용자 메모를 덮어쓰지 않음.,정적 추적; 실제 기기는 NOT_RUN
lib/services/memo_category_classifier.dart,433,유지(기능 조건/원본 데이터/진단/측정/주석),한국어 형태소/관계어/키워드는 개인 일정 분류 엔진의 데이터. ScheduleManagementTab ko 래퍼와 F01 경로. 함수 진단 throw는 내부 오류로 UI 실패 문구와 구별. 사용자 메모를 덮어쓰지 않음.,정적 추적; 실제 기기는 NOT_RUN
lib/services/memo_category_classifier.dart,434,유지(기능 조건/원본 데이터/진단/측정/주석),한국어 형태소/관계어/키워드는 개인 일정 분류 엔진의 데이터. ScheduleManagementTab ko 래퍼와 F01 경로. 함수 진단 throw는 내부 오류로 UI 실패 문구와 구별. 사용자 메모를 덮어쓰지 않음.,정적 추적; 실제 기기는 NOT_RUN
lib/services/memo_category_classifier.dart,435,유지(기능 조건/원본 데이터/진단/측정/주석),한국어 형태소/관계어/키워드는 개인 일정 분류 엔진의 데이터. ScheduleManagementTab ko 래퍼와 F01 경로. 함수 진단 throw는 내부 오류로 UI 실패 문구와 구별. 사용자 메모를 덮어쓰지 않음.,정적 추적; 실제 기기는 NOT_RUN
lib/services/memo_category_classifier.dart,436,유지(기능 조건/원본 데이터/진단/측정/주석),한국어 형태소/관계어/키워드는 개인 일정 분류 엔진의 데이터. ScheduleManagementTab ko 래퍼와 F01 경로. 함수 진단 throw는 내부 오류로 UI 실패 문구와 구별. 사용자 메모를 덮어쓰지 않음.,정적 추적; 실제 기기는 NOT_RUN
lib/services/memo_category_classifier.dart,437,유지(기능 조건/원본 데이터/진단/측정/주석),한국어 형태소/관계어/키워드는 개인 일정 분류 엔진의 데이터. ScheduleManagementTab ko 래퍼와 F01 경로. 함수 진단 throw는 내부 오류로 UI 실패 문구와 구별. 사용자 메모를 덮어쓰지 않음.,정적 추적; 실제 기기는 NOT_RUN
lib/services/memo_category_classifier.dart,438,유지(기능 조건/원본 데이터/진단/측정/주석),한국어 형태소/관계어/키워드는 개인 일정 분류 엔진의 데이터. ScheduleManagementTab ko 래퍼와 F01 경로. 함수 진단 throw는 내부 오류로 UI 실패 문구와 구별. 사용자 메모를 덮어쓰지 않음.,정적 추적; 실제 기기는 NOT_RUN
lib/services/memo_category_classifier.dart,439,유지(기능 조건/원본 데이터/진단/측정/주석),한국어 형태소/관계어/키워드는 개인 일정 분류 엔진의 데이터. ScheduleManagementTab ko 래퍼와 F01 경로. 함수 진단 throw는 내부 오류로 UI 실패 문구와 구별. 사용자 메모를 덮어쓰지 않음.,정적 추적; 실제 기기는 NOT_RUN
lib/services/memo_category_classifier.dart,441,유지(기능 조건/원본 데이터/진단/측정/주석),한국어 형태소/관계어/키워드는 개인 일정 분류 엔진의 데이터. ScheduleManagementTab ko 래퍼와 F01 경로. 함수 진단 throw는 내부 오류로 UI 실패 문구와 구별. 사용자 메모를 덮어쓰지 않음.,정적 추적; 실제 기기는 NOT_RUN
lib/services/memo_category_classifier.dart,442,유지(기능 조건/원본 데이터/진단/측정/주석),한국어 형태소/관계어/키워드는 개인 일정 분류 엔진의 데이터. ScheduleManagementTab ko 래퍼와 F01 경로. 함수 진단 throw는 내부 오류로 UI 실패 문구와 구별. 사용자 메모를 덮어쓰지 않음.,정적 추적; 실제 기기는 NOT_RUN
lib/services/memo_category_classifier.dart,443,유지(기능 조건/원본 데이터/진단/측정/주석),한국어 형태소/관계어/키워드는 개인 일정 분류 엔진의 데이터. ScheduleManagementTab ko 래퍼와 F01 경로. 함수 진단 throw는 내부 오류로 UI 실패 문구와 구별. 사용자 메모를 덮어쓰지 않음.,정적 추적; 실제 기기는 NOT_RUN
lib/services/memo_category_classifier.dart,446,유지(기능 조건/원본 데이터/진단/측정/주석),한국어 형태소/관계어/키워드는 개인 일정 분류 엔진의 데이터. ScheduleManagementTab ko 래퍼와 F01 경로. 함수 진단 throw는 내부 오류로 UI 실패 문구와 구별. 사용자 메모를 덮어쓰지 않음.,정적 추적; 실제 기기는 NOT_RUN
lib/services/memo_category_classifier.dart,447,유지(기능 조건/원본 데이터/진단/측정/주석),한국어 형태소/관계어/키워드는 개인 일정 분류 엔진의 데이터. ScheduleManagementTab ko 래퍼와 F01 경로. 함수 진단 throw는 내부 오류로 UI 실패 문구와 구별. 사용자 메모를 덮어쓰지 않음.,정적 추적; 실제 기기는 NOT_RUN
lib/services/memo_category_classifier.dart,460,유지(기능 조건/원본 데이터/진단/측정/주석),한국어 형태소/관계어/키워드는 개인 일정 분류 엔진의 데이터. ScheduleManagementTab ko 래퍼와 F01 경로. 함수 진단 throw는 내부 오류로 UI 실패 문구와 구별. 사용자 메모를 덮어쓰지 않음.,정적 추적; 실제 기기는 NOT_RUN
lib/services/memo_category_classifier.dart,463,유지(기능 조건/원본 데이터/진단/측정/주석),한국어 형태소/관계어/키워드는 개인 일정 분류 엔진의 데이터. ScheduleManagementTab ko 래퍼와 F01 경로. 함수 진단 throw는 내부 오류로 UI 실패 문구와 구별. 사용자 메모를 덮어쓰지 않음.,정적 추적; 실제 기기는 NOT_RUN
lib/services/memo_category_classifier.dart,464,유지(기능 조건/원본 데이터/진단/측정/주석),한국어 형태소/관계어/키워드는 개인 일정 분류 엔진의 데이터. ScheduleManagementTab ko 래퍼와 F01 경로. 함수 진단 throw는 내부 오류로 UI 실패 문구와 구별. 사용자 메모를 덮어쓰지 않음.,정적 추적; 실제 기기는 NOT_RUN
lib/services/memo_category_classifier.dart,465,유지(기능 조건/원본 데이터/진단/측정/주석),한국어 형태소/관계어/키워드는 개인 일정 분류 엔진의 데이터. ScheduleManagementTab ko 래퍼와 F01 경로. 함수 진단 throw는 내부 오류로 UI 실패 문구와 구별. 사용자 메모를 덮어쓰지 않음.,정적 추적; 실제 기기는 NOT_RUN
lib/services/memo_category_classifier.dart,466,유지(기능 조건/원본 데이터/진단/측정/주석),한국어 형태소/관계어/키워드는 개인 일정 분류 엔진의 데이터. ScheduleManagementTab ko 래퍼와 F01 경로. 함수 진단 throw는 내부 오류로 UI 실패 문구와 구별. 사용자 메모를 덮어쓰지 않음.,정적 추적; 실제 기기는 NOT_RUN
lib/services/memo_category_classifier.dart,468,유지(기능 조건/원본 데이터/진단/측정/주석),한국어 형태소/관계어/키워드는 개인 일정 분류 엔진의 데이터. ScheduleManagementTab ko 래퍼와 F01 경로. 함수 진단 throw는 내부 오류로 UI 실패 문구와 구별. 사용자 메모를 덮어쓰지 않음.,정적 추적; 실제 기기는 NOT_RUN
lib/services/memo_category_classifier.dart,472,유지(기능 조건/원본 데이터/진단/측정/주석),한국어 형태소/관계어/키워드는 개인 일정 분류 엔진의 데이터. ScheduleManagementTab ko 래퍼와 F01 경로. 함수 진단 throw는 내부 오류로 UI 실패 문구와 구별. 사용자 메모를 덮어쓰지 않음.,정적 추적; 실제 기기는 NOT_RUN
lib/services/memo_category_classifier.dart,488,유지(기능 조건/원본 데이터/진단/측정/주석),한국어 형태소/관계어/키워드는 개인 일정 분류 엔진의 데이터. ScheduleManagementTab ko 래퍼와 F01 경로. 함수 진단 throw는 내부 오류로 UI 실패 문구와 구별. 사용자 메모를 덮어쓰지 않음.,정적 추적; 실제 기기는 NOT_RUN
lib/services/memo_category_classifier.dart,499,유지(기능 조건/원본 데이터/진단/측정/주석),한국어 형태소/관계어/키워드는 개인 일정 분류 엔진의 데이터. ScheduleManagementTab ko 래퍼와 F01 경로. 함수 진단 throw는 내부 오류로 UI 실패 문구와 구별. 사용자 메모를 덮어쓰지 않음.,정적 추적; 실제 기기는 NOT_RUN
lib/services/memo_category_classifier.dart,501,유지(기능 조건/원본 데이터/진단/측정/주석),한국어 형태소/관계어/키워드는 개인 일정 분류 엔진의 데이터. ScheduleManagementTab ko 래퍼와 F01 경로. 함수 진단 throw는 내부 오류로 UI 실패 문구와 구별. 사용자 메모를 덮어쓰지 않음.,정적 추적; 실제 기기는 NOT_RUN
lib/services/memo_category_classifier.dart,502,유지(기능 조건/원본 데이터/진단/측정/주석),한국어 형태소/관계어/키워드는 개인 일정 분류 엔진의 데이터. ScheduleManagementTab ko 래퍼와 F01 경로. 함수 진단 throw는 내부 오류로 UI 실패 문구와 구별. 사용자 메모를 덮어쓰지 않음.,정적 추적; 실제 기기는 NOT_RUN
lib/services/memo_category_classifier.dart,503,유지(기능 조건/원본 데이터/진단/측정/주석),한국어 형태소/관계어/키워드는 개인 일정 분류 엔진의 데이터. ScheduleManagementTab ko 래퍼와 F01 경로. 함수 진단 throw는 내부 오류로 UI 실패 문구와 구별. 사용자 메모를 덮어쓰지 않음.,정적 추적; 실제 기기는 NOT_RUN
lib/services/memo_category_classifier.dart,504,유지(기능 조건/원본 데이터/진단/측정/주석),한국어 형태소/관계어/키워드는 개인 일정 분류 엔진의 데이터. ScheduleManagementTab ko 래퍼와 F01 경로. 함수 진단 throw는 내부 오류로 UI 실패 문구와 구별. 사용자 메모를 덮어쓰지 않음.,정적 추적; 실제 기기는 NOT_RUN
lib/services/memo_category_classifier.dart,505,유지(기능 조건/원본 데이터/진단/측정/주석),한국어 형태소/관계어/키워드는 개인 일정 분류 엔진의 데이터. ScheduleManagementTab ko 래퍼와 F01 경로. 함수 진단 throw는 내부 오류로 UI 실패 문구와 구별. 사용자 메모를 덮어쓰지 않음.,정적 추적; 실제 기기는 NOT_RUN
lib/services/memo_category_classifier.dart,506,유지(기능 조건/원본 데이터/진단/측정/주석),한국어 형태소/관계어/키워드는 개인 일정 분류 엔진의 데이터. ScheduleManagementTab ko 래퍼와 F01 경로. 함수 진단 throw는 내부 오류로 UI 실패 문구와 구별. 사용자 메모를 덮어쓰지 않음.,정적 추적; 실제 기기는 NOT_RUN
lib/services/memo_category_classifier.dart,507,유지(기능 조건/원본 데이터/진단/측정/주석),한국어 형태소/관계어/키워드는 개인 일정 분류 엔진의 데이터. ScheduleManagementTab ko 래퍼와 F01 경로. 함수 진단 throw는 내부 오류로 UI 실패 문구와 구별. 사용자 메모를 덮어쓰지 않음.,정적 추적; 실제 기기는 NOT_RUN
lib/services/memo_category_classifier.dart,512,유지(기능 조건/원본 데이터/진단/측정/주석),한국어 형태소/관계어/키워드는 개인 일정 분류 엔진의 데이터. ScheduleManagementTab ko 래퍼와 F01 경로. 함수 진단 throw는 내부 오류로 UI 실패 문구와 구별. 사용자 메모를 덮어쓰지 않음.,정적 추적; 실제 기기는 NOT_RUN
lib/services/memo_category_classifier.dart,522,유지(기능 조건/원본 데이터/진단/측정/주석),한국어 형태소/관계어/키워드는 개인 일정 분류 엔진의 데이터. ScheduleManagementTab ko 래퍼와 F01 경로. 함수 진단 throw는 내부 오류로 UI 실패 문구와 구별. 사용자 메모를 덮어쓰지 않음.,정적 추적; 실제 기기는 NOT_RUN
lib/services/memo_category_classifier.dart,581,유지(기능 조건/원본 데이터/진단/측정/주석),한국어 형태소/관계어/키워드는 개인 일정 분류 엔진의 데이터. ScheduleManagementTab ko 래퍼와 F01 경로. 함수 진단 throw는 내부 오류로 UI 실패 문구와 구별. 사용자 메모를 덮어쓰지 않음.,정적 추적; 실제 기기는 NOT_RUN
lib/services/memo_category_classifier.dart,587,유지(기능 조건/원본 데이터/진단/측정/주석),한국어 형태소/관계어/키워드는 개인 일정 분류 엔진의 데이터. ScheduleManagementTab ko 래퍼와 F01 경로. 함수 진단 throw는 내부 오류로 UI 실패 문구와 구별. 사용자 메모를 덮어쓰지 않음.,정적 추적; 실제 기기는 NOT_RUN
lib/services/memo_category_classifier.dart,588,유지(기능 조건/원본 데이터/진단/측정/주석),한국어 형태소/관계어/키워드는 개인 일정 분류 엔진의 데이터. ScheduleManagementTab ko 래퍼와 F01 경로. 함수 진단 throw는 내부 오류로 UI 실패 문구와 구별. 사용자 메모를 덮어쓰지 않음.,정적 추적; 실제 기기는 NOT_RUN
lib/services/memo_category_classifier.dart,589,유지(기능 조건/원본 데이터/진단/측정/주석),한국어 형태소/관계어/키워드는 개인 일정 분류 엔진의 데이터. ScheduleManagementTab ko 래퍼와 F01 경로. 함수 진단 throw는 내부 오류로 UI 실패 문구와 구별. 사용자 메모를 덮어쓰지 않음.,정적 추적; 실제 기기는 NOT_RUN
lib/services/memo_category_classifier.dart,590,유지(기능 조건/원본 데이터/진단/측정/주석),한국어 형태소/관계어/키워드는 개인 일정 분류 엔진의 데이터. ScheduleManagementTab ko 래퍼와 F01 경로. 함수 진단 throw는 내부 오류로 UI 실패 문구와 구별. 사용자 메모를 덮어쓰지 않음.,정적 추적; 실제 기기는 NOT_RUN
lib/services/memo_category_classifier.dart,591,유지(기능 조건/원본 데이터/진단/측정/주석),한국어 형태소/관계어/키워드는 개인 일정 분류 엔진의 데이터. ScheduleManagementTab ko 래퍼와 F01 경로. 함수 진단 throw는 내부 오류로 UI 실패 문구와 구별. 사용자 메모를 덮어쓰지 않음.,정적 추적; 실제 기기는 NOT_RUN
lib/services/memo_category_classifier.dart,592,유지(기능 조건/원본 데이터/진단/측정/주석),한국어 형태소/관계어/키워드는 개인 일정 분류 엔진의 데이터. ScheduleManagementTab ko 래퍼와 F01 경로. 함수 진단 throw는 내부 오류로 UI 실패 문구와 구별. 사용자 메모를 덮어쓰지 않음.,정적 추적; 실제 기기는 NOT_RUN
lib/services/memo_category_classifier.dart,593,유지(기능 조건/원본 데이터/진단/측정/주석),한국어 형태소/관계어/키워드는 개인 일정 분류 엔진의 데이터. ScheduleManagementTab ko 래퍼와 F01 경로. 함수 진단 throw는 내부 오류로 UI 실패 문구와 구별. 사용자 메모를 덮어쓰지 않음.,정적 추적; 실제 기기는 NOT_RUN
lib/services/memo_category_classifier.dart,594,유지(기능 조건/원본 데이터/진단/측정/주석),한국어 형태소/관계어/키워드는 개인 일정 분류 엔진의 데이터. ScheduleManagementTab ko 래퍼와 F01 경로. 함수 진단 throw는 내부 오류로 UI 실패 문구와 구별. 사용자 메모를 덮어쓰지 않음.,정적 추적; 실제 기기는 NOT_RUN
lib/services/memo_category_classifier.dart,595,유지(기능 조건/원본 데이터/진단/측정/주석),한국어 형태소/관계어/키워드는 개인 일정 분류 엔진의 데이터. ScheduleManagementTab ko 래퍼와 F01 경로. 함수 진단 throw는 내부 오류로 UI 실패 문구와 구별. 사용자 메모를 덮어쓰지 않음.,정적 추적; 실제 기기는 NOT_RUN
lib/services/memo_category_classifier.dart,713,유지(기능 조건/원본 데이터/진단/측정/주석),한국어 형태소/관계어/키워드는 개인 일정 분류 엔진의 데이터. ScheduleManagementTab ko 래퍼와 F01 경로. 함수 진단 throw는 내부 오류로 UI 실패 문구와 구별. 사용자 메모를 덮어쓰지 않음.,정적 추적; 실제 기기는 NOT_RUN
lib/services/memo_category_classifier.dart,717,유지(기능 조건/원본 데이터/진단/측정/주석),한국어 형태소/관계어/키워드는 개인 일정 분류 엔진의 데이터. ScheduleManagementTab ko 래퍼와 F01 경로. 함수 진단 throw는 내부 오류로 UI 실패 문구와 구별. 사용자 메모를 덮어쓰지 않음.,정적 추적; 실제 기기는 NOT_RUN
lib/services/restore_coordinator.dart,136,유지(기능 조건/원본 데이터/진단/측정/주석),print/debugPrint/Log 또는 내부 throw의 호출 위치. 제품 실패 표시에서는 외국어 localizedErrorDetail 사용. 기술 로그는 원인 보존.,정적 추적; 실제 기기는 NOT_RUN
lib/services/restore_coordinator.dart,186,유지(기능 조건/원본 데이터/진단/측정/주석),print/debugPrint/Log 또는 내부 throw의 호출 위치. 제품 실패 표시에서는 외국어 localizedErrorDetail 사용. 기술 로그는 원인 보존.,정적 추적; 실제 기기는 NOT_RUN
lib/services/restore_coordinator.dart,233,유지(기능 조건/원본 데이터/진단/측정/주석),print/debugPrint/Log 또는 내부 throw의 호출 위치. 제품 실패 표시에서는 외국어 localizedErrorDetail 사용. 기술 로그는 원인 보존.,정적 추적; 실제 기기는 NOT_RUN
lib/services/restore_coordinator.dart,274,유지(기능 조건/원본 데이터/진단/측정/주석),print/debugPrint/Log 또는 내부 throw의 호출 위치. 제품 실패 표시에서는 외국어 localizedErrorDetail 사용. 기술 로그는 원인 보존.,정적 추적; 실제 기기는 NOT_RUN
lib/services/restore_coordinator.dart,278,유지(기능 조건/원본 데이터/진단/측정/주석),print/debugPrint/Log 또는 내부 throw의 호출 위치. 제품 실패 표시에서는 외국어 localizedErrorDetail 사용. 기술 로그는 원인 보존.,정적 추적; 실제 기기는 NOT_RUN
lib/services/restore_coordinator.dart,330,유지(기능 조건/원본 데이터/진단/측정/주석),print/debugPrint/Log 또는 내부 throw의 호출 위치. 제품 실패 표시에서는 외국어 localizedErrorDetail 사용. 기술 로그는 원인 보존.,정적 추적; 실제 기기는 NOT_RUN
lib/services/restore_coordinator.dart,464,유지(기능 조건/원본 데이터/진단/측정/주석),print/debugPrint/Log 또는 내부 throw의 호출 위치. 제품 실패 표시에서는 외국어 localizedErrorDetail 사용. 기술 로그는 원인 보존.,정적 추적; 실제 기기는 NOT_RUN
lib/services/restore_coordinator.dart,473,유지(기능 조건/원본 데이터/진단/측정/주석),print/debugPrint/Log 또는 내부 throw의 호출 위치. 제품 실패 표시에서는 외국어 localizedErrorDetail 사용. 기술 로그는 원인 보존.,정적 추적; 실제 기기는 NOT_RUN
lib/services/restore_coordinator.dart,482,유지(기능 조건/원본 데이터/진단/측정/주석),print/debugPrint/Log 또는 내부 throw의 호출 위치. 제품 실패 표시에서는 외국어 localizedErrorDetail 사용. 기술 로그는 원인 보존.,정적 추적; 실제 기기는 NOT_RUN
lib/services/restore_coordinator.dart,522,유지(기능 조건/원본 데이터/진단/측정/주석),print/debugPrint/Log 또는 내부 throw의 호출 위치. 제품 실패 표시에서는 외국어 localizedErrorDetail 사용. 기술 로그는 원인 보존.,정적 추적; 실제 기기는 NOT_RUN
lib/services/restore_coordinator.dart,546,유지(기능 조건/원본 데이터/진단/측정/주석),print/debugPrint/Log 또는 내부 throw의 호출 위치. 제품 실패 표시에서는 외국어 localizedErrorDetail 사용. 기술 로그는 원인 보존.,정적 추적; 실제 기기는 NOT_RUN
lib/services/schedule_notification_service.dart,73,유지(기능 조건/원본 데이터/진단/측정/주석),print/debugPrint/Log 또는 내부 throw의 호출 위치. 제품 실패 표시에서는 외국어 localizedErrorDetail 사용. 기술 로그는 원인 보존.,정적 추적; 실제 기기는 NOT_RUN
lib/services/schedule_notification_service.dart,78,유지(기능 조건/원본 데이터/진단/측정/주석),print/debugPrint/Log 또는 내부 throw의 호출 위치. 제품 실패 표시에서는 외국어 localizedErrorDetail 사용. 기술 로그는 원인 보존.,정적 추적; 실제 기기는 NOT_RUN
lib/services/schedule_notification_service.dart,91,유지(기능 조건/원본 데이터/진단/측정/주석),print/debugPrint/Log 또는 내부 throw의 호출 위치. 제품 실패 표시에서는 외국어 localizedErrorDetail 사용. 기술 로그는 원인 보존.,정적 추적; 실제 기기는 NOT_RUN
lib/services/schedule_notification_service.dart,103,유지(기능 조건/원본 데이터/진단/측정/주석),print/debugPrint/Log 또는 내부 throw의 호출 위치. 제품 실패 표시에서는 외국어 localizedErrorDetail 사용. 기술 로그는 원인 보존.,정적 추적; 실제 기기는 NOT_RUN
lib/services/schedule_notification_service.dart,114,유지(기능 조건/원본 데이터/진단/측정/주석),print/debugPrint/Log 또는 내부 throw의 호출 위치. 제품 실패 표시에서는 외국어 localizedErrorDetail 사용. 기술 로그는 원인 보존.,정적 추적; 실제 기기는 NOT_RUN
lib/services/schedule_notification_service.dart,125,유지(기능 조건/원본 데이터/진단/측정/주석),print/debugPrint/Log 또는 내부 throw의 호출 위치. 제품 실패 표시에서는 외국어 localizedErrorDetail 사용. 기술 로그는 원인 보존.,정적 추적; 실제 기기는 NOT_RUN
lib/services/update_service.dart,67,유지(기능 조건/원본 데이터/진단/측정/주석),print/debugPrint/Log 또는 내부 throw의 호출 위치. 제품 실패 표시에서는 외국어 localizedErrorDetail 사용. 기술 로그는 원인 보존.,정적 추적; 실제 기기는 NOT_RUN
lib/services/update_service.dart,95,유지(기능 조건/원본 데이터/진단/측정/주석),print/debugPrint/Log 또는 내부 throw의 호출 위치. 제품 실패 표시에서는 외국어 localizedErrorDetail 사용. 기술 로그는 원인 보존.,정적 추적; 실제 기기는 NOT_RUN
lib/services/update_service.dart,223,유지(기능 조건/원본 데이터/진단/측정/주석),print/debugPrint/Log 또는 내부 throw의 호출 위치. 제품 실패 표시에서는 외국어 localizedErrorDetail 사용. 기술 로그는 원인 보존.,정적 추적; 실제 기기는 NOT_RUN
lib/services/widget_refresh_service.dart,29,유지(기능 조건/원본 데이터/진단/측정/주석),print/debugPrint/Log 또는 내부 throw의 호출 위치. 제품 실패 표시에서는 외국어 localizedErrorDetail 사용. 기술 로그는 원인 보존.,정적 추적; 실제 기기는 NOT_RUN
lib/services/widget_refresh_service.dart,34,유지(기능 조건/원본 데이터/진단/측정/주석),print/debugPrint/Log 또는 내부 throw의 호출 위치. 제품 실패 표시에서는 외국어 localizedErrorDetail 사용. 기술 로그는 원인 보존.,정적 추적; 실제 기기는 NOT_RUN
lib/services/work_hours_calculator.dart,28,유지(기능 조건/원본 데이터/진단/측정/주석),주석 내 인용 문자열/emoji 또는 저장 sentinel·내부 식별자/검증 예외. 소비는 날짜/알람·근무 계산/위젯 색 판단이며 실제 안내는 common l10n/R.string. 사용자 데이터·진단 계약 보존.,정적 추적; 실제 기기는 NOT_RUN
lib/services/work_hours_calculator.dart,89,유지(기능 조건/원본 데이터/진단/측정/주석),주석 내 인용 문자열/emoji 또는 저장 sentinel·내부 식별자/검증 예외. 소비는 날짜/알람·근무 계산/위젯 색 판단이며 실제 안내는 common l10n/R.string. 사용자 데이터·진단 계약 보존.,정적 추적; 실제 기기는 NOT_RUN
lib/services/condition/condition_rule_engine.dart,52,유지(기능 조건/원본 데이터/진단/측정/주석),F01/F02/F04의 한국어 기능 진입·수신 조건에 종속하는 copy/엔진 데이터/내부 로그. 신규 외국어는 해당 UI를 생성하지 않음; KO 사용자 데이터·도메인 단어 유지.,정적 추적; 실제 기기는 NOT_RUN
lib/services/condition/condition_rule_engine.dart,54,유지(기능 조건/원본 데이터/진단/측정/주석),F01/F02/F04의 한국어 기능 진입·수신 조건에 종속하는 copy/엔진 데이터/내부 로그. 신규 외국어는 해당 UI를 생성하지 않음; KO 사용자 데이터·도메인 단어 유지.,정적 추적; 실제 기기는 NOT_RUN
lib/services/condition/condition_rule_engine.dart,56,유지(기능 조건/원본 데이터/진단/측정/주석),F01/F02/F04의 한국어 기능 진입·수신 조건에 종속하는 copy/엔진 데이터/내부 로그. 신규 외국어는 해당 UI를 생성하지 않음; KO 사용자 데이터·도메인 단어 유지.,정적 추적; 실제 기기는 NOT_RUN
lib/services/condition/condition_rule_engine.dart,164,유지(기능 조건/원본 데이터/진단/측정/주석),F01/F02/F04의 한국어 기능 진입·수신 조건에 종속하는 copy/엔진 데이터/내부 로그. 신규 외국어는 해당 UI를 생성하지 않음; KO 사용자 데이터·도메인 단어 유지.,정적 추적; 실제 기기는 NOT_RUN
lib/services/condition/condition_rule_engine.dart,288,유지(기능 조건/원본 데이터/진단/측정/주석),F01/F02/F04의 한국어 기능 진입·수신 조건에 종속하는 copy/엔진 데이터/내부 로그. 신규 외국어는 해당 UI를 생성하지 않음; KO 사용자 데이터·도메인 단어 유지.,정적 추적; 실제 기기는 NOT_RUN
lib/services/condition/condition_rule_engine.dart,289,유지(기능 조건/원본 데이터/진단/측정/주석),F01/F02/F04의 한국어 기능 진입·수신 조건에 종속하는 copy/엔진 데이터/내부 로그. 신규 외국어는 해당 UI를 생성하지 않음; KO 사용자 데이터·도메인 단어 유지.,정적 추적; 실제 기기는 NOT_RUN
lib/services/condition/condition_rule_engine.dart,290,유지(기능 조건/원본 데이터/진단/측정/주석),F01/F02/F04의 한국어 기능 진입·수신 조건에 종속하는 copy/엔진 데이터/내부 로그. 신규 외국어는 해당 UI를 생성하지 않음; KO 사용자 데이터·도메인 단어 유지.,정적 추적; 실제 기기는 NOT_RUN
lib/services/condition/condition_rule_engine.dart,291,유지(기능 조건/원본 데이터/진단/측정/주석),F01/F02/F04의 한국어 기능 진입·수신 조건에 종속하는 copy/엔진 데이터/내부 로그. 신규 외국어는 해당 UI를 생성하지 않음; KO 사용자 데이터·도메인 단어 유지.,정적 추적; 실제 기기는 NOT_RUN
lib/services/condition/condition_rule_engine.dart,310,유지(기능 조건/원본 데이터/진단/측정/주석),F01/F02/F04의 한국어 기능 진입·수신 조건에 종속하는 copy/엔진 데이터/내부 로그. 신규 외국어는 해당 UI를 생성하지 않음; KO 사용자 데이터·도메인 단어 유지.,정적 추적; 실제 기기는 NOT_RUN
lib/services/condition/condition_rule_engine.dart,427,유지(기능 조건/원본 데이터/진단/측정/주석),F01/F02/F04의 한국어 기능 진입·수신 조건에 종속하는 copy/엔진 데이터/내부 로그. 신규 외국어는 해당 UI를 생성하지 않음; KO 사용자 데이터·도메인 단어 유지.,정적 추적; 실제 기기는 NOT_RUN
lib/services/condition/condition_rule_engine.dart,428,유지(기능 조건/원본 데이터/진단/측정/주석),F01/F02/F04의 한국어 기능 진입·수신 조건에 종속하는 copy/엔진 데이터/내부 로그. 신규 외국어는 해당 UI를 생성하지 않음; KO 사용자 데이터·도메인 단어 유지.,정적 추적; 실제 기기는 NOT_RUN
lib/services/condition/condition_rule_engine.dart,439,유지(기능 조건/원본 데이터/진단/측정/주석),F01/F02/F04의 한국어 기능 진입·수신 조건에 종속하는 copy/엔진 데이터/내부 로그. 신규 외국어는 해당 UI를 생성하지 않음; KO 사용자 데이터·도메인 단어 유지.,정적 추적; 실제 기기는 NOT_RUN
lib/services/condition/condition_rule_engine.dart,440,유지(기능 조건/원본 데이터/진단/측정/주석),F01/F02/F04의 한국어 기능 진입·수신 조건에 종속하는 copy/엔진 데이터/내부 로그. 신규 외국어는 해당 UI를 생성하지 않음; KO 사용자 데이터·도메인 단어 유지.,정적 추적; 실제 기기는 NOT_RUN
lib/services/condition/condition_rule_engine.dart,441,유지(기능 조건/원본 데이터/진단/측정/주석),F01/F02/F04의 한국어 기능 진입·수신 조건에 종속하는 copy/엔진 데이터/내부 로그. 신규 외국어는 해당 UI를 생성하지 않음; KO 사용자 데이터·도메인 단어 유지.,정적 추적; 실제 기기는 NOT_RUN
lib/services/condition/condition_rule_engine.dart,442,유지(기능 조건/원본 데이터/진단/측정/주석),F01/F02/F04의 한국어 기능 진입·수신 조건에 종속하는 copy/엔진 데이터/내부 로그. 신규 외국어는 해당 UI를 생성하지 않음; KO 사용자 데이터·도메인 단어 유지.,정적 추적; 실제 기기는 NOT_RUN
lib/services/condition/condition_rule_engine.dart,443,유지(기능 조건/원본 데이터/진단/측정/주석),F01/F02/F04의 한국어 기능 진입·수신 조건에 종속하는 copy/엔진 데이터/내부 로그. 신규 외국어는 해당 UI를 생성하지 않음; KO 사용자 데이터·도메인 단어 유지.,정적 추적; 실제 기기는 NOT_RUN
lib/services/condition/condition_rule_engine.dart,444,유지(기능 조건/원본 데이터/진단/측정/주석),F01/F02/F04의 한국어 기능 진입·수신 조건에 종속하는 copy/엔진 데이터/내부 로그. 신규 외국어는 해당 UI를 생성하지 않음; KO 사용자 데이터·도메인 단어 유지.,정적 추적; 실제 기기는 NOT_RUN
lib/services/condition/condition_rule_engine.dart,445,유지(기능 조건/원본 데이터/진단/측정/주석),F01/F02/F04의 한국어 기능 진입·수신 조건에 종속하는 copy/엔진 데이터/내부 로그. 신규 외국어는 해당 UI를 생성하지 않음; KO 사용자 데이터·도메인 단어 유지.,정적 추적; 실제 기기는 NOT_RUN
lib/services/condition/condition_rule_engine.dart,455,유지(기능 조건/원본 데이터/진단/측정/주석),F01/F02/F04의 한국어 기능 진입·수신 조건에 종속하는 copy/엔진 데이터/내부 로그. 신규 외국어는 해당 UI를 생성하지 않음; KO 사용자 데이터·도메인 단어 유지.,정적 추적; 실제 기기는 NOT_RUN
lib/services/condition/condition_rule_engine.dart,456,유지(기능 조건/원본 데이터/진단/측정/주석),F01/F02/F04의 한국어 기능 진입·수신 조건에 종속하는 copy/엔진 데이터/내부 로그. 신규 외국어는 해당 UI를 생성하지 않음; KO 사용자 데이터·도메인 단어 유지.,정적 추적; 실제 기기는 NOT_RUN
lib/services/condition/condition_rule_engine.dart,457,유지(기능 조건/원본 데이터/진단/측정/주석),F01/F02/F04의 한국어 기능 진입·수신 조건에 종속하는 copy/엔진 데이터/내부 로그. 신규 외국어는 해당 UI를 생성하지 않음; KO 사용자 데이터·도메인 단어 유지.,정적 추적; 실제 기기는 NOT_RUN
lib/services/condition/condition_rule_engine.dart,458,유지(기능 조건/원본 데이터/진단/측정/주석),F01/F02/F04의 한국어 기능 진입·수신 조건에 종속하는 copy/엔진 데이터/내부 로그. 신규 외국어는 해당 UI를 생성하지 않음; KO 사용자 데이터·도메인 단어 유지.,정적 추적; 실제 기기는 NOT_RUN
lib/services/condition/condition_rule_engine.dart,459,유지(기능 조건/원본 데이터/진단/측정/주석),F01/F02/F04의 한국어 기능 진입·수신 조건에 종속하는 copy/엔진 데이터/내부 로그. 신규 외국어는 해당 UI를 생성하지 않음; KO 사용자 데이터·도메인 단어 유지.,정적 추적; 실제 기기는 NOT_RUN
lib/services/condition/condition_rule_engine.dart,460,유지(기능 조건/원본 데이터/진단/측정/주석),F01/F02/F04의 한국어 기능 진입·수신 조건에 종속하는 copy/엔진 데이터/내부 로그. 신규 외국어는 해당 UI를 생성하지 않음; KO 사용자 데이터·도메인 단어 유지.,정적 추적; 실제 기기는 NOT_RUN
lib/services/condition/condition_rule_engine.dart,461,유지(기능 조건/원본 데이터/진단/측정/주석),F01/F02/F04의 한국어 기능 진입·수신 조건에 종속하는 copy/엔진 데이터/내부 로그. 신규 외국어는 해당 UI를 생성하지 않음; KO 사용자 데이터·도메인 단어 유지.,정적 추적; 실제 기기는 NOT_RUN
lib/services/condition/condition_rule_engine.dart,462,유지(기능 조건/원본 데이터/진단/측정/주석),F01/F02/F04의 한국어 기능 진입·수신 조건에 종속하는 copy/엔진 데이터/내부 로그. 신규 외국어는 해당 UI를 생성하지 않음; KO 사용자 데이터·도메인 단어 유지.,정적 추적; 실제 기기는 NOT_RUN
lib/services/condition/condition_rule_engine.dart,470,유지(기능 조건/원본 데이터/진단/측정/주석),F01/F02/F04의 한국어 기능 진입·수신 조건에 종속하는 copy/엔진 데이터/내부 로그. 신규 외국어는 해당 UI를 생성하지 않음; KO 사용자 데이터·도메인 단어 유지.,정적 추적; 실제 기기는 NOT_RUN
lib/services/condition/condition_rule_engine.dart,471,유지(기능 조건/원본 데이터/진단/측정/주석),F01/F02/F04의 한국어 기능 진입·수신 조건에 종속하는 copy/엔진 데이터/내부 로그. 신규 외국어는 해당 UI를 생성하지 않음; KO 사용자 데이터·도메인 단어 유지.,정적 추적; 실제 기기는 NOT_RUN
lib/services/condition/condition_rule_engine.dart,472,유지(기능 조건/원본 데이터/진단/측정/주석),F01/F02/F04의 한국어 기능 진입·수신 조건에 종속하는 copy/엔진 데이터/내부 로그. 신규 외국어는 해당 UI를 생성하지 않음; KO 사용자 데이터·도메인 단어 유지.,정적 추적; 실제 기기는 NOT_RUN
lib/services/condition/condition_rule_engine.dart,482,유지(기능 조건/원본 데이터/진단/측정/주석),F01/F02/F04의 한국어 기능 진입·수신 조건에 종속하는 copy/엔진 데이터/내부 로그. 신규 외국어는 해당 UI를 생성하지 않음; KO 사용자 데이터·도메인 단어 유지.,정적 추적; 실제 기기는 NOT_RUN
lib/services/condition/condition_rule_engine.dart,483,유지(기능 조건/원본 데이터/진단/측정/주석),F01/F02/F04의 한국어 기능 진입·수신 조건에 종속하는 copy/엔진 데이터/내부 로그. 신규 외국어는 해당 UI를 생성하지 않음; KO 사용자 데이터·도메인 단어 유지.,정적 추적; 실제 기기는 NOT_RUN
lib/services/condition/condition_rule_engine.dart,484,유지(기능 조건/원본 데이터/진단/측정/주석),F01/F02/F04의 한국어 기능 진입·수신 조건에 종속하는 copy/엔진 데이터/내부 로그. 신규 외국어는 해당 UI를 생성하지 않음; KO 사용자 데이터·도메인 단어 유지.,정적 추적; 실제 기기는 NOT_RUN
lib/services/condition/condition_rule_engine.dart,485,유지(기능 조건/원본 데이터/진단/측정/주석),F01/F02/F04의 한국어 기능 진입·수신 조건에 종속하는 copy/엔진 데이터/내부 로그. 신규 외국어는 해당 UI를 생성하지 않음; KO 사용자 데이터·도메인 단어 유지.,정적 추적; 실제 기기는 NOT_RUN
lib/services/condition/condition_rule_engine.dart,486,유지(기능 조건/원본 데이터/진단/측정/주석),F01/F02/F04의 한국어 기능 진입·수신 조건에 종속하는 copy/엔진 데이터/내부 로그. 신규 외국어는 해당 UI를 생성하지 않음; KO 사용자 데이터·도메인 단어 유지.,정적 추적; 실제 기기는 NOT_RUN
lib/services/condition/condition_rule_engine.dart,487,유지(기능 조건/원본 데이터/진단/측정/주석),F01/F02/F04의 한국어 기능 진입·수신 조건에 종속하는 copy/엔진 데이터/내부 로그. 신규 외국어는 해당 UI를 생성하지 않음; KO 사용자 데이터·도메인 단어 유지.,정적 추적; 실제 기기는 NOT_RUN
lib/services/condition/condition_rule_engine.dart,488,유지(기능 조건/원본 데이터/진단/측정/주석),F01/F02/F04의 한국어 기능 진입·수신 조건에 종속하는 copy/엔진 데이터/내부 로그. 신규 외국어는 해당 UI를 생성하지 않음; KO 사용자 데이터·도메인 단어 유지.,정적 추적; 실제 기기는 NOT_RUN
lib/services/condition/condition_rule_engine.dart,489,유지(기능 조건/원본 데이터/진단/측정/주석),F01/F02/F04의 한국어 기능 진입·수신 조건에 종속하는 copy/엔진 데이터/내부 로그. 신규 외국어는 해당 UI를 생성하지 않음; KO 사용자 데이터·도메인 단어 유지.,정적 추적; 실제 기기는 NOT_RUN
lib/services/condition/condition_rule_engine.dart,490,유지(기능 조건/원본 데이터/진단/측정/주석),F01/F02/F04의 한국어 기능 진입·수신 조건에 종속하는 copy/엔진 데이터/내부 로그. 신규 외국어는 해당 UI를 생성하지 않음; KO 사용자 데이터·도메인 단어 유지.,정적 추적; 실제 기기는 NOT_RUN
lib/services/condition/condition_rule_engine.dart,491,유지(기능 조건/원본 데이터/진단/측정/주석),F01/F02/F04의 한국어 기능 진입·수신 조건에 종속하는 copy/엔진 데이터/내부 로그. 신규 외국어는 해당 UI를 생성하지 않음; KO 사용자 데이터·도메인 단어 유지.,정적 추적; 실제 기기는 NOT_RUN
lib/services/condition/condition_rule_engine.dart,500,유지(기능 조건/원본 데이터/진단/측정/주석),F01/F02/F04의 한국어 기능 진입·수신 조건에 종속하는 copy/엔진 데이터/내부 로그. 신규 외국어는 해당 UI를 생성하지 않음; KO 사용자 데이터·도메인 단어 유지.,정적 추적; 실제 기기는 NOT_RUN
lib/services/condition/condition_rule_engine.dart,501,유지(기능 조건/원본 데이터/진단/측정/주석),F01/F02/F04의 한국어 기능 진입·수신 조건에 종속하는 copy/엔진 데이터/내부 로그. 신규 외국어는 해당 UI를 생성하지 않음; KO 사용자 데이터·도메인 단어 유지.,정적 추적; 실제 기기는 NOT_RUN
lib/services/condition/condition_rule_engine.dart,502,유지(기능 조건/원본 데이터/진단/측정/주석),F01/F02/F04의 한국어 기능 진입·수신 조건에 종속하는 copy/엔진 데이터/내부 로그. 신규 외국어는 해당 UI를 생성하지 않음; KO 사용자 데이터·도메인 단어 유지.,정적 추적; 실제 기기는 NOT_RUN
lib/services/condition/condition_rule_engine.dart,503,유지(기능 조건/원본 데이터/진단/측정/주석),F01/F02/F04의 한국어 기능 진입·수신 조건에 종속하는 copy/엔진 데이터/내부 로그. 신규 외국어는 해당 UI를 생성하지 않음; KO 사용자 데이터·도메인 단어 유지.,정적 추적; 실제 기기는 NOT_RUN
lib/services/condition/condition_rule_engine.dart,504,유지(기능 조건/원본 데이터/진단/측정/주석),F01/F02/F04의 한국어 기능 진입·수신 조건에 종속하는 copy/엔진 데이터/내부 로그. 신규 외국어는 해당 UI를 생성하지 않음; KO 사용자 데이터·도메인 단어 유지.,정적 추적; 실제 기기는 NOT_RUN
lib/services/condition/condition_rule_engine.dart,515,유지(기능 조건/원본 데이터/진단/측정/주석),F01/F02/F04의 한국어 기능 진입·수신 조건에 종속하는 copy/엔진 데이터/내부 로그. 신규 외국어는 해당 UI를 생성하지 않음; KO 사용자 데이터·도메인 단어 유지.,정적 추적; 실제 기기는 NOT_RUN
lib/services/condition/condition_rule_engine.dart,516,유지(기능 조건/원본 데이터/진단/측정/주석),F01/F02/F04의 한국어 기능 진입·수신 조건에 종속하는 copy/엔진 데이터/내부 로그. 신규 외국어는 해당 UI를 생성하지 않음; KO 사용자 데이터·도메인 단어 유지.,정적 추적; 실제 기기는 NOT_RUN
lib/services/condition/condition_rule_engine.dart,517,유지(기능 조건/원본 데이터/진단/측정/주석),F01/F02/F04의 한국어 기능 진입·수신 조건에 종속하는 copy/엔진 데이터/내부 로그. 신규 외국어는 해당 UI를 생성하지 않음; KO 사용자 데이터·도메인 단어 유지.,정적 추적; 실제 기기는 NOT_RUN
lib/services/condition/condition_rule_engine.dart,545,유지(기능 조건/원본 데이터/진단/측정/주석),F01/F02/F04의 한국어 기능 진입·수신 조건에 종속하는 copy/엔진 데이터/내부 로그. 신규 외국어는 해당 UI를 생성하지 않음; KO 사용자 데이터·도메인 단어 유지.,정적 추적; 실제 기기는 NOT_RUN
lib/services/condition/condition_rule_engine.dart,546,유지(기능 조건/원본 데이터/진단/측정/주석),F01/F02/F04의 한국어 기능 진입·수신 조건에 종속하는 copy/엔진 데이터/내부 로그. 신규 외국어는 해당 UI를 생성하지 않음; KO 사용자 데이터·도메인 단어 유지.,정적 추적; 실제 기기는 NOT_RUN
lib/services/condition/condition_rule_engine.dart,547,유지(기능 조건/원본 데이터/진단/측정/주석),F01/F02/F04의 한국어 기능 진입·수신 조건에 종속하는 copy/엔진 데이터/내부 로그. 신규 외국어는 해당 UI를 생성하지 않음; KO 사용자 데이터·도메인 단어 유지.,정적 추적; 실제 기기는 NOT_RUN
lib/services/condition/condition_rule_engine.dart,548,유지(기능 조건/원본 데이터/진단/측정/주석),F01/F02/F04의 한국어 기능 진입·수신 조건에 종속하는 copy/엔진 데이터/내부 로그. 신규 외국어는 해당 UI를 생성하지 않음; KO 사용자 데이터·도메인 단어 유지.,정적 추적; 실제 기기는 NOT_RUN
lib/services/condition/condition_rule_engine.dart,571,유지(기능 조건/원본 데이터/진단/측정/주석),F01/F02/F04의 한국어 기능 진입·수신 조건에 종속하는 copy/엔진 데이터/내부 로그. 신규 외국어는 해당 UI를 생성하지 않음; KO 사용자 데이터·도메인 단어 유지.,정적 추적; 실제 기기는 NOT_RUN
lib/services/condition/condition_rule_engine.dart,582,유지(기능 조건/원본 데이터/진단/측정/주석),F01/F02/F04의 한국어 기능 진입·수신 조건에 종속하는 copy/엔진 데이터/내부 로그. 신규 외국어는 해당 UI를 생성하지 않음; KO 사용자 데이터·도메인 단어 유지.,정적 추적; 실제 기기는 NOT_RUN
lib/services/condition/condition_rule_engine.dart,583,유지(기능 조건/원본 데이터/진단/측정/주석),F01/F02/F04의 한국어 기능 진입·수신 조건에 종속하는 copy/엔진 데이터/내부 로그. 신규 외국어는 해당 UI를 생성하지 않음; KO 사용자 데이터·도메인 단어 유지.,정적 추적; 실제 기기는 NOT_RUN
lib/services/condition/condition_rule_engine.dart,584,유지(기능 조건/원본 데이터/진단/측정/주석),F01/F02/F04의 한국어 기능 진입·수신 조건에 종속하는 copy/엔진 데이터/내부 로그. 신규 외국어는 해당 UI를 생성하지 않음; KO 사용자 데이터·도메인 단어 유지.,정적 추적; 실제 기기는 NOT_RUN
lib/services/condition/condition_rule_engine.dart,585,유지(기능 조건/원본 데이터/진단/측정/주석),F01/F02/F04의 한국어 기능 진입·수신 조건에 종속하는 copy/엔진 데이터/내부 로그. 신규 외국어는 해당 UI를 생성하지 않음; KO 사용자 데이터·도메인 단어 유지.,정적 추적; 실제 기기는 NOT_RUN
lib/services/condition/condition_rule_engine.dart,598,유지(기능 조건/원본 데이터/진단/측정/주석),F01/F02/F04의 한국어 기능 진입·수신 조건에 종속하는 copy/엔진 데이터/내부 로그. 신규 외국어는 해당 UI를 생성하지 않음; KO 사용자 데이터·도메인 단어 유지.,정적 추적; 실제 기기는 NOT_RUN
lib/services/condition/condition_rule_engine.dart,599,유지(기능 조건/원본 데이터/진단/측정/주석),F01/F02/F04의 한국어 기능 진입·수신 조건에 종속하는 copy/엔진 데이터/내부 로그. 신규 외국어는 해당 UI를 생성하지 않음; KO 사용자 데이터·도메인 단어 유지.,정적 추적; 실제 기기는 NOT_RUN
lib/services/condition/condition_rule_engine.dart,600,유지(기능 조건/원본 데이터/진단/측정/주석),F01/F02/F04의 한국어 기능 진입·수신 조건에 종속하는 copy/엔진 데이터/내부 로그. 신규 외국어는 해당 UI를 생성하지 않음; KO 사용자 데이터·도메인 단어 유지.,정적 추적; 실제 기기는 NOT_RUN
lib/services/condition/condition_rule_engine.dart,624,유지(기능 조건/원본 데이터/진단/측정/주석),F01/F02/F04의 한국어 기능 진입·수신 조건에 종속하는 copy/엔진 데이터/내부 로그. 신규 외국어는 해당 UI를 생성하지 않음; KO 사용자 데이터·도메인 단어 유지.,정적 추적; 실제 기기는 NOT_RUN
lib/services/condition/condition_rule_engine.dart,625,유지(기능 조건/원본 데이터/진단/측정/주석),F01/F02/F04의 한국어 기능 진입·수신 조건에 종속하는 copy/엔진 데이터/내부 로그. 신규 외국어는 해당 UI를 생성하지 않음; KO 사용자 데이터·도메인 단어 유지.,정적 추적; 실제 기기는 NOT_RUN
lib/services/condition/condition_rule_engine.dart,626,유지(기능 조건/원본 데이터/진단/측정/주석),F01/F02/F04의 한국어 기능 진입·수신 조건에 종속하는 copy/엔진 데이터/내부 로그. 신규 외국어는 해당 UI를 생성하지 않음; KO 사용자 데이터·도메인 단어 유지.,정적 추적; 실제 기기는 NOT_RUN
lib/services/condition/condition_rule_engine.dart,627,유지(기능 조건/원본 데이터/진단/측정/주석),F01/F02/F04의 한국어 기능 진입·수신 조건에 종속하는 copy/엔진 데이터/내부 로그. 신규 외국어는 해당 UI를 생성하지 않음; KO 사용자 데이터·도메인 단어 유지.,정적 추적; 실제 기기는 NOT_RUN
lib/services/condition/condition_rule_engine.dart,636,유지(기능 조건/원본 데이터/진단/측정/주석),F01/F02/F04의 한국어 기능 진입·수신 조건에 종속하는 copy/엔진 데이터/내부 로그. 신규 외국어는 해당 UI를 생성하지 않음; KO 사용자 데이터·도메인 단어 유지.,정적 추적; 실제 기기는 NOT_RUN
lib/services/condition/condition_rule_engine.dart,637,유지(기능 조건/원본 데이터/진단/측정/주석),F01/F02/F04의 한국어 기능 진입·수신 조건에 종속하는 copy/엔진 데이터/내부 로그. 신규 외국어는 해당 UI를 생성하지 않음; KO 사용자 데이터·도메인 단어 유지.,정적 추적; 실제 기기는 NOT_RUN
lib/services/condition/condition_rule_engine.dart,638,유지(기능 조건/원본 데이터/진단/측정/주석),F01/F02/F04의 한국어 기능 진입·수신 조건에 종속하는 copy/엔진 데이터/내부 로그. 신규 외국어는 해당 UI를 생성하지 않음; KO 사용자 데이터·도메인 단어 유지.,정적 추적; 실제 기기는 NOT_RUN
lib/services/condition/condition_rule_engine.dart,643,유지(기능 조건/원본 데이터/진단/측정/주석),F01/F02/F04의 한국어 기능 진입·수신 조건에 종속하는 copy/엔진 데이터/내부 로그. 신규 외국어는 해당 UI를 생성하지 않음; KO 사용자 데이터·도메인 단어 유지.,정적 추적; 실제 기기는 NOT_RUN
lib/services/condition/condition_rule_engine.dart,644,유지(기능 조건/원본 데이터/진단/측정/주석),F01/F02/F04의 한국어 기능 진입·수신 조건에 종속하는 copy/엔진 데이터/내부 로그. 신규 외국어는 해당 UI를 생성하지 않음; KO 사용자 데이터·도메인 단어 유지.,정적 추적; 실제 기기는 NOT_RUN
lib/services/condition/condition_rule_engine.dart,655,유지(기능 조건/원본 데이터/진단/측정/주석),F01/F02/F04의 한국어 기능 진입·수신 조건에 종속하는 copy/엔진 데이터/내부 로그. 신규 외국어는 해당 UI를 생성하지 않음; KO 사용자 데이터·도메인 단어 유지.,정적 추적; 실제 기기는 NOT_RUN
lib/services/condition/condition_rule_engine.dart,656,유지(기능 조건/원본 데이터/진단/측정/주석),F01/F02/F04의 한국어 기능 진입·수신 조건에 종속하는 copy/엔진 데이터/내부 로그. 신규 외국어는 해당 UI를 생성하지 않음; KO 사용자 데이터·도메인 단어 유지.,정적 추적; 실제 기기는 NOT_RUN
lib/services/condition/condition_rule_engine.dart,657,유지(기능 조건/원본 데이터/진단/측정/주석),F01/F02/F04의 한국어 기능 진입·수신 조건에 종속하는 copy/엔진 데이터/내부 로그. 신규 외국어는 해당 UI를 생성하지 않음; KO 사용자 데이터·도메인 단어 유지.,정적 추적; 실제 기기는 NOT_RUN
lib/services/condition/condition_rule_engine.dart,664,유지(기능 조건/원본 데이터/진단/측정/주석),F01/F02/F04의 한국어 기능 진입·수신 조건에 종속하는 copy/엔진 데이터/내부 로그. 신규 외국어는 해당 UI를 생성하지 않음; KO 사용자 데이터·도메인 단어 유지.,정적 추적; 실제 기기는 NOT_RUN
lib/services/condition/condition_rule_engine.dart,665,유지(기능 조건/원본 데이터/진단/측정/주석),F01/F02/F04의 한국어 기능 진입·수신 조건에 종속하는 copy/엔진 데이터/내부 로그. 신규 외국어는 해당 UI를 생성하지 않음; KO 사용자 데이터·도메인 단어 유지.,정적 추적; 실제 기기는 NOT_RUN
lib/services/condition/condition_rule_engine.dart,666,유지(기능 조건/원본 데이터/진단/측정/주석),F01/F02/F04의 한국어 기능 진입·수신 조건에 종속하는 copy/엔진 데이터/내부 로그. 신규 외국어는 해당 UI를 생성하지 않음; KO 사용자 데이터·도메인 단어 유지.,정적 추적; 실제 기기는 NOT_RUN
lib/services/condition/condition_rule_engine.dart,667,유지(기능 조건/원본 데이터/진단/측정/주석),F01/F02/F04의 한국어 기능 진입·수신 조건에 종속하는 copy/엔진 데이터/내부 로그. 신규 외국어는 해당 UI를 생성하지 않음; KO 사용자 데이터·도메인 단어 유지.,정적 추적; 실제 기기는 NOT_RUN
lib/services/condition/condition_rule_engine.dart,674,유지(기능 조건/원본 데이터/진단/측정/주석),F01/F02/F04의 한국어 기능 진입·수신 조건에 종속하는 copy/엔진 데이터/내부 로그. 신규 외국어는 해당 UI를 생성하지 않음; KO 사용자 데이터·도메인 단어 유지.,정적 추적; 실제 기기는 NOT_RUN
lib/services/condition/condition_rule_engine.dart,675,유지(기능 조건/원본 데이터/진단/측정/주석),F01/F02/F04의 한국어 기능 진입·수신 조건에 종속하는 copy/엔진 데이터/내부 로그. 신규 외국어는 해당 UI를 생성하지 않음; KO 사용자 데이터·도메인 단어 유지.,정적 추적; 실제 기기는 NOT_RUN
lib/services/condition/condition_rule_engine.dart,676,유지(기능 조건/원본 데이터/진단/측정/주석),F01/F02/F04의 한국어 기능 진입·수신 조건에 종속하는 copy/엔진 데이터/내부 로그. 신규 외국어는 해당 UI를 생성하지 않음; KO 사용자 데이터·도메인 단어 유지.,정적 추적; 실제 기기는 NOT_RUN
lib/services/condition/condition_rule_engine.dart,677,유지(기능 조건/원본 데이터/진단/측정/주석),F01/F02/F04의 한국어 기능 진입·수신 조건에 종속하는 copy/엔진 데이터/내부 로그. 신규 외국어는 해당 UI를 생성하지 않음; KO 사용자 데이터·도메인 단어 유지.,정적 추적; 실제 기기는 NOT_RUN
lib/services/condition/condition_rule_engine.dart,719,유지(기능 조건/원본 데이터/진단/측정/주석),F01/F02/F04의 한국어 기능 진입·수신 조건에 종속하는 copy/엔진 데이터/내부 로그. 신규 외국어는 해당 UI를 생성하지 않음; KO 사용자 데이터·도메인 단어 유지.,정적 추적; 실제 기기는 NOT_RUN
lib/services/condition/condition_rule_engine.dart,720,유지(기능 조건/원본 데이터/진단/측정/주석),F01/F02/F04의 한국어 기능 진입·수신 조건에 종속하는 copy/엔진 데이터/내부 로그. 신규 외국어는 해당 UI를 생성하지 않음; KO 사용자 데이터·도메인 단어 유지.,정적 추적; 실제 기기는 NOT_RUN
lib/services/condition/evidence_database.dart,35,유지(기능 조건/원본 데이터/진단/측정/주석),F01/F02/F04의 한국어 기능 진입·수신 조건에 종속하는 copy/엔진 데이터/내부 로그. 신규 외국어는 해당 UI를 생성하지 않음; KO 사용자 데이터·도메인 단어 유지.,정적 추적; 실제 기기는 NOT_RUN
lib/services/condition/evidence_database.dart,36,유지(기능 조건/원본 데이터/진단/측정/주석),F01/F02/F04의 한국어 기능 진입·수신 조건에 종속하는 copy/엔진 데이터/내부 로그. 신규 외국어는 해당 UI를 생성하지 않음; KO 사용자 데이터·도메인 단어 유지.,정적 추적; 실제 기기는 NOT_RUN
lib/services/condition/evidence_database.dart,37,유지(기능 조건/원본 데이터/진단/측정/주석),F01/F02/F04의 한국어 기능 진입·수신 조건에 종속하는 copy/엔진 데이터/내부 로그. 신규 외국어는 해당 UI를 생성하지 않음; KO 사용자 데이터·도메인 단어 유지.,정적 추적; 실제 기기는 NOT_RUN
lib/services/condition/evidence_database.dart,38,유지(기능 조건/원본 데이터/진단/측정/주석),F01/F02/F04의 한국어 기능 진입·수신 조건에 종속하는 copy/엔진 데이터/내부 로그. 신규 외국어는 해당 UI를 생성하지 않음; KO 사용자 데이터·도메인 단어 유지.,정적 추적; 실제 기기는 NOT_RUN
lib/services/condition/evidence_database.dart,39,유지(기능 조건/원본 데이터/진단/측정/주석),F01/F02/F04의 한국어 기능 진입·수신 조건에 종속하는 copy/엔진 데이터/내부 로그. 신규 외국어는 해당 UI를 생성하지 않음; KO 사용자 데이터·도메인 단어 유지.,정적 추적; 실제 기기는 NOT_RUN
lib/services/condition/evidence_database.dart,40,유지(기능 조건/원본 데이터/진단/측정/주석),F01/F02/F04의 한국어 기능 진입·수신 조건에 종속하는 copy/엔진 데이터/내부 로그. 신규 외국어는 해당 UI를 생성하지 않음; KO 사용자 데이터·도메인 단어 유지.,정적 추적; 실제 기기는 NOT_RUN
lib/services/condition/evidence_database.dart,45,유지(기능 조건/원본 데이터/진단/측정/주석),F01/F02/F04의 한국어 기능 진입·수신 조건에 종속하는 copy/엔진 데이터/내부 로그. 신규 외국어는 해당 UI를 생성하지 않음; KO 사용자 데이터·도메인 단어 유지.,정적 추적; 실제 기기는 NOT_RUN
lib/services/condition/evidence_database.dart,46,유지(기능 조건/원본 데이터/진단/측정/주석),F01/F02/F04의 한국어 기능 진입·수신 조건에 종속하는 copy/엔진 데이터/내부 로그. 신규 외국어는 해당 UI를 생성하지 않음; KO 사용자 데이터·도메인 단어 유지.,정적 추적; 실제 기기는 NOT_RUN
lib/services/condition/evidence_database.dart,47,유지(기능 조건/원본 데이터/진단/측정/주석),F01/F02/F04의 한국어 기능 진입·수신 조건에 종속하는 copy/엔진 데이터/내부 로그. 신규 외국어는 해당 UI를 생성하지 않음; KO 사용자 데이터·도메인 단어 유지.,정적 추적; 실제 기기는 NOT_RUN
lib/services/condition/evidence_database.dart,48,유지(기능 조건/원본 데이터/진단/측정/주석),F01/F02/F04의 한국어 기능 진입·수신 조건에 종속하는 copy/엔진 데이터/내부 로그. 신규 외국어는 해당 UI를 생성하지 않음; KO 사용자 데이터·도메인 단어 유지.,정적 추적; 실제 기기는 NOT_RUN
lib/services/condition/evidence_database.dart,49,유지(기능 조건/원본 데이터/진단/측정/주석),F01/F02/F04의 한국어 기능 진입·수신 조건에 종속하는 copy/엔진 데이터/내부 로그. 신규 외국어는 해당 UI를 생성하지 않음; KO 사용자 데이터·도메인 단어 유지.,정적 추적; 실제 기기는 NOT_RUN
lib/services/condition/evidence_database.dart,54,유지(기능 조건/원본 데이터/진단/측정/주석),F01/F02/F04의 한국어 기능 진입·수신 조건에 종속하는 copy/엔진 데이터/내부 로그. 신규 외국어는 해당 UI를 생성하지 않음; KO 사용자 데이터·도메인 단어 유지.,정적 추적; 실제 기기는 NOT_RUN
lib/services/condition/evidence_database.dart,55,유지(기능 조건/원본 데이터/진단/측정/주석),F01/F02/F04의 한국어 기능 진입·수신 조건에 종속하는 copy/엔진 데이터/내부 로그. 신규 외국어는 해당 UI를 생성하지 않음; KO 사용자 데이터·도메인 단어 유지.,정적 추적; 실제 기기는 NOT_RUN
lib/services/condition/evidence_database.dart,56,유지(기능 조건/원본 데이터/진단/측정/주석),F01/F02/F04의 한국어 기능 진입·수신 조건에 종속하는 copy/엔진 데이터/내부 로그. 신규 외국어는 해당 UI를 생성하지 않음; KO 사용자 데이터·도메인 단어 유지.,정적 추적; 실제 기기는 NOT_RUN
lib/services/condition/evidence_database.dart,57,유지(기능 조건/원본 데이터/진단/측정/주석),F01/F02/F04의 한국어 기능 진입·수신 조건에 종속하는 copy/엔진 데이터/내부 로그. 신규 외국어는 해당 UI를 생성하지 않음; KO 사용자 데이터·도메인 단어 유지.,정적 추적; 실제 기기는 NOT_RUN
lib/services/condition/evidence_database.dart,58,유지(기능 조건/원본 데이터/진단/측정/주석),F01/F02/F04의 한국어 기능 진입·수신 조건에 종속하는 copy/엔진 데이터/내부 로그. 신규 외국어는 해당 UI를 생성하지 않음; KO 사용자 데이터·도메인 단어 유지.,정적 추적; 실제 기기는 NOT_RUN
lib/services/condition/evidence_database.dart,64,유지(기능 조건/원본 데이터/진단/측정/주석),F01/F02/F04의 한국어 기능 진입·수신 조건에 종속하는 copy/엔진 데이터/내부 로그. 신규 외국어는 해당 UI를 생성하지 않음; KO 사용자 데이터·도메인 단어 유지.,정적 추적; 실제 기기는 NOT_RUN
lib/services/condition/evidence_database.dart,65,유지(기능 조건/원본 데이터/진단/측정/주석),F01/F02/F04의 한국어 기능 진입·수신 조건에 종속하는 copy/엔진 데이터/내부 로그. 신규 외국어는 해당 UI를 생성하지 않음; KO 사용자 데이터·도메인 단어 유지.,정적 추적; 실제 기기는 NOT_RUN
lib/services/condition/evidence_database.dart,66,유지(기능 조건/원본 데이터/진단/측정/주석),F01/F02/F04의 한국어 기능 진입·수신 조건에 종속하는 copy/엔진 데이터/내부 로그. 신규 외국어는 해당 UI를 생성하지 않음; KO 사용자 데이터·도메인 단어 유지.,정적 추적; 실제 기기는 NOT_RUN
lib/services/condition/evidence_database.dart,67,유지(기능 조건/원본 데이터/진단/측정/주석),F01/F02/F04의 한국어 기능 진입·수신 조건에 종속하는 copy/엔진 데이터/내부 로그. 신규 외국어는 해당 UI를 생성하지 않음; KO 사용자 데이터·도메인 단어 유지.,정적 추적; 실제 기기는 NOT_RUN
lib/services/condition/evidence_database.dart,68,유지(기능 조건/원본 데이터/진단/측정/주석),F01/F02/F04의 한국어 기능 진입·수신 조건에 종속하는 copy/엔진 데이터/내부 로그. 신규 외국어는 해당 UI를 생성하지 않음; KO 사용자 데이터·도메인 단어 유지.,정적 추적; 실제 기기는 NOT_RUN
lib/services/condition/evidence_database.dart,69,유지(기능 조건/원본 데이터/진단/측정/주석),F01/F02/F04의 한국어 기능 진입·수신 조건에 종속하는 copy/엔진 데이터/내부 로그. 신규 외국어는 해당 UI를 생성하지 않음; KO 사용자 데이터·도메인 단어 유지.,정적 추적; 실제 기기는 NOT_RUN
lib/services/condition/evidence_database.dart,70,유지(기능 조건/원본 데이터/진단/측정/주석),F01/F02/F04의 한국어 기능 진입·수신 조건에 종속하는 copy/엔진 데이터/내부 로그. 신규 외국어는 해당 UI를 생성하지 않음; KO 사용자 데이터·도메인 단어 유지.,정적 추적; 실제 기기는 NOT_RUN
lib/services/condition/evidence_database.dart,76,유지(기능 조건/원본 데이터/진단/측정/주석),F01/F02/F04의 한국어 기능 진입·수신 조건에 종속하는 copy/엔진 데이터/내부 로그. 신규 외국어는 해당 UI를 생성하지 않음; KO 사용자 데이터·도메인 단어 유지.,정적 추적; 실제 기기는 NOT_RUN
lib/services/condition/evidence_database.dart,77,유지(기능 조건/원본 데이터/진단/측정/주석),F01/F02/F04의 한국어 기능 진입·수신 조건에 종속하는 copy/엔진 데이터/내부 로그. 신규 외국어는 해당 UI를 생성하지 않음; KO 사용자 데이터·도메인 단어 유지.,정적 추적; 실제 기기는 NOT_RUN
lib/services/condition/evidence_database.dart,78,유지(기능 조건/원본 데이터/진단/측정/주석),F01/F02/F04의 한국어 기능 진입·수신 조건에 종속하는 copy/엔진 데이터/내부 로그. 신규 외국어는 해당 UI를 생성하지 않음; KO 사용자 데이터·도메인 단어 유지.,정적 추적; 실제 기기는 NOT_RUN
lib/services/condition/evidence_database.dart,79,유지(기능 조건/원본 데이터/진단/측정/주석),F01/F02/F04의 한국어 기능 진입·수신 조건에 종속하는 copy/엔진 데이터/내부 로그. 신규 외국어는 해당 UI를 생성하지 않음; KO 사용자 데이터·도메인 단어 유지.,정적 추적; 실제 기기는 NOT_RUN
lib/services/condition/evidence_database.dart,80,유지(기능 조건/원본 데이터/진단/측정/주석),F01/F02/F04의 한국어 기능 진입·수신 조건에 종속하는 copy/엔진 데이터/내부 로그. 신규 외국어는 해당 UI를 생성하지 않음; KO 사용자 데이터·도메인 단어 유지.,정적 추적; 실제 기기는 NOT_RUN
lib/services/condition/evidence_database.dart,81,유지(기능 조건/원본 데이터/진단/측정/주석),F01/F02/F04의 한국어 기능 진입·수신 조건에 종속하는 copy/엔진 데이터/내부 로그. 신규 외국어는 해당 UI를 생성하지 않음; KO 사용자 데이터·도메인 단어 유지.,정적 추적; 실제 기기는 NOT_RUN
lib/services/condition/evidence_database.dart,82,유지(기능 조건/원본 데이터/진단/측정/주석),F01/F02/F04의 한국어 기능 진입·수신 조건에 종속하는 copy/엔진 데이터/내부 로그. 신규 외국어는 해당 UI를 생성하지 않음; KO 사용자 데이터·도메인 단어 유지.,정적 추적; 실제 기기는 NOT_RUN
lib/services/condition/evidence_database.dart,83,유지(기능 조건/원본 데이터/진단/측정/주석),F01/F02/F04의 한국어 기능 진입·수신 조건에 종속하는 copy/엔진 데이터/내부 로그. 신규 외국어는 해당 UI를 생성하지 않음; KO 사용자 데이터·도메인 단어 유지.,정적 추적; 실제 기기는 NOT_RUN
lib/services/condition/evidence_database.dart,84,유지(기능 조건/원본 데이터/진단/측정/주석),F01/F02/F04의 한국어 기능 진입·수신 조건에 종속하는 copy/엔진 데이터/내부 로그. 신규 외국어는 해당 UI를 생성하지 않음; KO 사용자 데이터·도메인 단어 유지.,정적 추적; 실제 기기는 NOT_RUN
lib/services/condition/evidence_database.dart,85,유지(기능 조건/원본 데이터/진단/측정/주석),F01/F02/F04의 한국어 기능 진입·수신 조건에 종속하는 copy/엔진 데이터/내부 로그. 신규 외국어는 해당 UI를 생성하지 않음; KO 사용자 데이터·도메인 단어 유지.,정적 추적; 실제 기기는 NOT_RUN
lib/services/condition/evidence_database.dart,86,유지(기능 조건/원본 데이터/진단/측정/주석),F01/F02/F04의 한국어 기능 진입·수신 조건에 종속하는 copy/엔진 데이터/내부 로그. 신규 외국어는 해당 UI를 생성하지 않음; KO 사용자 데이터·도메인 단어 유지.,정적 추적; 실제 기기는 NOT_RUN
lib/services/condition/evidence_database.dart,92,유지(기능 조건/원본 데이터/진단/측정/주석),F01/F02/F04의 한국어 기능 진입·수신 조건에 종속하는 copy/엔진 데이터/내부 로그. 신규 외국어는 해당 UI를 생성하지 않음; KO 사용자 데이터·도메인 단어 유지.,정적 추적; 실제 기기는 NOT_RUN
lib/services/condition/evidence_database.dart,93,유지(기능 조건/원본 데이터/진단/측정/주석),F01/F02/F04의 한국어 기능 진입·수신 조건에 종속하는 copy/엔진 데이터/내부 로그. 신규 외국어는 해당 UI를 생성하지 않음; KO 사용자 데이터·도메인 단어 유지.,정적 추적; 실제 기기는 NOT_RUN
lib/services/condition/evidence_database.dart,94,유지(기능 조건/원본 데이터/진단/측정/주석),F01/F02/F04의 한국어 기능 진입·수신 조건에 종속하는 copy/엔진 데이터/내부 로그. 신규 외국어는 해당 UI를 생성하지 않음; KO 사용자 데이터·도메인 단어 유지.,정적 추적; 실제 기기는 NOT_RUN
lib/services/condition/evidence_database.dart,95,유지(기능 조건/원본 데이터/진단/측정/주석),F01/F02/F04의 한국어 기능 진입·수신 조건에 종속하는 copy/엔진 데이터/내부 로그. 신규 외국어는 해당 UI를 생성하지 않음; KO 사용자 데이터·도메인 단어 유지.,정적 추적; 실제 기기는 NOT_RUN
lib/services/condition/evidence_database.dart,96,유지(기능 조건/원본 데이터/진단/측정/주석),F01/F02/F04의 한국어 기능 진입·수신 조건에 종속하는 copy/엔진 데이터/내부 로그. 신규 외국어는 해당 UI를 생성하지 않음; KO 사용자 데이터·도메인 단어 유지.,정적 추적; 실제 기기는 NOT_RUN
lib/services/condition/evidence_database.dart,102,유지(기능 조건/원본 데이터/진단/측정/주석),F01/F02/F04의 한국어 기능 진입·수신 조건에 종속하는 copy/엔진 데이터/내부 로그. 신규 외국어는 해당 UI를 생성하지 않음; KO 사용자 데이터·도메인 단어 유지.,정적 추적; 실제 기기는 NOT_RUN
lib/services/condition/evidence_database.dart,103,유지(기능 조건/원본 데이터/진단/측정/주석),F01/F02/F04의 한국어 기능 진입·수신 조건에 종속하는 copy/엔진 데이터/내부 로그. 신규 외국어는 해당 UI를 생성하지 않음; KO 사용자 데이터·도메인 단어 유지.,정적 추적; 실제 기기는 NOT_RUN
lib/services/condition/evidence_database.dart,104,유지(기능 조건/원본 데이터/진단/측정/주석),F01/F02/F04의 한국어 기능 진입·수신 조건에 종속하는 copy/엔진 데이터/내부 로그. 신규 외국어는 해당 UI를 생성하지 않음; KO 사용자 데이터·도메인 단어 유지.,정적 추적; 실제 기기는 NOT_RUN
lib/services/condition/evidence_database.dart,105,유지(기능 조건/원본 데이터/진단/측정/주석),F01/F02/F04의 한국어 기능 진입·수신 조건에 종속하는 copy/엔진 데이터/내부 로그. 신규 외국어는 해당 UI를 생성하지 않음; KO 사용자 데이터·도메인 단어 유지.,정적 추적; 실제 기기는 NOT_RUN
lib/services/condition/evidence_database.dart,106,유지(기능 조건/원본 데이터/진단/측정/주석),F01/F02/F04의 한국어 기능 진입·수신 조건에 종속하는 copy/엔진 데이터/내부 로그. 신규 외국어는 해당 UI를 생성하지 않음; KO 사용자 데이터·도메인 단어 유지.,정적 추적; 실제 기기는 NOT_RUN
lib/services/condition/evidence_database.dart,107,유지(기능 조건/원본 데이터/진단/측정/주석),F01/F02/F04의 한국어 기능 진입·수신 조건에 종속하는 copy/엔진 데이터/내부 로그. 신규 외국어는 해당 UI를 생성하지 않음; KO 사용자 데이터·도메인 단어 유지.,정적 추적; 실제 기기는 NOT_RUN
lib/services/condition/evidence_database.dart,108,유지(기능 조건/원본 데이터/진단/측정/주석),F01/F02/F04의 한국어 기능 진입·수신 조건에 종속하는 copy/엔진 데이터/내부 로그. 신규 외국어는 해당 UI를 생성하지 않음; KO 사용자 데이터·도메인 단어 유지.,정적 추적; 실제 기기는 NOT_RUN
lib/services/condition/evidence_database.dart,109,유지(기능 조건/원본 데이터/진단/측정/주석),F01/F02/F04의 한국어 기능 진입·수신 조건에 종속하는 copy/엔진 데이터/내부 로그. 신규 외국어는 해당 UI를 생성하지 않음; KO 사용자 데이터·도메인 단어 유지.,정적 추적; 실제 기기는 NOT_RUN
lib/services/condition/evidence_database.dart,115,유지(기능 조건/원본 데이터/진단/측정/주석),F01/F02/F04의 한국어 기능 진입·수신 조건에 종속하는 copy/엔진 데이터/내부 로그. 신규 외국어는 해당 UI를 생성하지 않음; KO 사용자 데이터·도메인 단어 유지.,정적 추적; 실제 기기는 NOT_RUN
lib/services/condition/evidence_database.dart,116,유지(기능 조건/원본 데이터/진단/측정/주석),F01/F02/F04의 한국어 기능 진입·수신 조건에 종속하는 copy/엔진 데이터/내부 로그. 신규 외국어는 해당 UI를 생성하지 않음; KO 사용자 데이터·도메인 단어 유지.,정적 추적; 실제 기기는 NOT_RUN
lib/services/condition/evidence_database.dart,117,유지(기능 조건/원본 데이터/진단/측정/주석),F01/F02/F04의 한국어 기능 진입·수신 조건에 종속하는 copy/엔진 데이터/내부 로그. 신규 외국어는 해당 UI를 생성하지 않음; KO 사용자 데이터·도메인 단어 유지.,정적 추적; 실제 기기는 NOT_RUN
lib/services/condition/evidence_database.dart,118,유지(기능 조건/원본 데이터/진단/측정/주석),F01/F02/F04의 한국어 기능 진입·수신 조건에 종속하는 copy/엔진 데이터/내부 로그. 신규 외국어는 해당 UI를 생성하지 않음; KO 사용자 데이터·도메인 단어 유지.,정적 추적; 실제 기기는 NOT_RUN
lib/services/condition/evidence_database.dart,119,유지(기능 조건/원본 데이터/진단/측정/주석),F01/F02/F04의 한국어 기능 진입·수신 조건에 종속하는 copy/엔진 데이터/내부 로그. 신규 외국어는 해당 UI를 생성하지 않음; KO 사용자 데이터·도메인 단어 유지.,정적 추적; 실제 기기는 NOT_RUN
lib/services/condition/evidence_database.dart,120,유지(기능 조건/원본 데이터/진단/측정/주석),F01/F02/F04의 한국어 기능 진입·수신 조건에 종속하는 copy/엔진 데이터/내부 로그. 신규 외국어는 해당 UI를 생성하지 않음; KO 사용자 데이터·도메인 단어 유지.,정적 추적; 실제 기기는 NOT_RUN
lib/services/condition/evidence_database.dart,126,유지(기능 조건/원본 데이터/진단/측정/주석),F01/F02/F04의 한국어 기능 진입·수신 조건에 종속하는 copy/엔진 데이터/내부 로그. 신규 외국어는 해당 UI를 생성하지 않음; KO 사용자 데이터·도메인 단어 유지.,정적 추적; 실제 기기는 NOT_RUN
lib/services/condition/evidence_database.dart,127,유지(기능 조건/원본 데이터/진단/측정/주석),F01/F02/F04의 한국어 기능 진입·수신 조건에 종속하는 copy/엔진 데이터/내부 로그. 신규 외국어는 해당 UI를 생성하지 않음; KO 사용자 데이터·도메인 단어 유지.,정적 추적; 실제 기기는 NOT_RUN
lib/services/condition/evidence_database.dart,128,유지(기능 조건/원본 데이터/진단/측정/주석),F01/F02/F04의 한국어 기능 진입·수신 조건에 종속하는 copy/엔진 데이터/내부 로그. 신규 외국어는 해당 UI를 생성하지 않음; KO 사용자 데이터·도메인 단어 유지.,정적 추적; 실제 기기는 NOT_RUN
lib/services/condition/evidence_database.dart,129,유지(기능 조건/원본 데이터/진단/측정/주석),F01/F02/F04의 한국어 기능 진입·수신 조건에 종속하는 copy/엔진 데이터/내부 로그. 신규 외국어는 해당 UI를 생성하지 않음; KO 사용자 데이터·도메인 단어 유지.,정적 추적; 실제 기기는 NOT_RUN
lib/services/condition/evidence_database.dart,130,유지(기능 조건/원본 데이터/진단/측정/주석),F01/F02/F04의 한국어 기능 진입·수신 조건에 종속하는 copy/엔진 데이터/내부 로그. 신규 외국어는 해당 UI를 생성하지 않음; KO 사용자 데이터·도메인 단어 유지.,정적 추적; 실제 기기는 NOT_RUN
lib/services/condition/evidence_database.dart,131,유지(기능 조건/원본 데이터/진단/측정/주석),F01/F02/F04의 한국어 기능 진입·수신 조건에 종속하는 copy/엔진 데이터/내부 로그. 신규 외국어는 해당 UI를 생성하지 않음; KO 사용자 데이터·도메인 단어 유지.,정적 추적; 실제 기기는 NOT_RUN
lib/services/condition/evidence_database.dart,132,유지(기능 조건/원본 데이터/진단/측정/주석),F01/F02/F04의 한국어 기능 진입·수신 조건에 종속하는 copy/엔진 데이터/내부 로그. 신규 외국어는 해당 UI를 생성하지 않음; KO 사용자 데이터·도메인 단어 유지.,정적 추적; 실제 기기는 NOT_RUN
lib/services/condition/evidence_database.dart,138,유지(기능 조건/원본 데이터/진단/측정/주석),F01/F02/F04의 한국어 기능 진입·수신 조건에 종속하는 copy/엔진 데이터/내부 로그. 신규 외국어는 해당 UI를 생성하지 않음; KO 사용자 데이터·도메인 단어 유지.,정적 추적; 실제 기기는 NOT_RUN
lib/services/condition/evidence_database.dart,139,유지(기능 조건/원본 데이터/진단/측정/주석),F01/F02/F04의 한국어 기능 진입·수신 조건에 종속하는 copy/엔진 데이터/내부 로그. 신규 외국어는 해당 UI를 생성하지 않음; KO 사용자 데이터·도메인 단어 유지.,정적 추적; 실제 기기는 NOT_RUN
lib/services/condition/evidence_database.dart,140,유지(기능 조건/원본 데이터/진단/측정/주석),F01/F02/F04의 한국어 기능 진입·수신 조건에 종속하는 copy/엔진 데이터/내부 로그. 신규 외국어는 해당 UI를 생성하지 않음; KO 사용자 데이터·도메인 단어 유지.,정적 추적; 실제 기기는 NOT_RUN
lib/services/condition/evidence_database.dart,141,유지(기능 조건/원본 데이터/진단/측정/주석),F01/F02/F04의 한국어 기능 진입·수신 조건에 종속하는 copy/엔진 데이터/내부 로그. 신규 외국어는 해당 UI를 생성하지 않음; KO 사용자 데이터·도메인 단어 유지.,정적 추적; 실제 기기는 NOT_RUN
lib/services/condition/evidence_database.dart,142,유지(기능 조건/원본 데이터/진단/측정/주석),F01/F02/F04의 한국어 기능 진입·수신 조건에 종속하는 copy/엔진 데이터/내부 로그. 신규 외국어는 해당 UI를 생성하지 않음; KO 사용자 데이터·도메인 단어 유지.,정적 추적; 실제 기기는 NOT_RUN
lib/services/condition/evidence_database.dart,143,유지(기능 조건/원본 데이터/진단/측정/주석),F01/F02/F04의 한국어 기능 진입·수신 조건에 종속하는 copy/엔진 데이터/내부 로그. 신규 외국어는 해당 UI를 생성하지 않음; KO 사용자 데이터·도메인 단어 유지.,정적 추적; 실제 기기는 NOT_RUN
lib/services/condition/evidence_database.dart,144,유지(기능 조건/원본 데이터/진단/측정/주석),F01/F02/F04의 한국어 기능 진입·수신 조건에 종속하는 copy/엔진 데이터/내부 로그. 신규 외국어는 해당 UI를 생성하지 않음; KO 사용자 데이터·도메인 단어 유지.,정적 추적; 실제 기기는 NOT_RUN
lib/services/condition/evidence_database.dart,149,유지(기능 조건/원본 데이터/진단/측정/주석),F01/F02/F04의 한국어 기능 진입·수신 조건에 종속하는 copy/엔진 데이터/내부 로그. 신규 외국어는 해당 UI를 생성하지 않음; KO 사용자 데이터·도메인 단어 유지.,정적 추적; 실제 기기는 NOT_RUN
lib/services/condition/evidence_database.dart,150,유지(기능 조건/원본 데이터/진단/측정/주석),F01/F02/F04의 한국어 기능 진입·수신 조건에 종속하는 copy/엔진 데이터/내부 로그. 신규 외국어는 해당 UI를 생성하지 않음; KO 사용자 데이터·도메인 단어 유지.,정적 추적; 실제 기기는 NOT_RUN
lib/services/condition/evidence_database.dart,151,유지(기능 조건/원본 데이터/진단/측정/주석),F01/F02/F04의 한국어 기능 진입·수신 조건에 종속하는 copy/엔진 데이터/내부 로그. 신규 외국어는 해당 UI를 생성하지 않음; KO 사용자 데이터·도메인 단어 유지.,정적 추적; 실제 기기는 NOT_RUN
lib/services/condition/evidence_database.dart,152,유지(기능 조건/원본 데이터/진단/측정/주석),F01/F02/F04의 한국어 기능 진입·수신 조건에 종속하는 copy/엔진 데이터/내부 로그. 신규 외국어는 해당 UI를 생성하지 않음; KO 사용자 데이터·도메인 단어 유지.,정적 추적; 실제 기기는 NOT_RUN
lib/services/condition/evidence_database.dart,153,유지(기능 조건/원본 데이터/진단/측정/주석),F01/F02/F04의 한국어 기능 진입·수신 조건에 종속하는 copy/엔진 데이터/내부 로그. 신규 외국어는 해당 UI를 생성하지 않음; KO 사용자 데이터·도메인 단어 유지.,정적 추적; 실제 기기는 NOT_RUN
lib/services/condition/evidence_database.dart,154,유지(기능 조건/원본 데이터/진단/측정/주석),F01/F02/F04의 한국어 기능 진입·수신 조건에 종속하는 copy/엔진 데이터/내부 로그. 신규 외국어는 해당 UI를 생성하지 않음; KO 사용자 데이터·도메인 단어 유지.,정적 추적; 실제 기기는 NOT_RUN
lib/services/condition/evidence_database.dart,159,유지(기능 조건/원본 데이터/진단/측정/주석),F01/F02/F04의 한국어 기능 진입·수신 조건에 종속하는 copy/엔진 데이터/내부 로그. 신규 외국어는 해당 UI를 생성하지 않음; KO 사용자 데이터·도메인 단어 유지.,정적 추적; 실제 기기는 NOT_RUN
lib/services/condition/evidence_database.dart,160,유지(기능 조건/원본 데이터/진단/측정/주석),F01/F02/F04의 한국어 기능 진입·수신 조건에 종속하는 copy/엔진 데이터/내부 로그. 신규 외국어는 해당 UI를 생성하지 않음; KO 사용자 데이터·도메인 단어 유지.,정적 추적; 실제 기기는 NOT_RUN
lib/services/condition/evidence_database.dart,161,유지(기능 조건/원본 데이터/진단/측정/주석),F01/F02/F04의 한국어 기능 진입·수신 조건에 종속하는 copy/엔진 데이터/내부 로그. 신규 외국어는 해당 UI를 생성하지 않음; KO 사용자 데이터·도메인 단어 유지.,정적 추적; 실제 기기는 NOT_RUN
lib/services/condition/evidence_database.dart,162,유지(기능 조건/원본 데이터/진단/측정/주석),F01/F02/F04의 한국어 기능 진입·수신 조건에 종속하는 copy/엔진 데이터/내부 로그. 신규 외국어는 해당 UI를 생성하지 않음; KO 사용자 데이터·도메인 단어 유지.,정적 추적; 실제 기기는 NOT_RUN
lib/services/condition/evidence_database.dart,163,유지(기능 조건/원본 데이터/진단/측정/주석),F01/F02/F04의 한국어 기능 진입·수신 조건에 종속하는 copy/엔진 데이터/내부 로그. 신규 외국어는 해당 UI를 생성하지 않음; KO 사용자 데이터·도메인 단어 유지.,정적 추적; 실제 기기는 NOT_RUN
lib/services/condition/evidence_database.dart,164,유지(기능 조건/원본 데이터/진단/측정/주석),F01/F02/F04의 한국어 기능 진입·수신 조건에 종속하는 copy/엔진 데이터/내부 로그. 신규 외국어는 해당 UI를 생성하지 않음; KO 사용자 데이터·도메인 단어 유지.,정적 추적; 실제 기기는 NOT_RUN
lib/services/condition/evidence_database.dart,165,유지(기능 조건/원본 데이터/진단/측정/주석),F01/F02/F04의 한국어 기능 진입·수신 조건에 종속하는 copy/엔진 데이터/내부 로그. 신규 외국어는 해당 UI를 생성하지 않음; KO 사용자 데이터·도메인 단어 유지.,정적 추적; 실제 기기는 NOT_RUN
lib/services/condition/evidence_database.dart,166,유지(기능 조건/원본 데이터/진단/측정/주석),F01/F02/F04의 한국어 기능 진입·수신 조건에 종속하는 copy/엔진 데이터/내부 로그. 신규 외국어는 해당 UI를 생성하지 않음; KO 사용자 데이터·도메인 단어 유지.,정적 추적; 실제 기기는 NOT_RUN
lib/services/condition/evidence_database.dart,167,유지(기능 조건/원본 데이터/진단/측정/주석),F01/F02/F04의 한국어 기능 진입·수신 조건에 종속하는 copy/엔진 데이터/내부 로그. 신규 외국어는 해당 UI를 생성하지 않음; KO 사용자 데이터·도메인 단어 유지.,정적 추적; 실제 기기는 NOT_RUN
lib/services/condition/evidence_database.dart,168,유지(기능 조건/원본 데이터/진단/측정/주석),F01/F02/F04의 한국어 기능 진입·수신 조건에 종속하는 copy/엔진 데이터/내부 로그. 신규 외국어는 해당 UI를 생성하지 않음; KO 사용자 데이터·도메인 단어 유지.,정적 추적; 실제 기기는 NOT_RUN
lib/services/condition/evidence_database.dart,169,유지(기능 조건/원본 데이터/진단/측정/주석),F01/F02/F04의 한국어 기능 진입·수신 조건에 종속하는 copy/엔진 데이터/내부 로그. 신규 외국어는 해당 UI를 생성하지 않음; KO 사용자 데이터·도메인 단어 유지.,정적 추적; 실제 기기는 NOT_RUN
lib/services/condition/evidence_database.dart,170,유지(기능 조건/원본 데이터/진단/측정/주석),F01/F02/F04의 한국어 기능 진입·수신 조건에 종속하는 copy/엔진 데이터/내부 로그. 신규 외국어는 해당 UI를 생성하지 않음; KO 사용자 데이터·도메인 단어 유지.,정적 추적; 실제 기기는 NOT_RUN
lib/services/condition/evidence_database.dart,183,유지(기능 조건/원본 데이터/진단/측정/주석),F01/F02/F04의 한국어 기능 진입·수신 조건에 종속하는 copy/엔진 데이터/내부 로그. 신규 외국어는 해당 UI를 생성하지 않음; KO 사용자 데이터·도메인 단어 유지.,정적 추적; 실제 기기는 NOT_RUN
lib/services/condition/evidence_database.dart,184,유지(기능 조건/원본 데이터/진단/측정/주석),F01/F02/F04의 한국어 기능 진입·수신 조건에 종속하는 copy/엔진 데이터/내부 로그. 신규 외국어는 해당 UI를 생성하지 않음; KO 사용자 데이터·도메인 단어 유지.,정적 추적; 실제 기기는 NOT_RUN
lib/services/condition/evidence_database.dart,185,유지(기능 조건/원본 데이터/진단/측정/주석),F01/F02/F04의 한국어 기능 진입·수신 조건에 종속하는 copy/엔진 데이터/내부 로그. 신규 외국어는 해당 UI를 생성하지 않음; KO 사용자 데이터·도메인 단어 유지.,정적 추적; 실제 기기는 NOT_RUN
lib/services/condition/evidence_database.dart,186,유지(기능 조건/원본 데이터/진단/측정/주석),F01/F02/F04의 한국어 기능 진입·수신 조건에 종속하는 copy/엔진 데이터/내부 로그. 신규 외국어는 해당 UI를 생성하지 않음; KO 사용자 데이터·도메인 단어 유지.,정적 추적; 실제 기기는 NOT_RUN
lib/services/condition/evidence_database.dart,187,유지(기능 조건/원본 데이터/진단/측정/주석),F01/F02/F04의 한국어 기능 진입·수신 조건에 종속하는 copy/엔진 데이터/내부 로그. 신규 외국어는 해당 UI를 생성하지 않음; KO 사용자 데이터·도메인 단어 유지.,정적 추적; 실제 기기는 NOT_RUN
lib/services/condition/evidence_database.dart,188,유지(기능 조건/원본 데이터/진단/측정/주석),F01/F02/F04의 한국어 기능 진입·수신 조건에 종속하는 copy/엔진 데이터/내부 로그. 신규 외국어는 해당 UI를 생성하지 않음; KO 사용자 데이터·도메인 단어 유지.,정적 추적; 실제 기기는 NOT_RUN
lib/services/condition/evidence_database.dart,189,유지(기능 조건/원본 데이터/진단/측정/주석),F01/F02/F04의 한국어 기능 진입·수신 조건에 종속하는 copy/엔진 데이터/내부 로그. 신규 외국어는 해당 UI를 생성하지 않음; KO 사용자 데이터·도메인 단어 유지.,정적 추적; 실제 기기는 NOT_RUN
lib/services/condition/evidence_database.dart,190,유지(기능 조건/원본 데이터/진단/측정/주석),F01/F02/F04의 한국어 기능 진입·수신 조건에 종속하는 copy/엔진 데이터/내부 로그. 신규 외국어는 해당 UI를 생성하지 않음; KO 사용자 데이터·도메인 단어 유지.,정적 추적; 실제 기기는 NOT_RUN
lib/services/condition/evidence_database.dart,191,유지(기능 조건/원본 데이터/진단/측정/주석),F01/F02/F04의 한국어 기능 진입·수신 조건에 종속하는 copy/엔진 데이터/내부 로그. 신규 외국어는 해당 UI를 생성하지 않음; KO 사용자 데이터·도메인 단어 유지.,정적 추적; 실제 기기는 NOT_RUN
lib/services/condition/evidence_database.dart,192,유지(기능 조건/원본 데이터/진단/측정/주석),F01/F02/F04의 한국어 기능 진입·수신 조건에 종속하는 copy/엔진 데이터/내부 로그. 신규 외국어는 해당 UI를 생성하지 않음; KO 사용자 데이터·도메인 단어 유지.,정적 추적; 실제 기기는 NOT_RUN
lib/services/condition/evidence_database.dart,193,유지(기능 조건/원본 데이터/진단/측정/주석),F01/F02/F04의 한국어 기능 진입·수신 조건에 종속하는 copy/엔진 데이터/내부 로그. 신규 외국어는 해당 UI를 생성하지 않음; KO 사용자 데이터·도메인 단어 유지.,정적 추적; 실제 기기는 NOT_RUN
lib/services/condition/evidence_database.dart,194,유지(기능 조건/원본 데이터/진단/측정/주석),F01/F02/F04의 한국어 기능 진입·수신 조건에 종속하는 copy/엔진 데이터/내부 로그. 신규 외국어는 해당 UI를 생성하지 않음; KO 사용자 데이터·도메인 단어 유지.,정적 추적; 실제 기기는 NOT_RUN
lib/services/condition/evidence_database.dart,203,유지(기능 조건/원본 데이터/진단/측정/주석),F01/F02/F04의 한국어 기능 진입·수신 조건에 종속하는 copy/엔진 데이터/내부 로그. 신규 외국어는 해당 UI를 생성하지 않음; KO 사용자 데이터·도메인 단어 유지.,정적 추적; 실제 기기는 NOT_RUN
lib/services/condition/evidence_database.dart,204,유지(기능 조건/원본 데이터/진단/측정/주석),F01/F02/F04의 한국어 기능 진입·수신 조건에 종속하는 copy/엔진 데이터/내부 로그. 신규 외국어는 해당 UI를 생성하지 않음; KO 사용자 데이터·도메인 단어 유지.,정적 추적; 실제 기기는 NOT_RUN
lib/services/condition/evidence_database.dart,205,유지(기능 조건/원본 데이터/진단/측정/주석),F01/F02/F04의 한국어 기능 진입·수신 조건에 종속하는 copy/엔진 데이터/내부 로그. 신규 외국어는 해당 UI를 생성하지 않음; KO 사용자 데이터·도메인 단어 유지.,정적 추적; 실제 기기는 NOT_RUN
lib/services/condition/evidence_database.dart,206,유지(기능 조건/원본 데이터/진단/측정/주석),F01/F02/F04의 한국어 기능 진입·수신 조건에 종속하는 copy/엔진 데이터/내부 로그. 신규 외국어는 해당 UI를 생성하지 않음; KO 사용자 데이터·도메인 단어 유지.,정적 추적; 실제 기기는 NOT_RUN
lib/services/condition/evidence_database.dart,207,유지(기능 조건/원본 데이터/진단/측정/주석),F01/F02/F04의 한국어 기능 진입·수신 조건에 종속하는 copy/엔진 데이터/내부 로그. 신규 외국어는 해당 UI를 생성하지 않음; KO 사용자 데이터·도메인 단어 유지.,정적 추적; 실제 기기는 NOT_RUN
lib/services/condition/evidence_database.dart,208,유지(기능 조건/원본 데이터/진단/측정/주석),F01/F02/F04의 한국어 기능 진입·수신 조건에 종속하는 copy/엔진 데이터/내부 로그. 신규 외국어는 해당 UI를 생성하지 않음; KO 사용자 데이터·도메인 단어 유지.,정적 추적; 실제 기기는 NOT_RUN
lib/services/condition/evidence_database.dart,209,유지(기능 조건/원본 데이터/진단/측정/주석),F01/F02/F04의 한국어 기능 진입·수신 조건에 종속하는 copy/엔진 데이터/내부 로그. 신규 외국어는 해당 UI를 생성하지 않음; KO 사용자 데이터·도메인 단어 유지.,정적 추적; 실제 기기는 NOT_RUN
lib/services/condition/evidence_database.dart,210,유지(기능 조건/원본 데이터/진단/측정/주석),F01/F02/F04의 한국어 기능 진입·수신 조건에 종속하는 copy/엔진 데이터/내부 로그. 신규 외국어는 해당 UI를 생성하지 않음; KO 사용자 데이터·도메인 단어 유지.,정적 추적; 실제 기기는 NOT_RUN
lib/services/condition/evidence_database.dart,211,유지(기능 조건/원본 데이터/진단/측정/주석),F01/F02/F04의 한국어 기능 진입·수신 조건에 종속하는 copy/엔진 데이터/내부 로그. 신규 외국어는 해당 UI를 생성하지 않음; KO 사용자 데이터·도메인 단어 유지.,정적 추적; 실제 기기는 NOT_RUN
lib/services/condition/evidence_database.dart,212,유지(기능 조건/원본 데이터/진단/측정/주석),F01/F02/F04의 한국어 기능 진입·수신 조건에 종속하는 copy/엔진 데이터/내부 로그. 신규 외국어는 해당 UI를 생성하지 않음; KO 사용자 데이터·도메인 단어 유지.,정적 추적; 실제 기기는 NOT_RUN
lib/services/condition/evidence_database.dart,213,유지(기능 조건/원본 데이터/진단/측정/주석),F01/F02/F04의 한국어 기능 진입·수신 조건에 종속하는 copy/엔진 데이터/내부 로그. 신규 외국어는 해당 UI를 생성하지 않음; KO 사용자 데이터·도메인 단어 유지.,정적 추적; 실제 기기는 NOT_RUN
lib/services/condition/evidence_database.dart,214,유지(기능 조건/원본 데이터/진단/측정/주석),F01/F02/F04의 한국어 기능 진입·수신 조건에 종속하는 copy/엔진 데이터/내부 로그. 신규 외국어는 해당 UI를 생성하지 않음; KO 사용자 데이터·도메인 단어 유지.,정적 추적; 실제 기기는 NOT_RUN
lib/services/condition/evidence_database.dart,215,유지(기능 조건/원본 데이터/진단/측정/주석),F01/F02/F04의 한국어 기능 진입·수신 조건에 종속하는 copy/엔진 데이터/내부 로그. 신규 외국어는 해당 UI를 생성하지 않음; KO 사용자 데이터·도메인 단어 유지.,정적 추적; 실제 기기는 NOT_RUN
lib/services/condition/evidence_database.dart,216,유지(기능 조건/원본 데이터/진단/측정/주석),F01/F02/F04의 한국어 기능 진입·수신 조건에 종속하는 copy/엔진 데이터/내부 로그. 신규 외국어는 해당 UI를 생성하지 않음; KO 사용자 데이터·도메인 단어 유지.,정적 추적; 실제 기기는 NOT_RUN
lib/services/condition/evidence_database.dart,217,유지(기능 조건/원본 데이터/진단/측정/주석),F01/F02/F04의 한국어 기능 진입·수신 조건에 종속하는 copy/엔진 데이터/내부 로그. 신규 외국어는 해당 UI를 생성하지 않음; KO 사용자 데이터·도메인 단어 유지.,정적 추적; 실제 기기는 NOT_RUN
lib/services/condition/recovery_briefing_engine.dart,163,유지(기능 조건/원본 데이터/진단/측정/주석),F01/F02/F04의 한국어 기능 진입·수신 조건에 종속하는 copy/엔진 데이터/내부 로그. 신규 외국어는 해당 UI를 생성하지 않음; KO 사용자 데이터·도메인 단어 유지.,정적 추적; 실제 기기는 NOT_RUN
lib/services/condition/recovery_briefing_engine.dart,168,유지(기능 조건/원본 데이터/진단/측정/주석),F01/F02/F04의 한국어 기능 진입·수신 조건에 종속하는 copy/엔진 데이터/내부 로그. 신규 외국어는 해당 UI를 생성하지 않음; KO 사용자 데이터·도메인 단어 유지.,정적 추적; 실제 기기는 NOT_RUN
lib/services/condition/recovery_briefing_engine.dart,173,유지(기능 조건/원본 데이터/진단/측정/주석),F01/F02/F04의 한국어 기능 진입·수신 조건에 종속하는 copy/엔진 데이터/내부 로그. 신규 외국어는 해당 UI를 생성하지 않음; KO 사용자 데이터·도메인 단어 유지.,정적 추적; 실제 기기는 NOT_RUN
lib/services/condition/recovery_briefing_engine.dart,178,유지(기능 조건/원본 데이터/진단/측정/주석),F01/F02/F04의 한국어 기능 진입·수신 조건에 종속하는 copy/엔진 데이터/내부 로그. 신규 외국어는 해당 UI를 생성하지 않음; KO 사용자 데이터·도메인 단어 유지.,정적 추적; 실제 기기는 NOT_RUN
lib/services/condition/recovery_briefing_engine.dart,191,유지(기능 조건/원본 데이터/진단/측정/주석),F01/F02/F04의 한국어 기능 진입·수신 조건에 종속하는 copy/엔진 데이터/내부 로그. 신규 외국어는 해당 UI를 생성하지 않음; KO 사용자 데이터·도메인 단어 유지.,정적 추적; 실제 기기는 NOT_RUN
lib/services/condition/recovery_briefing_engine.dart,192,유지(기능 조건/원본 데이터/진단/측정/주석),F01/F02/F04의 한국어 기능 진입·수신 조건에 종속하는 copy/엔진 데이터/내부 로그. 신규 외국어는 해당 UI를 생성하지 않음; KO 사용자 데이터·도메인 단어 유지.,정적 추적; 실제 기기는 NOT_RUN
lib/services/condition/recovery_briefing_engine.dart,193,유지(기능 조건/원본 데이터/진단/측정/주석),F01/F02/F04의 한국어 기능 진입·수신 조건에 종속하는 copy/엔진 데이터/내부 로그. 신규 외국어는 해당 UI를 생성하지 않음; KO 사용자 데이터·도메인 단어 유지.,정적 추적; 실제 기기는 NOT_RUN
lib/services/condition/recovery_briefing_engine.dart,202,유지(기능 조건/원본 데이터/진단/측정/주석),F01/F02/F04의 한국어 기능 진입·수신 조건에 종속하는 copy/엔진 데이터/내부 로그. 신규 외국어는 해당 UI를 생성하지 않음; KO 사용자 데이터·도메인 단어 유지.,정적 추적; 실제 기기는 NOT_RUN
lib/services/condition/recovery_briefing_engine.dart,204,유지(기능 조건/원본 데이터/진단/측정/주석),F01/F02/F04의 한국어 기능 진입·수신 조건에 종속하는 copy/엔진 데이터/내부 로그. 신규 외국어는 해당 UI를 생성하지 않음; KO 사용자 데이터·도메인 단어 유지.,정적 추적; 실제 기기는 NOT_RUN
lib/services/condition/recovery_briefing_engine.dart,206,유지(기능 조건/원본 데이터/진단/측정/주석),F01/F02/F04의 한국어 기능 진입·수신 조건에 종속하는 copy/엔진 데이터/내부 로그. 신규 외국어는 해당 UI를 생성하지 않음; KO 사용자 데이터·도메인 단어 유지.,정적 추적; 실제 기기는 NOT_RUN
lib/services/condition/recovery_briefing_engine.dart,208,유지(기능 조건/원본 데이터/진단/측정/주석),F01/F02/F04의 한국어 기능 진입·수신 조건에 종속하는 copy/엔진 데이터/내부 로그. 신규 외국어는 해당 UI를 생성하지 않음; KO 사용자 데이터·도메인 단어 유지.,정적 추적; 실제 기기는 NOT_RUN
lib/services/condition/recovery_briefing_engine.dart,341,유지(기능 조건/원본 데이터/진단/측정/주석),F01/F02/F04의 한국어 기능 진입·수신 조건에 종속하는 copy/엔진 데이터/내부 로그. 신규 외국어는 해당 UI를 생성하지 않음; KO 사용자 데이터·도메인 단어 유지.,정적 추적; 실제 기기는 NOT_RUN
lib/services/condition/recovery_briefing_engine.dart,342,유지(기능 조건/원본 데이터/진단/측정/주석),F01/F02/F04의 한국어 기능 진입·수신 조건에 종속하는 copy/엔진 데이터/내부 로그. 신규 외국어는 해당 UI를 생성하지 않음; KO 사용자 데이터·도메인 단어 유지.,정적 추적; 실제 기기는 NOT_RUN
lib/services/condition/recovery_briefing_engine.dart,345,유지(기능 조건/원본 데이터/진단/측정/주석),F01/F02/F04의 한국어 기능 진입·수신 조건에 종속하는 copy/엔진 데이터/내부 로그. 신규 외국어는 해당 UI를 생성하지 않음; KO 사용자 데이터·도메인 단어 유지.,정적 추적; 실제 기기는 NOT_RUN
lib/services/condition/recovery_briefing_engine.dart,346,유지(기능 조건/원본 데이터/진단/측정/주석),F01/F02/F04의 한국어 기능 진입·수신 조건에 종속하는 copy/엔진 데이터/내부 로그. 신규 외국어는 해당 UI를 생성하지 않음; KO 사용자 데이터·도메인 단어 유지.,정적 추적; 실제 기기는 NOT_RUN
lib/services/condition/recovery_briefing_engine.dart,348,유지(기능 조건/원본 데이터/진단/측정/주석),F01/F02/F04의 한국어 기능 진입·수신 조건에 종속하는 copy/엔진 데이터/내부 로그. 신규 외국어는 해당 UI를 생성하지 않음; KO 사용자 데이터·도메인 단어 유지.,정적 추적; 실제 기기는 NOT_RUN
lib/services/condition/recovery_briefing_engine.dart,350,유지(기능 조건/원본 데이터/진단/측정/주석),F01/F02/F04의 한국어 기능 진입·수신 조건에 종속하는 copy/엔진 데이터/내부 로그. 신규 외국어는 해당 UI를 생성하지 않음; KO 사용자 데이터·도메인 단어 유지.,정적 추적; 실제 기기는 NOT_RUN
lib/services/condition/recovery_briefing_engine.dart,352,유지(기능 조건/원본 데이터/진단/측정/주석),F01/F02/F04의 한국어 기능 진입·수신 조건에 종속하는 copy/엔진 데이터/내부 로그. 신규 외국어는 해당 UI를 생성하지 않음; KO 사용자 데이터·도메인 단어 유지.,정적 추적; 실제 기기는 NOT_RUN
lib/services/condition/recovery_briefing_engine.dart,354,유지(기능 조건/원본 데이터/진단/측정/주석),F01/F02/F04의 한국어 기능 진입·수신 조건에 종속하는 copy/엔진 데이터/내부 로그. 신규 외국어는 해당 UI를 생성하지 않음; KO 사용자 데이터·도메인 단어 유지.,정적 추적; 실제 기기는 NOT_RUN
lib/services/condition/recovery_briefing_engine.dart,356,유지(기능 조건/원본 데이터/진단/측정/주석),F01/F02/F04의 한국어 기능 진입·수신 조건에 종속하는 copy/엔진 데이터/내부 로그. 신규 외국어는 해당 UI를 생성하지 않음; KO 사용자 데이터·도메인 단어 유지.,정적 추적; 실제 기기는 NOT_RUN
lib/services/condition/recovery_briefing_engine.dart,357,유지(기능 조건/원본 데이터/진단/측정/주석),F01/F02/F04의 한국어 기능 진입·수신 조건에 종속하는 copy/엔진 데이터/내부 로그. 신규 외국어는 해당 UI를 생성하지 않음; KO 사용자 데이터·도메인 단어 유지.,정적 추적; 실제 기기는 NOT_RUN
lib/services/condition/recovery_briefing_engine.dart,480,유지(기능 조건/원본 데이터/진단/측정/주석),F01/F02/F04의 한국어 기능 진입·수신 조건에 종속하는 copy/엔진 데이터/내부 로그. 신규 외국어는 해당 UI를 생성하지 않음; KO 사용자 데이터·도메인 단어 유지.,정적 추적; 실제 기기는 NOT_RUN
lib/services/condition/recovery_briefing_engine.dart,483,유지(기능 조건/원본 데이터/진단/측정/주석),F01/F02/F04의 한국어 기능 진입·수신 조건에 종속하는 copy/엔진 데이터/내부 로그. 신규 외국어는 해당 UI를 생성하지 않음; KO 사용자 데이터·도메인 단어 유지.,정적 추적; 실제 기기는 NOT_RUN
lib/services/condition/recovery_briefing_engine.dart,491,유지(기능 조건/원본 데이터/진단/측정/주석),F01/F02/F04의 한국어 기능 진입·수신 조건에 종속하는 copy/엔진 데이터/내부 로그. 신규 외국어는 해당 UI를 생성하지 않음; KO 사용자 데이터·도메인 단어 유지.,정적 추적; 실제 기기는 NOT_RUN
lib/services/condition/recovery_briefing_engine.dart,510,유지(기능 조건/원본 데이터/진단/측정/주석),F01/F02/F04의 한국어 기능 진입·수신 조건에 종속하는 copy/엔진 데이터/내부 로그. 신규 외국어는 해당 UI를 생성하지 않음; KO 사용자 데이터·도메인 단어 유지.,정적 추적; 실제 기기는 NOT_RUN
lib/services/condition/recovery_briefing_engine.dart,518,유지(기능 조건/원본 데이터/진단/측정/주석),F01/F02/F04의 한국어 기능 진입·수신 조건에 종속하는 copy/엔진 데이터/내부 로그. 신규 외국어는 해당 UI를 생성하지 않음; KO 사용자 데이터·도메인 단어 유지.,정적 추적; 실제 기기는 NOT_RUN
lib/services/condition/recovery_briefing_engine.dart,522,유지(기능 조건/원본 데이터/진단/측정/주석),F01/F02/F04의 한국어 기능 진입·수신 조건에 종속하는 copy/엔진 데이터/내부 로그. 신규 외국어는 해당 UI를 생성하지 않음; KO 사용자 데이터·도메인 단어 유지.,정적 추적; 실제 기기는 NOT_RUN
lib/services/condition/recovery_briefing_engine.dart,532,유지(기능 조건/원본 데이터/진단/측정/주석),F01/F02/F04의 한국어 기능 진입·수신 조건에 종속하는 copy/엔진 데이터/내부 로그. 신규 외국어는 해당 UI를 생성하지 않음; KO 사용자 데이터·도메인 단어 유지.,정적 추적; 실제 기기는 NOT_RUN
lib/services/condition/recovery_briefing_engine.dart,540,유지(기능 조건/원본 데이터/진단/측정/주석),F01/F02/F04의 한국어 기능 진입·수신 조건에 종속하는 copy/엔진 데이터/내부 로그. 신규 외국어는 해당 UI를 생성하지 않음; KO 사용자 데이터·도메인 단어 유지.,정적 추적; 실제 기기는 NOT_RUN
lib/services/condition/recovery_briefing_engine.dart,550,유지(기능 조건/원본 데이터/진단/측정/주석),F01/F02/F04의 한국어 기능 진입·수신 조건에 종속하는 copy/엔진 데이터/내부 로그. 신규 외국어는 해당 UI를 생성하지 않음; KO 사용자 데이터·도메인 단어 유지.,정적 추적; 실제 기기는 NOT_RUN
lib/services/condition/recovery_briefing_engine.dart,552,유지(기능 조건/원본 데이터/진단/측정/주석),F01/F02/F04의 한국어 기능 진입·수신 조건에 종속하는 copy/엔진 데이터/내부 로그. 신규 외국어는 해당 UI를 생성하지 않음; KO 사용자 데이터·도메인 단어 유지.,정적 추적; 실제 기기는 NOT_RUN
lib/services/condition/recovery_briefing_engine.dart,554,유지(기능 조건/원본 데이터/진단/측정/주석),F01/F02/F04의 한국어 기능 진입·수신 조건에 종속하는 copy/엔진 데이터/내부 로그. 신규 외국어는 해당 UI를 생성하지 않음; KO 사용자 데이터·도메인 단어 유지.,정적 추적; 실제 기기는 NOT_RUN
lib/services/condition/recovery_briefing_engine.dart,555,유지(기능 조건/원본 데이터/진단/측정/주석),F01/F02/F04의 한국어 기능 진입·수신 조건에 종속하는 copy/엔진 데이터/내부 로그. 신규 외국어는 해당 UI를 생성하지 않음; KO 사용자 데이터·도메인 단어 유지.,정적 추적; 실제 기기는 NOT_RUN
lib/services/condition/recovery_briefing_engine.dart,556,유지(기능 조건/원본 데이터/진단/측정/주석),F01/F02/F04의 한국어 기능 진입·수신 조건에 종속하는 copy/엔진 데이터/내부 로그. 신규 외국어는 해당 UI를 생성하지 않음; KO 사용자 데이터·도메인 단어 유지.,정적 추적; 실제 기기는 NOT_RUN
lib/services/condition/recovery_briefing_engine.dart,567,유지(기능 조건/원본 데이터/진단/측정/주석),F01/F02/F04의 한국어 기능 진입·수신 조건에 종속하는 copy/엔진 데이터/내부 로그. 신규 외국어는 해당 UI를 생성하지 않음; KO 사용자 데이터·도메인 단어 유지.,정적 추적; 실제 기기는 NOT_RUN
lib/services/condition/recovery_briefing_engine.dart,591,유지(기능 조건/원본 데이터/진단/측정/주석),F01/F02/F04의 한국어 기능 진입·수신 조건에 종속하는 copy/엔진 데이터/내부 로그. 신규 외국어는 해당 UI를 생성하지 않음; KO 사용자 데이터·도메인 단어 유지.,정적 추적; 실제 기기는 NOT_RUN
lib/services/condition/recovery_briefing_engine.dart,592,유지(기능 조건/원본 데이터/진단/측정/주석),F01/F02/F04의 한국어 기능 진입·수신 조건에 종속하는 copy/엔진 데이터/내부 로그. 신규 외국어는 해당 UI를 생성하지 않음; KO 사용자 데이터·도메인 단어 유지.,정적 추적; 실제 기기는 NOT_RUN
lib/services/condition/recovery_briefing_engine.dart,624,유지(기능 조건/원본 데이터/진단/측정/주석),F01/F02/F04의 한국어 기능 진입·수신 조건에 종속하는 copy/엔진 데이터/내부 로그. 신규 외국어는 해당 UI를 생성하지 않음; KO 사용자 데이터·도메인 단어 유지.,정적 추적; 실제 기기는 NOT_RUN
lib/services/condition/recovery_briefing_engine.dart,625,유지(기능 조건/원본 데이터/진단/측정/주석),F01/F02/F04의 한국어 기능 진입·수신 조건에 종속하는 copy/엔진 데이터/내부 로그. 신규 외국어는 해당 UI를 생성하지 않음; KO 사용자 데이터·도메인 단어 유지.,정적 추적; 실제 기기는 NOT_RUN
lib/services/condition/recovery_briefing_engine.dart,627,유지(기능 조건/원본 데이터/진단/측정/주석),F01/F02/F04의 한국어 기능 진입·수신 조건에 종속하는 copy/엔진 데이터/내부 로그. 신규 외국어는 해당 UI를 생성하지 않음; KO 사용자 데이터·도메인 단어 유지.,정적 추적; 실제 기기는 NOT_RUN
lib/services/condition/recovery_briefing_engine.dart,628,유지(기능 조건/원본 데이터/진단/측정/주석),F01/F02/F04의 한국어 기능 진입·수신 조건에 종속하는 copy/엔진 데이터/내부 로그. 신규 외국어는 해당 UI를 생성하지 않음; KO 사용자 데이터·도메인 단어 유지.,정적 추적; 실제 기기는 NOT_RUN
lib/services/condition/recovery_briefing_engine.dart,631,유지(기능 조건/원본 데이터/진단/측정/주석),F01/F02/F04의 한국어 기능 진입·수신 조건에 종속하는 copy/엔진 데이터/내부 로그. 신규 외국어는 해당 UI를 생성하지 않음; KO 사용자 데이터·도메인 단어 유지.,정적 추적; 실제 기기는 NOT_RUN
lib/services/condition/recovery_briefing_engine.dart,674,유지(기능 조건/원본 데이터/진단/측정/주석),F01/F02/F04의 한국어 기능 진입·수신 조건에 종속하는 copy/엔진 데이터/내부 로그. 신규 외국어는 해당 UI를 생성하지 않음; KO 사용자 데이터·도메인 단어 유지.,정적 추적; 실제 기기는 NOT_RUN
lib/services/condition/recovery_briefing_engine.dart,679,유지(기능 조건/원본 데이터/진단/측정/주석),F01/F02/F04의 한국어 기능 진입·수신 조건에 종속하는 copy/엔진 데이터/내부 로그. 신규 외국어는 해당 UI를 생성하지 않음; KO 사용자 데이터·도메인 단어 유지.,정적 추적; 실제 기기는 NOT_RUN
lib/services/condition/recovery_briefing_engine.dart,680,유지(기능 조건/원본 데이터/진단/측정/주석),F01/F02/F04의 한국어 기능 진입·수신 조건에 종속하는 copy/엔진 데이터/내부 로그. 신규 외국어는 해당 UI를 생성하지 않음; KO 사용자 데이터·도메인 단어 유지.,정적 추적; 실제 기기는 NOT_RUN
lib/services/condition/recovery_briefing_engine.dart,690,유지(기능 조건/원본 데이터/진단/측정/주석),F01/F02/F04의 한국어 기능 진입·수신 조건에 종속하는 copy/엔진 데이터/내부 로그. 신규 외국어는 해당 UI를 생성하지 않음; KO 사용자 데이터·도메인 단어 유지.,정적 추적; 실제 기기는 NOT_RUN
lib/services/condition/recovery_briefing_engine.dart,691,유지(기능 조건/원본 데이터/진단/측정/주석),F01/F02/F04의 한국어 기능 진입·수신 조건에 종속하는 copy/엔진 데이터/내부 로그. 신규 외국어는 해당 UI를 생성하지 않음; KO 사용자 데이터·도메인 단어 유지.,정적 추적; 실제 기기는 NOT_RUN
lib/services/condition/recovery_briefing_engine.dart,692,유지(기능 조건/원본 데이터/진단/측정/주석),F01/F02/F04의 한국어 기능 진입·수신 조건에 종속하는 copy/엔진 데이터/내부 로그. 신규 외국어는 해당 UI를 생성하지 않음; KO 사용자 데이터·도메인 단어 유지.,정적 추적; 실제 기기는 NOT_RUN
lib/services/condition/recovery_briefing_engine.dart,702,유지(기능 조건/원본 데이터/진단/측정/주석),F01/F02/F04의 한국어 기능 진입·수신 조건에 종속하는 copy/엔진 데이터/내부 로그. 신규 외국어는 해당 UI를 생성하지 않음; KO 사용자 데이터·도메인 단어 유지.,정적 추적; 실제 기기는 NOT_RUN
lib/services/condition/recovery_briefing_engine.dart,703,유지(기능 조건/원본 데이터/진단/측정/주석),F01/F02/F04의 한국어 기능 진입·수신 조건에 종속하는 copy/엔진 데이터/내부 로그. 신규 외국어는 해당 UI를 생성하지 않음; KO 사용자 데이터·도메인 단어 유지.,정적 추적; 실제 기기는 NOT_RUN
lib/services/condition/recovery_briefing_engine.dart,714,유지(기능 조건/원본 데이터/진단/측정/주석),F01/F02/F04의 한국어 기능 진입·수신 조건에 종속하는 copy/엔진 데이터/내부 로그. 신규 외국어는 해당 UI를 생성하지 않음; KO 사용자 데이터·도메인 단어 유지.,정적 추적; 실제 기기는 NOT_RUN
lib/services/condition/recovery_briefing_engine.dart,722,유지(기능 조건/원본 데이터/진단/측정/주석),F01/F02/F04의 한국어 기능 진입·수신 조건에 종속하는 copy/엔진 데이터/내부 로그. 신규 외국어는 해당 UI를 생성하지 않음; KO 사용자 데이터·도메인 단어 유지.,정적 추적; 실제 기기는 NOT_RUN
lib/services/condition/recovery_briefing_engine.dart,723,유지(기능 조건/원본 데이터/진단/측정/주석),F01/F02/F04의 한국어 기능 진입·수신 조건에 종속하는 copy/엔진 데이터/내부 로그. 신규 외국어는 해당 UI를 생성하지 않음; KO 사용자 데이터·도메인 단어 유지.,정적 추적; 실제 기기는 NOT_RUN
lib/services/condition/recovery_briefing_engine.dart,755,유지(기능 조건/원본 데이터/진단/측정/주석),F01/F02/F04의 한국어 기능 진입·수신 조건에 종속하는 copy/엔진 데이터/내부 로그. 신규 외국어는 해당 UI를 생성하지 않음; KO 사용자 데이터·도메인 단어 유지.,정적 추적; 실제 기기는 NOT_RUN
lib/services/condition/recovery_briefing_engine.dart,765,유지(기능 조건/원본 데이터/진단/측정/주석),F01/F02/F04의 한국어 기능 진입·수신 조건에 종속하는 copy/엔진 데이터/내부 로그. 신규 외국어는 해당 UI를 생성하지 않음; KO 사용자 데이터·도메인 단어 유지.,정적 추적; 실제 기기는 NOT_RUN
lib/services/condition/recovery_briefing_engine.dart,766,유지(기능 조건/원본 데이터/진단/측정/주석),F01/F02/F04의 한국어 기능 진입·수신 조건에 종속하는 copy/엔진 데이터/내부 로그. 신규 외국어는 해당 UI를 생성하지 않음; KO 사용자 데이터·도메인 단어 유지.,정적 추적; 실제 기기는 NOT_RUN
lib/services/condition/recovery_briefing_engine.dart,788,유지(기능 조건/원본 데이터/진단/측정/주석),F01/F02/F04의 한국어 기능 진입·수신 조건에 종속하는 copy/엔진 데이터/내부 로그. 신규 외국어는 해당 UI를 생성하지 않음; KO 사용자 데이터·도메인 단어 유지.,정적 추적; 실제 기기는 NOT_RUN
lib/services/condition/recovery_briefing_engine.dart,802,유지(기능 조건/원본 데이터/진단/측정/주석),F01/F02/F04의 한국어 기능 진입·수신 조건에 종속하는 copy/엔진 데이터/내부 로그. 신규 외국어는 해당 UI를 생성하지 않음; KO 사용자 데이터·도메인 단어 유지.,정적 추적; 실제 기기는 NOT_RUN
lib/services/condition/recovery_briefing_engine.dart,807,유지(기능 조건/원본 데이터/진단/측정/주석),F01/F02/F04의 한국어 기능 진입·수신 조건에 종속하는 copy/엔진 데이터/내부 로그. 신규 외국어는 해당 UI를 생성하지 않음; KO 사용자 데이터·도메인 단어 유지.,정적 추적; 실제 기기는 NOT_RUN
lib/services/condition/recovery_briefing_engine.dart,826,유지(기능 조건/원본 데이터/진단/측정/주석),F01/F02/F04의 한국어 기능 진입·수신 조건에 종속하는 copy/엔진 데이터/내부 로그. 신규 외국어는 해당 UI를 생성하지 않음; KO 사용자 데이터·도메인 단어 유지.,정적 추적; 실제 기기는 NOT_RUN
lib/services/condition/recovery_briefing_engine.dart,834,유지(기능 조건/원본 데이터/진단/측정/주석),F01/F02/F04의 한국어 기능 진입·수신 조건에 종속하는 copy/엔진 데이터/내부 로그. 신규 외국어는 해당 UI를 생성하지 않음; KO 사용자 데이터·도메인 단어 유지.,정적 추적; 실제 기기는 NOT_RUN
lib/services/condition/recovery_briefing_engine.dart,842,유지(기능 조건/원본 데이터/진단/측정/주석),F01/F02/F04의 한국어 기능 진입·수신 조건에 종속하는 copy/엔진 데이터/내부 로그. 신규 외국어는 해당 UI를 생성하지 않음; KO 사용자 데이터·도메인 단어 유지.,정적 추적; 실제 기기는 NOT_RUN
lib/services/condition/recovery_briefing_engine.dart,850,유지(기능 조건/원본 데이터/진단/측정/주석),F01/F02/F04의 한국어 기능 진입·수신 조건에 종속하는 copy/엔진 데이터/내부 로그. 신규 외국어는 해당 UI를 생성하지 않음; KO 사용자 데이터·도메인 단어 유지.,정적 추적; 실제 기기는 NOT_RUN
lib/services/condition/recovery_briefing_engine.dart,871,유지(기능 조건/원본 데이터/진단/측정/주석),F01/F02/F04의 한국어 기능 진입·수신 조건에 종속하는 copy/엔진 데이터/내부 로그. 신규 외국어는 해당 UI를 생성하지 않음; KO 사용자 데이터·도메인 단어 유지.,정적 추적; 실제 기기는 NOT_RUN
lib/services/condition/recovery_briefing_engine.dart,891,유지(기능 조건/원본 데이터/진단/측정/주석),F01/F02/F04의 한국어 기능 진입·수신 조건에 종속하는 copy/엔진 데이터/내부 로그. 신규 외국어는 해당 UI를 생성하지 않음; KO 사용자 데이터·도메인 단어 유지.,정적 추적; 실제 기기는 NOT_RUN
lib/services/condition/recovery_briefing_engine.dart,897,유지(기능 조건/원본 데이터/진단/측정/주석),F01/F02/F04의 한국어 기능 진입·수신 조건에 종속하는 copy/엔진 데이터/내부 로그. 신규 외국어는 해당 UI를 생성하지 않음; KO 사용자 데이터·도메인 단어 유지.,정적 추적; 실제 기기는 NOT_RUN
lib/services/condition/recovery_briefing_engine.dart,902,유지(기능 조건/원본 데이터/진단/측정/주석),F01/F02/F04의 한국어 기능 진입·수신 조건에 종속하는 copy/엔진 데이터/내부 로그. 신규 외국어는 해당 UI를 생성하지 않음; KO 사용자 데이터·도메인 단어 유지.,정적 추적; 실제 기기는 NOT_RUN
lib/services/condition/recovery_briefing_engine.dart,913,유지(기능 조건/원본 데이터/진단/측정/주석),F01/F02/F04의 한국어 기능 진입·수신 조건에 종속하는 copy/엔진 데이터/내부 로그. 신규 외국어는 해당 UI를 생성하지 않음; KO 사용자 데이터·도메인 단어 유지.,정적 추적; 실제 기기는 NOT_RUN
lib/services/condition/recovery_briefing_engine.dart,919,유지(기능 조건/원본 데이터/진단/측정/주석),F01/F02/F04의 한국어 기능 진입·수신 조건에 종속하는 copy/엔진 데이터/내부 로그. 신규 외국어는 해당 UI를 생성하지 않음; KO 사용자 데이터·도메인 단어 유지.,정적 추적; 실제 기기는 NOT_RUN
lib/services/condition/recovery_briefing_engine.dart,929,유지(기능 조건/원본 데이터/진단/측정/주석),F01/F02/F04의 한국어 기능 진입·수신 조건에 종속하는 copy/엔진 데이터/내부 로그. 신규 외국어는 해당 UI를 생성하지 않음; KO 사용자 데이터·도메인 단어 유지.,정적 추적; 실제 기기는 NOT_RUN
lib/services/condition/recovery_briefing_engine.dart,930,유지(기능 조건/원본 데이터/진단/측정/주석),F01/F02/F04의 한국어 기능 진입·수신 조건에 종속하는 copy/엔진 데이터/내부 로그. 신규 외국어는 해당 UI를 생성하지 않음; KO 사용자 데이터·도메인 단어 유지.,정적 추적; 실제 기기는 NOT_RUN
lib/services/condition/recovery_briefing_engine.dart,950,유지(기능 조건/원본 데이터/진단/측정/주석),F01/F02/F04의 한국어 기능 진입·수신 조건에 종속하는 copy/엔진 데이터/내부 로그. 신규 외국어는 해당 UI를 생성하지 않음; KO 사용자 데이터·도메인 단어 유지.,정적 추적; 실제 기기는 NOT_RUN
lib/services/condition/recovery_briefing_engine.dart,951,유지(기능 조건/원본 데이터/진단/측정/주석),F01/F02/F04의 한국어 기능 진입·수신 조건에 종속하는 copy/엔진 데이터/내부 로그. 신규 외국어는 해당 UI를 생성하지 않음; KO 사용자 데이터·도메인 단어 유지.,정적 추적; 실제 기기는 NOT_RUN
lib/services/condition/recovery_briefing_engine.dart,959,유지(기능 조건/원본 데이터/진단/측정/주석),F01/F02/F04의 한국어 기능 진입·수신 조건에 종속하는 copy/엔진 데이터/내부 로그. 신규 외국어는 해당 UI를 생성하지 않음; KO 사용자 데이터·도메인 단어 유지.,정적 추적; 실제 기기는 NOT_RUN
lib/services/condition/recovery_briefing_engine.dart,973,유지(기능 조건/원본 데이터/진단/측정/주석),F01/F02/F04의 한국어 기능 진입·수신 조건에 종속하는 copy/엔진 데이터/내부 로그. 신규 외국어는 해당 UI를 생성하지 않음; KO 사용자 데이터·도메인 단어 유지.,정적 추적; 실제 기기는 NOT_RUN
lib/services/condition/recovery_briefing_engine.dart,986,유지(기능 조건/원본 데이터/진단/측정/주석),F01/F02/F04의 한국어 기능 진입·수신 조건에 종속하는 copy/엔진 데이터/내부 로그. 신규 외국어는 해당 UI를 생성하지 않음; KO 사용자 데이터·도메인 단어 유지.,정적 추적; 실제 기기는 NOT_RUN
lib/services/condition/recovery_briefing_engine.dart,1002,유지(기능 조건/원본 데이터/진단/측정/주석),F01/F02/F04의 한국어 기능 진입·수신 조건에 종속하는 copy/엔진 데이터/내부 로그. 신규 외국어는 해당 UI를 생성하지 않음; KO 사용자 데이터·도메인 단어 유지.,정적 추적; 실제 기기는 NOT_RUN
lib/services/condition/recovery_briefing_engine.dart,1014,유지(기능 조건/원본 데이터/진단/측정/주석),F01/F02/F04의 한국어 기능 진입·수신 조건에 종속하는 copy/엔진 데이터/내부 로그. 신규 외국어는 해당 UI를 생성하지 않음; KO 사용자 데이터·도메인 단어 유지.,정적 추적; 실제 기기는 NOT_RUN
lib/services/condition/recovery_briefing_engine.dart,1015,유지(기능 조건/원본 데이터/진단/측정/주석),F01/F02/F04의 한국어 기능 진입·수신 조건에 종속하는 copy/엔진 데이터/내부 로그. 신규 외국어는 해당 UI를 생성하지 않음; KO 사용자 데이터·도메인 단어 유지.,정적 추적; 실제 기기는 NOT_RUN
lib/services/condition/recovery_briefing_engine.dart,1020,유지(기능 조건/원본 데이터/진단/측정/주석),F01/F02/F04의 한국어 기능 진입·수신 조건에 종속하는 copy/엔진 데이터/내부 로그. 신규 외국어는 해당 UI를 생성하지 않음; KO 사용자 데이터·도메인 단어 유지.,정적 추적; 실제 기기는 NOT_RUN
lib/services/condition/recovery_briefing_engine.dart,1029,유지(기능 조건/원본 데이터/진단/측정/주석),F01/F02/F04의 한국어 기능 진입·수신 조건에 종속하는 copy/엔진 데이터/내부 로그. 신규 외국어는 해당 UI를 생성하지 않음; KO 사용자 데이터·도메인 단어 유지.,정적 추적; 실제 기기는 NOT_RUN
lib/services/condition/recovery_briefing_engine.dart,1031,유지(기능 조건/원본 데이터/진단/측정/주석),F01/F02/F04의 한국어 기능 진입·수신 조건에 종속하는 copy/엔진 데이터/내부 로그. 신규 외국어는 해당 UI를 생성하지 않음; KO 사용자 데이터·도메인 단어 유지.,정적 추적; 실제 기기는 NOT_RUN
lib/services/condition/recovery_briefing_engine.dart,1035,유지(기능 조건/원본 데이터/진단/측정/주석),F01/F02/F04의 한국어 기능 진입·수신 조건에 종속하는 copy/엔진 데이터/내부 로그. 신규 외국어는 해당 UI를 생성하지 않음; KO 사용자 데이터·도메인 단어 유지.,정적 추적; 실제 기기는 NOT_RUN
lib/services/condition/recovery_briefing_engine.dart,1038,유지(기능 조건/원본 데이터/진단/측정/주석),F01/F02/F04의 한국어 기능 진입·수신 조건에 종속하는 copy/엔진 데이터/내부 로그. 신규 외국어는 해당 UI를 생성하지 않음; KO 사용자 데이터·도메인 단어 유지.,정적 추적; 실제 기기는 NOT_RUN
lib/services/condition/shift_pattern_analyzer.dart,21,유지(기능 조건/원본 데이터/진단/측정/주석),F01/F02/F04의 한국어 기능 진입·수신 조건에 종속하는 copy/엔진 데이터/내부 로그. 신규 외국어는 해당 UI를 생성하지 않음; KO 사용자 데이터·도메인 단어 유지.,정적 추적; 실제 기기는 NOT_RUN
lib/services/condition/shift_pattern_analyzer.dart,278,유지(기능 조건/원본 데이터/진단/측정/주석),F01/F02/F04의 한국어 기능 진입·수신 조건에 종속하는 copy/엔진 데이터/내부 로그. 신규 외국어는 해당 UI를 생성하지 않음; KO 사용자 데이터·도메인 단어 유지.,정적 추적; 실제 기기는 NOT_RUN
lib/services/condition/shift_time_category.dart,30,유지(기능 조건/원본 데이터/진단/측정/주석),F01/F02/F04의 한국어 기능 진입·수신 조건에 종속하는 copy/엔진 데이터/내부 로그. 신규 외국어는 해당 UI를 생성하지 않음; KO 사용자 데이터·도메인 단어 유지.,정적 추적; 실제 기기는 NOT_RUN
lib/services/condition/shift_time_category.dart,32,유지(기능 조건/원본 데이터/진단/측정/주석),F01/F02/F04의 한국어 기능 진입·수신 조건에 종속하는 copy/엔진 데이터/내부 로그. 신규 외국어는 해당 UI를 생성하지 않음; KO 사용자 데이터·도메인 단어 유지.,정적 추적; 실제 기기는 NOT_RUN
lib/services/condition/shift_time_category.dart,34,유지(기능 조건/원본 데이터/진단/측정/주석),F01/F02/F04의 한국어 기능 진입·수신 조건에 종속하는 copy/엔진 데이터/내부 로그. 신규 외국어는 해당 UI를 생성하지 않음; KO 사용자 데이터·도메인 단어 유지.,정적 추적; 실제 기기는 NOT_RUN
lib/services/condition/shift_time_category.dart,36,유지(기능 조건/원본 데이터/진단/측정/주석),F01/F02/F04의 한국어 기능 진입·수신 조건에 종속하는 copy/엔진 데이터/내부 로그. 신규 외국어는 해당 UI를 생성하지 않음; KO 사용자 데이터·도메인 단어 유지.,정적 추적; 실제 기기는 NOT_RUN
lib/services/condition/shift_time_category.dart,38,유지(기능 조건/원본 데이터/진단/측정/주석),F01/F02/F04의 한국어 기능 진입·수신 조건에 종속하는 copy/엔진 데이터/내부 로그. 신규 외국어는 해당 UI를 생성하지 않음; KO 사용자 데이터·도메인 단어 유지.,정적 추적; 실제 기기는 NOT_RUN
lib/services/condition/sleep_day_slots.dart,47,유지(기능 조건/원본 데이터/진단/측정/주석),F01/F02/F04의 한국어 기능 진입·수신 조건에 종속하는 copy/엔진 데이터/내부 로그. 신규 외국어는 해당 UI를 생성하지 않음; KO 사용자 데이터·도메인 단어 유지.,정적 추적; 실제 기기는 NOT_RUN
lib/services/condition/sleep_day_slots.dart,231,유지(기능 조건/원본 데이터/진단/측정/주석),F01/F02/F04의 한국어 기능 진입·수신 조건에 종속하는 copy/엔진 데이터/내부 로그. 신규 외국어는 해당 UI를 생성하지 않음; KO 사용자 데이터·도메인 단어 유지.,정적 추적; 실제 기기는 NOT_RUN
lib/services/condition/sleep_history.dart,243,유지(기능 조건/원본 데이터/진단/측정/주석),F01/F02/F04의 한국어 기능 진입·수신 조건에 종속하는 copy/엔진 데이터/내부 로그. 신규 외국어는 해당 UI를 생성하지 않음; KO 사용자 데이터·도메인 단어 유지.,정적 추적; 실제 기기는 NOT_RUN
lib/services/condition/sleep_history.dart,245,유지(기능 조건/원본 데이터/진단/측정/주석),F01/F02/F04의 한국어 기능 진입·수신 조건에 종속하는 copy/엔진 데이터/내부 로그. 신규 외국어는 해당 UI를 생성하지 않음; KO 사용자 데이터·도메인 단어 유지.,정적 추적; 실제 기기는 NOT_RUN
lib/services/condition/sleep_shift_relation.dart,67,유지(기능 조건/원본 데이터/진단/측정/주석),F01/F02/F04의 한국어 기능 진입·수신 조건에 종속하는 copy/엔진 데이터/내부 로그. 신규 외국어는 해당 UI를 생성하지 않음; KO 사용자 데이터·도메인 단어 유지.,정적 추적; 실제 기기는 NOT_RUN
lib/services/condition/sleep_shift_relation.dart,69,유지(기능 조건/원본 데이터/진단/측정/주석),F01/F02/F04의 한국어 기능 진입·수신 조건에 종속하는 copy/엔진 데이터/내부 로그. 신규 외국어는 해당 UI를 생성하지 않음; KO 사용자 데이터·도메인 단어 유지.,정적 추적; 실제 기기는 NOT_RUN
lib/services/condition/sleep_shift_relation.dart,71,유지(기능 조건/원본 데이터/진단/측정/주석),F01/F02/F04의 한국어 기능 진입·수신 조건에 종속하는 copy/엔진 데이터/내부 로그. 신규 외국어는 해당 UI를 생성하지 않음; KO 사용자 데이터·도메인 단어 유지.,정적 추적; 실제 기기는 NOT_RUN
lib/utils/apply_schedule_change.dart,92,유지(기능 조건/원본 데이터/진단/측정/주석),print/debugPrint/Log 또는 내부 throw의 호출 위치. 제품 실패 표시에서는 외국어 localizedErrorDetail 사용. 기술 로그는 원인 보존.,정적 추적; 실제 기기는 NOT_RUN
lib/utils/apply_schedule_change.dart,99,유지(기능 조건/원본 데이터/진단/측정/주석),print/debugPrint/Log 또는 내부 throw의 호출 위치. 제품 실패 표시에서는 외국어 localizedErrorDetail 사용. 기술 로그는 원인 보존.,정적 추적; 실제 기기는 NOT_RUN
lib/utils/apply_schedule_change.dart,110,유지(기능 조건/원본 데이터/진단/측정/주석),print/debugPrint/Log 또는 내부 throw의 호출 위치. 제품 실패 표시에서는 외국어 localizedErrorDetail 사용. 기술 로그는 원인 보존.,정적 추적; 실제 기기는 NOT_RUN
lib/utils/apply_schedule_change.dart,140,유지(기능 조건/원본 데이터/진단/측정/주석),print/debugPrint/Log 또는 내부 throw의 호출 위치. 제품 실패 표시에서는 외국어 localizedErrorDetail 사용. 기술 로그는 원인 보존.,정적 추적; 실제 기기는 NOT_RUN
lib/utils/holiday_util.dart,9,유지(기능 조건/원본 데이터/진단/측정/주석),getHolidayName isKorean=false는 null. 72개 한국 공휴일 이름은 로컬 원본 데이터; F05의 호출 조건/Firestore 제한. 데이터 원본 삭제하지 않음.,정적 추적; 실제 기기는 NOT_RUN
lib/utils/holiday_util.dart,10,유지(기능 조건/원본 데이터/진단/측정/주석),getHolidayName isKorean=false는 null. 72개 한국 공휴일 이름은 로컬 원본 데이터; F05의 호출 조건/Firestore 제한. 데이터 원본 삭제하지 않음.,정적 추적; 실제 기기는 NOT_RUN
lib/utils/holiday_util.dart,11,유지(기능 조건/원본 데이터/진단/측정/주석),getHolidayName isKorean=false는 null. 72개 한국 공휴일 이름은 로컬 원본 데이터; F05의 호출 조건/Firestore 제한. 데이터 원본 삭제하지 않음.,정적 추적; 실제 기기는 NOT_RUN
lib/utils/holiday_util.dart,12,유지(기능 조건/원본 데이터/진단/측정/주석),getHolidayName isKorean=false는 null. 72개 한국 공휴일 이름은 로컬 원본 데이터; F05의 호출 조건/Firestore 제한. 데이터 원본 삭제하지 않음.,정적 추적; 실제 기기는 NOT_RUN
lib/utils/holiday_util.dart,13,유지(기능 조건/원본 데이터/진단/측정/주석),getHolidayName isKorean=false는 null. 72개 한국 공휴일 이름은 로컬 원본 데이터; F05의 호출 조건/Firestore 제한. 데이터 원본 삭제하지 않음.,정적 추적; 실제 기기는 NOT_RUN
lib/utils/holiday_util.dart,14,유지(기능 조건/원본 데이터/진단/측정/주석),getHolidayName isKorean=false는 null. 72개 한국 공휴일 이름은 로컬 원본 데이터; F05의 호출 조건/Firestore 제한. 데이터 원본 삭제하지 않음.,정적 추적; 실제 기기는 NOT_RUN
lib/utils/holiday_util.dart,15,유지(기능 조건/원본 데이터/진단/측정/주석),getHolidayName isKorean=false는 null. 72개 한국 공휴일 이름은 로컬 원본 데이터; F05의 호출 조건/Firestore 제한. 데이터 원본 삭제하지 않음.,정적 추적; 실제 기기는 NOT_RUN
lib/utils/holiday_util.dart,16,유지(기능 조건/원본 데이터/진단/측정/주석),getHolidayName isKorean=false는 null. 72개 한국 공휴일 이름은 로컬 원본 데이터; F05의 호출 조건/Firestore 제한. 데이터 원본 삭제하지 않음.,정적 추적; 실제 기기는 NOT_RUN
lib/utils/holiday_util.dart,22,유지(기능 조건/원본 데이터/진단/측정/주석),getHolidayName isKorean=false는 null. 72개 한국 공휴일 이름은 로컬 원본 데이터; F05의 호출 조건/Firestore 제한. 데이터 원본 삭제하지 않음.,정적 추적; 실제 기기는 NOT_RUN
lib/utils/holiday_util.dart,23,유지(기능 조건/원본 데이터/진단/측정/주석),getHolidayName isKorean=false는 null. 72개 한국 공휴일 이름은 로컬 원본 데이터; F05의 호출 조건/Firestore 제한. 데이터 원본 삭제하지 않음.,정적 추적; 실제 기기는 NOT_RUN
lib/utils/holiday_util.dart,24,유지(기능 조건/원본 데이터/진단/측정/주석),getHolidayName isKorean=false는 null. 72개 한국 공휴일 이름은 로컬 원본 데이터; F05의 호출 조건/Firestore 제한. 데이터 원본 삭제하지 않음.,정적 추적; 실제 기기는 NOT_RUN
lib/utils/holiday_util.dart,25,유지(기능 조건/원본 데이터/진단/측정/주석),getHolidayName isKorean=false는 null. 72개 한국 공휴일 이름은 로컬 원본 데이터; F05의 호출 조건/Firestore 제한. 데이터 원본 삭제하지 않음.,정적 추적; 실제 기기는 NOT_RUN
lib/utils/holiday_util.dart,26,유지(기능 조건/원본 데이터/진단/측정/주석),getHolidayName isKorean=false는 null. 72개 한국 공휴일 이름은 로컬 원본 데이터; F05의 호출 조건/Firestore 제한. 데이터 원본 삭제하지 않음.,정적 추적; 실제 기기는 NOT_RUN
lib/utils/holiday_util.dart,27,유지(기능 조건/원본 데이터/진단/측정/주석),getHolidayName isKorean=false는 null. 72개 한국 공휴일 이름은 로컬 원본 데이터; F05의 호출 조건/Firestore 제한. 데이터 원본 삭제하지 않음.,정적 추적; 실제 기기는 NOT_RUN
lib/utils/holiday_util.dart,28,유지(기능 조건/원본 데이터/진단/측정/주석),getHolidayName isKorean=false는 null. 72개 한국 공휴일 이름은 로컬 원본 데이터; F05의 호출 조건/Firestore 제한. 데이터 원본 삭제하지 않음.,정적 추적; 실제 기기는 NOT_RUN
lib/utils/holiday_util.dart,29,유지(기능 조건/원본 데이터/진단/측정/주석),getHolidayName isKorean=false는 null. 72개 한국 공휴일 이름은 로컬 원본 데이터; F05의 호출 조건/Firestore 제한. 데이터 원본 삭제하지 않음.,정적 추적; 실제 기기는 NOT_RUN
lib/utils/holiday_util.dart,30,유지(기능 조건/원본 데이터/진단/측정/주석),getHolidayName isKorean=false는 null. 72개 한국 공휴일 이름은 로컬 원본 데이터; F05의 호출 조건/Firestore 제한. 데이터 원본 삭제하지 않음.,정적 추적; 실제 기기는 NOT_RUN
lib/utils/holiday_util.dart,31,유지(기능 조건/원본 데이터/진단/측정/주석),getHolidayName isKorean=false는 null. 72개 한국 공휴일 이름은 로컬 원본 데이터; F05의 호출 조건/Firestore 제한. 데이터 원본 삭제하지 않음.,정적 추적; 실제 기기는 NOT_RUN
lib/utils/holiday_util.dart,32,유지(기능 조건/원본 데이터/진단/측정/주석),getHolidayName isKorean=false는 null. 72개 한국 공휴일 이름은 로컬 원본 데이터; F05의 호출 조건/Firestore 제한. 데이터 원본 삭제하지 않음.,정적 추적; 실제 기기는 NOT_RUN
lib/utils/holiday_util.dart,35,유지(기능 조건/원본 데이터/진단/측정/주석),getHolidayName isKorean=false는 null. 72개 한국 공휴일 이름은 로컬 원본 데이터; F05의 호출 조건/Firestore 제한. 데이터 원본 삭제하지 않음.,정적 추적; 실제 기기는 NOT_RUN
lib/utils/holiday_util.dart,36,유지(기능 조건/원본 데이터/진단/측정/주석),getHolidayName isKorean=false는 null. 72개 한국 공휴일 이름은 로컬 원본 데이터; F05의 호출 조건/Firestore 제한. 데이터 원본 삭제하지 않음.,정적 추적; 실제 기기는 NOT_RUN
lib/utils/holiday_util.dart,37,유지(기능 조건/원본 데이터/진단/측정/주석),getHolidayName isKorean=false는 null. 72개 한국 공휴일 이름은 로컬 원본 데이터; F05의 호출 조건/Firestore 제한. 데이터 원본 삭제하지 않음.,정적 추적; 실제 기기는 NOT_RUN
lib/utils/holiday_util.dart,38,유지(기능 조건/원본 데이터/진단/측정/주석),getHolidayName isKorean=false는 null. 72개 한국 공휴일 이름은 로컬 원본 데이터; F05의 호출 조건/Firestore 제한. 데이터 원본 삭제하지 않음.,정적 추적; 실제 기기는 NOT_RUN
lib/utils/holiday_util.dart,39,유지(기능 조건/원본 데이터/진단/측정/주석),getHolidayName isKorean=false는 null. 72개 한국 공휴일 이름은 로컬 원본 데이터; F05의 호출 조건/Firestore 제한. 데이터 원본 삭제하지 않음.,정적 추적; 실제 기기는 NOT_RUN
lib/utils/holiday_util.dart,40,유지(기능 조건/원본 데이터/진단/측정/주석),getHolidayName isKorean=false는 null. 72개 한국 공휴일 이름은 로컬 원본 데이터; F05의 호출 조건/Firestore 제한. 데이터 원본 삭제하지 않음.,정적 추적; 실제 기기는 NOT_RUN
lib/utils/holiday_util.dart,41,유지(기능 조건/원본 데이터/진단/측정/주석),getHolidayName isKorean=false는 null. 72개 한국 공휴일 이름은 로컬 원본 데이터; F05의 호출 조건/Firestore 제한. 데이터 원본 삭제하지 않음.,정적 추적; 실제 기기는 NOT_RUN
lib/utils/holiday_util.dart,42,유지(기능 조건/원본 데이터/진단/측정/주석),getHolidayName isKorean=false는 null. 72개 한국 공휴일 이름은 로컬 원본 데이터; F05의 호출 조건/Firestore 제한. 데이터 원본 삭제하지 않음.,정적 추적; 실제 기기는 NOT_RUN
lib/utils/holiday_util.dart,43,유지(기능 조건/원본 데이터/진단/측정/주석),getHolidayName isKorean=false는 null. 72개 한국 공휴일 이름은 로컬 원본 데이터; F05의 호출 조건/Firestore 제한. 데이터 원본 삭제하지 않음.,정적 추적; 실제 기기는 NOT_RUN
lib/utils/holiday_util.dart,44,유지(기능 조건/원본 데이터/진단/측정/주석),getHolidayName isKorean=false는 null. 72개 한국 공휴일 이름은 로컬 원본 데이터; F05의 호출 조건/Firestore 제한. 데이터 원본 삭제하지 않음.,정적 추적; 실제 기기는 NOT_RUN
lib/utils/holiday_util.dart,45,유지(기능 조건/원본 데이터/진단/측정/주석),getHolidayName isKorean=false는 null. 72개 한국 공휴일 이름은 로컬 원본 데이터; F05의 호출 조건/Firestore 제한. 데이터 원본 삭제하지 않음.,정적 추적; 실제 기기는 NOT_RUN
lib/utils/holiday_util.dart,46,유지(기능 조건/원본 데이터/진단/측정/주석),getHolidayName isKorean=false는 null. 72개 한국 공휴일 이름은 로컬 원본 데이터; F05의 호출 조건/Firestore 제한. 데이터 원본 삭제하지 않음.,정적 추적; 실제 기기는 NOT_RUN
lib/utils/holiday_util.dart,47,유지(기능 조건/원본 데이터/진단/측정/주석),getHolidayName isKorean=false는 null. 72개 한국 공휴일 이름은 로컬 원본 데이터; F05의 호출 조건/Firestore 제한. 데이터 원본 삭제하지 않음.,정적 추적; 실제 기기는 NOT_RUN
lib/utils/holiday_util.dart,48,유지(기능 조건/원본 데이터/진단/측정/주석),getHolidayName isKorean=false는 null. 72개 한국 공휴일 이름은 로컬 원본 데이터; F05의 호출 조건/Firestore 제한. 데이터 원본 삭제하지 않음.,정적 추적; 실제 기기는 NOT_RUN
lib/utils/holiday_util.dart,51,유지(기능 조건/원본 데이터/진단/측정/주석),getHolidayName isKorean=false는 null. 72개 한국 공휴일 이름은 로컬 원본 데이터; F05의 호출 조건/Firestore 제한. 데이터 원본 삭제하지 않음.,정적 추적; 실제 기기는 NOT_RUN
lib/utils/holiday_util.dart,52,유지(기능 조건/원본 데이터/진단/측정/주석),getHolidayName isKorean=false는 null. 72개 한국 공휴일 이름은 로컬 원본 데이터; F05의 호출 조건/Firestore 제한. 데이터 원본 삭제하지 않음.,정적 추적; 실제 기기는 NOT_RUN
lib/utils/holiday_util.dart,53,유지(기능 조건/원본 데이터/진단/측정/주석),getHolidayName isKorean=false는 null. 72개 한국 공휴일 이름은 로컬 원본 데이터; F05의 호출 조건/Firestore 제한. 데이터 원본 삭제하지 않음.,정적 추적; 실제 기기는 NOT_RUN
lib/utils/holiday_util.dart,54,유지(기능 조건/원본 데이터/진단/측정/주석),getHolidayName isKorean=false는 null. 72개 한국 공휴일 이름은 로컬 원본 데이터; F05의 호출 조건/Firestore 제한. 데이터 원본 삭제하지 않음.,정적 추적; 실제 기기는 NOT_RUN
lib/utils/holiday_util.dart,55,유지(기능 조건/원본 데이터/진단/측정/주석),getHolidayName isKorean=false는 null. 72개 한국 공휴일 이름은 로컬 원본 데이터; F05의 호출 조건/Firestore 제한. 데이터 원본 삭제하지 않음.,정적 추적; 실제 기기는 NOT_RUN
lib/utils/holiday_util.dart,56,유지(기능 조건/원본 데이터/진단/측정/주석),getHolidayName isKorean=false는 null. 72개 한국 공휴일 이름은 로컬 원본 데이터; F05의 호출 조건/Firestore 제한. 데이터 원본 삭제하지 않음.,정적 추적; 실제 기기는 NOT_RUN
lib/utils/holiday_util.dart,57,유지(기능 조건/원본 데이터/진단/측정/주석),getHolidayName isKorean=false는 null. 72개 한국 공휴일 이름은 로컬 원본 데이터; F05의 호출 조건/Firestore 제한. 데이터 원본 삭제하지 않음.,정적 추적; 실제 기기는 NOT_RUN
lib/utils/holiday_util.dart,58,유지(기능 조건/원본 데이터/진단/측정/주석),getHolidayName isKorean=false는 null. 72개 한국 공휴일 이름은 로컬 원본 데이터; F05의 호출 조건/Firestore 제한. 데이터 원본 삭제하지 않음.,정적 추적; 실제 기기는 NOT_RUN
lib/utils/holiday_util.dart,59,유지(기능 조건/원본 데이터/진단/측정/주석),getHolidayName isKorean=false는 null. 72개 한국 공휴일 이름은 로컬 원본 데이터; F05의 호출 조건/Firestore 제한. 데이터 원본 삭제하지 않음.,정적 추적; 실제 기기는 NOT_RUN
lib/utils/holiday_util.dart,60,유지(기능 조건/원본 데이터/진단/측정/주석),getHolidayName isKorean=false는 null. 72개 한국 공휴일 이름은 로컬 원본 데이터; F05의 호출 조건/Firestore 제한. 데이터 원본 삭제하지 않음.,정적 추적; 실제 기기는 NOT_RUN
lib/utils/holiday_util.dart,61,유지(기능 조건/원본 데이터/진단/측정/주석),getHolidayName isKorean=false는 null. 72개 한국 공휴일 이름은 로컬 원본 데이터; F05의 호출 조건/Firestore 제한. 데이터 원본 삭제하지 않음.,정적 추적; 실제 기기는 NOT_RUN
lib/utils/holiday_util.dart,62,유지(기능 조건/원본 데이터/진단/측정/주석),getHolidayName isKorean=false는 null. 72개 한국 공휴일 이름은 로컬 원본 데이터; F05의 호출 조건/Firestore 제한. 데이터 원본 삭제하지 않음.,정적 추적; 실제 기기는 NOT_RUN
lib/utils/holiday_util.dart,63,유지(기능 조건/원본 데이터/진단/측정/주석),getHolidayName isKorean=false는 null. 72개 한국 공휴일 이름은 로컬 원본 데이터; F05의 호출 조건/Firestore 제한. 데이터 원본 삭제하지 않음.,정적 추적; 실제 기기는 NOT_RUN
lib/utils/holiday_util.dart,64,유지(기능 조건/원본 데이터/진단/측정/주석),getHolidayName isKorean=false는 null. 72개 한국 공휴일 이름은 로컬 원본 데이터; F05의 호출 조건/Firestore 제한. 데이터 원본 삭제하지 않음.,정적 추적; 실제 기기는 NOT_RUN
lib/utils/holiday_util.dart,65,유지(기능 조건/원본 데이터/진단/측정/주석),getHolidayName isKorean=false는 null. 72개 한국 공휴일 이름은 로컬 원본 데이터; F05의 호출 조건/Firestore 제한. 데이터 원본 삭제하지 않음.,정적 추적; 실제 기기는 NOT_RUN
lib/utils/holiday_util.dart,66,유지(기능 조건/원본 데이터/진단/측정/주석),getHolidayName isKorean=false는 null. 72개 한국 공휴일 이름은 로컬 원본 데이터; F05의 호출 조건/Firestore 제한. 데이터 원본 삭제하지 않음.,정적 추적; 실제 기기는 NOT_RUN
lib/utils/holiday_util.dart,68,유지(기능 조건/원본 데이터/진단/측정/주석),getHolidayName isKorean=false는 null. 72개 한국 공휴일 이름은 로컬 원본 데이터; F05의 호출 조건/Firestore 제한. 데이터 원본 삭제하지 않음.,정적 추적; 실제 기기는 NOT_RUN
lib/utils/holiday_util.dart,69,유지(기능 조건/원본 데이터/진단/측정/주석),getHolidayName isKorean=false는 null. 72개 한국 공휴일 이름은 로컬 원본 데이터; F05의 호출 조건/Firestore 제한. 데이터 원본 삭제하지 않음.,정적 추적; 실제 기기는 NOT_RUN
lib/utils/holiday_util.dart,70,유지(기능 조건/원본 데이터/진단/측정/주석),getHolidayName isKorean=false는 null. 72개 한국 공휴일 이름은 로컬 원본 데이터; F05의 호출 조건/Firestore 제한. 데이터 원본 삭제하지 않음.,정적 추적; 실제 기기는 NOT_RUN
lib/utils/holiday_util.dart,71,유지(기능 조건/원본 데이터/진단/측정/주석),getHolidayName isKorean=false는 null. 72개 한국 공휴일 이름은 로컬 원본 데이터; F05의 호출 조건/Firestore 제한. 데이터 원본 삭제하지 않음.,정적 추적; 실제 기기는 NOT_RUN
lib/utils/holiday_util.dart,72,유지(기능 조건/원본 데이터/진단/측정/주석),getHolidayName isKorean=false는 null. 72개 한국 공휴일 이름은 로컬 원본 데이터; F05의 호출 조건/Firestore 제한. 데이터 원본 삭제하지 않음.,정적 추적; 실제 기기는 NOT_RUN
lib/utils/holiday_util.dart,73,유지(기능 조건/원본 데이터/진단/측정/주석),getHolidayName isKorean=false는 null. 72개 한국 공휴일 이름은 로컬 원본 데이터; F05의 호출 조건/Firestore 제한. 데이터 원본 삭제하지 않음.,정적 추적; 실제 기기는 NOT_RUN
lib/utils/holiday_util.dart,74,유지(기능 조건/원본 데이터/진단/측정/주석),getHolidayName isKorean=false는 null. 72개 한국 공휴일 이름은 로컬 원본 데이터; F05의 호출 조건/Firestore 제한. 데이터 원본 삭제하지 않음.,정적 추적; 실제 기기는 NOT_RUN
lib/utils/holiday_util.dart,75,유지(기능 조건/원본 데이터/진단/측정/주석),getHolidayName isKorean=false는 null. 72개 한국 공휴일 이름은 로컬 원본 데이터; F05의 호출 조건/Firestore 제한. 데이터 원본 삭제하지 않음.,정적 추적; 실제 기기는 NOT_RUN
lib/utils/holiday_util.dart,76,유지(기능 조건/원본 데이터/진단/측정/주석),getHolidayName isKorean=false는 null. 72개 한국 공휴일 이름은 로컬 원본 데이터; F05의 호출 조건/Firestore 제한. 데이터 원본 삭제하지 않음.,정적 추적; 실제 기기는 NOT_RUN
lib/utils/holiday_util.dart,77,유지(기능 조건/원본 데이터/진단/측정/주석),getHolidayName isKorean=false는 null. 72개 한국 공휴일 이름은 로컬 원본 데이터; F05의 호출 조건/Firestore 제한. 데이터 원본 삭제하지 않음.,정적 추적; 실제 기기는 NOT_RUN
lib/utils/holiday_util.dart,78,유지(기능 조건/원본 데이터/진단/측정/주석),getHolidayName isKorean=false는 null. 72개 한국 공휴일 이름은 로컬 원본 데이터; F05의 호출 조건/Firestore 제한. 데이터 원본 삭제하지 않음.,정적 추적; 실제 기기는 NOT_RUN
lib/utils/holiday_util.dart,80,유지(기능 조건/원본 데이터/진단/측정/주석),getHolidayName isKorean=false는 null. 72개 한국 공휴일 이름은 로컬 원본 데이터; F05의 호출 조건/Firestore 제한. 데이터 원본 삭제하지 않음.,정적 추적; 실제 기기는 NOT_RUN
lib/utils/holiday_util.dart,81,유지(기능 조건/원본 데이터/진단/측정/주석),getHolidayName isKorean=false는 null. 72개 한국 공휴일 이름은 로컬 원본 데이터; F05의 호출 조건/Firestore 제한. 데이터 원본 삭제하지 않음.,정적 추적; 실제 기기는 NOT_RUN
lib/utils/holiday_util.dart,82,유지(기능 조건/원본 데이터/진단/측정/주석),getHolidayName isKorean=false는 null. 72개 한국 공휴일 이름은 로컬 원본 데이터; F05의 호출 조건/Firestore 제한. 데이터 원본 삭제하지 않음.,정적 추적; 실제 기기는 NOT_RUN
lib/utils/holiday_util.dart,83,유지(기능 조건/원본 데이터/진단/측정/주석),getHolidayName isKorean=false는 null. 72개 한국 공휴일 이름은 로컬 원본 데이터; F05의 호출 조건/Firestore 제한. 데이터 원본 삭제하지 않음.,정적 추적; 실제 기기는 NOT_RUN
lib/utils/holiday_util.dart,84,유지(기능 조건/원본 데이터/진단/측정/주석),getHolidayName isKorean=false는 null. 72개 한국 공휴일 이름은 로컬 원본 데이터; F05의 호출 조건/Firestore 제한. 데이터 원본 삭제하지 않음.,정적 추적; 실제 기기는 NOT_RUN
lib/utils/holiday_util.dart,85,유지(기능 조건/원본 데이터/진단/측정/주석),getHolidayName isKorean=false는 null. 72개 한국 공휴일 이름은 로컬 원본 데이터; F05의 호출 조건/Firestore 제한. 데이터 원본 삭제하지 않음.,정적 추적; 실제 기기는 NOT_RUN
lib/utils/holiday_util.dart,86,유지(기능 조건/원본 데이터/진단/측정/주석),getHolidayName isKorean=false는 null. 72개 한국 공휴일 이름은 로컬 원본 데이터; F05의 호출 조건/Firestore 제한. 데이터 원본 삭제하지 않음.,정적 추적; 실제 기기는 NOT_RUN
lib/utils/holiday_util.dart,87,유지(기능 조건/원본 데이터/진단/측정/주석),getHolidayName isKorean=false는 null. 72개 한국 공휴일 이름은 로컬 원본 데이터; F05의 호출 조건/Firestore 제한. 데이터 원본 삭제하지 않음.,정적 추적; 실제 기기는 NOT_RUN
lib/utils/holiday_util.dart,88,유지(기능 조건/원본 데이터/진단/측정/주석),getHolidayName isKorean=false는 null. 72개 한국 공휴일 이름은 로컬 원본 데이터; F05의 호출 조건/Firestore 제한. 데이터 원본 삭제하지 않음.,정적 추적; 실제 기기는 NOT_RUN
lib/utils/holiday_util.dart,89,유지(기능 조건/원본 데이터/진단/측정/주석),getHolidayName isKorean=false는 null. 72개 한국 공휴일 이름은 로컬 원본 데이터; F05의 호출 조건/Firestore 제한. 데이터 원본 삭제하지 않음.,정적 추적; 실제 기기는 NOT_RUN
lib/utils/holiday_util.dart,90,유지(기능 조건/원본 데이터/진단/측정/주석),getHolidayName isKorean=false는 null. 72개 한국 공휴일 이름은 로컬 원본 데이터; F05의 호출 조건/Firestore 제한. 데이터 원본 삭제하지 않음.,정적 추적; 실제 기기는 NOT_RUN
lib/utils/holiday_util.dart,91,유지(기능 조건/원본 데이터/진단/측정/주석),getHolidayName isKorean=false는 null. 72개 한국 공휴일 이름은 로컬 원본 데이터; F05의 호출 조건/Firestore 제한. 데이터 원본 삭제하지 않음.,정적 추적; 실제 기기는 NOT_RUN
lib/utils/lunar_calendar_util.dart,49,유지(기능 조건/원본 데이터/진단/측정/주석),formatLunarDateFull/Compact 호출은 calendar ko 조건 안. F05. 한국어 음력 형식은 유지.,정적 추적; 실제 기기는 NOT_RUN
lib/utils/lunar_calendar_util.dart,50,유지(기능 조건/원본 데이터/진단/측정/주석),formatLunarDateFull/Compact 호출은 calendar ko 조건 안. F05. 한국어 음력 형식은 유지.,정적 추적; 실제 기기는 NOT_RUN
lib/utils/lunar_calendar_util.dart,55,유지(기능 조건/원본 데이터/진단/측정/주석),formatLunarDateFull/Compact 호출은 calendar ko 조건 안. F05. 한국어 음력 형식은 유지.,정적 추적; 실제 기기는 NOT_RUN
lib/utils/shift_name_util.dart,11,유지(기능 조건/원본 데이터/진단/측정/주석),주석 내 인용 문자열/emoji 또는 저장 sentinel·내부 식별자/검증 예외. 소비는 날짜/알람·근무 계산/위젯 색 판단이며 실제 안내는 common l10n/R.string. 사용자 데이터·진단 계약 보존.,정적 추적; 실제 기기는 NOT_RUN
lib/utils/sleep_format_util.dart,9,유지(기능 조건/원본 데이터/진단/측정/주석),F01/F02/F04의 한국어 기능 진입·수신 조건에 종속하는 copy/엔진 데이터/내부 로그. 신규 외국어는 해당 UI를 생성하지 않음; KO 사용자 데이터·도메인 단어 유지.,정적 추적; 실제 기기는 NOT_RUN
lib/utils/sleep_format_util.dart,27,유지(기능 조건/원본 데이터/진단/측정/주석),F01/F02/F04의 한국어 기능 진입·수신 조건에 종속하는 copy/엔진 데이터/내부 로그. 신규 외국어는 해당 UI를 생성하지 않음; KO 사용자 데이터·도메인 단어 유지.,정적 추적; 실제 기기는 NOT_RUN
lib/utils/sleep_format_util.dart,28,유지(기능 조건/원본 데이터/진단/측정/주석),F01/F02/F04의 한국어 기능 진입·수신 조건에 종속하는 copy/엔진 데이터/내부 로그. 신규 외국어는 해당 UI를 생성하지 않음; KO 사용자 데이터·도메인 단어 유지.,정적 추적; 실제 기기는 NOT_RUN
lib/utils/sleep_format_util.dart,29,유지(기능 조건/원본 데이터/진단/측정/주석),F01/F02/F04의 한국어 기능 진입·수신 조건에 종속하는 copy/엔진 데이터/내부 로그. 신규 외국어는 해당 UI를 생성하지 않음; KO 사용자 데이터·도메인 단어 유지.,정적 추적; 실제 기기는 NOT_RUN
lib/utils/weekday_util.dart,25,유지(기능 조건/원본 데이터/진단/측정/주석),weekdayLabelForLocale language==ko에서만 kWeekdayKo 반환. foreign 날짜/요일은 언어별 코드.,정적 추적; 실제 기기는 NOT_RUN
lib/widgets/alarm_time_editor.dart,13,유지(기능 조건/원본 데이터/진단/측정/주석),주석 내 인용 문자열/emoji 또는 저장 sentinel·내부 식별자/검증 예외. 소비는 날짜/알람·근무 계산/위젯 색 판단이며 실제 안내는 common l10n/R.string. 사용자 데이터·진단 계약 보존.,정적 추적; 실제 기기는 NOT_RUN
lib/widgets/app_button.dart,63,유지(기능 조건/원본 데이터/진단/측정/주석),주석 내 인용 문자열/emoji 또는 저장 sentinel·내부 식별자/검증 예외. 소비는 날짜/알람·근무 계산/위젯 색 판단이며 실제 안내는 common l10n/R.string. 사용자 데이터·진단 계약 보존.,정적 추적; 실제 기기는 NOT_RUN
lib/widgets/banner_ad_slot.dart,70,유지(기능 조건/원본 데이터/진단/측정/주석),"광고 영역 dp 표시는 kAdSlotDebugTint=kDebugMode 조건. release에서 compile false, 제품 안내/광고 설명 아님. debug release 검증 표시를 새 제품 번역으로 만들지 않음.",정적 추적; 실제 기기는 NOT_RUN
lib/widgets/banner_ad_slot.dart,78,유지(기능 조건/원본 데이터/진단/측정/주석),"광고 영역 dp 표시는 kAdSlotDebugTint=kDebugMode 조건. release에서 compile false, 제품 안내/광고 설명 아님. debug release 검증 표시를 새 제품 번역으로 만들지 않음.",정적 추적; 실제 기기는 NOT_RUN
lib/widgets/banner_ad_slot.dart,87,유지(기능 조건/원본 데이터/진단/측정/주석),"광고 영역 dp 표시는 kAdSlotDebugTint=kDebugMode 조건. release에서 compile false, 제품 안내/광고 설명 아님. debug release 검증 표시를 새 제품 번역으로 만들지 않음.",정적 추적; 실제 기기는 NOT_RUN
lib/widgets/banner_ad_slot.dart,102,유지(기능 조건/원본 데이터/진단/측정/주석),"광고 영역 dp 표시는 kAdSlotDebugTint=kDebugMode 조건. release에서 compile false, 제품 안내/광고 설명 아님. debug release 검증 표시를 새 제품 번역으로 만들지 않음.",정적 추적; 실제 기기는 NOT_RUN
lib/widgets/banner_ad_slot.dart,141,유지(기능 조건/원본 데이터/진단/측정/주석),"광고 영역 dp 표시는 kAdSlotDebugTint=kDebugMode 조건. release에서 compile false, 제품 안내/광고 설명 아님. debug release 검증 표시를 새 제품 번역으로 만들지 않음.",정적 추적; 실제 기기는 NOT_RUN
lib/widgets/calendar_header_actions.dart,84,유지(기능 조건/원본 데이터/진단/측정/주석),전체 조는 현재 ko 조건/foreign 기존 shiftFullSchedule. 일정공유는 context.usesKoreanFeatures&&onFriends 조건. caller callback 전달만으로 foreign 공개되지 않음; 4언어 회귀 검사.,정적 추적; 실제 기기는 NOT_RUN
lib/widgets/calendar_header_actions.dart,88,유지(기능 조건/원본 데이터/진단/측정/주석),전체 조는 현재 ko 조건/foreign 기존 shiftFullSchedule. 일정공유는 context.usesKoreanFeatures&&onFriends 조건. caller callback 전달만으로 foreign 공개되지 않음; 4언어 회귀 검사.,정적 추적; 실제 기기는 NOT_RUN
lib/widgets/custom_alarm_widgets.dart,43,유지(기능 조건/원본 데이터/진단/측정/주석),F01/F02/F04의 한국어 기능 진입·수신 조건에 종속하는 copy/엔진 데이터/내부 로그. 신규 외국어는 해당 UI를 생성하지 않음; KO 사용자 데이터·도메인 단어 유지.,정적 추적; 실제 기기는 NOT_RUN
lib/widgets/custom_alarm_widgets.dart,45,유지(기능 조건/원본 데이터/진단/측정/주석),F01/F02/F04의 한국어 기능 진입·수신 조건에 종속하는 copy/엔진 데이터/내부 로그. 신규 외국어는 해당 UI를 생성하지 않음; KO 사용자 데이터·도메인 단어 유지.,정적 추적; 실제 기기는 NOT_RUN
lib/widgets/custom_alarm_widgets.dart,46,유지(기능 조건/원본 데이터/진단/측정/주석),F01/F02/F04의 한국어 기능 진입·수신 조건에 종속하는 copy/엔진 데이터/내부 로그. 신규 외국어는 해당 UI를 생성하지 않음; KO 사용자 데이터·도메인 단어 유지.,정적 추적; 실제 기기는 NOT_RUN
lib/widgets/custom_alarm_widgets.dart,47,유지(기능 조건/원본 데이터/진단/측정/주석),F01/F02/F04의 한국어 기능 진입·수신 조건에 종속하는 copy/엔진 데이터/내부 로그. 신규 외국어는 해당 UI를 생성하지 않음; KO 사용자 데이터·도메인 단어 유지.,정적 추적; 실제 기기는 NOT_RUN
lib/widgets/custom_alarm_widgets.dart,54,유지(기능 조건/원본 데이터/진단/측정/주석),F01/F02/F04의 한국어 기능 진입·수신 조건에 종속하는 copy/엔진 데이터/내부 로그. 신규 외국어는 해당 UI를 생성하지 않음; KO 사용자 데이터·도메인 단어 유지.,정적 추적; 실제 기기는 NOT_RUN
lib/widgets/custom_alarm_widgets.dart,56,유지(기능 조건/원본 데이터/진단/측정/주석),F01/F02/F04의 한국어 기능 진입·수신 조건에 종속하는 copy/엔진 데이터/내부 로그. 신규 외국어는 해당 UI를 생성하지 않음; KO 사용자 데이터·도메인 단어 유지.,정적 추적; 실제 기기는 NOT_RUN
lib/widgets/custom_alarm_widgets.dart,57,유지(기능 조건/원본 데이터/진단/측정/주석),F01/F02/F04의 한국어 기능 진입·수신 조건에 종속하는 copy/엔진 데이터/내부 로그. 신규 외국어는 해당 UI를 생성하지 않음; KO 사용자 데이터·도메인 단어 유지.,정적 추적; 실제 기기는 NOT_RUN
lib/widgets/custom_alarm_widgets.dart,58,유지(기능 조건/원본 데이터/진단/측정/주석),F01/F02/F04의 한국어 기능 진입·수신 조건에 종속하는 copy/엔진 데이터/내부 로그. 신규 외국어는 해당 UI를 생성하지 않음; KO 사용자 데이터·도메인 단어 유지.,정적 추적; 실제 기기는 NOT_RUN
lib/widgets/custom_alarm_widgets.dart,60,유지(기능 조건/원본 데이터/진단/측정/주석),F01/F02/F04의 한국어 기능 진입·수신 조건에 종속하는 copy/엔진 데이터/내부 로그. 신규 외국어는 해당 UI를 생성하지 않음; KO 사용자 데이터·도메인 단어 유지.,정적 추적; 실제 기기는 NOT_RUN
lib/widgets/custom_alarm_widgets.dart,89,유지(기능 조건/원본 데이터/진단/측정/주석),F01/F02/F04의 한국어 기능 진입·수신 조건에 종속하는 copy/엔진 데이터/내부 로그. 신규 외국어는 해당 UI를 생성하지 않음; KO 사용자 데이터·도메인 단어 유지.,정적 추적; 실제 기기는 NOT_RUN
lib/widgets/custom_alarm_widgets.dart,102,유지(기능 조건/원본 데이터/진단/측정/주석),F01/F02/F04의 한국어 기능 진입·수신 조건에 종속하는 copy/엔진 데이터/내부 로그. 신규 외국어는 해당 UI를 생성하지 않음; KO 사용자 데이터·도메인 단어 유지.,정적 추적; 실제 기기는 NOT_RUN
lib/widgets/custom_alarm_widgets.dart,103,유지(기능 조건/원본 데이터/진단/측정/주석),F01/F02/F04의 한국어 기능 진입·수신 조건에 종속하는 copy/엔진 데이터/내부 로그. 신규 외국어는 해당 UI를 생성하지 않음; KO 사용자 데이터·도메인 단어 유지.,정적 추적; 실제 기기는 NOT_RUN
lib/widgets/custom_alarm_widgets.dart,136,유지(기능 조건/원본 데이터/진단/측정/주석),F01/F02/F04의 한국어 기능 진입·수신 조건에 종속하는 copy/엔진 데이터/내부 로그. 신규 외국어는 해당 UI를 생성하지 않음; KO 사용자 데이터·도메인 단어 유지.,정적 추적; 실제 기기는 NOT_RUN
lib/widgets/custom_alarm_widgets.dart,153,유지(기능 조건/원본 데이터/진단/측정/주석),F01/F02/F04의 한국어 기능 진입·수신 조건에 종속하는 copy/엔진 데이터/내부 로그. 신규 외국어는 해당 UI를 생성하지 않음; KO 사용자 데이터·도메인 단어 유지.,정적 추적; 실제 기기는 NOT_RUN
lib/widgets/custom_alarm_widgets.dart,160,유지(기능 조건/원본 데이터/진단/측정/주석),F01/F02/F04의 한국어 기능 진입·수신 조건에 종속하는 copy/엔진 데이터/내부 로그. 신규 외국어는 해당 UI를 생성하지 않음; KO 사용자 데이터·도메인 단어 유지.,정적 추적; 실제 기기는 NOT_RUN
lib/widgets/custom_alarm_widgets.dart,161,유지(기능 조건/원본 데이터/진단/측정/주석),F01/F02/F04의 한국어 기능 진입·수신 조건에 종속하는 copy/엔진 데이터/내부 로그. 신규 외국어는 해당 UI를 생성하지 않음; KO 사용자 데이터·도메인 단어 유지.,정적 추적; 실제 기기는 NOT_RUN
lib/widgets/custom_alarm_widgets.dart,183,유지(기능 조건/원본 데이터/진단/측정/주석),F01/F02/F04의 한국어 기능 진입·수신 조건에 종속하는 copy/엔진 데이터/내부 로그. 신규 외국어는 해당 UI를 생성하지 않음; KO 사용자 데이터·도메인 단어 유지.,정적 추적; 실제 기기는 NOT_RUN
lib/widgets/custom_alarm_widgets.dart,184,유지(기능 조건/원본 데이터/진단/측정/주석),F01/F02/F04의 한국어 기능 진입·수신 조건에 종속하는 copy/엔진 데이터/내부 로그. 신규 외국어는 해당 UI를 생성하지 않음; KO 사용자 데이터·도메인 단어 유지.,정적 추적; 실제 기기는 NOT_RUN
lib/widgets/custom_alarm_widgets.dart,244,유지(기능 조건/원본 데이터/진단/측정/주석),F01/F02/F04의 한국어 기능 진입·수신 조건에 종속하는 copy/엔진 데이터/내부 로그. 신규 외국어는 해당 UI를 생성하지 않음; KO 사용자 데이터·도메인 단어 유지.,정적 추적; 실제 기기는 NOT_RUN
lib/widgets/custom_alarm_widgets.dart,245,유지(기능 조건/원본 데이터/진단/측정/주석),F01/F02/F04의 한국어 기능 진입·수신 조건에 종속하는 copy/엔진 데이터/내부 로그. 신규 외국어는 해당 UI를 생성하지 않음; KO 사용자 데이터·도메인 단어 유지.,정적 추적; 실제 기기는 NOT_RUN
lib/widgets/custom_alarm_widgets.dart,264,유지(기능 조건/원본 데이터/진단/측정/주석),F01/F02/F04의 한국어 기능 진입·수신 조건에 종속하는 copy/엔진 데이터/내부 로그. 신규 외국어는 해당 UI를 생성하지 않음; KO 사용자 데이터·도메인 단어 유지.,정적 추적; 실제 기기는 NOT_RUN
lib/widgets/custom_alarm_widgets.dart,266,유지(기능 조건/원본 데이터/진단/측정/주석),F01/F02/F04의 한국어 기능 진입·수신 조건에 종속하는 copy/엔진 데이터/내부 로그. 신규 외국어는 해당 UI를 생성하지 않음; KO 사용자 데이터·도메인 단어 유지.,정적 추적; 실제 기기는 NOT_RUN
lib/widgets/evidence_library_section.dart,48,유지(기능 조건/원본 데이터/진단/측정/주석),F01/F02/F04의 한국어 기능 진입·수신 조건에 종속하는 copy/엔진 데이터/내부 로그. 신규 외국어는 해당 UI를 생성하지 않음; KO 사용자 데이터·도메인 단어 유지.,정적 추적; 실제 기기는 NOT_RUN
lib/widgets/evidence_library_section.dart,86,유지(기능 조건/원본 데이터/진단/측정/주석),F01/F02/F04의 한국어 기능 진입·수신 조건에 종속하는 copy/엔진 데이터/내부 로그. 신규 외국어는 해당 UI를 생성하지 않음; KO 사용자 데이터·도메인 단어 유지.,정적 추적; 실제 기기는 NOT_RUN
lib/widgets/friend_web_calendar.dart,119,유지(기능 조건/원본 데이터/진단/측정/주석),height() 안의 가9/가/일/2026년12월은 TextPainter로 측정만 하는 표본 문자열. 실제 웹 텍스트는 model/DateFormat/common copy. 레이아웃 자체 검증은 실행하지 않음.,정적 추적; 실제 기기는 NOT_RUN
lib/widgets/friend_web_calendar.dart,124,유지(기능 조건/원본 데이터/진단/측정/주석),height() 안의 가9/가/일/2026년12월은 TextPainter로 측정만 하는 표본 문자열. 실제 웹 텍스트는 model/DateFormat/common copy. 레이아웃 자체 검증은 실행하지 않음.,정적 추적; 실제 기기는 NOT_RUN
lib/widgets/friend_web_calendar.dart,131,유지(기능 조건/원본 데이터/진단/측정/주석),height() 안의 가9/가/일/2026년12월은 TextPainter로 측정만 하는 표본 문자열. 실제 웹 텍스트는 model/DateFormat/common copy. 레이아웃 자체 검증은 실행하지 않음.,정적 추적; 실제 기기는 NOT_RUN
lib/widgets/friend_web_calendar.dart,140,유지(기능 조건/원본 데이터/진단/측정/주석),height() 안의 가9/가/일/2026년12월은 TextPainter로 측정만 하는 표본 문자열. 실제 웹 텍스트는 model/DateFormat/common copy. 레이아웃 자체 검증은 실행하지 않음.,정적 추적; 실제 기기는 NOT_RUN
lib/widgets/onboarding_info_popups.dart,284,유지(기능 조건/원본 데이터/진단/측정/주석),ConditionTabTutorialContent의 한국어 body는 ConditionTab ko 전용. PopupConfig.koreanOnly 및 delay 앞뒤/builder 검사. 직접 표시 전과 열린 화면 locale 변경도 F02/F04에서 추적.,정적 추적; 실제 기기는 NOT_RUN
lib/widgets/onboarding_info_popups.dart,285,유지(기능 조건/원본 데이터/진단/측정/주석),ConditionTabTutorialContent의 한국어 body는 ConditionTab ko 전용. PopupConfig.koreanOnly 및 delay 앞뒤/builder 검사. 직접 표시 전과 열린 화면 locale 변경도 F02/F04에서 추적.,정적 추적; 실제 기기는 NOT_RUN
lib/widgets/onboarding_info_popups.dart,286,유지(기능 조건/원본 데이터/진단/측정/주석),ConditionTabTutorialContent의 한국어 body는 ConditionTab ko 전용. PopupConfig.koreanOnly 및 delay 앞뒤/builder 검사. 직접 표시 전과 열린 화면 locale 변경도 F02/F04에서 추적.,정적 추적; 실제 기기는 NOT_RUN
lib/widgets/onboarding_info_popups.dart,287,유지(기능 조건/원본 데이터/진단/측정/주석),ConditionTabTutorialContent의 한국어 body는 ConditionTab ko 전용. PopupConfig.koreanOnly 및 delay 앞뒤/builder 검사. 직접 표시 전과 열린 화면 locale 변경도 F02/F04에서 추적.,정적 추적; 실제 기기는 NOT_RUN
lib/widgets/onboarding_info_popups.dart,288,유지(기능 조건/원본 데이터/진단/측정/주석),ConditionTabTutorialContent의 한국어 body는 ConditionTab ko 전용. PopupConfig.koreanOnly 및 delay 앞뒤/builder 검사. 직접 표시 전과 열린 화면 locale 변경도 F02/F04에서 추적.,정적 추적; 실제 기기는 NOT_RUN
lib/widgets/onboarding_info_popups.dart,289,유지(기능 조건/원본 데이터/진단/측정/주석),ConditionTabTutorialContent의 한국어 body는 ConditionTab ko 전용. PopupConfig.koreanOnly 및 delay 앞뒤/builder 검사. 직접 표시 전과 열린 화면 locale 변경도 F02/F04에서 추적.,정적 추적; 실제 기기는 NOT_RUN
lib/widgets/onboarding_info_popups.dart,290,유지(기능 조건/원본 데이터/진단/측정/주석),ConditionTabTutorialContent의 한국어 body는 ConditionTab ko 전용. PopupConfig.koreanOnly 및 delay 앞뒤/builder 검사. 직접 표시 전과 열린 화면 locale 변경도 F02/F04에서 추적.,정적 추적; 실제 기기는 NOT_RUN
lib/widgets/onboarding_info_popups.dart,291,유지(기능 조건/원본 데이터/진단/측정/주석),ConditionTabTutorialContent의 한국어 body는 ConditionTab ko 전용. PopupConfig.koreanOnly 및 delay 앞뒤/builder 검사. 직접 표시 전과 열린 화면 locale 변경도 F02/F04에서 추적.,정적 추적; 실제 기기는 NOT_RUN
lib/widgets/onboarding_info_popups.dart,292,유지(기능 조건/원본 데이터/진단/측정/주석),ConditionTabTutorialContent의 한국어 body는 ConditionTab ko 전용. PopupConfig.koreanOnly 및 delay 앞뒤/builder 검사. 직접 표시 전과 열린 화면 locale 변경도 F02/F04에서 추적.,정적 추적; 실제 기기는 NOT_RUN
lib/widgets/onboarding_info_popups.dart,293,유지(기능 조건/원본 데이터/진단/측정/주석),ConditionTabTutorialContent의 한국어 body는 ConditionTab ko 전용. PopupConfig.koreanOnly 및 delay 앞뒤/builder 검사. 직접 표시 전과 열린 화면 locale 변경도 F02/F04에서 추적.,정적 추적; 실제 기기는 NOT_RUN
lib/widgets/onboarding_info_popups.dart,294,유지(기능 조건/원본 데이터/진단/측정/주석),ConditionTabTutorialContent의 한국어 body는 ConditionTab ko 전용. PopupConfig.koreanOnly 및 delay 앞뒤/builder 검사. 직접 표시 전과 열린 화면 locale 변경도 F02/F04에서 추적.,정적 추적; 실제 기기는 NOT_RUN
lib/widgets/onboarding_info_popups.dart,295,유지(기능 조건/원본 데이터/진단/측정/주석),ConditionTabTutorialContent의 한국어 body는 ConditionTab ko 전용. PopupConfig.koreanOnly 및 delay 앞뒤/builder 검사. 직접 표시 전과 열린 화면 locale 변경도 F02/F04에서 추적.,정적 추적; 실제 기기는 NOT_RUN
lib/widgets/onboarding_info_popups.dart,296,유지(기능 조건/원본 데이터/진단/측정/주석),ConditionTabTutorialContent의 한국어 body는 ConditionTab ko 전용. PopupConfig.koreanOnly 및 delay 앞뒤/builder 검사. 직접 표시 전과 열린 화면 locale 변경도 F02/F04에서 추적.,정적 추적; 실제 기기는 NOT_RUN
lib/widgets/onboarding_info_popups.dart,297,유지(기능 조건/원본 데이터/진단/측정/주석),ConditionTabTutorialContent의 한국어 body는 ConditionTab ko 전용. PopupConfig.koreanOnly 및 delay 앞뒤/builder 검사. 직접 표시 전과 열린 화면 locale 변경도 F02/F04에서 추적.,정적 추적; 실제 기기는 NOT_RUN
lib/widgets/onboarding_info_popups.dart,298,유지(기능 조건/원본 데이터/진단/측정/주석),ConditionTabTutorialContent의 한국어 body는 ConditionTab ko 전용. PopupConfig.koreanOnly 및 delay 앞뒤/builder 검사. 직접 표시 전과 열린 화면 locale 변경도 F02/F04에서 추적.,정적 추적; 실제 기기는 NOT_RUN
lib/widgets/onboarding_info_popups.dart,299,유지(기능 조건/원본 데이터/진단/측정/주석),ConditionTabTutorialContent의 한국어 body는 ConditionTab ko 전용. PopupConfig.koreanOnly 및 delay 앞뒤/builder 검사. 직접 표시 전과 열린 화면 locale 변경도 F02/F04에서 추적.,정적 추적; 실제 기기는 NOT_RUN
lib/widgets/onboarding_info_popups.dart,300,유지(기능 조건/원본 데이터/진단/측정/주석),ConditionTabTutorialContent의 한국어 body는 ConditionTab ko 전용. PopupConfig.koreanOnly 및 delay 앞뒤/builder 검사. 직접 표시 전과 열린 화면 locale 변경도 F02/F04에서 추적.,정적 추적; 실제 기기는 NOT_RUN
lib/widgets/onboarding_info_popups.dart,301,유지(기능 조건/원본 데이터/진단/측정/주석),ConditionTabTutorialContent의 한국어 body는 ConditionTab ko 전용. PopupConfig.koreanOnly 및 delay 앞뒤/builder 검사. 직접 표시 전과 열린 화면 locale 변경도 F02/F04에서 추적.,정적 추적; 실제 기기는 NOT_RUN
lib/widgets/onboarding_info_popups.dart,302,유지(기능 조건/원본 데이터/진단/측정/주석),ConditionTabTutorialContent의 한국어 body는 ConditionTab ko 전용. PopupConfig.koreanOnly 및 delay 앞뒤/builder 검사. 직접 표시 전과 열린 화면 locale 변경도 F02/F04에서 추적.,정적 추적; 실제 기기는 NOT_RUN
lib/widgets/onboarding_info_popups.dart,303,유지(기능 조건/원본 데이터/진단/측정/주석),ConditionTabTutorialContent의 한국어 body는 ConditionTab ko 전용. PopupConfig.koreanOnly 및 delay 앞뒤/builder 검사. 직접 표시 전과 열린 화면 locale 변경도 F02/F04에서 추적.,정적 추적; 실제 기기는 NOT_RUN
lib/widgets/onboarding_info_popups.dart,304,유지(기능 조건/원본 데이터/진단/측정/주석),ConditionTabTutorialContent의 한국어 body는 ConditionTab ko 전용. PopupConfig.koreanOnly 및 delay 앞뒤/builder 검사. 직접 표시 전과 열린 화면 locale 변경도 F02/F04에서 추적.,정적 추적; 실제 기기는 NOT_RUN
lib/widgets/onboarding_info_popups.dart,305,유지(기능 조건/원본 데이터/진단/측정/주석),ConditionTabTutorialContent의 한국어 body는 ConditionTab ko 전용. PopupConfig.koreanOnly 및 delay 앞뒤/builder 검사. 직접 표시 전과 열린 화면 locale 변경도 F02/F04에서 추적.,정적 추적; 실제 기기는 NOT_RUN
lib/widgets/onboarding_info_popups.dart,306,유지(기능 조건/원본 데이터/진단/측정/주석),ConditionTabTutorialContent의 한국어 body는 ConditionTab ko 전용. PopupConfig.koreanOnly 및 delay 앞뒤/builder 검사. 직접 표시 전과 열린 화면 locale 변경도 F02/F04에서 추적.,정적 추적; 실제 기기는 NOT_RUN
lib/widgets/onboarding_info_popups.dart,339,유지(기능 조건/원본 데이터/진단/측정/주석),ConditionTabTutorialContent의 한국어 body는 ConditionTab ko 전용. PopupConfig.koreanOnly 및 delay 앞뒤/builder 검사. 직접 표시 전과 열린 화면 locale 변경도 F02/F04에서 추적.,정적 추적; 실제 기기는 NOT_RUN
lib/widgets/onboarding_info_popups.dart,340,유지(기능 조건/원본 데이터/진단/측정/주석),ConditionTabTutorialContent의 한국어 body는 ConditionTab ko 전용. PopupConfig.koreanOnly 및 delay 앞뒤/builder 검사. 직접 표시 전과 열린 화면 locale 변경도 F02/F04에서 추적.,정적 추적; 실제 기기는 NOT_RUN
lib/widgets/shift_label_layout.dart,24,유지(기능 조건/원본 데이터/진단/측정/주석),가나와 한글 regex는 길이 측정/분류 입력. Text의 실제 label은 전달된 사용자 근무명. 사용자의 문자열을 번역하거나 삭제하지 않음.,정적 추적; 실제 기기는 NOT_RUN
lib/widgets/shift_label_layout.dart,25,유지(기능 조건/원본 데이터/진단/측정/주석),가나와 한글 regex는 길이 측정/분류 입력. Text의 실제 label은 전달된 사용자 근무명. 사용자의 문자열을 번역하거나 삭제하지 않음.,정적 추적; 실제 기기는 NOT_RUN
lib/widgets/shift_label_layout.dart,52,유지(기능 조건/원본 데이터/진단/측정/주석),가나와 한글 regex는 길이 측정/분류 입력. Text의 실제 label은 전달된 사용자 근무명. 사용자의 문자열을 번역하거나 삭제하지 않음.,정적 추적; 실제 기기는 NOT_RUN
lib/widgets/sleep_edit_dialog.dart,45,유지(기능 조건/원본 데이터/진단/측정/주석),F01/F02/F04의 한국어 기능 진입·수신 조건에 종속하는 copy/엔진 데이터/내부 로그. 신규 외국어는 해당 UI를 생성하지 않음; KO 사용자 데이터·도메인 단어 유지.,정적 추적; 실제 기기는 NOT_RUN
lib/widgets/sleep_edit_dialog.dart,87,유지(기능 조건/원본 데이터/진단/측정/주석),F01/F02/F04의 한국어 기능 진입·수신 조건에 종속하는 copy/엔진 데이터/내부 로그. 신규 외국어는 해당 UI를 생성하지 않음; KO 사용자 데이터·도메인 단어 유지.,정적 추적; 실제 기기는 NOT_RUN
lib/widgets/sleep_edit_dialog.dart,89,유지(기능 조건/원본 데이터/진단/측정/주석),F01/F02/F04의 한국어 기능 진입·수신 조건에 종속하는 copy/엔진 데이터/내부 로그. 신규 외국어는 해당 UI를 생성하지 않음; KO 사용자 데이터·도메인 단어 유지.,정적 추적; 실제 기기는 NOT_RUN
lib/widgets/sleep_edit_dialog.dart,91,유지(기능 조건/원본 데이터/진단/측정/주석),F01/F02/F04의 한국어 기능 진입·수신 조건에 종속하는 copy/엔진 데이터/내부 로그. 신규 외국어는 해당 UI를 생성하지 않음; KO 사용자 데이터·도메인 단어 유지.,정적 추적; 실제 기기는 NOT_RUN
lib/widgets/sleep_edit_dialog.dart,131,유지(기능 조건/원본 데이터/진단/측정/주석),F01/F02/F04의 한국어 기능 진입·수신 조건에 종속하는 copy/엔진 데이터/내부 로그. 신규 외국어는 해당 UI를 생성하지 않음; KO 사용자 데이터·도메인 단어 유지.,정적 추적; 실제 기기는 NOT_RUN
lib/widgets/sleep_edit_dialog.dart,140,유지(기능 조건/원본 데이터/진단/측정/주석),F01/F02/F04의 한국어 기능 진입·수신 조건에 종속하는 copy/엔진 데이터/내부 로그. 신규 외국어는 해당 UI를 생성하지 않음; KO 사용자 데이터·도메인 단어 유지.,정적 추적; 실제 기기는 NOT_RUN
lib/widgets/sleep_edit_dialog.dart,204,유지(기능 조건/원본 데이터/진단/측정/주석),F01/F02/F04의 한국어 기능 진입·수신 조건에 종속하는 copy/엔진 데이터/내부 로그. 신규 외국어는 해당 UI를 생성하지 않음; KO 사용자 데이터·도메인 단어 유지.,정적 추적; 실제 기기는 NOT_RUN
lib/widgets/sleep_edit_dialog.dart,212,유지(기능 조건/원본 데이터/진단/측정/주석),F01/F02/F04의 한국어 기능 진입·수신 조건에 종속하는 copy/엔진 데이터/내부 로그. 신규 외국어는 해당 UI를 생성하지 않음; KO 사용자 데이터·도메인 단어 유지.,정적 추적; 실제 기기는 NOT_RUN
lib/widgets/sleep_edit_dialog.dart,223,유지(기능 조건/원본 데이터/진단/측정/주석),F01/F02/F04의 한국어 기능 진입·수신 조건에 종속하는 copy/엔진 데이터/내부 로그. 신규 외국어는 해당 UI를 생성하지 않음; KO 사용자 데이터·도메인 단어 유지.,정적 추적; 실제 기기는 NOT_RUN
lib/widgets/sleep_edit_dialog.dart,303,유지(기능 조건/원본 데이터/진단/측정/주석),F01/F02/F04의 한국어 기능 진입·수신 조건에 종속하는 copy/엔진 데이터/내부 로그. 신규 외국어는 해당 UI를 생성하지 않음; KO 사용자 데이터·도메인 단어 유지.,정적 추적; 실제 기기는 NOT_RUN
lib/widgets/sleep_edit_dialog.dart,332,유지(기능 조건/원본 데이터/진단/측정/주석),F01/F02/F04의 한국어 기능 진입·수신 조건에 종속하는 copy/엔진 데이터/내부 로그. 신규 외국어는 해당 UI를 생성하지 않음; KO 사용자 데이터·도메인 단어 유지.,정적 추적; 실제 기기는 NOT_RUN
lib/widgets/sleep_edit_dialog.dart,333,유지(기능 조건/원본 데이터/진단/측정/주석),F01/F02/F04의 한국어 기능 진입·수신 조건에 종속하는 copy/엔진 데이터/내부 로그. 신규 외국어는 해당 UI를 생성하지 않음; KO 사용자 데이터·도메인 단어 유지.,정적 추적; 실제 기기는 NOT_RUN
lib/widgets/sleep_edit_dialog.dart,334,유지(기능 조건/원본 데이터/진단/측정/주석),F01/F02/F04의 한국어 기능 진입·수신 조건에 종속하는 copy/엔진 데이터/내부 로그. 신규 외국어는 해당 UI를 생성하지 않음; KO 사용자 데이터·도메인 단어 유지.,정적 추적; 실제 기기는 NOT_RUN
lib/widgets/wide_calendar_cell.dart,118,유지(기능 조건/원본 데이터/진단/측정/주석),가9 TextSpan은 TextPainter 측정 입력. 화면 표시는 실제 shiftName/annotation/날짜이며 F05 ko 조건 적용.,정적 추적; 실제 기기는 NOT_RUN
android/app/src/main/kotlin/com/hwani1103/shiftbell/AlarmActionHelper.kt,58,유지(기능 조건/원본 데이터/진단/측정/주석),print/debugPrint/Log 또는 내부 throw의 호출 위치. 제품 실패 표시에서는 외국어 localizedErrorDetail 사용. 기술 로그는 원인 보존.,정적 추적; 실제 기기는 NOT_RUN
android/app/src/main/kotlin/com/hwani1103/shiftbell/AlarmActionHelper.kt,65,유지(기능 조건/원본 데이터/진단/측정/주석),print/debugPrint/Log 또는 내부 throw의 호출 위치. 제품 실패 표시에서는 외국어 localizedErrorDetail 사용. 기술 로그는 원인 보존.,정적 추적; 실제 기기는 NOT_RUN
android/app/src/main/kotlin/com/hwani1103/shiftbell/AlarmActionHelper.kt,89,유지(기능 조건/원본 데이터/진단/측정/주석),print/debugPrint/Log 또는 내부 throw의 호출 위치. 제품 실패 표시에서는 외국어 localizedErrorDetail 사용. 기술 로그는 원인 보존.,정적 추적; 실제 기기는 NOT_RUN
android/app/src/main/kotlin/com/hwani1103/shiftbell/AlarmActionHelper.kt,98,유지(기능 조건/원본 데이터/진단/측정/주석),print/debugPrint/Log 또는 내부 throw의 호출 위치. 제품 실패 표시에서는 외국어 localizedErrorDetail 사용. 기술 로그는 원인 보존.,정적 추적; 실제 기기는 NOT_RUN
android/app/src/main/kotlin/com/hwani1103/shiftbell/AlarmActionHelper.kt,130,유지(기능 조건/원본 데이터/진단/측정/주석),print/debugPrint/Log 또는 내부 throw의 호출 위치. 제품 실패 표시에서는 외국어 localizedErrorDetail 사용. 기술 로그는 원인 보존.,정적 추적; 실제 기기는 NOT_RUN
android/app/src/main/kotlin/com/hwani1103/shiftbell/AlarmActionHelper.kt,159,유지(기능 조건/원본 데이터/진단/측정/주석),print/debugPrint/Log 또는 내부 throw의 호출 위치. 제품 실패 표시에서는 외국어 localizedErrorDetail 사용. 기술 로그는 원인 보존.,정적 추적; 실제 기기는 NOT_RUN
android/app/src/main/kotlin/com/hwani1103/shiftbell/AlarmActionHelper.kt,199,유지(기능 조건/원본 데이터/진단/측정/주석),print/debugPrint/Log 또는 내부 throw의 호출 위치. 제품 실패 표시에서는 외국어 localizedErrorDetail 사용. 기술 로그는 원인 보존.,정적 추적; 실제 기기는 NOT_RUN
android/app/src/main/kotlin/com/hwani1103/shiftbell/AlarmActionHelper.kt,221,유지(기능 조건/원본 데이터/진단/측정/주석),print/debugPrint/Log 또는 내부 throw의 호출 위치. 제품 실패 표시에서는 외국어 localizedErrorDetail 사용. 기술 로그는 원인 보존.,정적 추적; 실제 기기는 NOT_RUN
android/app/src/main/kotlin/com/hwani1103/shiftbell/AlarmActionHelper.kt,224,유지(기능 조건/원본 데이터/진단/측정/주석),print/debugPrint/Log 또는 내부 throw의 호출 위치. 제품 실패 표시에서는 외국어 localizedErrorDetail 사용. 기술 로그는 원인 보존.,정적 추적; 실제 기기는 NOT_RUN
android/app/src/main/kotlin/com/hwani1103/shiftbell/AlarmActionHelper.kt,266,유지(기능 조건/원본 데이터/진단/측정/주석),print/debugPrint/Log 또는 내부 throw의 호출 위치. 제품 실패 표시에서는 외국어 localizedErrorDetail 사용. 기술 로그는 원인 보존.,정적 추적; 실제 기기는 NOT_RUN
android/app/src/main/kotlin/com/hwani1103/shiftbell/AlarmActionHelper.kt,305,유지(기능 조건/원본 데이터/진단/측정/주석),print/debugPrint/Log 또는 내부 throw의 호출 위치. 제품 실패 표시에서는 외국어 localizedErrorDetail 사용. 기술 로그는 원인 보존.,정적 추적; 실제 기기는 NOT_RUN
android/app/src/main/kotlin/com/hwani1103/shiftbell/AlarmActionHelper.kt,314,유지(기능 조건/원본 데이터/진단/측정/주석),print/debugPrint/Log 또는 내부 throw의 호출 위치. 제품 실패 표시에서는 외국어 localizedErrorDetail 사용. 기술 로그는 원인 보존.,정적 추적; 실제 기기는 NOT_RUN
android/app/src/main/kotlin/com/hwani1103/shiftbell/AlarmActionHelper.kt,326,유지(기능 조건/원본 데이터/진단/측정/주석),print/debugPrint/Log 또는 내부 throw의 호출 위치. 제품 실패 표시에서는 외국어 localizedErrorDetail 사용. 기술 로그는 원인 보존.,정적 추적; 실제 기기는 NOT_RUN
android/app/src/main/kotlin/com/hwani1103/shiftbell/AlarmActionHelper.kt,335,유지(기능 조건/원본 데이터/진단/측정/주석),print/debugPrint/Log 또는 내부 throw의 호출 위치. 제품 실패 표시에서는 외국어 localizedErrorDetail 사용. 기술 로그는 원인 보존.,정적 추적; 실제 기기는 NOT_RUN
android/app/src/main/kotlin/com/hwani1103/shiftbell/AlarmActionHelper.kt,342,유지(기능 조건/원본 데이터/진단/측정/주석),print/debugPrint/Log 또는 내부 throw의 호출 위치. 제품 실패 표시에서는 외국어 localizedErrorDetail 사용. 기술 로그는 원인 보존.,정적 추적; 실제 기기는 NOT_RUN
android/app/src/main/kotlin/com/hwani1103/shiftbell/AlarmActionHelper.kt,345,유지(기능 조건/원본 데이터/진단/측정/주석),print/debugPrint/Log 또는 내부 throw의 호출 위치. 제품 실패 표시에서는 외국어 localizedErrorDetail 사용. 기술 로그는 원인 보존.,정적 추적; 실제 기기는 NOT_RUN
android/app/src/main/kotlin/com/hwani1103/shiftbell/AlarmActionHelper.kt,355,유지(기능 조건/원본 데이터/진단/측정/주석),print/debugPrint/Log 또는 내부 throw의 호출 위치. 제품 실패 표시에서는 외국어 localizedErrorDetail 사용. 기술 로그는 원인 보존.,정적 추적; 실제 기기는 NOT_RUN
android/app/src/main/kotlin/com/hwani1103/shiftbell/AlarmActionHelper.kt,415,유지(기능 조건/원본 데이터/진단/측정/주석),print/debugPrint/Log 또는 내부 throw의 호출 위치. 제품 실패 표시에서는 외국어 localizedErrorDetail 사용. 기술 로그는 원인 보존.,정적 추적; 실제 기기는 NOT_RUN
android/app/src/main/kotlin/com/hwani1103/shiftbell/AlarmActionReceiver.kt,46,유지(기능 조건/원본 데이터/진단/측정/주석),print/debugPrint/Log 또는 내부 throw의 호출 위치. 제품 실패 표시에서는 외국어 localizedErrorDetail 사용. 기술 로그는 원인 보존.,정적 추적; 실제 기기는 NOT_RUN
android/app/src/main/kotlin/com/hwani1103/shiftbell/AlarmActionReceiver.kt,50,유지(기능 조건/원본 데이터/진단/측정/주석),print/debugPrint/Log 또는 내부 throw의 호출 위치. 제품 실패 표시에서는 외국어 localizedErrorDetail 사용. 기술 로그는 원인 보존.,정적 추적; 실제 기기는 NOT_RUN
android/app/src/main/kotlin/com/hwani1103/shiftbell/AlarmActionReceiver.kt,65,유지(기능 조건/원본 데이터/진단/측정/주석),print/debugPrint/Log 또는 내부 throw의 호출 위치. 제품 실패 표시에서는 외국어 localizedErrorDetail 사용. 기술 로그는 원인 보존.,정적 추적; 실제 기기는 NOT_RUN
android/app/src/main/kotlin/com/hwani1103/shiftbell/AlarmActionReceiver.kt,69,유지(기능 조건/원본 데이터/진단/측정/주석),print/debugPrint/Log 또는 내부 throw의 호출 위치. 제품 실패 표시에서는 외국어 localizedErrorDetail 사용. 기술 로그는 원인 보존.,정적 추적; 실제 기기는 NOT_RUN
android/app/src/main/kotlin/com/hwani1103/shiftbell/AlarmActionReceiver.kt,79,유지(기능 조건/원본 데이터/진단/측정/주석),print/debugPrint/Log 또는 내부 throw의 호출 위치. 제품 실패 표시에서는 외국어 localizedErrorDetail 사용. 기술 로그는 원인 보존.,정적 추적; 실제 기기는 NOT_RUN
android/app/src/main/kotlin/com/hwani1103/shiftbell/AlarmActionReceiver.kt,85,유지(기능 조건/원본 데이터/진단/측정/주석),print/debugPrint/Log 또는 내부 throw의 호출 위치. 제품 실패 표시에서는 외국어 localizedErrorDetail 사용. 기술 로그는 원인 보존.,정적 추적; 실제 기기는 NOT_RUN
android/app/src/main/kotlin/com/hwani1103/shiftbell/AlarmActionReceiver.kt,88,유지(기능 조건/원본 데이터/진단/측정/주석),print/debugPrint/Log 또는 내부 throw의 호출 위치. 제품 실패 표시에서는 외국어 localizedErrorDetail 사용. 기술 로그는 원인 보존.,정적 추적; 실제 기기는 NOT_RUN
android/app/src/main/kotlin/com/hwani1103/shiftbell/AlarmActivity.kt,44,유지(기능 조건/원본 데이터/진단/측정/주석),한국어 초기 label은 loadAlarmInfo DB 반환 실패/누락에서 화면 fallback 도달 가능. 후속 수정: load 진입 시 alarm_default_label을 먼저 읽고 실제 조회 성공의 사용자 shift_type은 유지.,정적 추적; 실제 기기는 NOT_RUN
android/app/src/main/kotlin/com/hwani1103/shiftbell/AlarmActivity.kt,65,유지(기능 조건/원본 데이터/진단/측정/주석),한국어 초기 label은 loadAlarmInfo DB 반환 실패/누락에서 화면 fallback 도달 가능. 후속 수정: load 진입 시 alarm_default_label을 먼저 읽고 실제 조회 성공의 사용자 shift_type은 유지.,정적 추적; 실제 기기는 NOT_RUN
android/app/src/main/kotlin/com/hwani1103/shiftbell/AlarmActivity.kt,75,유지(기능 조건/원본 데이터/진단/측정/주석),한국어 초기 label은 loadAlarmInfo DB 반환 실패/누락에서 화면 fallback 도달 가능. 후속 수정: load 진입 시 alarm_default_label을 먼저 읽고 실제 조회 성공의 사용자 shift_type은 유지.,정적 추적; 실제 기기는 NOT_RUN
android/app/src/main/kotlin/com/hwani1103/shiftbell/AlarmActivity.kt,84,유지(기능 조건/원본 데이터/진단/측정/주석),한국어 초기 label은 loadAlarmInfo DB 반환 실패/누락에서 화면 fallback 도달 가능. 후속 수정: load 진입 시 alarm_default_label을 먼저 읽고 실제 조회 성공의 사용자 shift_type은 유지.,정적 추적; 실제 기기는 NOT_RUN
android/app/src/main/kotlin/com/hwani1103/shiftbell/AlarmActivity.kt,158,유지(기능 조건/원본 데이터/진단/측정/주석),한국어 초기 label은 loadAlarmInfo DB 반환 실패/누락에서 화면 fallback 도달 가능. 후속 수정: load 진입 시 alarm_default_label을 먼저 읽고 실제 조회 성공의 사용자 shift_type은 유지.,정적 추적; 실제 기기는 NOT_RUN
android/app/src/main/kotlin/com/hwani1103/shiftbell/AlarmActivity.kt,160,유지(기능 조건/원본 데이터/진단/측정/주석),한국어 초기 label은 loadAlarmInfo DB 반환 실패/누락에서 화면 fallback 도달 가능. 후속 수정: load 진입 시 alarm_default_label을 먼저 읽고 실제 조회 성공의 사용자 shift_type은 유지.,정적 추적; 실제 기기는 NOT_RUN
android/app/src/main/kotlin/com/hwani1103/shiftbell/AlarmActivity.kt,172,유지(기능 조건/원본 데이터/진단/측정/주석),한국어 초기 label은 loadAlarmInfo DB 반환 실패/누락에서 화면 fallback 도달 가능. 후속 수정: load 진입 시 alarm_default_label을 먼저 읽고 실제 조회 성공의 사용자 shift_type은 유지.,정적 추적; 실제 기기는 NOT_RUN
android/app/src/main/kotlin/com/hwani1103/shiftbell/AlarmActivity.kt,179,유지(기능 조건/원본 데이터/진단/측정/주석),한국어 초기 label은 loadAlarmInfo DB 반환 실패/누락에서 화면 fallback 도달 가능. 후속 수정: load 진입 시 alarm_default_label을 먼저 읽고 실제 조회 성공의 사용자 shift_type은 유지.,정적 추적; 실제 기기는 NOT_RUN
android/app/src/main/kotlin/com/hwani1103/shiftbell/AlarmActivity.kt,185,유지(기능 조건/원본 데이터/진단/측정/주석),한국어 초기 label은 loadAlarmInfo DB 반환 실패/누락에서 화면 fallback 도달 가능. 후속 수정: load 진입 시 alarm_default_label을 먼저 읽고 실제 조회 성공의 사용자 shift_type은 유지.,정적 추적; 실제 기기는 NOT_RUN
android/app/src/main/kotlin/com/hwani1103/shiftbell/AlarmActivity.kt,214,유지(기능 조건/원본 데이터/진단/측정/주석),한국어 초기 label은 loadAlarmInfo DB 반환 실패/누락에서 화면 fallback 도달 가능. 후속 수정: load 진입 시 alarm_default_label을 먼저 읽고 실제 조회 성공의 사용자 shift_type은 유지.,정적 추적; 실제 기기는 NOT_RUN
android/app/src/main/kotlin/com/hwani1103/shiftbell/AlarmActivity.kt,309,유지(기능 조건/원본 데이터/진단/측정/주석),한국어 초기 label은 loadAlarmInfo DB 반환 실패/누락에서 화면 fallback 도달 가능. 후속 수정: load 진입 시 alarm_default_label을 먼저 읽고 실제 조회 성공의 사용자 shift_type은 유지.,정적 추적; 실제 기기는 NOT_RUN
android/app/src/main/kotlin/com/hwani1103/shiftbell/AlarmActivity.kt,347,유지(기능 조건/원본 데이터/진단/측정/주석),한국어 초기 label은 loadAlarmInfo DB 반환 실패/누락에서 화면 fallback 도달 가능. 후속 수정: load 진입 시 alarm_default_label을 먼저 읽고 실제 조회 성공의 사용자 shift_type은 유지.,정적 추적; 실제 기기는 NOT_RUN
android/app/src/main/kotlin/com/hwani1103/shiftbell/AlarmActivity.kt,376,유지(기능 조건/원본 데이터/진단/측정/주석),한국어 초기 label은 loadAlarmInfo DB 반환 실패/누락에서 화면 fallback 도달 가능. 후속 수정: load 진입 시 alarm_default_label을 먼저 읽고 실제 조회 성공의 사용자 shift_type은 유지.,정적 추적; 실제 기기는 NOT_RUN
android/app/src/main/kotlin/com/hwani1103/shiftbell/AlarmActivity.kt,402,유지(기능 조건/원본 데이터/진단/측정/주석),한국어 초기 label은 loadAlarmInfo DB 반환 실패/누락에서 화면 fallback 도달 가능. 후속 수정: load 진입 시 alarm_default_label을 먼저 읽고 실제 조회 성공의 사용자 shift_type은 유지.,정적 추적; 실제 기기는 NOT_RUN
android/app/src/main/kotlin/com/hwani1103/shiftbell/AlarmActivity.kt,404,유지(기능 조건/원본 데이터/진단/측정/주석),한국어 초기 label은 loadAlarmInfo DB 반환 실패/누락에서 화면 fallback 도달 가능. 후속 수정: load 진입 시 alarm_default_label을 먼저 읽고 실제 조회 성공의 사용자 shift_type은 유지.,정적 추적; 실제 기기는 NOT_RUN
android/app/src/main/kotlin/com/hwani1103/shiftbell/AlarmActivity.kt,412,유지(기능 조건/원본 데이터/진단/측정/주석),한국어 초기 label은 loadAlarmInfo DB 반환 실패/누락에서 화면 fallback 도달 가능. 후속 수정: load 진입 시 alarm_default_label을 먼저 읽고 실제 조회 성공의 사용자 shift_type은 유지.,정적 추적; 실제 기기는 NOT_RUN
android/app/src/main/kotlin/com/hwani1103/shiftbell/AlarmActivity.kt,416,유지(기능 조건/원본 데이터/진단/측정/주석),한국어 초기 label은 loadAlarmInfo DB 반환 실패/누락에서 화면 fallback 도달 가능. 후속 수정: load 진입 시 alarm_default_label을 먼저 읽고 실제 조회 성공의 사용자 shift_type은 유지.,정적 추적; 실제 기기는 NOT_RUN
android/app/src/main/kotlin/com/hwani1103/shiftbell/AlarmActivity.kt,421,유지(기능 조건/원본 데이터/진단/측정/주석),한국어 초기 label은 loadAlarmInfo DB 반환 실패/누락에서 화면 fallback 도달 가능. 후속 수정: load 진입 시 alarm_default_label을 먼저 읽고 실제 조회 성공의 사용자 shift_type은 유지.,정적 추적; 실제 기기는 NOT_RUN
android/app/src/main/kotlin/com/hwani1103/shiftbell/AlarmActivity.kt,467,유지(기능 조건/원본 데이터/진단/측정/주석),한국어 초기 label은 loadAlarmInfo DB 반환 실패/누락에서 화면 fallback 도달 가능. 후속 수정: load 진입 시 alarm_default_label을 먼저 읽고 실제 조회 성공의 사용자 shift_type은 유지.,정적 추적; 실제 기기는 NOT_RUN
android/app/src/main/kotlin/com/hwani1103/shiftbell/AlarmActivity.kt,473,유지(기능 조건/원본 데이터/진단/측정/주석),한국어 초기 label은 loadAlarmInfo DB 반환 실패/누락에서 화면 fallback 도달 가능. 후속 수정: load 진입 시 alarm_default_label을 먼저 읽고 실제 조회 성공의 사용자 shift_type은 유지.,정적 추적; 실제 기기는 NOT_RUN
android/app/src/main/kotlin/com/hwani1103/shiftbell/AlarmActivity.kt,481,유지(기능 조건/원본 데이터/진단/측정/주석),한국어 초기 label은 loadAlarmInfo DB 반환 실패/누락에서 화면 fallback 도달 가능. 후속 수정: load 진입 시 alarm_default_label을 먼저 읽고 실제 조회 성공의 사용자 shift_type은 유지.,정적 추적; 실제 기기는 NOT_RUN
android/app/src/main/kotlin/com/hwani1103/shiftbell/AlarmGuardReceiver.kt,19,유지(기능 조건/원본 데이터/진단/측정/주석),주석 내 인용 문자열/emoji 또는 저장 sentinel·내부 식별자/검증 예외. 소비는 날짜/알람·근무 계산/위젯 색 판단이며 실제 안내는 common l10n/R.string. 사용자 데이터·진단 계약 보존.,정적 추적; 실제 기기는 NOT_RUN
android/app/src/main/kotlin/com/hwani1103/shiftbell/AlarmGuardReceiver.kt,24,유지(기능 조건/원본 데이터/진단/측정/주석),주석 내 인용 문자열/emoji 또는 저장 sentinel·내부 식별자/검증 예외. 소비는 날짜/알람·근무 계산/위젯 색 판단이며 실제 안내는 common l10n/R.string. 사용자 데이터·진단 계약 보존.,정적 추적; 실제 기기는 NOT_RUN
android/app/src/main/kotlin/com/hwani1103/shiftbell/AlarmGuardReceiver.kt,30,유지(기능 조건/원본 데이터/진단/측정/주석),주석 내 인용 문자열/emoji 또는 저장 sentinel·내부 식별자/검증 예외. 소비는 날짜/알람·근무 계산/위젯 색 판단이며 실제 안내는 common l10n/R.string. 사용자 데이터·진단 계약 보존.,정적 추적; 실제 기기는 NOT_RUN
android/app/src/main/kotlin/com/hwani1103/shiftbell/AlarmGuardReceiver.kt,35,유지(기능 조건/원본 데이터/진단/측정/주석),주석 내 인용 문자열/emoji 또는 저장 sentinel·내부 식별자/검증 예외. 소비는 날짜/알람·근무 계산/위젯 색 판단이며 실제 안내는 common l10n/R.string. 사용자 데이터·진단 계약 보존.,정적 추적; 실제 기기는 NOT_RUN
android/app/src/main/kotlin/com/hwani1103/shiftbell/AlarmGuardReceiver.kt,79,유지(기능 조건/원본 데이터/진단/측정/주석),주석 내 인용 문자열/emoji 또는 저장 sentinel·내부 식별자/검증 예외. 소비는 날짜/알람·근무 계산/위젯 색 판단이며 실제 안내는 common l10n/R.string. 사용자 데이터·진단 계약 보존.,정적 추적; 실제 기기는 NOT_RUN
android/app/src/main/kotlin/com/hwani1103/shiftbell/AlarmGuardReceiver.kt,95,유지(기능 조건/원본 데이터/진단/측정/주석),주석 내 인용 문자열/emoji 또는 저장 sentinel·내부 식별자/검증 예외. 소비는 날짜/알람·근무 계산/위젯 색 판단이며 실제 안내는 common l10n/R.string. 사용자 데이터·진단 계약 보존.,정적 추적; 실제 기기는 NOT_RUN
android/app/src/main/kotlin/com/hwani1103/shiftbell/AlarmGuardReceiver.kt,134,유지(기능 조건/원본 데이터/진단/측정/주석),주석 내 인용 문자열/emoji 또는 저장 sentinel·내부 식별자/검증 예외. 소비는 날짜/알람·근무 계산/위젯 색 판단이며 실제 안내는 common l10n/R.string. 사용자 데이터·진단 계약 보존.,정적 추적; 실제 기기는 NOT_RUN
android/app/src/main/kotlin/com/hwani1103/shiftbell/AlarmGuardReceiver.kt,142,유지(기능 조건/원본 데이터/진단/측정/주석),주석 내 인용 문자열/emoji 또는 저장 sentinel·내부 식별자/검증 예외. 소비는 날짜/알람·근무 계산/위젯 색 판단이며 실제 안내는 common l10n/R.string. 사용자 데이터·진단 계약 보존.,정적 추적; 실제 기기는 NOT_RUN
android/app/src/main/kotlin/com/hwani1103/shiftbell/AlarmGuardReceiver.kt,145,유지(기능 조건/원본 데이터/진단/측정/주석),주석 내 인용 문자열/emoji 또는 저장 sentinel·내부 식별자/검증 예외. 소비는 날짜/알람·근무 계산/위젯 색 판단이며 실제 안내는 common l10n/R.string. 사용자 데이터·진단 계약 보존.,정적 추적; 실제 기기는 NOT_RUN
android/app/src/main/kotlin/com/hwani1103/shiftbell/AlarmGuardReceiver.kt,148,유지(기능 조건/원본 데이터/진단/측정/주석),주석 내 인용 문자열/emoji 또는 저장 sentinel·내부 식별자/검증 예외. 소비는 날짜/알람·근무 계산/위젯 색 판단이며 실제 안내는 common l10n/R.string. 사용자 데이터·진단 계약 보존.,정적 추적; 실제 기기는 NOT_RUN
android/app/src/main/kotlin/com/hwani1103/shiftbell/AlarmGuardReceiver.kt,182,유지(기능 조건/원본 데이터/진단/측정/주석),주석 내 인용 문자열/emoji 또는 저장 sentinel·내부 식별자/검증 예외. 소비는 날짜/알람·근무 계산/위젯 색 판단이며 실제 안내는 common l10n/R.string. 사용자 데이터·진단 계약 보존.,정적 추적; 실제 기기는 NOT_RUN
android/app/src/main/kotlin/com/hwani1103/shiftbell/AlarmGuardReceiver.kt,184,유지(기능 조건/원본 데이터/진단/측정/주석),주석 내 인용 문자열/emoji 또는 저장 sentinel·내부 식별자/검증 예외. 소비는 날짜/알람·근무 계산/위젯 색 판단이며 실제 안내는 common l10n/R.string. 사용자 데이터·진단 계약 보존.,정적 추적; 실제 기기는 NOT_RUN
android/app/src/main/kotlin/com/hwani1103/shiftbell/AlarmGuardReceiver.kt,187,유지(기능 조건/원본 데이터/진단/측정/주석),주석 내 인용 문자열/emoji 또는 저장 sentinel·내부 식별자/검증 예외. 소비는 날짜/알람·근무 계산/위젯 색 판단이며 실제 안내는 common l10n/R.string. 사용자 데이터·진단 계약 보존.,정적 추적; 실제 기기는 NOT_RUN
android/app/src/main/kotlin/com/hwani1103/shiftbell/AlarmGuardReceiver.kt,189,유지(기능 조건/원본 데이터/진단/측정/주석),주석 내 인용 문자열/emoji 또는 저장 sentinel·내부 식별자/검증 예외. 소비는 날짜/알람·근무 계산/위젯 색 판단이며 실제 안내는 common l10n/R.string. 사용자 데이터·진단 계약 보존.,정적 추적; 실제 기기는 NOT_RUN
android/app/src/main/kotlin/com/hwani1103/shiftbell/AlarmGuardReceiver.kt,219,유지(기능 조건/원본 데이터/진단/측정/주석),주석 내 인용 문자열/emoji 또는 저장 sentinel·내부 식별자/검증 예외. 소비는 날짜/알람·근무 계산/위젯 색 판단이며 실제 안내는 common l10n/R.string. 사용자 데이터·진단 계약 보존.,정적 추적; 실제 기기는 NOT_RUN
android/app/src/main/kotlin/com/hwani1103/shiftbell/AlarmGuardReceiver.kt,227,유지(기능 조건/원본 데이터/진단/측정/주석),주석 내 인용 문자열/emoji 또는 저장 sentinel·내부 식별자/검증 예외. 소비는 날짜/알람·근무 계산/위젯 색 판단이며 실제 안내는 common l10n/R.string. 사용자 데이터·진단 계약 보존.,정적 추적; 실제 기기는 NOT_RUN
android/app/src/main/kotlin/com/hwani1103/shiftbell/AlarmGuardReceiver.kt,231,유지(기능 조건/원본 데이터/진단/측정/주석),주석 내 인용 문자열/emoji 또는 저장 sentinel·내부 식별자/검증 예외. 소비는 날짜/알람·근무 계산/위젯 색 판단이며 실제 안내는 common l10n/R.string. 사용자 데이터·진단 계약 보존.,정적 추적; 실제 기기는 NOT_RUN
android/app/src/main/kotlin/com/hwani1103/shiftbell/AlarmGuardReceiver.kt,243,유지(기능 조건/원본 데이터/진단/측정/주석),주석 내 인용 문자열/emoji 또는 저장 sentinel·내부 식별자/검증 예외. 소비는 날짜/알람·근무 계산/위젯 색 판단이며 실제 안내는 common l10n/R.string. 사용자 데이터·진단 계약 보존.,정적 추적; 실제 기기는 NOT_RUN
android/app/src/main/kotlin/com/hwani1103/shiftbell/AlarmGuardReceiver.kt,246,유지(기능 조건/원본 데이터/진단/측정/주석),주석 내 인용 문자열/emoji 또는 저장 sentinel·내부 식별자/검증 예외. 소비는 날짜/알람·근무 계산/위젯 색 판단이며 실제 안내는 common l10n/R.string. 사용자 데이터·진단 계약 보존.,정적 추적; 실제 기기는 NOT_RUN
android/app/src/main/kotlin/com/hwani1103/shiftbell/AlarmGuardReceiver.kt,278,유지(기능 조건/원본 데이터/진단/측정/주석),주석 내 인용 문자열/emoji 또는 저장 sentinel·내부 식별자/검증 예외. 소비는 날짜/알람·근무 계산/위젯 색 판단이며 실제 안내는 common l10n/R.string. 사용자 데이터·진단 계약 보존.,정적 추적; 실제 기기는 NOT_RUN
android/app/src/main/kotlin/com/hwani1103/shiftbell/AlarmGuardReceiver.kt,287,유지(기능 조건/원본 데이터/진단/측정/주석),주석 내 인용 문자열/emoji 또는 저장 sentinel·내부 식별자/검증 예외. 소비는 날짜/알람·근무 계산/위젯 색 판단이며 실제 안내는 common l10n/R.string. 사용자 데이터·진단 계약 보존.,정적 추적; 실제 기기는 NOT_RUN
android/app/src/main/kotlin/com/hwani1103/shiftbell/AlarmGuardReceiver.kt,297,유지(기능 조건/원본 데이터/진단/측정/주석),주석 내 인용 문자열/emoji 또는 저장 sentinel·내부 식별자/검증 예외. 소비는 날짜/알람·근무 계산/위젯 색 판단이며 실제 안내는 common l10n/R.string. 사용자 데이터·진단 계약 보존.,정적 추적; 실제 기기는 NOT_RUN
android/app/src/main/kotlin/com/hwani1103/shiftbell/AlarmGuardReceiver.kt,354,유지(기능 조건/원본 데이터/진단/측정/주석),주석 내 인용 문자열/emoji 또는 저장 sentinel·내부 식별자/검증 예외. 소비는 날짜/알람·근무 계산/위젯 색 판단이며 실제 안내는 common l10n/R.string. 사용자 데이터·진단 계약 보존.,정적 추적; 실제 기기는 NOT_RUN
android/app/src/main/kotlin/com/hwani1103/shiftbell/AlarmOverlayService.kt,59,유지(기능 조건/원본 데이터/진단/측정/주석),loadAlarmInfo 실패/누락 및 service 재사용에서 오래된/한국어 label 도달 가능. 후속 수정: load 진입 시 alarm_default_label 초기화 후 사용자 shift_type은 보존.,정적 추적; 실제 기기는 NOT_RUN
android/app/src/main/kotlin/com/hwani1103/shiftbell/AlarmOverlayService.kt,77,유지(기능 조건/원본 데이터/진단/측정/주석),loadAlarmInfo 실패/누락 및 service 재사용에서 오래된/한국어 label 도달 가능. 후속 수정: load 진입 시 alarm_default_label 초기화 후 사용자 shift_type은 보존.,정적 추적; 실제 기기는 NOT_RUN
android/app/src/main/kotlin/com/hwani1103/shiftbell/AlarmOverlayService.kt,83,유지(기능 조건/원본 데이터/진단/측정/주석),loadAlarmInfo 실패/누락 및 service 재사용에서 오래된/한국어 label 도달 가능. 후속 수정: load 진입 시 alarm_default_label 초기화 후 사용자 shift_type은 보존.,정적 추적; 실제 기기는 NOT_RUN
android/app/src/main/kotlin/com/hwani1103/shiftbell/AlarmOverlayService.kt,87,유지(기능 조건/원본 데이터/진단/측정/주석),loadAlarmInfo 실패/누락 및 service 재사용에서 오래된/한국어 label 도달 가능. 후속 수정: load 진입 시 alarm_default_label 초기화 후 사용자 shift_type은 보존.,정적 추적; 실제 기기는 NOT_RUN
android/app/src/main/kotlin/com/hwani1103/shiftbell/AlarmOverlayService.kt,106,유지(기능 조건/원본 데이터/진단/측정/주석),loadAlarmInfo 실패/누락 및 service 재사용에서 오래된/한국어 label 도달 가능. 후속 수정: load 진입 시 alarm_default_label 초기화 후 사용자 shift_type은 보존.,정적 추적; 실제 기기는 NOT_RUN
android/app/src/main/kotlin/com/hwani1103/shiftbell/AlarmOverlayService.kt,123,유지(기능 조건/원본 데이터/진단/측정/주석),loadAlarmInfo 실패/누락 및 service 재사용에서 오래된/한국어 label 도달 가능. 후속 수정: load 진입 시 alarm_default_label 초기화 후 사용자 shift_type은 보존.,정적 추적; 실제 기기는 NOT_RUN
android/app/src/main/kotlin/com/hwani1103/shiftbell/AlarmOverlayService.kt,134,유지(기능 조건/원본 데이터/진단/측정/주석),loadAlarmInfo 실패/누락 및 service 재사용에서 오래된/한국어 label 도달 가능. 후속 수정: load 진입 시 alarm_default_label 초기화 후 사용자 shift_type은 보존.,정적 추적; 실제 기기는 NOT_RUN
android/app/src/main/kotlin/com/hwani1103/shiftbell/AlarmOverlayService.kt,147,유지(기능 조건/원본 데이터/진단/측정/주석),loadAlarmInfo 실패/누락 및 service 재사용에서 오래된/한국어 label 도달 가능. 후속 수정: load 진입 시 alarm_default_label 초기화 후 사용자 shift_type은 보존.,정적 추적; 실제 기기는 NOT_RUN
android/app/src/main/kotlin/com/hwani1103/shiftbell/AlarmOverlayService.kt,185,유지(기능 조건/원본 데이터/진단/측정/주석),loadAlarmInfo 실패/누락 및 service 재사용에서 오래된/한국어 label 도달 가능. 후속 수정: load 진입 시 alarm_default_label 초기화 후 사용자 shift_type은 보존.,정적 추적; 실제 기기는 NOT_RUN
android/app/src/main/kotlin/com/hwani1103/shiftbell/AlarmOverlayService.kt,199,유지(기능 조건/원본 데이터/진단/측정/주석),loadAlarmInfo 실패/누락 및 service 재사용에서 오래된/한국어 label 도달 가능. 후속 수정: load 진입 시 alarm_default_label 초기화 후 사용자 shift_type은 보존.,정적 추적; 실제 기기는 NOT_RUN
android/app/src/main/kotlin/com/hwani1103/shiftbell/AlarmOverlayService.kt,229,유지(기능 조건/원본 데이터/진단/측정/주석),loadAlarmInfo 실패/누락 및 service 재사용에서 오래된/한국어 label 도달 가능. 후속 수정: load 진입 시 alarm_default_label 초기화 후 사용자 shift_type은 보존.,정적 추적; 실제 기기는 NOT_RUN
android/app/src/main/kotlin/com/hwani1103/shiftbell/AlarmOverlayService.kt,231,유지(기능 조건/원본 데이터/진단/측정/주석),loadAlarmInfo 실패/누락 및 service 재사용에서 오래된/한국어 label 도달 가능. 후속 수정: load 진입 시 alarm_default_label 초기화 후 사용자 shift_type은 보존.,정적 추적; 실제 기기는 NOT_RUN
android/app/src/main/kotlin/com/hwani1103/shiftbell/AlarmOverlayService.kt,249,유지(기능 조건/원본 데이터/진단/측정/주석),loadAlarmInfo 실패/누락 및 service 재사용에서 오래된/한국어 label 도달 가능. 후속 수정: load 진입 시 alarm_default_label 초기화 후 사용자 shift_type은 보존.,정적 추적; 실제 기기는 NOT_RUN
android/app/src/main/kotlin/com/hwani1103/shiftbell/AlarmOverlayService.kt,255,유지(기능 조건/원본 데이터/진단/측정/주석),loadAlarmInfo 실패/누락 및 service 재사용에서 오래된/한국어 label 도달 가능. 후속 수정: load 진입 시 alarm_default_label 초기화 후 사용자 shift_type은 보존.,정적 추적; 실제 기기는 NOT_RUN
android/app/src/main/kotlin/com/hwani1103/shiftbell/AlarmOverlayService.kt,262,유지(기능 조건/원본 데이터/진단/측정/주석),loadAlarmInfo 실패/누락 및 service 재사용에서 오래된/한국어 label 도달 가능. 후속 수정: load 진입 시 alarm_default_label 초기화 후 사용자 shift_type은 보존.,정적 추적; 실제 기기는 NOT_RUN
android/app/src/main/kotlin/com/hwani1103/shiftbell/AlarmOverlayService.kt,266,유지(기능 조건/원본 데이터/진단/측정/주석),loadAlarmInfo 실패/누락 및 service 재사용에서 오래된/한국어 label 도달 가능. 후속 수정: load 진입 시 alarm_default_label 초기화 후 사용자 shift_type은 보존.,정적 추적; 실제 기기는 NOT_RUN
android/app/src/main/kotlin/com/hwani1103/shiftbell/AlarmOverlayService.kt,287,유지(기능 조건/원본 데이터/진단/측정/주석),loadAlarmInfo 실패/누락 및 service 재사용에서 오래된/한국어 label 도달 가능. 후속 수정: load 진입 시 alarm_default_label 초기화 후 사용자 shift_type은 보존.,정적 추적; 실제 기기는 NOT_RUN
android/app/src/main/kotlin/com/hwani1103/shiftbell/AlarmOverlayService.kt,306,유지(기능 조건/원본 데이터/진단/측정/주석),loadAlarmInfo 실패/누락 및 service 재사용에서 오래된/한국어 label 도달 가능. 후속 수정: load 진입 시 alarm_default_label 초기화 후 사용자 shift_type은 보존.,정적 추적; 실제 기기는 NOT_RUN
android/app/src/main/kotlin/com/hwani1103/shiftbell/AlarmOverlayService.kt,309,유지(기능 조건/원본 데이터/진단/측정/주석),loadAlarmInfo 실패/누락 및 service 재사용에서 오래된/한국어 label 도달 가능. 후속 수정: load 진입 시 alarm_default_label 초기화 후 사용자 shift_type은 보존.,정적 추적; 실제 기기는 NOT_RUN
android/app/src/main/kotlin/com/hwani1103/shiftbell/AlarmOverlayService.kt,329,유지(기능 조건/원본 데이터/진단/측정/주석),loadAlarmInfo 실패/누락 및 service 재사용에서 오래된/한국어 label 도달 가능. 후속 수정: load 진입 시 alarm_default_label 초기화 후 사용자 shift_type은 보존.,정적 추적; 실제 기기는 NOT_RUN
android/app/src/main/kotlin/com/hwani1103/shiftbell/AlarmOverlayService.kt,335,유지(기능 조건/원본 데이터/진단/측정/주석),loadAlarmInfo 실패/누락 및 service 재사용에서 오래된/한국어 label 도달 가능. 후속 수정: load 진입 시 alarm_default_label 초기화 후 사용자 shift_type은 보존.,정적 추적; 실제 기기는 NOT_RUN
android/app/src/main/kotlin/com/hwani1103/shiftbell/AlarmOverlayService.kt,339,유지(기능 조건/원본 데이터/진단/측정/주석),loadAlarmInfo 실패/누락 및 service 재사용에서 오래된/한국어 label 도달 가능. 후속 수정: load 진입 시 alarm_default_label 초기화 후 사용자 shift_type은 보존.,정적 추적; 실제 기기는 NOT_RUN
android/app/src/main/kotlin/com/hwani1103/shiftbell/AlarmOverlayService.kt,341,유지(기능 조건/원본 데이터/진단/측정/주석),loadAlarmInfo 실패/누락 및 service 재사용에서 오래된/한국어 label 도달 가능. 후속 수정: load 진입 시 alarm_default_label 초기화 후 사용자 shift_type은 보존.,정적 추적; 실제 기기는 NOT_RUN
android/app/src/main/kotlin/com/hwani1103/shiftbell/AlarmOverlayService.kt,347,유지(기능 조건/원본 데이터/진단/측정/주석),loadAlarmInfo 실패/누락 및 service 재사용에서 오래된/한국어 label 도달 가능. 후속 수정: load 진입 시 alarm_default_label 초기화 후 사용자 shift_type은 보존.,정적 추적; 실제 기기는 NOT_RUN
android/app/src/main/kotlin/com/hwani1103/shiftbell/AlarmOverlayService.kt,350,유지(기능 조건/원본 데이터/진단/측정/주석),loadAlarmInfo 실패/누락 및 service 재사용에서 오래된/한국어 label 도달 가능. 후속 수정: load 진입 시 alarm_default_label 초기화 후 사용자 shift_type은 보존.,정적 추적; 실제 기기는 NOT_RUN
android/app/src/main/kotlin/com/hwani1103/shiftbell/AlarmOverlayService.kt,355,유지(기능 조건/원본 데이터/진단/측정/주석),loadAlarmInfo 실패/누락 및 service 재사용에서 오래된/한국어 label 도달 가능. 후속 수정: load 진입 시 alarm_default_label 초기화 후 사용자 shift_type은 보존.,정적 추적; 실제 기기는 NOT_RUN
android/app/src/main/kotlin/com/hwani1103/shiftbell/AlarmOverlayService.kt,360,유지(기능 조건/원본 데이터/진단/측정/주석),loadAlarmInfo 실패/누락 및 service 재사용에서 오래된/한국어 label 도달 가능. 후속 수정: load 진입 시 alarm_default_label 초기화 후 사용자 shift_type은 보존.,정적 추적; 실제 기기는 NOT_RUN
android/app/src/main/kotlin/com/hwani1103/shiftbell/AlarmOverlayService.kt,402,유지(기능 조건/원본 데이터/진단/측정/주석),loadAlarmInfo 실패/누락 및 service 재사용에서 오래된/한국어 label 도달 가능. 후속 수정: load 진입 시 alarm_default_label 초기화 후 사용자 shift_type은 보존.,정적 추적; 실제 기기는 NOT_RUN
android/app/src/main/kotlin/com/hwani1103/shiftbell/AlarmOverlayService.kt,404,유지(기능 조건/원본 데이터/진단/측정/주석),loadAlarmInfo 실패/누락 및 service 재사용에서 오래된/한국어 label 도달 가능. 후속 수정: load 진입 시 alarm_default_label 초기화 후 사용자 shift_type은 보존.,정적 추적; 실제 기기는 NOT_RUN
android/app/src/main/kotlin/com/hwani1103/shiftbell/AlarmOverlayService.kt,436,유지(기능 조건/원본 데이터/진단/측정/주석),loadAlarmInfo 실패/누락 및 service 재사용에서 오래된/한국어 label 도달 가능. 후속 수정: load 진입 시 alarm_default_label 초기화 후 사용자 shift_type은 보존.,정적 추적; 실제 기기는 NOT_RUN
android/app/src/main/kotlin/com/hwani1103/shiftbell/AlarmOverlayService.kt,467,유지(기능 조건/원본 데이터/진단/측정/주석),loadAlarmInfo 실패/누락 및 service 재사용에서 오래된/한국어 label 도달 가능. 후속 수정: load 진입 시 alarm_default_label 초기화 후 사용자 shift_type은 보존.,정적 추적; 실제 기기는 NOT_RUN
android/app/src/main/kotlin/com/hwani1103/shiftbell/AlarmOverlayService.kt,490,유지(기능 조건/원본 데이터/진단/측정/주석),loadAlarmInfo 실패/누락 및 service 재사용에서 오래된/한국어 label 도달 가능. 후속 수정: load 진입 시 alarm_default_label 초기화 후 사용자 shift_type은 보존.,정적 추적; 실제 기기는 NOT_RUN
android/app/src/main/kotlin/com/hwani1103/shiftbell/AlarmOverlayService.kt,494,유지(기능 조건/원본 데이터/진단/측정/주석),loadAlarmInfo 실패/누락 및 service 재사용에서 오래된/한국어 label 도달 가능. 후속 수정: load 진입 시 alarm_default_label 초기화 후 사용자 shift_type은 보존.,정적 추적; 실제 기기는 NOT_RUN
android/app/src/main/kotlin/com/hwani1103/shiftbell/AlarmOverlayService.kt,497,유지(기능 조건/원본 데이터/진단/측정/주석),loadAlarmInfo 실패/누락 및 service 재사용에서 오래된/한국어 label 도달 가능. 후속 수정: load 진입 시 alarm_default_label 초기화 후 사용자 shift_type은 보존.,정적 추적; 실제 기기는 NOT_RUN
android/app/src/main/kotlin/com/hwani1103/shiftbell/AlarmOverlayService.kt,508,유지(기능 조건/원본 데이터/진단/측정/주석),loadAlarmInfo 실패/누락 및 service 재사용에서 오래된/한국어 label 도달 가능. 후속 수정: load 진입 시 alarm_default_label 초기화 후 사용자 shift_type은 보존.,정적 추적; 실제 기기는 NOT_RUN
android/app/src/main/kotlin/com/hwani1103/shiftbell/AlarmOverlayService.kt,510,유지(기능 조건/원본 데이터/진단/측정/주석),loadAlarmInfo 실패/누락 및 service 재사용에서 오래된/한국어 label 도달 가능. 후속 수정: load 진입 시 alarm_default_label 초기화 후 사용자 shift_type은 보존.,정적 추적; 실제 기기는 NOT_RUN
android/app/src/main/kotlin/com/hwani1103/shiftbell/AlarmPlayer.kt,40,유지(기능 조건/원본 데이터/진단/측정/주석),print/debugPrint/Log 또는 내부 throw의 호출 위치. 제품 실패 표시에서는 외국어 localizedErrorDetail 사용. 기술 로그는 원인 보존.,정적 추적; 실제 기기는 NOT_RUN
android/app/src/main/kotlin/com/hwani1103/shiftbell/AlarmPlayer.kt,54,유지(기능 조건/원본 데이터/진단/측정/주석),print/debugPrint/Log 또는 내부 throw의 호출 위치. 제품 실패 표시에서는 외국어 localizedErrorDetail 사용. 기술 로그는 원인 보존.,정적 추적; 실제 기기는 NOT_RUN
android/app/src/main/kotlin/com/hwani1103/shiftbell/AlarmPlayer.kt,59,유지(기능 조건/원본 데이터/진단/측정/주석),print/debugPrint/Log 또는 내부 throw의 호출 위치. 제품 실패 표시에서는 외국어 localizedErrorDetail 사용. 기술 로그는 원인 보존.,정적 추적; 실제 기기는 NOT_RUN
android/app/src/main/kotlin/com/hwani1103/shiftbell/AlarmPlayer.kt,67,유지(기능 조건/원본 데이터/진단/측정/주석),print/debugPrint/Log 또는 내부 throw의 호출 위치. 제품 실패 표시에서는 외국어 localizedErrorDetail 사용. 기술 로그는 원인 보존.,정적 추적; 실제 기기는 NOT_RUN
android/app/src/main/kotlin/com/hwani1103/shiftbell/AlarmPlayer.kt,73,유지(기능 조건/원본 데이터/진단/측정/주석),print/debugPrint/Log 또는 내부 throw의 호출 위치. 제품 실패 표시에서는 외국어 localizedErrorDetail 사용. 기술 로그는 원인 보존.,정적 추적; 실제 기기는 NOT_RUN
android/app/src/main/kotlin/com/hwani1103/shiftbell/AlarmPlayer.kt,79,유지(기능 조건/원본 데이터/진단/측정/주석),print/debugPrint/Log 또는 내부 throw의 호출 위치. 제품 실패 표시에서는 외국어 localizedErrorDetail 사용. 기술 로그는 원인 보존.,정적 추적; 실제 기기는 NOT_RUN
android/app/src/main/kotlin/com/hwani1103/shiftbell/AlarmPlayer.kt,84,유지(기능 조건/원본 데이터/진단/측정/주석),print/debugPrint/Log 또는 내부 throw의 호출 위치. 제품 실패 표시에서는 외국어 localizedErrorDetail 사용. 기술 로그는 원인 보존.,정적 추적; 실제 기기는 NOT_RUN
android/app/src/main/kotlin/com/hwani1103/shiftbell/AlarmPlayer.kt,88,유지(기능 조건/원본 데이터/진단/측정/주석),print/debugPrint/Log 또는 내부 throw의 호출 위치. 제품 실패 표시에서는 외국어 localizedErrorDetail 사용. 기술 로그는 원인 보존.,정적 추적; 실제 기기는 NOT_RUN
android/app/src/main/kotlin/com/hwani1103/shiftbell/AlarmPlayer.kt,91,유지(기능 조건/원본 데이터/진단/측정/주석),print/debugPrint/Log 또는 내부 throw의 호출 위치. 제품 실패 표시에서는 외국어 localizedErrorDetail 사용. 기술 로그는 원인 보존.,정적 추적; 실제 기기는 NOT_RUN
android/app/src/main/kotlin/com/hwani1103/shiftbell/AlarmPlayer.kt,101,유지(기능 조건/원본 데이터/진단/측정/주석),print/debugPrint/Log 또는 내부 throw의 호출 위치. 제품 실패 표시에서는 외국어 localizedErrorDetail 사용. 기술 로그는 원인 보존.,정적 추적; 실제 기기는 NOT_RUN
android/app/src/main/kotlin/com/hwani1103/shiftbell/AlarmPlayer.kt,114,유지(기능 조건/원본 데이터/진단/측정/주석),print/debugPrint/Log 또는 내부 throw의 호출 위치. 제품 실패 표시에서는 외국어 localizedErrorDetail 사용. 기술 로그는 원인 보존.,정적 추적; 실제 기기는 NOT_RUN
android/app/src/main/kotlin/com/hwani1103/shiftbell/AlarmPlayer.kt,159,유지(기능 조건/원본 데이터/진단/측정/주석),print/debugPrint/Log 또는 내부 throw의 호출 위치. 제품 실패 표시에서는 외국어 localizedErrorDetail 사용. 기술 로그는 원인 보존.,정적 추적; 실제 기기는 NOT_RUN
android/app/src/main/kotlin/com/hwani1103/shiftbell/AlarmPlayer.kt,161,유지(기능 조건/원본 데이터/진단/측정/주석),print/debugPrint/Log 또는 내부 throw의 호출 위치. 제품 실패 표시에서는 외국어 localizedErrorDetail 사용. 기술 로그는 원인 보존.,정적 추적; 실제 기기는 NOT_RUN
android/app/src/main/kotlin/com/hwani1103/shiftbell/AlarmPlayer.kt,165,유지(기능 조건/원본 데이터/진단/측정/주석),print/debugPrint/Log 또는 내부 throw의 호출 위치. 제품 실패 표시에서는 외국어 localizedErrorDetail 사용. 기술 로그는 원인 보존.,정적 추적; 실제 기기는 NOT_RUN
android/app/src/main/kotlin/com/hwani1103/shiftbell/AlarmPlayer.kt,182,유지(기능 조건/원본 데이터/진단/측정/주석),print/debugPrint/Log 또는 내부 throw의 호출 위치. 제품 실패 표시에서는 외국어 localizedErrorDetail 사용. 기술 로그는 원인 보존.,정적 추적; 실제 기기는 NOT_RUN
android/app/src/main/kotlin/com/hwani1103/shiftbell/AlarmPlayer.kt,193,유지(기능 조건/원본 데이터/진단/측정/주석),print/debugPrint/Log 또는 내부 throw의 호출 위치. 제품 실패 표시에서는 외국어 localizedErrorDetail 사용. 기술 로그는 원인 보존.,정적 추적; 실제 기기는 NOT_RUN
android/app/src/main/kotlin/com/hwani1103/shiftbell/AlarmPlayer.kt,200,유지(기능 조건/원본 데이터/진단/측정/주석),print/debugPrint/Log 또는 내부 throw의 호출 위치. 제품 실패 표시에서는 외국어 localizedErrorDetail 사용. 기술 로그는 원인 보존.,정적 추적; 실제 기기는 NOT_RUN
android/app/src/main/kotlin/com/hwani1103/shiftbell/AlarmPlayer.kt,203,유지(기능 조건/원본 데이터/진단/측정/주석),print/debugPrint/Log 또는 내부 throw의 호출 위치. 제품 실패 표시에서는 외국어 localizedErrorDetail 사용. 기술 로그는 원인 보존.,정적 추적; 실제 기기는 NOT_RUN
android/app/src/main/kotlin/com/hwani1103/shiftbell/AlarmPlayer.kt,223,유지(기능 조건/원본 데이터/진단/측정/주석),print/debugPrint/Log 또는 내부 throw의 호출 위치. 제품 실패 표시에서는 외국어 localizedErrorDetail 사용. 기술 로그는 원인 보존.,정적 추적; 실제 기기는 NOT_RUN
android/app/src/main/kotlin/com/hwani1103/shiftbell/AlarmPlayer.kt,226,유지(기능 조건/원본 데이터/진단/측정/주석),print/debugPrint/Log 또는 내부 throw의 호출 위치. 제품 실패 표시에서는 외국어 localizedErrorDetail 사용. 기술 로그는 원인 보존.,정적 추적; 실제 기기는 NOT_RUN
android/app/src/main/kotlin/com/hwani1103/shiftbell/AlarmPlayer.kt,259,유지(기능 조건/원본 데이터/진단/측정/주석),print/debugPrint/Log 또는 내부 throw의 호출 위치. 제품 실패 표시에서는 외국어 localizedErrorDetail 사용. 기술 로그는 원인 보존.,정적 추적; 실제 기기는 NOT_RUN
android/app/src/main/kotlin/com/hwani1103/shiftbell/AlarmPlayer.kt,273,유지(기능 조건/원본 데이터/진단/측정/주석),print/debugPrint/Log 또는 내부 throw의 호출 위치. 제품 실패 표시에서는 외국어 localizedErrorDetail 사용. 기술 로그는 원인 보존.,정적 추적; 실제 기기는 NOT_RUN
android/app/src/main/kotlin/com/hwani1103/shiftbell/AlarmPlayer.kt,276,유지(기능 조건/원본 데이터/진단/측정/주석),print/debugPrint/Log 또는 내부 throw의 호출 위치. 제품 실패 표시에서는 외국어 localizedErrorDetail 사용. 기술 로그는 원인 보존.,정적 추적; 실제 기기는 NOT_RUN
android/app/src/main/kotlin/com/hwani1103/shiftbell/AlarmPlayer.kt,284,유지(기능 조건/원본 데이터/진단/측정/주석),print/debugPrint/Log 또는 내부 throw의 호출 위치. 제품 실패 표시에서는 외국어 localizedErrorDetail 사용. 기술 로그는 원인 보존.,정적 추적; 실제 기기는 NOT_RUN
android/app/src/main/kotlin/com/hwani1103/shiftbell/AlarmPlayer.kt,292,유지(기능 조건/원본 데이터/진단/측정/주석),print/debugPrint/Log 또는 내부 throw의 호출 위치. 제품 실패 표시에서는 외국어 localizedErrorDetail 사용. 기술 로그는 원인 보존.,정적 추적; 실제 기기는 NOT_RUN
android/app/src/main/kotlin/com/hwani1103/shiftbell/AlarmPlayer.kt,300,유지(기능 조건/원본 데이터/진단/측정/주석),print/debugPrint/Log 또는 내부 throw의 호출 위치. 제품 실패 표시에서는 외국어 localizedErrorDetail 사용. 기술 로그는 원인 보존.,정적 추적; 실제 기기는 NOT_RUN
android/app/src/main/kotlin/com/hwani1103/shiftbell/AlarmPlayer.kt,302,유지(기능 조건/원본 데이터/진단/측정/주석),print/debugPrint/Log 또는 내부 throw의 호출 위치. 제품 실패 표시에서는 외국어 localizedErrorDetail 사용. 기술 로그는 원인 보존.,정적 추적; 실제 기기는 NOT_RUN
android/app/src/main/kotlin/com/hwani1103/shiftbell/AlarmPlayer.kt,316,유지(기능 조건/원본 데이터/진단/측정/주석),print/debugPrint/Log 또는 내부 throw의 호출 위치. 제품 실패 표시에서는 외국어 localizedErrorDetail 사용. 기술 로그는 원인 보존.,정적 추적; 실제 기기는 NOT_RUN
android/app/src/main/kotlin/com/hwani1103/shiftbell/AlarmPlayer.kt,322,유지(기능 조건/원본 데이터/진단/측정/주석),print/debugPrint/Log 또는 내부 throw의 호출 위치. 제품 실패 표시에서는 외국어 localizedErrorDetail 사용. 기술 로그는 원인 보존.,정적 추적; 실제 기기는 NOT_RUN
android/app/src/main/kotlin/com/hwani1103/shiftbell/AlarmPlayer.kt,351,유지(기능 조건/원본 데이터/진단/측정/주석),print/debugPrint/Log 또는 내부 throw의 호출 위치. 제품 실패 표시에서는 외국어 localizedErrorDetail 사용. 기술 로그는 원인 보존.,정적 추적; 실제 기기는 NOT_RUN
android/app/src/main/kotlin/com/hwani1103/shiftbell/AlarmPlayer.kt,364,유지(기능 조건/원본 데이터/진단/측정/주석),print/debugPrint/Log 또는 내부 throw의 호출 위치. 제품 실패 표시에서는 외국어 localizedErrorDetail 사용. 기술 로그는 원인 보존.,정적 추적; 실제 기기는 NOT_RUN
android/app/src/main/kotlin/com/hwani1103/shiftbell/AlarmPlayer.kt,370,유지(기능 조건/원본 데이터/진단/측정/주석),print/debugPrint/Log 또는 내부 throw의 호출 위치. 제품 실패 표시에서는 외국어 localizedErrorDetail 사용. 기술 로그는 원인 보존.,정적 추적; 실제 기기는 NOT_RUN
android/app/src/main/kotlin/com/hwani1103/shiftbell/AlarmPlayer.kt,373,유지(기능 조건/원본 데이터/진단/측정/주석),print/debugPrint/Log 또는 내부 throw의 호출 위치. 제품 실패 표시에서는 외국어 localizedErrorDetail 사용. 기술 로그는 원인 보존.,정적 추적; 실제 기기는 NOT_RUN
android/app/src/main/kotlin/com/hwani1103/shiftbell/AlarmPlayer.kt,375,유지(기능 조건/원본 데이터/진단/측정/주석),print/debugPrint/Log 또는 내부 throw의 호출 위치. 제품 실패 표시에서는 외국어 localizedErrorDetail 사용. 기술 로그는 원인 보존.,정적 추적; 실제 기기는 NOT_RUN
android/app/src/main/kotlin/com/hwani1103/shiftbell/AlarmPlayer.kt,384,유지(기능 조건/원본 데이터/진단/측정/주석),print/debugPrint/Log 또는 내부 throw의 호출 위치. 제품 실패 표시에서는 외국어 localizedErrorDetail 사용. 기술 로그는 원인 보존.,정적 추적; 실제 기기는 NOT_RUN
android/app/src/main/kotlin/com/hwani1103/shiftbell/AlarmPlayer.kt,390,유지(기능 조건/원본 데이터/진단/측정/주석),print/debugPrint/Log 또는 내부 throw의 호출 위치. 제품 실패 표시에서는 외국어 localizedErrorDetail 사용. 기술 로그는 원인 보존.,정적 추적; 실제 기기는 NOT_RUN
android/app/src/main/kotlin/com/hwani1103/shiftbell/AlarmPlayer.kt,394,유지(기능 조건/원본 데이터/진단/측정/주석),print/debugPrint/Log 또는 내부 throw의 호출 위치. 제품 실패 표시에서는 외국어 localizedErrorDetail 사용. 기술 로그는 원인 보존.,정적 추적; 실제 기기는 NOT_RUN
android/app/src/main/kotlin/com/hwani1103/shiftbell/AlarmPlayer.kt,400,유지(기능 조건/원본 데이터/진단/측정/주석),print/debugPrint/Log 또는 내부 throw의 호출 위치. 제품 실패 표시에서는 외국어 localizedErrorDetail 사용. 기술 로그는 원인 보존.,정적 추적; 실제 기기는 NOT_RUN
android/app/src/main/kotlin/com/hwani1103/shiftbell/AlarmPlayer.kt,409,유지(기능 조건/원본 데이터/진단/측정/주석),print/debugPrint/Log 또는 내부 throw의 호출 위치. 제품 실패 표시에서는 외국어 localizedErrorDetail 사용. 기술 로그는 원인 보존.,정적 추적; 실제 기기는 NOT_RUN
android/app/src/main/kotlin/com/hwani1103/shiftbell/AlarmRefreshEngine.kt,119,유지(기능 조건/원본 데이터/진단/측정/주석),print/debugPrint/Log 또는 내부 throw의 호출 위치. 제품 실패 표시에서는 외국어 localizedErrorDetail 사용. 기술 로그는 원인 보존.,정적 추적; 실제 기기는 NOT_RUN
android/app/src/main/kotlin/com/hwani1103/shiftbell/AlarmRefreshEngine.kt,127,유지(기능 조건/원본 데이터/진단/측정/주석),print/debugPrint/Log 또는 내부 throw의 호출 위치. 제품 실패 표시에서는 외국어 localizedErrorDetail 사용. 기술 로그는 원인 보존.,정적 추적; 실제 기기는 NOT_RUN
android/app/src/main/kotlin/com/hwani1103/shiftbell/AlarmRefreshEngine.kt,167,유지(기능 조건/원본 데이터/진단/측정/주석),print/debugPrint/Log 또는 내부 throw의 호출 위치. 제품 실패 표시에서는 외국어 localizedErrorDetail 사용. 기술 로그는 원인 보존.,정적 추적; 실제 기기는 NOT_RUN
android/app/src/main/kotlin/com/hwani1103/shiftbell/AlarmRefreshEngine.kt,186,유지(기능 조건/원본 데이터/진단/측정/주석),print/debugPrint/Log 또는 내부 throw의 호출 위치. 제품 실패 표시에서는 외국어 localizedErrorDetail 사용. 기술 로그는 원인 보존.,정적 추적; 실제 기기는 NOT_RUN
android/app/src/main/kotlin/com/hwani1103/shiftbell/AlarmRefreshEngine.kt,284,유지(기능 조건/원본 데이터/진단/측정/주석),print/debugPrint/Log 또는 내부 throw의 호출 위치. 제품 실패 표시에서는 외국어 localizedErrorDetail 사용. 기술 로그는 원인 보존.,정적 추적; 실제 기기는 NOT_RUN
android/app/src/main/kotlin/com/hwani1103/shiftbell/AlarmRefreshEngine.kt,288,유지(기능 조건/원본 데이터/진단/측정/주석),print/debugPrint/Log 또는 내부 throw의 호출 위치. 제품 실패 표시에서는 외국어 localizedErrorDetail 사용. 기술 로그는 원인 보존.,정적 추적; 실제 기기는 NOT_RUN
android/app/src/main/kotlin/com/hwani1103/shiftbell/AlarmRefreshEngine.kt,306,유지(기능 조건/원본 데이터/진단/측정/주석),print/debugPrint/Log 또는 내부 throw의 호출 위치. 제품 실패 표시에서는 외국어 localizedErrorDetail 사용. 기술 로그는 원인 보존.,정적 추적; 실제 기기는 NOT_RUN
android/app/src/main/kotlin/com/hwani1103/shiftbell/AlarmRefreshEngine.kt,313,유지(기능 조건/원본 데이터/진단/측정/주석),print/debugPrint/Log 또는 내부 throw의 호출 위치. 제품 실패 표시에서는 외국어 localizedErrorDetail 사용. 기술 로그는 원인 보존.,정적 추적; 실제 기기는 NOT_RUN
android/app/src/main/kotlin/com/hwani1103/shiftbell/AlarmRefreshEngine.kt,346,유지(기능 조건/원본 데이터/진단/측정/주석),print/debugPrint/Log 또는 내부 throw의 호출 위치. 제품 실패 표시에서는 외국어 localizedErrorDetail 사용. 기술 로그는 원인 보존.,정적 추적; 실제 기기는 NOT_RUN
android/app/src/main/kotlin/com/hwani1103/shiftbell/AlarmRefreshEngine.kt,354,유지(기능 조건/원본 데이터/진단/측정/주석),print/debugPrint/Log 또는 내부 throw의 호출 위치. 제품 실패 표시에서는 외국어 localizedErrorDetail 사용. 기술 로그는 원인 보존.,정적 추적; 실제 기기는 NOT_RUN
android/app/src/main/kotlin/com/hwani1103/shiftbell/AlarmRefreshEngine.kt,436,유지(기능 조건/원본 데이터/진단/측정/주석),print/debugPrint/Log 또는 내부 throw의 호출 위치. 제품 실패 표시에서는 외국어 localizedErrorDetail 사용. 기술 로그는 원인 보존.,정적 추적; 실제 기기는 NOT_RUN
android/app/src/main/kotlin/com/hwani1103/shiftbell/AlarmRefreshEngine.kt,446,유지(기능 조건/원본 데이터/진단/측정/주석),print/debugPrint/Log 또는 내부 throw의 호출 위치. 제품 실패 표시에서는 외국어 localizedErrorDetail 사용. 기술 로그는 원인 보존.,정적 추적; 실제 기기는 NOT_RUN
android/app/src/main/kotlin/com/hwani1103/shiftbell/AlarmRefreshEngine.kt,493,유지(기능 조건/원본 데이터/진단/측정/주석),print/debugPrint/Log 또는 내부 throw의 호출 위치. 제품 실패 표시에서는 외국어 localizedErrorDetail 사용. 기술 로그는 원인 보존.,정적 추적; 실제 기기는 NOT_RUN
android/app/src/main/kotlin/com/hwani1103/shiftbell/AlarmRefreshEngine.kt,494,유지(기능 조건/원본 데이터/진단/측정/주석),print/debugPrint/Log 또는 내부 throw의 호출 위치. 제품 실패 표시에서는 외국어 localizedErrorDetail 사용. 기술 로그는 원인 보존.,정적 추적; 실제 기기는 NOT_RUN
android/app/src/main/kotlin/com/hwani1103/shiftbell/AlarmRefreshEngine.kt,502,유지(기능 조건/원본 데이터/진단/측정/주석),print/debugPrint/Log 또는 내부 throw의 호출 위치. 제품 실패 표시에서는 외국어 localizedErrorDetail 사용. 기술 로그는 원인 보존.,정적 추적; 실제 기기는 NOT_RUN
android/app/src/main/kotlin/com/hwani1103/shiftbell/AlarmRefreshEngine.kt,660,유지(기능 조건/원본 데이터/진단/측정/주석),print/debugPrint/Log 또는 내부 throw의 호출 위치. 제품 실패 표시에서는 외국어 localizedErrorDetail 사용. 기술 로그는 원인 보존.,정적 추적; 실제 기기는 NOT_RUN
android/app/src/main/kotlin/com/hwani1103/shiftbell/AlarmRefreshEngine.kt,669,유지(기능 조건/원본 데이터/진단/측정/주석),print/debugPrint/Log 또는 내부 throw의 호출 위치. 제품 실패 표시에서는 외국어 localizedErrorDetail 사용. 기술 로그는 원인 보존.,정적 추적; 실제 기기는 NOT_RUN
android/app/src/main/kotlin/com/hwani1103/shiftbell/AlarmRefreshReceiver.kt,13,유지(기능 조건/원본 데이터/진단/측정/주석),print/debugPrint/Log 또는 내부 throw의 호출 위치. 제품 실패 표시에서는 외국어 localizedErrorDetail 사용. 기술 로그는 원인 보존.,정적 추적; 실제 기기는 NOT_RUN
android/app/src/main/kotlin/com/hwani1103/shiftbell/AlarmRefreshReceiver.kt,15,유지(기능 조건/원본 데이터/진단/측정/주석),print/debugPrint/Log 또는 내부 throw의 호출 위치. 제품 실패 표시에서는 외국어 localizedErrorDetail 사용. 기술 로그는 원인 보존.,정적 추적; 실제 기기는 NOT_RUN
android/app/src/main/kotlin/com/hwani1103/shiftbell/AlarmRefreshUtil.kt,55,유지(기능 조건/원본 데이터/진단/측정/주석),print/debugPrint/Log 또는 내부 throw의 호출 위치. 제품 실패 표시에서는 외국어 localizedErrorDetail 사용. 기술 로그는 원인 보존.,정적 추적; 실제 기기는 NOT_RUN
android/app/src/main/kotlin/com/hwani1103/shiftbell/AlarmRefreshUtil.kt,58,유지(기능 조건/원본 데이터/진단/측정/주석),print/debugPrint/Log 또는 내부 throw의 호출 위치. 제품 실패 표시에서는 외국어 localizedErrorDetail 사용. 기술 로그는 원인 보존.,정적 추적; 실제 기기는 NOT_RUN
android/app/src/main/kotlin/com/hwani1103/shiftbell/AlarmRefreshUtil.kt,62,유지(기능 조건/원본 데이터/진단/측정/주석),print/debugPrint/Log 또는 내부 throw의 호출 위치. 제품 실패 표시에서는 외국어 localizedErrorDetail 사용. 기술 로그는 원인 보존.,정적 추적; 실제 기기는 NOT_RUN
android/app/src/main/kotlin/com/hwani1103/shiftbell/AlarmRefreshUtil.kt,63,유지(기능 조건/원본 데이터/진단/측정/주석),print/debugPrint/Log 또는 내부 throw의 호출 위치. 제품 실패 표시에서는 외국어 localizedErrorDetail 사용. 기술 로그는 원인 보존.,정적 추적; 실제 기기는 NOT_RUN
android/app/src/main/kotlin/com/hwani1103/shiftbell/AlarmRefreshUtil.kt,64,유지(기능 조건/원본 데이터/진단/측정/주석),print/debugPrint/Log 또는 내부 throw의 호출 위치. 제품 실패 표시에서는 외국어 localizedErrorDetail 사용. 기술 로그는 원인 보존.,정적 추적; 실제 기기는 NOT_RUN
android/app/src/main/kotlin/com/hwani1103/shiftbell/AlarmRefreshUtil.kt,98,유지(기능 조건/원본 데이터/진단/측정/주석),print/debugPrint/Log 또는 내부 throw의 호출 위치. 제품 실패 표시에서는 외국어 localizedErrorDetail 사용. 기술 로그는 원인 보존.,정적 추적; 실제 기기는 NOT_RUN
android/app/src/main/kotlin/com/hwani1103/shiftbell/AlarmRefreshUtil.kt,100,유지(기능 조건/원본 데이터/진단/측정/주석),print/debugPrint/Log 또는 내부 throw의 호출 위치. 제품 실패 표시에서는 외국어 localizedErrorDetail 사용. 기술 로그는 원인 보존.,정적 추적; 실제 기기는 NOT_RUN
android/app/src/main/kotlin/com/hwani1103/shiftbell/AlarmRefreshUtil.kt,103,유지(기능 조건/원본 데이터/진단/측정/주석),print/debugPrint/Log 또는 내부 throw의 호출 위치. 제품 실패 표시에서는 외국어 localizedErrorDetail 사용. 기술 로그는 원인 보존.,정적 추적; 실제 기기는 NOT_RUN
android/app/src/main/kotlin/com/hwani1103/shiftbell/AlarmStreamVolume.kt,32,유지(기능 조건/원본 데이터/진단/측정/주석),print/debugPrint/Log 또는 내부 throw의 호출 위치. 제품 실패 표시에서는 외국어 localizedErrorDetail 사용. 기술 로그는 원인 보존.,정적 추적; 실제 기기는 NOT_RUN
android/app/src/main/kotlin/com/hwani1103/shiftbell/AlarmStreamVolume.kt,34,유지(기능 조건/원본 데이터/진단/측정/주석),print/debugPrint/Log 또는 내부 throw의 호출 위치. 제품 실패 표시에서는 외국어 localizedErrorDetail 사용. 기술 로그는 원인 보존.,정적 추적; 실제 기기는 NOT_RUN
android/app/src/main/kotlin/com/hwani1103/shiftbell/AlarmStreamVolume.kt,41,유지(기능 조건/원본 데이터/진단/측정/주석),print/debugPrint/Log 또는 내부 throw의 호출 위치. 제품 실패 표시에서는 외국어 localizedErrorDetail 사용. 기술 로그는 원인 보존.,정적 추적; 실제 기기는 NOT_RUN
android/app/src/main/kotlin/com/hwani1103/shiftbell/AlarmStreamVolume.kt,48,유지(기능 조건/원본 데이터/진단/측정/주석),print/debugPrint/Log 또는 내부 throw의 호출 위치. 제품 실패 표시에서는 외국어 localizedErrorDetail 사용. 기술 로그는 원인 보존.,정적 추적; 실제 기기는 NOT_RUN
android/app/src/main/kotlin/com/hwani1103/shiftbell/AlarmStreamVolume.kt,55,유지(기능 조건/원본 데이터/진단/측정/주석),print/debugPrint/Log 또는 내부 throw의 호출 위치. 제품 실패 표시에서는 외국어 localizedErrorDetail 사용. 기술 로그는 원인 보존.,정적 추적; 실제 기기는 NOT_RUN
android/app/src/main/kotlin/com/hwani1103/shiftbell/AlarmStreamVolume.kt,57,유지(기능 조건/원본 데이터/진단/측정/주석),print/debugPrint/Log 또는 내부 throw의 호출 위치. 제품 실패 표시에서는 외국어 localizedErrorDetail 사용. 기술 로그는 원인 보존.,정적 추적; 실제 기기는 NOT_RUN
android/app/src/main/kotlin/com/hwani1103/shiftbell/AlarmWakeScheduler.kt,80,유지(기능 조건/원본 데이터/진단/측정/주석),print/debugPrint/Log 또는 내부 throw의 호출 위치. 제품 실패 표시에서는 외국어 localizedErrorDetail 사용. 기술 로그는 원인 보존.,정적 추적; 실제 기기는 NOT_RUN
android/app/src/main/kotlin/com/hwani1103/shiftbell/AlarmWakeScheduler.kt,82,유지(기능 조건/원본 데이터/진단/측정/주석),print/debugPrint/Log 또는 내부 throw의 호출 위치. 제품 실패 표시에서는 외국어 localizedErrorDetail 사용. 기술 로그는 원인 보존.,정적 추적; 실제 기기는 NOT_RUN
android/app/src/main/kotlin/com/hwani1103/shiftbell/AlarmWakeScheduler.kt,110,유지(기능 조건/원본 데이터/진단/측정/주석),print/debugPrint/Log 또는 내부 throw의 호출 위치. 제품 실패 표시에서는 외국어 localizedErrorDetail 사용. 기술 로그는 원인 보존.,정적 추적; 실제 기기는 NOT_RUN
android/app/src/main/kotlin/com/hwani1103/shiftbell/AlarmWakeScheduler.kt,112,유지(기능 조건/원본 데이터/진단/측정/주석),print/debugPrint/Log 또는 내부 throw의 호출 위치. 제품 실패 표시에서는 외국어 localizedErrorDetail 사용. 기술 로그는 원인 보존.,정적 추적; 실제 기기는 NOT_RUN
android/app/src/main/kotlin/com/hwani1103/shiftbell/AlarmWakeScheduler.kt,132,유지(기능 조건/원본 데이터/진단/측정/주석),print/debugPrint/Log 또는 내부 throw의 호출 위치. 제품 실패 표시에서는 외국어 localizedErrorDetail 사용. 기술 로그는 원인 보존.,정적 추적; 실제 기기는 NOT_RUN
android/app/src/main/kotlin/com/hwani1103/shiftbell/AlarmWakeScheduler.kt,162,유지(기능 조건/원본 데이터/진단/측정/주석),print/debugPrint/Log 또는 내부 throw의 호출 위치. 제품 실패 표시에서는 외국어 localizedErrorDetail 사용. 기술 로그는 원인 보존.,정적 추적; 실제 기기는 NOT_RUN
android/app/src/main/kotlin/com/hwani1103/shiftbell/AlarmWakeScheduler.kt,168,유지(기능 조건/원본 데이터/진단/측정/주석),print/debugPrint/Log 또는 내부 throw의 호출 위치. 제품 실패 표시에서는 외국어 localizedErrorDetail 사용. 기술 로그는 원인 보존.,정적 추적; 실제 기기는 NOT_RUN
android/app/src/main/kotlin/com/hwani1103/shiftbell/AlarmWakeScheduler.kt,172,유지(기능 조건/원본 데이터/진단/측정/주석),print/debugPrint/Log 또는 내부 throw의 호출 위치. 제품 실패 표시에서는 외국어 localizedErrorDetail 사용. 기술 로그는 원인 보존.,정적 추적; 실제 기기는 NOT_RUN
android/app/src/main/kotlin/com/hwani1103/shiftbell/AlarmWakeScheduler.kt,179,유지(기능 조건/원본 데이터/진단/측정/주석),print/debugPrint/Log 또는 내부 throw의 호출 위치. 제품 실패 표시에서는 외국어 localizedErrorDetail 사용. 기술 로그는 원인 보존.,정적 추적; 실제 기기는 NOT_RUN
android/app/src/main/kotlin/com/hwani1103/shiftbell/AlarmWakeScheduler.kt,183,유지(기능 조건/원본 데이터/진단/측정/주석),print/debugPrint/Log 또는 내부 throw의 호출 위치. 제품 실패 표시에서는 외국어 localizedErrorDetail 사용. 기술 로그는 원인 보존.,정적 추적; 실제 기기는 NOT_RUN
android/app/src/main/kotlin/com/hwani1103/shiftbell/AlarmWakeScheduler.kt,192,유지(기능 조건/원본 데이터/진단/측정/주석),print/debugPrint/Log 또는 내부 throw의 호출 위치. 제품 실패 표시에서는 외국어 localizedErrorDetail 사용. 기술 로그는 원인 보존.,정적 추적; 실제 기기는 NOT_RUN
android/app/src/main/kotlin/com/hwani1103/shiftbell/AlarmWakeScheduler.kt,213,유지(기능 조건/원본 데이터/진단/측정/주석),print/debugPrint/Log 또는 내부 throw의 호출 위치. 제품 실패 표시에서는 외국어 localizedErrorDetail 사용. 기술 로그는 원인 보존.,정적 추적; 실제 기기는 NOT_RUN
android/app/src/main/kotlin/com/hwani1103/shiftbell/AlarmWakeScheduler.kt,226,유지(기능 조건/원본 데이터/진단/측정/주석),print/debugPrint/Log 또는 내부 throw의 호출 위치. 제품 실패 표시에서는 외국어 localizedErrorDetail 사용. 기술 로그는 원인 보존.,정적 추적; 실제 기기는 NOT_RUN
android/app/src/main/kotlin/com/hwani1103/shiftbell/AlarmWakeScheduler.kt,233,유지(기능 조건/원본 데이터/진단/측정/주석),print/debugPrint/Log 또는 내부 throw의 호출 위치. 제품 실패 표시에서는 외국어 localizedErrorDetail 사용. 기술 로그는 원인 보존.,정적 추적; 실제 기기는 NOT_RUN
android/app/src/main/kotlin/com/hwani1103/shiftbell/AlarmWakeScheduler.kt,239,유지(기능 조건/원본 데이터/진단/측정/주석),print/debugPrint/Log 또는 내부 throw의 호출 위치. 제품 실패 표시에서는 외국어 localizedErrorDetail 사용. 기술 로그는 원인 보존.,정적 추적; 실제 기기는 NOT_RUN
android/app/src/main/kotlin/com/hwani1103/shiftbell/AlarmWakeScheduler.kt,244,유지(기능 조건/원본 데이터/진단/측정/주석),print/debugPrint/Log 또는 내부 throw의 호출 위치. 제품 실패 표시에서는 외국어 localizedErrorDetail 사용. 기술 로그는 원인 보존.,정적 추적; 실제 기기는 NOT_RUN
android/app/src/main/kotlin/com/hwani1103/shiftbell/AlarmWakeScheduler.kt,250,유지(기능 조건/원본 데이터/진단/측정/주석),print/debugPrint/Log 또는 내부 throw의 호출 위치. 제품 실패 표시에서는 외국어 localizedErrorDetail 사용. 기술 로그는 원인 보존.,정적 추적; 실제 기기는 NOT_RUN
android/app/src/main/kotlin/com/hwani1103/shiftbell/AlarmWakeScheduler.kt,268,유지(기능 조건/원본 데이터/진단/측정/주석),print/debugPrint/Log 또는 내부 throw의 호출 위치. 제품 실패 표시에서는 외국어 localizedErrorDetail 사용. 기술 로그는 원인 보존.,정적 추적; 실제 기기는 NOT_RUN
android/app/src/main/kotlin/com/hwani1103/shiftbell/AlarmWakeScheduler.kt,274,유지(기능 조건/원본 데이터/진단/측정/주석),print/debugPrint/Log 또는 내부 throw의 호출 위치. 제품 실패 표시에서는 외국어 localizedErrorDetail 사용. 기술 로그는 원인 보존.,정적 추적; 실제 기기는 NOT_RUN
android/app/src/main/kotlin/com/hwani1103/shiftbell/AlarmWakeScheduler.kt,321,유지(기능 조건/원본 데이터/진단/측정/주석),print/debugPrint/Log 또는 내부 throw의 호출 위치. 제품 실패 표시에서는 외국어 localizedErrorDetail 사용. 기술 로그는 원인 보존.,정적 추적; 실제 기기는 NOT_RUN
android/app/src/main/kotlin/com/hwani1103/shiftbell/AlarmWakeScheduler.kt,326,유지(기능 조건/원본 데이터/진단/측정/주석),print/debugPrint/Log 또는 내부 throw의 호출 위치. 제품 실패 표시에서는 외국어 localizedErrorDetail 사용. 기술 로그는 원인 보존.,정적 추적; 실제 기기는 NOT_RUN
android/app/src/main/kotlin/com/hwani1103/shiftbell/BackupFileNaming.kt,25,유지(기능 조건/원본 데이터/진단/측정/주석),주석 내 인용 문자열/emoji 또는 저장 sentinel·내부 식별자/검증 예외. 소비는 날짜/알람·근무 계산/위젯 색 판단이며 실제 안내는 common l10n/R.string. 사용자 데이터·진단 계약 보존.,정적 추적; 실제 기기는 NOT_RUN
android/app/src/main/kotlin/com/hwani1103/shiftbell/BackupFileNaming.kt,31,유지(기능 조건/원본 데이터/진단/측정/주석),주석 내 인용 문자열/emoji 또는 저장 sentinel·내부 식별자/검증 예외. 소비는 날짜/알람·근무 계산/위젯 색 판단이며 실제 안내는 common l10n/R.string. 사용자 데이터·진단 계약 보존.,정적 추적; 실제 기기는 NOT_RUN
android/app/src/main/kotlin/com/hwani1103/shiftbell/CalendarWidgetProvider.kt,81,유지(기능 조건/원본 데이터/진단/측정/주석),print/debugPrint/Log 또는 내부 throw의 호출 위치. 제품 실패 표시에서는 외국어 localizedErrorDetail 사용. 기술 로그는 원인 보존.,정적 추적; 실제 기기는 NOT_RUN
android/app/src/main/kotlin/com/hwani1103/shiftbell/CalendarWidgetProvider.kt,93,유지(기능 조건/원본 데이터/진단/측정/주석),print/debugPrint/Log 또는 내부 throw의 호출 위치. 제품 실패 표시에서는 외국어 localizedErrorDetail 사용. 기술 로그는 원인 보존.,정적 추적; 실제 기기는 NOT_RUN
android/app/src/main/kotlin/com/hwani1103/shiftbell/CalendarWidgetProvider.kt,96,유지(기능 조건/원본 데이터/진단/측정/주석),print/debugPrint/Log 또는 내부 throw의 호출 위치. 제품 실패 표시에서는 외국어 localizedErrorDetail 사용. 기술 로그는 원인 보존.,정적 추적; 실제 기기는 NOT_RUN
android/app/src/main/kotlin/com/hwani1103/shiftbell/CalendarWidgetProvider.kt,110,유지(기능 조건/원본 데이터/진단/측정/주석),print/debugPrint/Log 또는 내부 throw의 호출 위치. 제품 실패 표시에서는 외국어 localizedErrorDetail 사용. 기술 로그는 원인 보존.,정적 추적; 실제 기기는 NOT_RUN
android/app/src/main/kotlin/com/hwani1103/shiftbell/CalendarWidgetProvider.kt,289,유지(기능 조건/원본 데이터/진단/측정/주석),print/debugPrint/Log 또는 내부 throw의 호출 위치. 제품 실패 표시에서는 외국어 localizedErrorDetail 사용. 기술 로그는 원인 보존.,정적 추적; 실제 기기는 NOT_RUN
android/app/src/main/kotlin/com/hwani1103/shiftbell/CalendarWidgetProvider.kt,290,유지(기능 조건/원본 데이터/진단/측정/주석),print/debugPrint/Log 또는 내부 throw의 호출 위치. 제품 실패 표시에서는 외국어 localizedErrorDetail 사용. 기술 로그는 원인 보존.,정적 추적; 실제 기기는 NOT_RUN
android/app/src/main/kotlin/com/hwani1103/shiftbell/CalendarWidgetProvider.kt,293,유지(기능 조건/원본 데이터/진단/측정/주석),print/debugPrint/Log 또는 내부 throw의 호출 위치. 제품 실패 표시에서는 외국어 localizedErrorDetail 사용. 기술 로그는 원인 보존.,정적 추적; 실제 기기는 NOT_RUN
android/app/src/main/kotlin/com/hwani1103/shiftbell/CalendarWidgetProvider.kt,296,유지(기능 조건/원본 데이터/진단/측정/주석),print/debugPrint/Log 또는 내부 throw의 호출 위치. 제품 실패 표시에서는 외국어 localizedErrorDetail 사용. 기술 로그는 원인 보존.,정적 추적; 실제 기기는 NOT_RUN
android/app/src/main/kotlin/com/hwani1103/shiftbell/CalendarWidgetProvider.kt,303,유지(기능 조건/원본 데이터/진단/측정/주석),print/debugPrint/Log 또는 내부 throw의 호출 위치. 제품 실패 표시에서는 외국어 localizedErrorDetail 사용. 기술 로그는 원인 보존.,정적 추적; 실제 기기는 NOT_RUN
android/app/src/main/kotlin/com/hwani1103/shiftbell/CalendarWidgetProvider.kt,398,유지(기능 조건/원본 데이터/진단/측정/주석),print/debugPrint/Log 또는 내부 throw의 호출 위치. 제품 실패 표시에서는 외국어 localizedErrorDetail 사용. 기술 로그는 원인 보존.,정적 추적; 실제 기기는 NOT_RUN
android/app/src/main/kotlin/com/hwani1103/shiftbell/CalendarWidgetProvider.kt,416,유지(기능 조건/원본 데이터/진단/측정/주석),print/debugPrint/Log 또는 내부 throw의 호출 위치. 제품 실패 표시에서는 외국어 localizedErrorDetail 사용. 기술 로그는 원인 보존.,정적 추적; 실제 기기는 NOT_RUN
android/app/src/main/kotlin/com/hwani1103/shiftbell/CalendarWidgetScheduleResolver.kt,39,유지(기능 조건/원본 데이터/진단/측정/주석),print/debugPrint/Log 또는 내부 throw의 호출 위치. 제품 실패 표시에서는 외국어 localizedErrorDetail 사용. 기술 로그는 원인 보존.,정적 추적; 실제 기기는 NOT_RUN
android/app/src/main/kotlin/com/hwani1103/shiftbell/CalendarWidgetScheduleResolver.kt,68,유지(기능 조건/원본 데이터/진단/측정/주석),print/debugPrint/Log 또는 내부 throw의 호출 위치. 제품 실패 표시에서는 외국어 localizedErrorDetail 사용. 기술 로그는 원인 보존.,정적 추적; 실제 기기는 NOT_RUN
android/app/src/main/kotlin/com/hwani1103/shiftbell/CalendarWidgetScheduleResolver.kt,90,유지(기능 조건/원본 데이터/진단/측정/주석),print/debugPrint/Log 또는 내부 throw의 호출 위치. 제품 실패 표시에서는 외국어 localizedErrorDetail 사용. 기술 로그는 원인 보존.,정적 추적; 실제 기기는 NOT_RUN
android/app/src/main/kotlin/com/hwani1103/shiftbell/CalendarWidgetScheduleResolver.kt,103,유지(기능 조건/원본 데이터/진단/측정/주석),print/debugPrint/Log 또는 내부 throw의 호출 위치. 제품 실패 표시에서는 외국어 localizedErrorDetail 사용. 기술 로그는 원인 보존.,정적 추적; 실제 기기는 NOT_RUN
android/app/src/main/kotlin/com/hwani1103/shiftbell/CalendarWidgetScheduleResolver.kt,117,유지(기능 조건/원본 데이터/진단/측정/주석),print/debugPrint/Log 또는 내부 throw의 호출 위치. 제품 실패 표시에서는 외국어 localizedErrorDetail 사용. 기술 로그는 원인 보존.,정적 추적; 실제 기기는 NOT_RUN
android/app/src/main/kotlin/com/hwani1103/shiftbell/CalendarWidgetScheduleResolver.kt,135,유지(기능 조건/원본 데이터/진단/측정/주석),print/debugPrint/Log 또는 내부 throw의 호출 위치. 제품 실패 표시에서는 외국어 localizedErrorDetail 사용. 기술 로그는 원인 보존.,정적 추적; 실제 기기는 NOT_RUN
android/app/src/main/kotlin/com/hwani1103/shiftbell/CalendarWidgetScheduleResolver.kt,159,유지(기능 조건/원본 데이터/진단/측정/주석),print/debugPrint/Log 또는 내부 throw의 호출 위치. 제품 실패 표시에서는 외국어 localizedErrorDetail 사용. 기술 로그는 원인 보존.,정적 추적; 실제 기기는 NOT_RUN
android/app/src/main/kotlin/com/hwani1103/shiftbell/CalendarWidgetScheduleResolver.kt,177,유지(기능 조건/원본 데이터/진단/측정/주석),print/debugPrint/Log 또는 내부 throw의 호출 위치. 제품 실패 표시에서는 외국어 localizedErrorDetail 사용. 기술 로그는 원인 보존.,정적 추적; 실제 기기는 NOT_RUN
android/app/src/main/kotlin/com/hwani1103/shiftbell/CustomAlarmReceiver.kt,26,유지(기능 조건/원본 데이터/진단/측정/주석),F01/F02/F04의 한국어 기능 진입·수신 조건에 종속하는 copy/엔진 데이터/내부 로그. 신규 외국어는 해당 UI를 생성하지 않음; KO 사용자 데이터·도메인 단어 유지.,정적 추적; 실제 기기는 NOT_RUN
android/app/src/main/kotlin/com/hwani1103/shiftbell/CustomAlarmReceiver.kt,71,유지(기능 조건/원본 데이터/진단/측정/주석),F01/F02/F04의 한국어 기능 진입·수신 조건에 종속하는 copy/엔진 데이터/내부 로그. 신규 외국어는 해당 UI를 생성하지 않음; KO 사용자 데이터·도메인 단어 유지.,정적 추적; 실제 기기는 NOT_RUN
android/app/src/main/kotlin/com/hwani1103/shiftbell/CustomAlarmReceiver.kt,74,유지(기능 조건/원본 데이터/진단/측정/주석),F01/F02/F04의 한국어 기능 진입·수신 조건에 종속하는 copy/엔진 데이터/내부 로그. 신규 외국어는 해당 UI를 생성하지 않음; KO 사용자 데이터·도메인 단어 유지.,정적 추적; 실제 기기는 NOT_RUN
android/app/src/main/kotlin/com/hwani1103/shiftbell/CustomAlarmReceiver.kt,87,유지(기능 조건/원본 데이터/진단/측정/주석),F01/F02/F04의 한국어 기능 진입·수신 조건에 종속하는 copy/엔진 데이터/내부 로그. 신규 외국어는 해당 UI를 생성하지 않음; KO 사용자 데이터·도메인 단어 유지.,정적 추적; 실제 기기는 NOT_RUN
android/app/src/main/kotlin/com/hwani1103/shiftbell/CustomAlarmReceiver.kt,119,유지(기능 조건/원본 데이터/진단/측정/주석),F01/F02/F04의 한국어 기능 진입·수신 조건에 종속하는 copy/엔진 데이터/내부 로그. 신규 외국어는 해당 UI를 생성하지 않음; KO 사용자 데이터·도메인 단어 유지.,정적 추적; 실제 기기는 NOT_RUN
android/app/src/main/kotlin/com/hwani1103/shiftbell/CustomAlarmReceiver.kt,123,유지(기능 조건/원본 데이터/진단/측정/주석),F01/F02/F04의 한국어 기능 진입·수신 조건에 종속하는 copy/엔진 데이터/내부 로그. 신규 외국어는 해당 UI를 생성하지 않음; KO 사용자 데이터·도메인 단어 유지.,정적 추적; 실제 기기는 NOT_RUN
android/app/src/main/kotlin/com/hwani1103/shiftbell/CustomAlarmReceiver.kt,149,유지(기능 조건/원본 데이터/진단/측정/주석),F01/F02/F04의 한국어 기능 진입·수신 조건에 종속하는 copy/엔진 데이터/내부 로그. 신규 외국어는 해당 UI를 생성하지 않음; KO 사용자 데이터·도메인 단어 유지.,정적 추적; 실제 기기는 NOT_RUN
android/app/src/main/kotlin/com/hwani1103/shiftbell/CustomAlarmReceiver.kt,158,유지(기능 조건/원본 데이터/진단/측정/주석),F01/F02/F04의 한국어 기능 진입·수신 조건에 종속하는 copy/엔진 데이터/내부 로그. 신규 외국어는 해당 UI를 생성하지 않음; KO 사용자 데이터·도메인 단어 유지.,정적 추적; 실제 기기는 NOT_RUN
android/app/src/main/kotlin/com/hwani1103/shiftbell/CustomAlarmReceiver.kt,169,유지(기능 조건/원본 데이터/진단/측정/주석),F01/F02/F04의 한국어 기능 진입·수신 조건에 종속하는 copy/엔진 데이터/내부 로그. 신규 외국어는 해당 UI를 생성하지 않음; KO 사용자 데이터·도메인 단어 유지.,정적 추적; 실제 기기는 NOT_RUN
android/app/src/main/kotlin/com/hwani1103/shiftbell/CustomAlarmReceiver.kt,193,유지(기능 조건/원본 데이터/진단/측정/주석),F01/F02/F04의 한국어 기능 진입·수신 조건에 종속하는 copy/엔진 데이터/내부 로그. 신규 외국어는 해당 UI를 생성하지 않음; KO 사용자 데이터·도메인 단어 유지.,정적 추적; 실제 기기는 NOT_RUN
android/app/src/main/kotlin/com/hwani1103/shiftbell/CustomAlarmReceiver.kt,226,유지(기능 조건/원본 데이터/진단/측정/주석),F01/F02/F04의 한국어 기능 진입·수신 조건에 종속하는 copy/엔진 데이터/내부 로그. 신규 외국어는 해당 UI를 생성하지 않음; KO 사용자 데이터·도메인 단어 유지.,정적 추적; 실제 기기는 NOT_RUN
android/app/src/main/kotlin/com/hwani1103/shiftbell/CustomAlarmReceiver.kt,231,유지(기능 조건/원본 데이터/진단/측정/주석),F01/F02/F04의 한국어 기능 진입·수신 조건에 종속하는 copy/엔진 데이터/내부 로그. 신규 외국어는 해당 UI를 생성하지 않음; KO 사용자 데이터·도메인 단어 유지.,정적 추적; 실제 기기는 NOT_RUN
android/app/src/main/kotlin/com/hwani1103/shiftbell/CustomAlarmReceiver.kt,235,유지(기능 조건/원본 데이터/진단/측정/주석),F01/F02/F04의 한국어 기능 진입·수신 조건에 종속하는 copy/엔진 데이터/내부 로그. 신규 외국어는 해당 UI를 생성하지 않음; KO 사용자 데이터·도메인 단어 유지.,정적 추적; 실제 기기는 NOT_RUN
android/app/src/main/kotlin/com/hwani1103/shiftbell/CustomAlarmReceiver.kt,239,유지(기능 조건/원본 데이터/진단/측정/주석),F01/F02/F04의 한국어 기능 진입·수신 조건에 종속하는 copy/엔진 데이터/내부 로그. 신규 외국어는 해당 UI를 생성하지 않음; KO 사용자 데이터·도메인 단어 유지.,정적 추적; 실제 기기는 NOT_RUN
android/app/src/main/kotlin/com/hwani1103/shiftbell/CustomAlarmReceiver.kt,247,유지(기능 조건/원본 데이터/진단/측정/주석),F01/F02/F04의 한국어 기능 진입·수신 조건에 종속하는 copy/엔진 데이터/내부 로그. 신규 외국어는 해당 UI를 생성하지 않음; KO 사용자 데이터·도메인 단어 유지.,정적 추적; 실제 기기는 NOT_RUN
android/app/src/main/kotlin/com/hwani1103/shiftbell/CustomAlarmReceiver.kt,251,유지(기능 조건/원본 데이터/진단/측정/주석),F01/F02/F04의 한국어 기능 진입·수신 조건에 종속하는 copy/엔진 데이터/내부 로그. 신규 외국어는 해당 UI를 생성하지 않음; KO 사용자 데이터·도메인 단어 유지.,정적 추적; 실제 기기는 NOT_RUN
android/app/src/main/kotlin/com/hwani1103/shiftbell/CustomAlarmReceiver.kt,275,유지(기능 조건/원본 데이터/진단/측정/주석),F01/F02/F04의 한국어 기능 진입·수신 조건에 종속하는 copy/엔진 데이터/내부 로그. 신규 외국어는 해당 UI를 생성하지 않음; KO 사용자 데이터·도메인 단어 유지.,정적 추적; 실제 기기는 NOT_RUN
android/app/src/main/kotlin/com/hwani1103/shiftbell/CustomAlarmReceiver.kt,277,유지(기능 조건/원본 데이터/진단/측정/주석),F01/F02/F04의 한국어 기능 진입·수신 조건에 종속하는 copy/엔진 데이터/내부 로그. 신규 외국어는 해당 UI를 생성하지 않음; KO 사용자 데이터·도메인 단어 유지.,정적 추적; 실제 기기는 NOT_RUN
android/app/src/main/kotlin/com/hwani1103/shiftbell/CustomAlarmReceiver.kt,302,유지(기능 조건/원본 데이터/진단/측정/주석),F01/F02/F04의 한국어 기능 진입·수신 조건에 종속하는 copy/엔진 데이터/내부 로그. 신규 외국어는 해당 UI를 생성하지 않음; KO 사용자 데이터·도메인 단어 유지.,정적 추적; 실제 기기는 NOT_RUN
android/app/src/main/kotlin/com/hwani1103/shiftbell/CustomAlarmReceiver.kt,305,유지(기능 조건/원본 데이터/진단/측정/주석),F01/F02/F04의 한국어 기능 진입·수신 조건에 종속하는 copy/엔진 데이터/내부 로그. 신규 외국어는 해당 UI를 생성하지 않음; KO 사용자 데이터·도메인 단어 유지.,정적 추적; 실제 기기는 NOT_RUN
android/app/src/main/kotlin/com/hwani1103/shiftbell/CustomAlarmReceiver.kt,313,유지(기능 조건/원본 데이터/진단/측정/주석),F01/F02/F04의 한국어 기능 진입·수신 조건에 종속하는 copy/엔진 데이터/내부 로그. 신규 외국어는 해당 UI를 생성하지 않음; KO 사용자 데이터·도메인 단어 유지.,정적 추적; 실제 기기는 NOT_RUN
android/app/src/main/kotlin/com/hwani1103/shiftbell/DatabaseHelper.kt,129,유지(기능 조건/원본 데이터/진단/측정/주석),print/debugPrint/Log 또는 내부 throw의 호출 위치. 제품 실패 표시에서는 외국어 localizedErrorDetail 사용. 기술 로그는 원인 보존.,정적 추적; 실제 기기는 NOT_RUN
android/app/src/main/kotlin/com/hwani1103/shiftbell/DatabaseHelper.kt,143,유지(기능 조건/원본 데이터/진단/측정/주석),print/debugPrint/Log 또는 내부 throw의 호출 위치. 제품 실패 표시에서는 외국어 localizedErrorDetail 사용. 기술 로그는 원인 보존.,정적 추적; 실제 기기는 NOT_RUN
android/app/src/main/kotlin/com/hwani1103/shiftbell/DatabaseHelper.kt,147,유지(기능 조건/원본 데이터/진단/측정/주석),print/debugPrint/Log 또는 내부 throw의 호출 위치. 제품 실패 표시에서는 외국어 localizedErrorDetail 사용. 기술 로그는 원인 보존.,정적 추적; 실제 기기는 NOT_RUN
android/app/src/main/kotlin/com/hwani1103/shiftbell/DatabaseHelper.kt,150,유지(기능 조건/원본 데이터/진단/측정/주석),print/debugPrint/Log 또는 내부 throw의 호출 위치. 제품 실패 표시에서는 외국어 localizedErrorDetail 사용. 기술 로그는 원인 보존.,정적 추적; 실제 기기는 NOT_RUN
android/app/src/main/kotlin/com/hwani1103/shiftbell/DatabaseHelper.kt,152,유지(기능 조건/원본 데이터/진단/측정/주석),print/debugPrint/Log 또는 내부 throw의 호출 위치. 제품 실패 표시에서는 외국어 localizedErrorDetail 사용. 기술 로그는 원인 보존.,정적 추적; 실제 기기는 NOT_RUN
android/app/src/main/kotlin/com/hwani1103/shiftbell/DatabaseHelper.kt,154,유지(기능 조건/원본 데이터/진단/측정/주석),print/debugPrint/Log 또는 내부 throw의 호출 위치. 제품 실패 표시에서는 외국어 localizedErrorDetail 사용. 기술 로그는 원인 보존.,정적 추적; 실제 기기는 NOT_RUN
android/app/src/main/kotlin/com/hwani1103/shiftbell/DatabaseHelper.kt,160,유지(기능 조건/원본 데이터/진단/측정/주석),print/debugPrint/Log 또는 내부 throw의 호출 위치. 제품 실패 표시에서는 외국어 localizedErrorDetail 사용. 기술 로그는 원인 보존.,정적 추적; 실제 기기는 NOT_RUN
android/app/src/main/kotlin/com/hwani1103/shiftbell/DatabaseHelper.kt,167,유지(기능 조건/원본 데이터/진단/측정/주석),print/debugPrint/Log 또는 내부 throw의 호출 위치. 제품 실패 표시에서는 외국어 localizedErrorDetail 사용. 기술 로그는 원인 보존.,정적 추적; 실제 기기는 NOT_RUN
android/app/src/main/kotlin/com/hwani1103/shiftbell/DatabaseHelper.kt,181,유지(기능 조건/원본 데이터/진단/측정/주석),print/debugPrint/Log 또는 내부 throw의 호출 위치. 제품 실패 표시에서는 외국어 localizedErrorDetail 사용. 기술 로그는 원인 보존.,정적 추적; 실제 기기는 NOT_RUN
android/app/src/main/kotlin/com/hwani1103/shiftbell/DatabaseHelper.kt,219,유지(기능 조건/원본 데이터/진단/측정/주석),print/debugPrint/Log 또는 내부 throw의 호출 위치. 제품 실패 표시에서는 외국어 localizedErrorDetail 사용. 기술 로그는 원인 보존.,정적 추적; 실제 기기는 NOT_RUN
android/app/src/main/kotlin/com/hwani1103/shiftbell/DatabaseHelper.kt,233,유지(기능 조건/원본 데이터/진단/측정/주석),print/debugPrint/Log 또는 내부 throw의 호출 위치. 제품 실패 표시에서는 외국어 localizedErrorDetail 사용. 기술 로그는 원인 보존.,정적 추적; 실제 기기는 NOT_RUN
android/app/src/main/kotlin/com/hwani1103/shiftbell/DatabaseHelper.kt,239,유지(기능 조건/원본 데이터/진단/측정/주석),print/debugPrint/Log 또는 내부 throw의 호출 위치. 제품 실패 표시에서는 외국어 localizedErrorDetail 사용. 기술 로그는 원인 보존.,정적 추적; 실제 기기는 NOT_RUN
android/app/src/main/kotlin/com/hwani1103/shiftbell/DatabaseHelper.kt,243,유지(기능 조건/원본 데이터/진단/측정/주석),print/debugPrint/Log 또는 내부 throw의 호출 위치. 제품 실패 표시에서는 외국어 localizedErrorDetail 사용. 기술 로그는 원인 보존.,정적 추적; 실제 기기는 NOT_RUN
android/app/src/main/kotlin/com/hwani1103/shiftbell/DatabaseHelper.kt,247,유지(기능 조건/원본 데이터/진단/측정/주석),print/debugPrint/Log 또는 내부 throw의 호출 위치. 제품 실패 표시에서는 외국어 localizedErrorDetail 사용. 기술 로그는 원인 보존.,정적 추적; 실제 기기는 NOT_RUN
android/app/src/main/kotlin/com/hwani1103/shiftbell/DatabaseHelper.kt,263,유지(기능 조건/원본 데이터/진단/측정/주석),print/debugPrint/Log 또는 내부 throw의 호출 위치. 제품 실패 표시에서는 외국어 localizedErrorDetail 사용. 기술 로그는 원인 보존.,정적 추적; 실제 기기는 NOT_RUN
android/app/src/main/kotlin/com/hwani1103/shiftbell/DatabaseHelper.kt,269,유지(기능 조건/원본 데이터/진단/측정/주석),print/debugPrint/Log 또는 내부 throw의 호출 위치. 제품 실패 표시에서는 외국어 localizedErrorDetail 사용. 기술 로그는 원인 보존.,정적 추적; 실제 기기는 NOT_RUN
android/app/src/main/kotlin/com/hwani1103/shiftbell/DatabaseHelper.kt,281,유지(기능 조건/원본 데이터/진단/측정/주석),print/debugPrint/Log 또는 내부 throw의 호출 위치. 제품 실패 표시에서는 외국어 localizedErrorDetail 사용. 기술 로그는 원인 보존.,정적 추적; 실제 기기는 NOT_RUN
android/app/src/main/kotlin/com/hwani1103/shiftbell/DatabaseHelper.kt,287,유지(기능 조건/원본 데이터/진단/측정/주석),print/debugPrint/Log 또는 내부 throw의 호출 위치. 제품 실패 표시에서는 외국어 localizedErrorDetail 사용. 기술 로그는 원인 보존.,정적 추적; 실제 기기는 NOT_RUN
android/app/src/main/kotlin/com/hwani1103/shiftbell/DatabaseHelper.kt,328,유지(기능 조건/원본 데이터/진단/측정/주석),print/debugPrint/Log 또는 내부 throw의 호출 위치. 제품 실패 표시에서는 외국어 localizedErrorDetail 사용. 기술 로그는 원인 보존.,정적 추적; 실제 기기는 NOT_RUN
android/app/src/main/kotlin/com/hwani1103/shiftbell/DbMigrationRunner.kt,52,유지(기능 조건/원본 데이터/진단/측정/주석),print/debugPrint/Log 또는 내부 throw의 호출 위치. 제품 실패 표시에서는 외국어 localizedErrorDetail 사용. 기술 로그는 원인 보존.,정적 추적; 실제 기기는 NOT_RUN
android/app/src/main/kotlin/com/hwani1103/shiftbell/DbMigrationRunner.kt,55,유지(기능 조건/원본 데이터/진단/측정/주석),print/debugPrint/Log 또는 내부 throw의 호출 위치. 제품 실패 표시에서는 외국어 localizedErrorDetail 사용. 기술 로그는 원인 보존.,정적 추적; 실제 기기는 NOT_RUN
android/app/src/main/kotlin/com/hwani1103/shiftbell/DbMigrationRunner.kt,58,유지(기능 조건/원본 데이터/진단/측정/주석),print/debugPrint/Log 또는 내부 throw의 호출 위치. 제품 실패 표시에서는 외국어 localizedErrorDetail 사용. 기술 로그는 원인 보존.,정적 추적; 실제 기기는 NOT_RUN
android/app/src/main/kotlin/com/hwani1103/shiftbell/DbMigrationRunner.kt,62,유지(기능 조건/원본 데이터/진단/측정/주석),print/debugPrint/Log 또는 내부 throw의 호출 위치. 제품 실패 표시에서는 외국어 localizedErrorDetail 사용. 기술 로그는 원인 보존.,정적 추적; 실제 기기는 NOT_RUN
android/app/src/main/kotlin/com/hwani1103/shiftbell/DbMigrationRunner.kt,66,유지(기능 조건/원본 데이터/진단/측정/주석),print/debugPrint/Log 또는 내부 throw의 호출 위치. 제품 실패 표시에서는 외국어 localizedErrorDetail 사용. 기술 로그는 원인 보존.,정적 추적; 실제 기기는 NOT_RUN
android/app/src/main/kotlin/com/hwani1103/shiftbell/DbMigrationRunner.kt,69,유지(기능 조건/원본 데이터/진단/측정/주석),print/debugPrint/Log 또는 내부 throw의 호출 위치. 제품 실패 표시에서는 외국어 localizedErrorDetail 사용. 기술 로그는 원인 보존.,정적 추적; 실제 기기는 NOT_RUN
android/app/src/main/kotlin/com/hwani1103/shiftbell/DbMigrationRunner.kt,72,유지(기능 조건/원본 데이터/진단/측정/주석),print/debugPrint/Log 또는 내부 throw의 호출 위치. 제품 실패 표시에서는 외국어 localizedErrorDetail 사용. 기술 로그는 원인 보존.,정적 추적; 실제 기기는 NOT_RUN
android/app/src/main/kotlin/com/hwani1103/shiftbell/DbMigrationRunner.kt,76,유지(기능 조건/원본 데이터/진단/측정/주석),print/debugPrint/Log 또는 내부 throw의 호출 위치. 제품 실패 표시에서는 외국어 localizedErrorDetail 사용. 기술 로그는 원인 보존.,정적 추적; 실제 기기는 NOT_RUN
android/app/src/main/kotlin/com/hwani1103/shiftbell/DbMigrationRunner.kt,82,유지(기능 조건/원본 데이터/진단/측정/주석),print/debugPrint/Log 또는 내부 throw의 호출 위치. 제품 실패 표시에서는 외국어 localizedErrorDetail 사용. 기술 로그는 원인 보존.,정적 추적; 실제 기기는 NOT_RUN
android/app/src/main/kotlin/com/hwani1103/shiftbell/DbMigrationRunner.kt,87,유지(기능 조건/원본 데이터/진단/측정/주석),print/debugPrint/Log 또는 내부 throw의 호출 위치. 제품 실패 표시에서는 외국어 localizedErrorDetail 사용. 기술 로그는 원인 보존.,정적 추적; 실제 기기는 NOT_RUN
android/app/src/main/kotlin/com/hwani1103/shiftbell/DbMigrationRunner.kt,95,유지(기능 조건/원본 데이터/진단/측정/주석),print/debugPrint/Log 또는 내부 throw의 호출 위치. 제품 실패 표시에서는 외국어 localizedErrorDetail 사용. 기술 로그는 원인 보존.,정적 추적; 실제 기기는 NOT_RUN
android/app/src/main/kotlin/com/hwani1103/shiftbell/DbMigrationRunner.kt,97,유지(기능 조건/원본 데이터/진단/측정/주석),print/debugPrint/Log 또는 내부 throw의 호출 위치. 제품 실패 표시에서는 외국어 localizedErrorDetail 사용. 기술 로그는 원인 보존.,정적 추적; 실제 기기는 NOT_RUN
android/app/src/main/kotlin/com/hwani1103/shiftbell/DbMigrationRunner.kt,99,유지(기능 조건/원본 데이터/진단/측정/주석),print/debugPrint/Log 또는 내부 throw의 호출 위치. 제품 실패 표시에서는 외국어 localizedErrorDetail 사용. 기술 로그는 원인 보존.,정적 추적; 실제 기기는 NOT_RUN
android/app/src/main/kotlin/com/hwani1103/shiftbell/DbMigrationRunner.kt,119,유지(기능 조건/원본 데이터/진단/측정/주석),print/debugPrint/Log 또는 내부 throw의 호출 위치. 제품 실패 표시에서는 외국어 localizedErrorDetail 사용. 기술 로그는 원인 보존.,정적 추적; 실제 기기는 NOT_RUN
android/app/src/main/kotlin/com/hwani1103/shiftbell/DbMigrationRunner.kt,122,유지(기능 조건/원본 데이터/진단/측정/주석),print/debugPrint/Log 또는 내부 throw의 호출 위치. 제품 실패 표시에서는 외국어 localizedErrorDetail 사용. 기술 로그는 원인 보존.,정적 추적; 실제 기기는 NOT_RUN
android/app/src/main/kotlin/com/hwani1103/shiftbell/DbMigrationRunner.kt,130,유지(기능 조건/원본 데이터/진단/측정/주석),print/debugPrint/Log 또는 내부 throw의 호출 위치. 제품 실패 표시에서는 외국어 localizedErrorDetail 사용. 기술 로그는 원인 보존.,정적 추적; 실제 기기는 NOT_RUN
android/app/src/main/kotlin/com/hwani1103/shiftbell/DbMigrationRunner.kt,157,유지(기능 조건/원본 데이터/진단/측정/주석),print/debugPrint/Log 또는 내부 throw의 호출 위치. 제품 실패 표시에서는 외국어 localizedErrorDetail 사용. 기술 로그는 원인 보존.,정적 추적; 실제 기기는 NOT_RUN
android/app/src/main/kotlin/com/hwani1103/shiftbell/DbMigrationRunner.kt,174,유지(기능 조건/원본 데이터/진단/측정/주석),print/debugPrint/Log 또는 내부 throw의 호출 위치. 제품 실패 표시에서는 외국어 localizedErrorDetail 사용. 기술 로그는 원인 보존.,정적 추적; 실제 기기는 NOT_RUN
android/app/src/main/kotlin/com/hwani1103/shiftbell/DbMigrationRunner.kt,187,유지(기능 조건/원본 데이터/진단/측정/주석),print/debugPrint/Log 또는 내부 throw의 호출 위치. 제품 실패 표시에서는 외국어 localizedErrorDetail 사용. 기술 로그는 원인 보존.,정적 추적; 실제 기기는 NOT_RUN
android/app/src/main/kotlin/com/hwani1103/shiftbell/DbMigrationRunner.kt,195,유지(기능 조건/원본 데이터/진단/측정/주석),print/debugPrint/Log 또는 내부 throw의 호출 위치. 제품 실패 표시에서는 외국어 localizedErrorDetail 사용. 기술 로그는 원인 보존.,정적 추적; 실제 기기는 NOT_RUN
android/app/src/main/kotlin/com/hwani1103/shiftbell/DbMigrationRunner.kt,199,유지(기능 조건/원본 데이터/진단/측정/주석),print/debugPrint/Log 또는 내부 throw의 호출 위치. 제품 실패 표시에서는 외국어 localizedErrorDetail 사용. 기술 로그는 원인 보존.,정적 추적; 실제 기기는 NOT_RUN
android/app/src/main/kotlin/com/hwani1103/shiftbell/DiagLog.kt,70,유지(기능 조건/원본 데이터/진단/측정/주석),readAll의 진단 읽기 오류도 기술 파일에만 기록. 제품 failure 표시는 localizedErrorDetail/common resource.,정적 추적; 실제 기기는 NOT_RUN
android/app/src/main/kotlin/com/hwani1103/shiftbell/DiagLog.kt,81,유지(기능 조건/원본 데이터/진단/측정/주석),readAll의 진단 읽기 오류도 기술 파일에만 기록. 제품 failure 표시는 localizedErrorDetail/common resource.,정적 추적; 실제 기기는 NOT_RUN
android/app/src/main/kotlin/com/hwani1103/shiftbell/DiagReport.kt,53,유지(기능 조건/원본 데이터/진단/측정/주석),MainActivity/DiagLog의 로컬 기술 진단 파일에 자동 저장하는 표제·상태키·원인 로그. 앱 버튼/메뉴/팝업/알림에는 표시되지 않는다. 개인정보/도움말은 진단 파일을 찾는 기능을 현지화해 설명. 원인 로그·DB 오류를 제품 번역으로 치환하면 진단 계약을 해치므로 유지. 기술 파일 자체가 한국어를 포함한다는 범위를 명시하며 foreign UI 검증과 혼동하지 않음.,정적 추적; 실제 기기는 NOT_RUN
android/app/src/main/kotlin/com/hwani1103/shiftbell/DiagReport.kt,61,유지(기능 조건/원본 데이터/진단/측정/주석),MainActivity/DiagLog의 로컬 기술 진단 파일에 자동 저장하는 표제·상태키·원인 로그. 앱 버튼/메뉴/팝업/알림에는 표시되지 않는다. 개인정보/도움말은 진단 파일을 찾는 기능을 현지화해 설명. 원인 로그·DB 오류를 제품 번역으로 치환하면 진단 계약을 해치므로 유지. 기술 파일 자체가 한국어를 포함한다는 범위를 명시하며 foreign UI 검증과 혼동하지 않음.,정적 추적; 실제 기기는 NOT_RUN
android/app/src/main/kotlin/com/hwani1103/shiftbell/DiagReport.kt,75,유지(기능 조건/원본 데이터/진단/측정/주석),MainActivity/DiagLog의 로컬 기술 진단 파일에 자동 저장하는 표제·상태키·원인 로그. 앱 버튼/메뉴/팝업/알림에는 표시되지 않는다. 개인정보/도움말은 진단 파일을 찾는 기능을 현지화해 설명. 원인 로그·DB 오류를 제품 번역으로 치환하면 진단 계약을 해치므로 유지. 기술 파일 자체가 한국어를 포함한다는 범위를 명시하며 foreign UI 검증과 혼동하지 않음.,정적 추적; 실제 기기는 NOT_RUN
android/app/src/main/kotlin/com/hwani1103/shiftbell/DiagReport.kt,118,유지(기능 조건/원본 데이터/진단/측정/주석),MainActivity/DiagLog의 로컬 기술 진단 파일에 자동 저장하는 표제·상태키·원인 로그. 앱 버튼/메뉴/팝업/알림에는 표시되지 않는다. 개인정보/도움말은 진단 파일을 찾는 기능을 현지화해 설명. 원인 로그·DB 오류를 제품 번역으로 치환하면 진단 계약을 해치므로 유지. 기술 파일 자체가 한국어를 포함한다는 범위를 명시하며 foreign UI 검증과 혼동하지 않음.,정적 추적; 실제 기기는 NOT_RUN
android/app/src/main/kotlin/com/hwani1103/shiftbell/DiagReport.kt,123,유지(기능 조건/원본 데이터/진단/측정/주석),MainActivity/DiagLog의 로컬 기술 진단 파일에 자동 저장하는 표제·상태키·원인 로그. 앱 버튼/메뉴/팝업/알림에는 표시되지 않는다. 개인정보/도움말은 진단 파일을 찾는 기능을 현지화해 설명. 원인 로그·DB 오류를 제품 번역으로 치환하면 진단 계약을 해치므로 유지. 기술 파일 자체가 한국어를 포함한다는 범위를 명시하며 foreign UI 검증과 혼동하지 않음.,정적 추적; 실제 기기는 NOT_RUN
android/app/src/main/kotlin/com/hwani1103/shiftbell/DiagReport.kt,132,유지(기능 조건/원본 데이터/진단/측정/주석),MainActivity/DiagLog의 로컬 기술 진단 파일에 자동 저장하는 표제·상태키·원인 로그. 앱 버튼/메뉴/팝업/알림에는 표시되지 않는다. 개인정보/도움말은 진단 파일을 찾는 기능을 현지화해 설명. 원인 로그·DB 오류를 제품 번역으로 치환하면 진단 계약을 해치므로 유지. 기술 파일 자체가 한국어를 포함한다는 범위를 명시하며 foreign UI 검증과 혼동하지 않음.,정적 추적; 실제 기기는 NOT_RUN
android/app/src/main/kotlin/com/hwani1103/shiftbell/DiagReport.kt,139,유지(기능 조건/원본 데이터/진단/측정/주석),MainActivity/DiagLog의 로컬 기술 진단 파일에 자동 저장하는 표제·상태키·원인 로그. 앱 버튼/메뉴/팝업/알림에는 표시되지 않는다. 개인정보/도움말은 진단 파일을 찾는 기능을 현지화해 설명. 원인 로그·DB 오류를 제품 번역으로 치환하면 진단 계약을 해치므로 유지. 기술 파일 자체가 한국어를 포함한다는 범위를 명시하며 foreign UI 검증과 혼동하지 않음.,정적 추적; 실제 기기는 NOT_RUN
android/app/src/main/kotlin/com/hwani1103/shiftbell/DiagReport.kt,141,유지(기능 조건/원본 데이터/진단/측정/주석),MainActivity/DiagLog의 로컬 기술 진단 파일에 자동 저장하는 표제·상태키·원인 로그. 앱 버튼/메뉴/팝업/알림에는 표시되지 않는다. 개인정보/도움말은 진단 파일을 찾는 기능을 현지화해 설명. 원인 로그·DB 오류를 제품 번역으로 치환하면 진단 계약을 해치므로 유지. 기술 파일 자체가 한국어를 포함한다는 범위를 명시하며 foreign UI 검증과 혼동하지 않음.,정적 추적; 실제 기기는 NOT_RUN
android/app/src/main/kotlin/com/hwani1103/shiftbell/DiagReport.kt,145,유지(기능 조건/원본 데이터/진단/측정/주석),MainActivity/DiagLog의 로컬 기술 진단 파일에 자동 저장하는 표제·상태키·원인 로그. 앱 버튼/메뉴/팝업/알림에는 표시되지 않는다. 개인정보/도움말은 진단 파일을 찾는 기능을 현지화해 설명. 원인 로그·DB 오류를 제품 번역으로 치환하면 진단 계약을 해치므로 유지. 기술 파일 자체가 한국어를 포함한다는 범위를 명시하며 foreign UI 검증과 혼동하지 않음.,정적 추적; 실제 기기는 NOT_RUN
android/app/src/main/kotlin/com/hwani1103/shiftbell/DiagReport.kt,152,유지(기능 조건/원본 데이터/진단/측정/주석),MainActivity/DiagLog의 로컬 기술 진단 파일에 자동 저장하는 표제·상태키·원인 로그. 앱 버튼/메뉴/팝업/알림에는 표시되지 않는다. 개인정보/도움말은 진단 파일을 찾는 기능을 현지화해 설명. 원인 로그·DB 오류를 제품 번역으로 치환하면 진단 계약을 해치므로 유지. 기술 파일 자체가 한국어를 포함한다는 범위를 명시하며 foreign UI 검증과 혼동하지 않음.,정적 추적; 실제 기기는 NOT_RUN
android/app/src/main/kotlin/com/hwani1103/shiftbell/DiagReport.kt,155,유지(기능 조건/원본 데이터/진단/측정/주석),MainActivity/DiagLog의 로컬 기술 진단 파일에 자동 저장하는 표제·상태키·원인 로그. 앱 버튼/메뉴/팝업/알림에는 표시되지 않는다. 개인정보/도움말은 진단 파일을 찾는 기능을 현지화해 설명. 원인 로그·DB 오류를 제품 번역으로 치환하면 진단 계약을 해치므로 유지. 기술 파일 자체가 한국어를 포함한다는 범위를 명시하며 foreign UI 검증과 혼동하지 않음.,정적 추적; 실제 기기는 NOT_RUN
android/app/src/main/kotlin/com/hwani1103/shiftbell/DiagReport.kt,198,유지(기능 조건/원본 데이터/진단/측정/주석),MainActivity/DiagLog의 로컬 기술 진단 파일에 자동 저장하는 표제·상태키·원인 로그. 앱 버튼/메뉴/팝업/알림에는 표시되지 않는다. 개인정보/도움말은 진단 파일을 찾는 기능을 현지화해 설명. 원인 로그·DB 오류를 제품 번역으로 치환하면 진단 계약을 해치므로 유지. 기술 파일 자체가 한국어를 포함한다는 범위를 명시하며 foreign UI 검증과 혼동하지 않음.,정적 추적; 실제 기기는 NOT_RUN
android/app/src/main/kotlin/com/hwani1103/shiftbell/DiagReport.kt,215,유지(기능 조건/원본 데이터/진단/측정/주석),MainActivity/DiagLog의 로컬 기술 진단 파일에 자동 저장하는 표제·상태키·원인 로그. 앱 버튼/메뉴/팝업/알림에는 표시되지 않는다. 개인정보/도움말은 진단 파일을 찾는 기능을 현지화해 설명. 원인 로그·DB 오류를 제품 번역으로 치환하면 진단 계약을 해치므로 유지. 기술 파일 자체가 한국어를 포함한다는 범위를 명시하며 foreign UI 검증과 혼동하지 않음.,정적 추적; 실제 기기는 NOT_RUN
android/app/src/main/kotlin/com/hwani1103/shiftbell/DiagReport.kt,235,유지(기능 조건/원본 데이터/진단/측정/주석),MainActivity/DiagLog의 로컬 기술 진단 파일에 자동 저장하는 표제·상태키·원인 로그. 앱 버튼/메뉴/팝업/알림에는 표시되지 않는다. 개인정보/도움말은 진단 파일을 찾는 기능을 현지화해 설명. 원인 로그·DB 오류를 제품 번역으로 치환하면 진단 계약을 해치므로 유지. 기술 파일 자체가 한국어를 포함한다는 범위를 명시하며 foreign UI 검증과 혼동하지 않음.,정적 추적; 실제 기기는 NOT_RUN
android/app/src/main/kotlin/com/hwani1103/shiftbell/DirectBootReceiver.kt,31,유지(기능 조건/원본 데이터/진단/측정/주석),print/debugPrint/Log 또는 내부 throw의 호출 위치. 제품 실패 표시에서는 외국어 localizedErrorDetail 사용. 기술 로그는 원인 보존.,정적 추적; 실제 기기는 NOT_RUN
android/app/src/main/kotlin/com/hwani1103/shiftbell/DirectBootReceiver.kt,55,유지(기능 조건/원본 데이터/진단/측정/주석),print/debugPrint/Log 또는 내부 throw의 호출 위치. 제품 실패 표시에서는 외국어 localizedErrorDetail 사용. 기술 로그는 원인 보존.,정적 추적; 실제 기기는 NOT_RUN
android/app/src/main/kotlin/com/hwani1103/shiftbell/DirectBootReceiver.kt,57,유지(기능 조건/원본 데이터/진단/측정/주석),print/debugPrint/Log 또는 내부 throw의 호출 위치. 제품 실패 표시에서는 외국어 localizedErrorDetail 사용. 기술 로그는 원인 보존.,정적 추적; 실제 기기는 NOT_RUN
android/app/src/main/kotlin/com/hwani1103/shiftbell/DirectBootReceiver.kt,98,유지(기능 조건/원본 데이터/진단/측정/주석),print/debugPrint/Log 또는 내부 throw의 호출 위치. 제품 실패 표시에서는 외국어 localizedErrorDetail 사용. 기술 로그는 원인 보존.,정적 추적; 실제 기기는 NOT_RUN
android/app/src/main/kotlin/com/hwani1103/shiftbell/DirectBootReceiver.kt,102,유지(기능 조건/원본 데이터/진단/측정/주석),print/debugPrint/Log 또는 내부 throw의 호출 위치. 제품 실패 표시에서는 외국어 localizedErrorDetail 사용. 기술 로그는 원인 보존.,정적 추적; 실제 기기는 NOT_RUN
android/app/src/main/kotlin/com/hwani1103/shiftbell/DirectBootReceiver.kt,108,유지(기능 조건/원본 데이터/진단/측정/주석),print/debugPrint/Log 또는 내부 throw의 호출 위치. 제품 실패 표시에서는 외국어 localizedErrorDetail 사용. 기술 로그는 원인 보존.,정적 추적; 실제 기기는 NOT_RUN
android/app/src/main/kotlin/com/hwani1103/shiftbell/DirectBootReceiver.kt,117,유지(기능 조건/원본 데이터/진단/측정/주석),print/debugPrint/Log 또는 내부 throw의 호출 위치. 제품 실패 표시에서는 외국어 localizedErrorDetail 사용. 기술 로그는 원인 보존.,정적 추적; 실제 기기는 NOT_RUN
android/app/src/main/kotlin/com/hwani1103/shiftbell/DirectBootReceiver.kt,120,유지(기능 조건/원본 데이터/진단/측정/주석),print/debugPrint/Log 또는 내부 throw의 호출 위치. 제품 실패 표시에서는 외국어 localizedErrorDetail 사용. 기술 로그는 원인 보존.,정적 추적; 실제 기기는 NOT_RUN
android/app/src/main/kotlin/com/hwani1103/shiftbell/DirectBootReceiver.kt,138,유지(기능 조건/원본 데이터/진단/측정/주석),print/debugPrint/Log 또는 내부 throw의 호출 위치. 제품 실패 표시에서는 외국어 localizedErrorDetail 사용. 기술 로그는 원인 보존.,정적 추적; 실제 기기는 NOT_RUN
android/app/src/main/kotlin/com/hwani1103/shiftbell/DirectBootReceiver.kt,165,유지(기능 조건/원본 데이터/진단/측정/주석),print/debugPrint/Log 또는 내부 throw의 호출 위치. 제품 실패 표시에서는 외국어 localizedErrorDetail 사용. 기술 로그는 원인 보존.,정적 추적; 실제 기기는 NOT_RUN
android/app/src/main/kotlin/com/hwani1103/shiftbell/DirectBootReceiver.kt,171,유지(기능 조건/원본 데이터/진단/측정/주석),print/debugPrint/Log 또는 내부 throw의 호출 위치. 제품 실패 표시에서는 외국어 localizedErrorDetail 사용. 기술 로그는 원인 보존.,정적 추적; 실제 기기는 NOT_RUN
android/app/src/main/kotlin/com/hwani1103/shiftbell/DirectBootReceiver.kt,190,유지(기능 조건/원본 데이터/진단/측정/주석),print/debugPrint/Log 또는 내부 throw의 호출 위치. 제품 실패 표시에서는 외국어 localizedErrorDetail 사용. 기술 로그는 원인 보존.,정적 추적; 실제 기기는 NOT_RUN
android/app/src/main/kotlin/com/hwani1103/shiftbell/DirectBootReceiver.kt,193,유지(기능 조건/원본 데이터/진단/측정/주석),print/debugPrint/Log 또는 내부 throw의 호출 위치. 제품 실패 표시에서는 외국어 localizedErrorDetail 사용. 기술 로그는 원인 보존.,정적 추적; 실제 기기는 NOT_RUN
android/app/src/main/kotlin/com/hwani1103/shiftbell/MainActivity.kt,136,유지(기능 조건/원본 데이터/진단/측정/주석),print/debugPrint/Log 또는 내부 throw의 호출 위치. 제품 실패 표시에서는 외국어 localizedErrorDetail 사용. 기술 로그는 원인 보존.,정적 추적; 실제 기기는 NOT_RUN
android/app/src/main/kotlin/com/hwani1103/shiftbell/MainActivity.kt,156,유지(기능 조건/원본 데이터/진단/측정/주석),print/debugPrint/Log 또는 내부 throw의 호출 위치. 제품 실패 표시에서는 외국어 localizedErrorDetail 사용. 기술 로그는 원인 보존.,정적 추적; 실제 기기는 NOT_RUN
android/app/src/main/kotlin/com/hwani1103/shiftbell/MainActivity.kt,187,유지(기능 조건/원본 데이터/진단/측정/주석),print/debugPrint/Log 또는 내부 throw의 호출 위치. 제품 실패 표시에서는 외국어 localizedErrorDetail 사용. 기술 로그는 원인 보존.,정적 추적; 실제 기기는 NOT_RUN
android/app/src/main/kotlin/com/hwani1103/shiftbell/MainActivity.kt,192,유지(기능 조건/원본 데이터/진단/측정/주석),print/debugPrint/Log 또는 내부 throw의 호출 위치. 제품 실패 표시에서는 외국어 localizedErrorDetail 사용. 기술 로그는 원인 보존.,정적 추적; 실제 기기는 NOT_RUN
android/app/src/main/kotlin/com/hwani1103/shiftbell/MainActivity.kt,196,유지(기능 조건/원본 데이터/진단/측정/주석),print/debugPrint/Log 또는 내부 throw의 호출 위치. 제품 실패 표시에서는 외국어 localizedErrorDetail 사용. 기술 로그는 원인 보존.,정적 추적; 실제 기기는 NOT_RUN
android/app/src/main/kotlin/com/hwani1103/shiftbell/MainActivity.kt,221,유지(기능 조건/원본 데이터/진단/측정/주석),print/debugPrint/Log 또는 내부 throw의 호출 위치. 제품 실패 표시에서는 외국어 localizedErrorDetail 사용. 기술 로그는 원인 보존.,정적 추적; 실제 기기는 NOT_RUN
android/app/src/main/kotlin/com/hwani1103/shiftbell/MainActivity.kt,223,유지(기능 조건/원본 데이터/진단/측정/주석),print/debugPrint/Log 또는 내부 throw의 호출 위치. 제품 실패 표시에서는 외국어 localizedErrorDetail 사용. 기술 로그는 원인 보존.,정적 추적; 실제 기기는 NOT_RUN
android/app/src/main/kotlin/com/hwani1103/shiftbell/MainActivity.kt,388,유지(기능 조건/원본 데이터/진단/측정/주석),print/debugPrint/Log 또는 내부 throw의 호출 위치. 제품 실패 표시에서는 외국어 localizedErrorDetail 사용. 기술 로그는 원인 보존.,정적 추적; 실제 기기는 NOT_RUN
android/app/src/main/kotlin/com/hwani1103/shiftbell/MainActivity.kt,538,유지(기능 조건/원본 데이터/진단/측정/주석),print/debugPrint/Log 또는 내부 throw의 호출 위치. 제품 실패 표시에서는 외국어 localizedErrorDetail 사용. 기술 로그는 원인 보존.,정적 추적; 실제 기기는 NOT_RUN
android/app/src/main/kotlin/com/hwani1103/shiftbell/MainActivity.kt,545,유지(기능 조건/원본 데이터/진단/측정/주석),print/debugPrint/Log 또는 내부 throw의 호출 위치. 제품 실패 표시에서는 외국어 localizedErrorDetail 사용. 기술 로그는 원인 보존.,정적 추적; 실제 기기는 NOT_RUN
android/app/src/main/kotlin/com/hwani1103/shiftbell/MainActivity.kt,551,유지(기능 조건/원본 데이터/진단/측정/주석),print/debugPrint/Log 또는 내부 throw의 호출 위치. 제품 실패 표시에서는 외국어 localizedErrorDetail 사용. 기술 로그는 원인 보존.,정적 추적; 실제 기기는 NOT_RUN
android/app/src/main/kotlin/com/hwani1103/shiftbell/MainActivity.kt,566,유지(기능 조건/원본 데이터/진단/측정/주석),print/debugPrint/Log 또는 내부 throw의 호출 위치. 제품 실패 표시에서는 외국어 localizedErrorDetail 사용. 기술 로그는 원인 보존.,정적 추적; 실제 기기는 NOT_RUN
android/app/src/main/kotlin/com/hwani1103/shiftbell/MainActivity.kt,577,유지(기능 조건/원본 데이터/진단/측정/주석),print/debugPrint/Log 또는 내부 throw의 호출 위치. 제품 실패 표시에서는 외국어 localizedErrorDetail 사용. 기술 로그는 원인 보존.,정적 추적; 실제 기기는 NOT_RUN
android/app/src/main/kotlin/com/hwani1103/shiftbell/MainActivity.kt,588,유지(기능 조건/원본 데이터/진단/측정/주석),print/debugPrint/Log 또는 내부 throw의 호출 위치. 제품 실패 표시에서는 외국어 localizedErrorDetail 사용. 기술 로그는 원인 보존.,정적 추적; 실제 기기는 NOT_RUN
android/app/src/main/kotlin/com/hwani1103/shiftbell/MainActivity.kt,743,유지(기능 조건/원본 데이터/진단/측정/주석),print/debugPrint/Log 또는 내부 throw의 호출 위치. 제품 실패 표시에서는 외국어 localizedErrorDetail 사용. 기술 로그는 원인 보존.,정적 추적; 실제 기기는 NOT_RUN
android/app/src/main/kotlin/com/hwani1103/shiftbell/MainActivity.kt,790,유지(기능 조건/원본 데이터/진단/측정/주석),print/debugPrint/Log 또는 내부 throw의 호출 위치. 제품 실패 표시에서는 외국어 localizedErrorDetail 사용. 기술 로그는 원인 보존.,정적 추적; 실제 기기는 NOT_RUN
android/app/src/main/kotlin/com/hwani1103/shiftbell/MainActivity.kt,796,유지(기능 조건/원본 데이터/진단/측정/주석),print/debugPrint/Log 또는 내부 throw의 호출 위치. 제품 실패 표시에서는 외국어 localizedErrorDetail 사용. 기술 로그는 원인 보존.,정적 추적; 실제 기기는 NOT_RUN
android/app/src/main/kotlin/com/hwani1103/shiftbell/MainActivity.kt,855,유지(기능 조건/원본 데이터/진단/측정/주석),print/debugPrint/Log 또는 내부 throw의 호출 위치. 제품 실패 표시에서는 외국어 localizedErrorDetail 사용. 기술 로그는 원인 보존.,정적 추적; 실제 기기는 NOT_RUN
android/app/src/main/kotlin/com/hwani1103/shiftbell/MainActivity.kt,866,유지(기능 조건/원본 데이터/진단/측정/주석),print/debugPrint/Log 또는 내부 throw의 호출 위치. 제품 실패 표시에서는 외국어 localizedErrorDetail 사용. 기술 로그는 원인 보존.,정적 추적; 실제 기기는 NOT_RUN
android/app/src/main/kotlin/com/hwani1103/shiftbell/MainActivity.kt,878,유지(기능 조건/원본 데이터/진단/측정/주석),print/debugPrint/Log 또는 내부 throw의 호출 위치. 제품 실패 표시에서는 외국어 localizedErrorDetail 사용. 기술 로그는 원인 보존.,정적 추적; 실제 기기는 NOT_RUN
android/app/src/main/kotlin/com/hwani1103/shiftbell/MainActivity.kt,884,유지(기능 조건/원본 데이터/진단/측정/주석),print/debugPrint/Log 또는 내부 throw의 호출 위치. 제품 실패 표시에서는 외국어 localizedErrorDetail 사용. 기술 로그는 원인 보존.,정적 추적; 실제 기기는 NOT_RUN
android/app/src/main/kotlin/com/hwani1103/shiftbell/MainActivity.kt,921,유지(기능 조건/원본 데이터/진단/측정/주석),print/debugPrint/Log 또는 내부 throw의 호출 위치. 제품 실패 표시에서는 외국어 localizedErrorDetail 사용. 기술 로그는 원인 보존.,정적 추적; 실제 기기는 NOT_RUN
android/app/src/main/kotlin/com/hwani1103/shiftbell/MainActivity.kt,928,유지(기능 조건/원본 데이터/진단/측정/주석),print/debugPrint/Log 또는 내부 throw의 호출 위치. 제품 실패 표시에서는 외국어 localizedErrorDetail 사용. 기술 로그는 원인 보존.,정적 추적; 실제 기기는 NOT_RUN
android/app/src/main/kotlin/com/hwani1103/shiftbell/MainActivity.kt,932,유지(기능 조건/원본 데이터/진단/측정/주석),print/debugPrint/Log 또는 내부 throw의 호출 위치. 제품 실패 표시에서는 외국어 localizedErrorDetail 사용. 기술 로그는 원인 보존.,정적 추적; 실제 기기는 NOT_RUN
android/app/src/main/kotlin/com/hwani1103/shiftbell/MainActivity.kt,949,유지(기능 조건/원본 데이터/진단/측정/주석),print/debugPrint/Log 또는 내부 throw의 호출 위치. 제품 실패 표시에서는 외국어 localizedErrorDetail 사용. 기술 로그는 원인 보존.,정적 추적; 실제 기기는 NOT_RUN
android/app/src/main/kotlin/com/hwani1103/shiftbell/MainActivity.kt,955,유지(기능 조건/원본 데이터/진단/측정/주석),print/debugPrint/Log 또는 내부 throw의 호출 위치. 제품 실패 표시에서는 외국어 localizedErrorDetail 사용. 기술 로그는 원인 보존.,정적 추적; 실제 기기는 NOT_RUN
android/app/src/main/kotlin/com/hwani1103/shiftbell/MainActivity.kt,962,유지(기능 조건/원본 데이터/진단/측정/주석),print/debugPrint/Log 또는 내부 throw의 호출 위치. 제품 실패 표시에서는 외국어 localizedErrorDetail 사용. 기술 로그는 원인 보존.,정적 추적; 실제 기기는 NOT_RUN
android/app/src/main/kotlin/com/hwani1103/shiftbell/MainActivity.kt,964,유지(기능 조건/원본 데이터/진단/측정/주석),print/debugPrint/Log 또는 내부 throw의 호출 위치. 제품 실패 표시에서는 외국어 localizedErrorDetail 사용. 기술 로그는 원인 보존.,정적 추적; 실제 기기는 NOT_RUN
android/app/src/main/kotlin/com/hwani1103/shiftbell/MainActivity.kt,969,유지(기능 조건/원본 데이터/진단/측정/주석),print/debugPrint/Log 또는 내부 throw의 호출 위치. 제품 실패 표시에서는 외국어 localizedErrorDetail 사용. 기술 로그는 원인 보존.,정적 추적; 실제 기기는 NOT_RUN
android/app/src/main/kotlin/com/hwani1103/shiftbell/MainActivity.kt,976,유지(기능 조건/원본 데이터/진단/측정/주석),print/debugPrint/Log 또는 내부 throw의 호출 위치. 제품 실패 표시에서는 외국어 localizedErrorDetail 사용. 기술 로그는 원인 보존.,정적 추적; 실제 기기는 NOT_RUN
android/app/src/main/kotlin/com/hwani1103/shiftbell/MainActivity.kt,986,유지(기능 조건/원본 데이터/진단/측정/주석),print/debugPrint/Log 또는 내부 throw의 호출 위치. 제품 실패 표시에서는 외국어 localizedErrorDetail 사용. 기술 로그는 원인 보존.,정적 추적; 실제 기기는 NOT_RUN
android/app/src/main/kotlin/com/hwani1103/shiftbell/MainActivity.kt,992,유지(기능 조건/원본 데이터/진단/측정/주석),print/debugPrint/Log 또는 내부 throw의 호출 위치. 제품 실패 표시에서는 외국어 localizedErrorDetail 사용. 기술 로그는 원인 보존.,정적 추적; 실제 기기는 NOT_RUN
android/app/src/main/kotlin/com/hwani1103/shiftbell/MainActivity.kt,996,유지(기능 조건/원본 데이터/진단/측정/주석),print/debugPrint/Log 또는 내부 throw의 호출 위치. 제품 실패 표시에서는 외국어 localizedErrorDetail 사용. 기술 로그는 원인 보존.,정적 추적; 실제 기기는 NOT_RUN
android/app/src/main/kotlin/com/hwani1103/shiftbell/MainActivity.kt,1037,유지(기능 조건/원본 데이터/진단/측정/주석),print/debugPrint/Log 또는 내부 throw의 호출 위치. 제품 실패 표시에서는 외국어 localizedErrorDetail 사용. 기술 로그는 원인 보존.,정적 추적; 실제 기기는 NOT_RUN
android/app/src/main/kotlin/com/hwani1103/shiftbell/MainActivity.kt,1045,유지(기능 조건/원본 데이터/진단/측정/주석),print/debugPrint/Log 또는 내부 throw의 호출 위치. 제품 실패 표시에서는 외국어 localizedErrorDetail 사용. 기술 로그는 원인 보존.,정적 추적; 실제 기기는 NOT_RUN
android/app/src/main/kotlin/com/hwani1103/shiftbell/MainActivity.kt,1053,유지(기능 조건/원본 데이터/진단/측정/주석),print/debugPrint/Log 또는 내부 throw의 호출 위치. 제품 실패 표시에서는 외국어 localizedErrorDetail 사용. 기술 로그는 원인 보존.,정적 추적; 실제 기기는 NOT_RUN
android/app/src/main/kotlin/com/hwani1103/shiftbell/MainActivity.kt,1056,유지(기능 조건/원본 데이터/진단/측정/주석),print/debugPrint/Log 또는 내부 throw의 호출 위치. 제품 실패 표시에서는 외국어 localizedErrorDetail 사용. 기술 로그는 원인 보존.,정적 추적; 실제 기기는 NOT_RUN
android/app/src/main/kotlin/com/hwani1103/shiftbell/MainActivity.kt,1060,유지(기능 조건/원본 데이터/진단/측정/주석),print/debugPrint/Log 또는 내부 throw의 호출 위치. 제품 실패 표시에서는 외국어 localizedErrorDetail 사용. 기술 로그는 원인 보존.,정적 추적; 실제 기기는 NOT_RUN
android/app/src/main/kotlin/com/hwani1103/shiftbell/MainActivity.kt,1112,유지(기능 조건/원본 데이터/진단/측정/주석),print/debugPrint/Log 또는 내부 throw의 호출 위치. 제품 실패 표시에서는 외국어 localizedErrorDetail 사용. 기술 로그는 원인 보존.,정적 추적; 실제 기기는 NOT_RUN
android/app/src/main/kotlin/com/hwani1103/shiftbell/MainActivity.kt,1123,유지(기능 조건/원본 데이터/진단/측정/주석),print/debugPrint/Log 또는 내부 throw의 호출 위치. 제품 실패 표시에서는 외국어 localizedErrorDetail 사용. 기술 로그는 원인 보존.,정적 추적; 실제 기기는 NOT_RUN
android/app/src/main/kotlin/com/hwani1103/shiftbell/MainActivity.kt,1148,유지(기능 조건/원본 데이터/진단/측정/주석),print/debugPrint/Log 또는 내부 throw의 호출 위치. 제품 실패 표시에서는 외국어 localizedErrorDetail 사용. 기술 로그는 원인 보존.,정적 추적; 실제 기기는 NOT_RUN
android/app/src/main/kotlin/com/hwani1103/shiftbell/MainActivity.kt,1151,유지(기능 조건/원본 데이터/진단/측정/주석),print/debugPrint/Log 또는 내부 throw의 호출 위치. 제품 실패 표시에서는 외국어 localizedErrorDetail 사용. 기술 로그는 원인 보존.,정적 추적; 실제 기기는 NOT_RUN
android/app/src/main/kotlin/com/hwani1103/shiftbell/MainActivity.kt,1194,유지(기능 조건/원본 데이터/진단/측정/주석),print/debugPrint/Log 또는 내부 throw의 호출 위치. 제품 실패 표시에서는 외국어 localizedErrorDetail 사용. 기술 로그는 원인 보존.,정적 추적; 실제 기기는 NOT_RUN
android/app/src/main/kotlin/com/hwani1103/shiftbell/MainActivity.kt,1211,유지(기능 조건/원본 데이터/진단/측정/주석),print/debugPrint/Log 또는 내부 throw의 호출 위치. 제품 실패 표시에서는 외국어 localizedErrorDetail 사용. 기술 로그는 원인 보존.,정적 추적; 실제 기기는 NOT_RUN
android/app/src/main/kotlin/com/hwani1103/shiftbell/MainActivity.kt,1220,유지(기능 조건/원본 데이터/진단/측정/주석),print/debugPrint/Log 또는 내부 throw의 호출 위치. 제품 실패 표시에서는 외국어 localizedErrorDetail 사용. 기술 로그는 원인 보존.,정적 추적; 실제 기기는 NOT_RUN
android/app/src/main/kotlin/com/hwani1103/shiftbell/MainActivity.kt,1251,유지(기능 조건/원본 데이터/진단/측정/주석),print/debugPrint/Log 또는 내부 throw의 호출 위치. 제품 실패 표시에서는 외국어 localizedErrorDetail 사용. 기술 로그는 원인 보존.,정적 추적; 실제 기기는 NOT_RUN
android/app/src/main/kotlin/com/hwani1103/shiftbell/MainActivity.kt,1265,유지(기능 조건/원본 데이터/진단/측정/주석),print/debugPrint/Log 또는 내부 throw의 호출 위치. 제품 실패 표시에서는 외국어 localizedErrorDetail 사용. 기술 로그는 원인 보존.,정적 추적; 실제 기기는 NOT_RUN
android/app/src/main/kotlin/com/hwani1103/shiftbell/MainActivity.kt,1291,유지(기능 조건/원본 데이터/진단/측정/주석),print/debugPrint/Log 또는 내부 throw의 호출 위치. 제품 실패 표시에서는 외국어 localizedErrorDetail 사용. 기술 로그는 원인 보존.,정적 추적; 실제 기기는 NOT_RUN
android/app/src/main/kotlin/com/hwani1103/shiftbell/MainActivity.kt,1321,유지(기능 조건/원본 데이터/진단/측정/주석),print/debugPrint/Log 또는 내부 throw의 호출 위치. 제품 실패 표시에서는 외국어 localizedErrorDetail 사용. 기술 로그는 원인 보존.,정적 추적; 실제 기기는 NOT_RUN
android/app/src/main/kotlin/com/hwani1103/shiftbell/MainActivity.kt,1324,유지(기능 조건/원본 데이터/진단/측정/주석),print/debugPrint/Log 또는 내부 throw의 호출 위치. 제품 실패 표시에서는 외국어 localizedErrorDetail 사용. 기술 로그는 원인 보존.,정적 추적; 실제 기기는 NOT_RUN
android/app/src/main/kotlin/com/hwani1103/shiftbell/MainActivity.kt,1337,유지(기능 조건/원본 데이터/진단/측정/주석),print/debugPrint/Log 또는 내부 throw의 호출 위치. 제품 실패 표시에서는 외국어 localizedErrorDetail 사용. 기술 로그는 원인 보존.,정적 추적; 실제 기기는 NOT_RUN
android/app/src/main/kotlin/com/hwani1103/shiftbell/MainActivity.kt,1353,유지(기능 조건/원본 데이터/진단/측정/주석),print/debugPrint/Log 또는 내부 throw의 호출 위치. 제품 실패 표시에서는 외국어 localizedErrorDetail 사용. 기술 로그는 원인 보존.,정적 추적; 실제 기기는 NOT_RUN
android/app/src/main/kotlin/com/hwani1103/shiftbell/MainActivity.kt,1361,유지(기능 조건/원본 데이터/진단/측정/주석),print/debugPrint/Log 또는 내부 throw의 호출 위치. 제품 실패 표시에서는 외국어 localizedErrorDetail 사용. 기술 로그는 원인 보존.,정적 추적; 실제 기기는 NOT_RUN
android/app/src/main/kotlin/com/hwani1103/shiftbell/MainActivity.kt,1369,유지(기능 조건/원본 데이터/진단/측정/주석),print/debugPrint/Log 또는 내부 throw의 호출 위치. 제품 실패 표시에서는 외국어 localizedErrorDetail 사용. 기술 로그는 원인 보존.,정적 추적; 실제 기기는 NOT_RUN
android/app/src/main/kotlin/com/hwani1103/shiftbell/NotificationHelper.kt,85,유지(기능 조건/원본 데이터/진단/측정/주석),주석 내 인용 문자열/emoji 또는 저장 sentinel·내부 식별자/검증 예외. 소비는 날짜/알람·근무 계산/위젯 색 판단이며 실제 안내는 common l10n/R.string. 사용자 데이터·진단 계약 보존.,정적 추적; 실제 기기는 NOT_RUN
android/app/src/main/kotlin/com/hwani1103/shiftbell/NotificationHelper.kt,93,유지(기능 조건/원본 데이터/진단/측정/주석),주석 내 인용 문자열/emoji 또는 저장 sentinel·내부 식별자/검증 예외. 소비는 날짜/알람·근무 계산/위젯 색 판단이며 실제 안내는 common l10n/R.string. 사용자 데이터·진단 계약 보존.,정적 추적; 실제 기기는 NOT_RUN
android/app/src/main/kotlin/com/hwani1103/shiftbell/NotificationHelper.kt,100,유지(기능 조건/원본 데이터/진단/측정/주석),주석 내 인용 문자열/emoji 또는 저장 sentinel·내부 식별자/검증 예외. 소비는 날짜/알람·근무 계산/위젯 색 판단이며 실제 안내는 common l10n/R.string. 사용자 데이터·진단 계약 보존.,정적 추적; 실제 기기는 NOT_RUN
android/app/src/main/kotlin/com/hwani1103/shiftbell/NotificationHelper.kt,127,유지(기능 조건/원본 데이터/진단/측정/주석),주석 내 인용 문자열/emoji 또는 저장 sentinel·내부 식별자/검증 예외. 소비는 날짜/알람·근무 계산/위젯 색 판단이며 실제 안내는 common l10n/R.string. 사용자 데이터·진단 계약 보존.,정적 추적; 실제 기기는 NOT_RUN
android/app/src/main/kotlin/com/hwani1103/shiftbell/NotificationHelper.kt,131,유지(기능 조건/원본 데이터/진단/측정/주석),주석 내 인용 문자열/emoji 또는 저장 sentinel·내부 식별자/검증 예외. 소비는 날짜/알람·근무 계산/위젯 색 판단이며 실제 안내는 common l10n/R.string. 사용자 데이터·진단 계약 보존.,정적 추적; 실제 기기는 NOT_RUN
android/app/src/main/kotlin/com/hwani1103/shiftbell/NotificationHelper.kt,134,유지(기능 조건/원본 데이터/진단/측정/주석),주석 내 인용 문자열/emoji 또는 저장 sentinel·내부 식별자/검증 예외. 소비는 날짜/알람·근무 계산/위젯 색 판단이며 실제 안내는 common l10n/R.string. 사용자 데이터·진단 계약 보존.,정적 추적; 실제 기기는 NOT_RUN
android/app/src/main/kotlin/com/hwani1103/shiftbell/NotificationHelper.kt,141,유지(기능 조건/원본 데이터/진단/측정/주석),주석 내 인용 문자열/emoji 또는 저장 sentinel·내부 식별자/검증 예외. 소비는 날짜/알람·근무 계산/위젯 색 판단이며 실제 안내는 common l10n/R.string. 사용자 데이터·진단 계약 보존.,정적 추적; 실제 기기는 NOT_RUN
android/app/src/main/kotlin/com/hwani1103/shiftbell/NotificationHelper.kt,157,유지(기능 조건/원본 데이터/진단/측정/주석),주석 내 인용 문자열/emoji 또는 저장 sentinel·내부 식별자/검증 예외. 소비는 날짜/알람·근무 계산/위젯 색 판단이며 실제 안내는 common l10n/R.string. 사용자 데이터·진단 계약 보존.,정적 추적; 실제 기기는 NOT_RUN
android/app/src/main/kotlin/com/hwani1103/shiftbell/NotificationHelper.kt,159,유지(기능 조건/원본 데이터/진단/측정/주석),주석 내 인용 문자열/emoji 또는 저장 sentinel·내부 식별자/검증 예외. 소비는 날짜/알람·근무 계산/위젯 색 판단이며 실제 안내는 common l10n/R.string. 사용자 데이터·진단 계약 보존.,정적 추적; 실제 기기는 NOT_RUN
android/app/src/main/kotlin/com/hwani1103/shiftbell/NotificationHelper.kt,228,유지(기능 조건/원본 데이터/진단/측정/주석),주석 내 인용 문자열/emoji 또는 저장 sentinel·내부 식별자/검증 예외. 소비는 날짜/알람·근무 계산/위젯 색 판단이며 실제 안내는 common l10n/R.string. 사용자 데이터·진단 계약 보존.,정적 추적; 실제 기기는 NOT_RUN
android/app/src/main/kotlin/com/hwani1103/shiftbell/NotificationHelper.kt,238,유지(기능 조건/원본 데이터/진단/측정/주석),주석 내 인용 문자열/emoji 또는 저장 sentinel·내부 식별자/검증 예외. 소비는 날짜/알람·근무 계산/위젯 색 판단이며 실제 안내는 common l10n/R.string. 사용자 데이터·진단 계약 보존.,정적 추적; 실제 기기는 NOT_RUN
android/app/src/main/kotlin/com/hwani1103/shiftbell/NotificationHelper.kt,241,유지(기능 조건/원본 데이터/진단/측정/주석),주석 내 인용 문자열/emoji 또는 저장 sentinel·내부 식별자/검증 예외. 소비는 날짜/알람·근무 계산/위젯 색 판단이며 실제 안내는 common l10n/R.string. 사용자 데이터·진단 계약 보존.,정적 추적; 실제 기기는 NOT_RUN
android/app/src/main/kotlin/com/hwani1103/shiftbell/NotificationHelper.kt,269,유지(기능 조건/원본 데이터/진단/측정/주석),주석 내 인용 문자열/emoji 또는 저장 sentinel·내부 식별자/검증 예외. 소비는 날짜/알람·근무 계산/위젯 색 판단이며 실제 안내는 common l10n/R.string. 사용자 데이터·진단 계약 보존.,정적 추적; 실제 기기는 NOT_RUN
android/app/src/main/kotlin/com/hwani1103/shiftbell/RefreshLockManager.kt,48,유지(기능 조건/원본 데이터/진단/측정/주석),print/debugPrint/Log 또는 내부 throw의 호출 위치. 제품 실패 표시에서는 외국어 localizedErrorDetail 사용. 기술 로그는 원인 보존.,정적 추적; 실제 기기는 NOT_RUN
android/app/src/main/kotlin/com/hwani1103/shiftbell/RefreshLockManager.kt,57,유지(기능 조건/원본 데이터/진단/측정/주석),print/debugPrint/Log 또는 내부 throw의 호출 위치. 제품 실패 표시에서는 외국어 localizedErrorDetail 사용. 기술 로그는 원인 보존.,정적 추적; 실제 기기는 NOT_RUN
android/app/src/main/kotlin/com/hwani1103/shiftbell/RefreshLockManager.kt,66,유지(기능 조건/원본 데이터/진단/측정/주석),print/debugPrint/Log 또는 내부 throw의 호출 위치. 제품 실패 표시에서는 외국어 localizedErrorDetail 사용. 기술 로그는 원인 보존.,정적 추적; 실제 기기는 NOT_RUN
android/app/src/main/kotlin/com/hwani1103/shiftbell/RefreshLockManager.kt,73,유지(기능 조건/원본 데이터/진단/측정/주석),print/debugPrint/Log 또는 내부 throw의 호출 위치. 제품 실패 표시에서는 외국어 localizedErrorDetail 사용. 기술 로그는 원인 보존.,정적 추적; 실제 기기는 NOT_RUN
android/app/src/main/kotlin/com/hwani1103/shiftbell/RefreshLockManager.kt,83,유지(기능 조건/원본 데이터/진단/측정/주석),print/debugPrint/Log 또는 내부 throw의 호출 위치. 제품 실패 표시에서는 외국어 localizedErrorDetail 사용. 기술 로그는 원인 보존.,정적 추적; 실제 기기는 NOT_RUN
android/app/src/main/kotlin/com/hwani1103/shiftbell/RestoreGate.kt,55,유지(기능 조건/원본 데이터/진단/측정/주석),print/debugPrint/Log 또는 내부 throw의 호출 위치. 제품 실패 표시에서는 외국어 localizedErrorDetail 사용. 기술 로그는 원인 보존.,정적 추적; 실제 기기는 NOT_RUN
android/app/src/main/kotlin/com/hwani1103/shiftbell/RestoreGate.kt,59,유지(기능 조건/원본 데이터/진단/측정/주석),print/debugPrint/Log 또는 내부 throw의 호출 위치. 제품 실패 표시에서는 외국어 localizedErrorDetail 사용. 기술 로그는 원인 보존.,정적 추적; 실제 기기는 NOT_RUN
android/app/src/main/kotlin/com/hwani1103/shiftbell/RestoreGate.kt,63,유지(기능 조건/원본 데이터/진단/측정/주석),print/debugPrint/Log 또는 내부 throw의 호출 위치. 제품 실패 표시에서는 외국어 localizedErrorDetail 사용. 기술 로그는 원인 보존.,정적 추적; 실제 기기는 NOT_RUN
android/app/src/main/kotlin/com/hwani1103/shiftbell/RestoreGate.kt,73,유지(기능 조건/원본 데이터/진단/측정/주석),print/debugPrint/Log 또는 내부 throw의 호출 위치. 제품 실패 표시에서는 외국어 localizedErrorDetail 사용. 기술 로그는 원인 보존.,정적 추적; 실제 기기는 NOT_RUN
android/app/src/main/kotlin/com/hwani1103/shiftbell/RestoreGate.kt,92,유지(기능 조건/원본 데이터/진단/측정/주석),print/debugPrint/Log 또는 내부 throw의 호출 위치. 제품 실패 표시에서는 외국어 localizedErrorDetail 사용. 기술 로그는 원인 보존.,정적 추적; 실제 기기는 NOT_RUN
android/app/src/main/kotlin/com/hwani1103/shiftbell/RestoreGate.kt,96,유지(기능 조건/원본 데이터/진단/측정/주석),print/debugPrint/Log 또는 내부 throw의 호출 위치. 제품 실패 표시에서는 외국어 localizedErrorDetail 사용. 기술 로그는 원인 보존.,정적 추적; 실제 기기는 NOT_RUN
android/app/src/main/kotlin/com/hwani1103/shiftbell/RestoreGate.kt,141,유지(기능 조건/원본 데이터/진단/측정/주석),print/debugPrint/Log 또는 내부 throw의 호출 위치. 제품 실패 표시에서는 외국어 localizedErrorDetail 사용. 기술 로그는 원인 보존.,정적 추적; 실제 기기는 NOT_RUN
android/app/src/main/kotlin/com/hwani1103/shiftbell/RestoreGate.kt,171,유지(기능 조건/원본 데이터/진단/측정/주석),print/debugPrint/Log 또는 내부 throw의 호출 위치. 제품 실패 표시에서는 외국어 localizedErrorDetail 사용. 기술 로그는 원인 보존.,정적 추적; 실제 기기는 NOT_RUN
android/app/src/main/kotlin/com/hwani1103/shiftbell/RestoreGate.kt,189,유지(기능 조건/원본 데이터/진단/측정/주석),print/debugPrint/Log 또는 내부 throw의 호출 위치. 제품 실패 표시에서는 외국어 localizedErrorDetail 사용. 기술 로그는 원인 보존.,정적 추적; 실제 기기는 NOT_RUN
android/app/src/main/kotlin/com/hwani1103/shiftbell/RestoreOs.kt,80,유지(기능 조건/원본 데이터/진단/측정/주석),print/debugPrint/Log 또는 내부 throw의 호출 위치. 제품 실패 표시에서는 외국어 localizedErrorDetail 사용. 기술 로그는 원인 보존.,정적 추적; 실제 기기는 NOT_RUN
android/app/src/main/kotlin/com/hwani1103/shiftbell/RestoreOs.kt,98,유지(기능 조건/원본 데이터/진단/측정/주석),print/debugPrint/Log 또는 내부 throw의 호출 위치. 제품 실패 표시에서는 외국어 localizedErrorDetail 사용. 기술 로그는 원인 보존.,정적 추적; 실제 기기는 NOT_RUN
android/app/src/main/kotlin/com/hwani1103/shiftbell/RestoreOs.kt,114,유지(기능 조건/원본 데이터/진단/측정/주석),print/debugPrint/Log 또는 내부 throw의 호출 위치. 제품 실패 표시에서는 외국어 localizedErrorDetail 사용. 기술 로그는 원인 보존.,정적 추적; 실제 기기는 NOT_RUN
android/app/src/main/kotlin/com/hwani1103/shiftbell/RestoreOs.kt,139,유지(기능 조건/원본 데이터/진단/측정/주석),print/debugPrint/Log 또는 내부 throw의 호출 위치. 제품 실패 표시에서는 외국어 localizedErrorDetail 사용. 기술 로그는 원인 보존.,정적 추적; 실제 기기는 NOT_RUN
android/app/src/main/kotlin/com/hwani1103/shiftbell/RestoreOs.kt,153,유지(기능 조건/원본 데이터/진단/측정/주석),print/debugPrint/Log 또는 내부 throw의 호출 위치. 제품 실패 표시에서는 외국어 localizedErrorDetail 사용. 기술 로그는 원인 보존.,정적 추적; 실제 기기는 NOT_RUN
android/app/src/main/kotlin/com/hwani1103/shiftbell/RingingAlarmTracker.kt,109,유지(기능 조건/원본 데이터/진단/측정/주석),print/debugPrint/Log 또는 내부 throw의 호출 위치. 제품 실패 표시에서는 외국어 localizedErrorDetail 사용. 기술 로그는 원인 보존.,정적 추적; 실제 기기는 NOT_RUN
android/app/src/main/kotlin/com/hwani1103/shiftbell/RingingAlarmTracker.kt,114,유지(기능 조건/원본 데이터/진단/측정/주석),print/debugPrint/Log 또는 내부 throw의 호출 위치. 제품 실패 표시에서는 외국어 localizedErrorDetail 사용. 기술 로그는 원인 보존.,정적 추적; 실제 기기는 NOT_RUN
android/app/src/main/kotlin/com/hwani1103/shiftbell/RingingAlarmTracker.kt,151,유지(기능 조건/원본 데이터/진단/측정/주석),print/debugPrint/Log 또는 내부 throw의 호출 위치. 제품 실패 표시에서는 외국어 localizedErrorDetail 사용. 기술 로그는 원인 보존.,정적 추적; 실제 기기는 NOT_RUN
android/app/src/main/kotlin/com/hwani1103/shiftbell/ScheduleNotificationReceiver.kt,66,유지(기능 조건/원본 데이터/진단/측정/주석),개인 일정 receiver 시작에서 ReleaseLocalePolicy.koreanFeatures 조건으로 return. channel 설명은 해당 ko 기능 전용. 공통 외국어 채널 설명이 아님.,정적 추적; 실제 기기는 NOT_RUN
android/app/src/main/kotlin/com/hwani1103/shiftbell/ScheduleNotificationReceiver.kt,76,유지(기능 조건/원본 데이터/진단/측정/주석),개인 일정 receiver 시작에서 ReleaseLocalePolicy.koreanFeatures 조건으로 return. channel 설명은 해당 ko 기능 전용. 공통 외국어 채널 설명이 아님.,정적 추적; 실제 기기는 NOT_RUN
android/app/src/main/kotlin/com/hwani1103/shiftbell/ScheduleNotificationReceiver.kt,112,유지(기능 조건/원본 데이터/진단/측정/주석),개인 일정 receiver 시작에서 ReleaseLocalePolicy.koreanFeatures 조건으로 return. channel 설명은 해당 ko 기능 전용. 공통 외국어 채널 설명이 아님.,정적 추적; 실제 기기는 NOT_RUN
android/app/src/main/kotlin/com/hwani1103/shiftbell/ScheduleNotificationReceiver.kt,146,유지(기능 조건/원본 데이터/진단/측정/주석),개인 일정 receiver 시작에서 ReleaseLocalePolicy.koreanFeatures 조건으로 return. channel 설명은 해당 ko 기능 전용. 공통 외국어 채널 설명이 아님.,정적 추적; 실제 기기는 NOT_RUN
android/app/src/main/kotlin/com/hwani1103/shiftbell/ScheduleNotificationScheduler.kt,97,유지(기능 조건/원본 데이터/진단/측정/주석),print/debugPrint/Log 또는 내부 throw의 호출 위치. 제품 실패 표시에서는 외국어 localizedErrorDetail 사용. 기술 로그는 원인 보존.,정적 추적; 실제 기기는 NOT_RUN
android/app/src/main/kotlin/com/hwani1103/shiftbell/ScheduleNotificationScheduler.kt,112,유지(기능 조건/원본 데이터/진단/측정/주석),print/debugPrint/Log 또는 내부 throw의 호출 위치. 제품 실패 표시에서는 외국어 localizedErrorDetail 사용. 기술 로그는 원인 보존.,정적 추적; 실제 기기는 NOT_RUN
android/app/src/main/kotlin/com/hwani1103/shiftbell/ScheduleNotificationScheduler.kt,118,유지(기능 조건/원본 데이터/진단/측정/주석),print/debugPrint/Log 또는 내부 throw의 호출 위치. 제품 실패 표시에서는 외국어 localizedErrorDetail 사용. 기술 로그는 원인 보존.,정적 추적; 실제 기기는 NOT_RUN
android/app/src/main/kotlin/com/hwani1103/shiftbell/ScheduleNotificationScheduler.kt,139,유지(기능 조건/원본 데이터/진단/측정/주석),print/debugPrint/Log 또는 내부 throw의 호출 위치. 제품 실패 표시에서는 외국어 localizedErrorDetail 사용. 기술 로그는 원인 보존.,정적 추적; 실제 기기는 NOT_RUN
android/app/src/main/kotlin/com/hwani1103/shiftbell/ScheduleNotificationScheduler.kt,141,유지(기능 조건/원본 데이터/진단/측정/주석),print/debugPrint/Log 또는 내부 throw의 호출 위치. 제품 실패 표시에서는 외국어 localizedErrorDetail 사용. 기술 로그는 원인 보존.,정적 추적; 실제 기기는 NOT_RUN
android/app/src/main/kotlin/com/hwani1103/shiftbell/ScheduleNotificationScheduler.kt,157,유지(기능 조건/원본 데이터/진단/측정/주석),print/debugPrint/Log 또는 내부 throw의 호출 위치. 제품 실패 표시에서는 외국어 localizedErrorDetail 사용. 기술 로그는 원인 보존.,정적 추적; 실제 기기는 NOT_RUN
android/app/src/main/kotlin/com/hwani1103/shiftbell/ScheduleNotificationScheduler.kt,168,유지(기능 조건/원본 데이터/진단/측정/주석),print/debugPrint/Log 또는 내부 throw의 호출 위치. 제품 실패 표시에서는 외국어 localizedErrorDetail 사용. 기술 로그는 원인 보존.,정적 추적; 실제 기기는 NOT_RUN
android/app/src/main/kotlin/com/hwani1103/shiftbell/ScheduleNotificationScheduler.kt,209,유지(기능 조건/원본 데이터/진단/측정/주석),print/debugPrint/Log 또는 내부 throw의 호출 위치. 제품 실패 표시에서는 외국어 localizedErrorDetail 사용. 기술 로그는 원인 보존.,정적 추적; 실제 기기는 NOT_RUN
android/app/src/main/kotlin/com/hwani1103/shiftbell/ScheduleNotificationScheduler.kt,212,유지(기능 조건/원본 데이터/진단/측정/주석),print/debugPrint/Log 또는 내부 throw의 호출 위치. 제품 실패 표시에서는 외국어 localizedErrorDetail 사용. 기술 로그는 원인 보존.,정적 추적; 실제 기기는 NOT_RUN
android/app/src/main/kotlin/com/hwani1103/shiftbell/ScheduleNotificationScheduler.kt,233,유지(기능 조건/원본 데이터/진단/측정/주석),print/debugPrint/Log 또는 내부 throw의 호출 위치. 제품 실패 표시에서는 외국어 localizedErrorDetail 사용. 기술 로그는 원인 보존.,정적 추적; 실제 기기는 NOT_RUN
android/app/src/main/kotlin/com/hwani1103/shiftbell/ScheduleNotificationScheduler.kt,246,유지(기능 조건/원본 데이터/진단/측정/주석),print/debugPrint/Log 또는 내부 throw의 호출 위치. 제품 실패 표시에서는 외국어 localizedErrorDetail 사용. 기술 로그는 원인 보존.,정적 추적; 실제 기기는 NOT_RUN
android/app/src/main/kotlin/com/hwani1103/shiftbell/ScheduleNotificationScheduler.kt,248,유지(기능 조건/원본 데이터/진단/측정/주석),print/debugPrint/Log 또는 내부 throw의 호출 위치. 제품 실패 표시에서는 외국어 localizedErrorDetail 사용. 기술 로그는 원인 보존.,정적 추적; 실제 기기는 NOT_RUN
android/app/src/main/kotlin/com/hwani1103/shiftbell/ScheduleNotificationScheduler.kt,262,유지(기능 조건/원본 데이터/진단/측정/주석),print/debugPrint/Log 또는 내부 throw의 호출 위치. 제품 실패 표시에서는 외국어 localizedErrorDetail 사용. 기술 로그는 원인 보존.,정적 추적; 실제 기기는 NOT_RUN
android/app/src/main/kotlin/com/hwani1103/shiftbell/ScheduleNotificationScheduler.kt,283,유지(기능 조건/원본 데이터/진단/측정/주석),print/debugPrint/Log 또는 내부 throw의 호출 위치. 제품 실패 표시에서는 외국어 localizedErrorDetail 사용. 기술 로그는 원인 보존.,정적 추적; 실제 기기는 NOT_RUN
android/app/src/main/kotlin/com/hwani1103/shiftbell/ScheduleNotificationScheduler.kt,289,유지(기능 조건/원본 데이터/진단/측정/주석),print/debugPrint/Log 또는 내부 throw의 호출 위치. 제품 실패 표시에서는 외국어 localizedErrorDetail 사용. 기술 로그는 원인 보존.,정적 추적; 실제 기기는 NOT_RUN
android/app/src/main/kotlin/com/hwani1103/shiftbell/ScheduleNotificationScheduler.kt,298,유지(기능 조건/원본 데이터/진단/측정/주석),print/debugPrint/Log 또는 내부 throw의 호출 위치. 제품 실패 표시에서는 외국어 localizedErrorDetail 사용. 기술 로그는 원인 보존.,정적 추적; 실제 기기는 NOT_RUN
android/app/src/main/kotlin/com/hwani1103/shiftbell/ScheduleNotificationScheduler.kt,302,유지(기능 조건/원본 데이터/진단/측정/주석),print/debugPrint/Log 또는 내부 throw의 호출 위치. 제품 실패 표시에서는 외국어 localizedErrorDetail 사용. 기술 로그는 원인 보존.,정적 추적; 실제 기기는 NOT_RUN
android/app/src/main/kotlin/com/hwani1103/shiftbell/ScheduleNotificationScheduler.kt,314,유지(기능 조건/원본 데이터/진단/측정/주석),print/debugPrint/Log 또는 내부 throw의 호출 위치. 제품 실패 표시에서는 외국어 localizedErrorDetail 사용. 기술 로그는 원인 보존.,정적 추적; 실제 기기는 NOT_RUN
android/app/src/main/kotlin/com/hwani1103/shiftbell/ScheduleNotificationScheduler.kt,317,유지(기능 조건/원본 데이터/진단/측정/주석),print/debugPrint/Log 또는 내부 throw의 호출 위치. 제품 실패 표시에서는 외국어 localizedErrorDetail 사용. 기술 로그는 원인 보존.,정적 추적; 실제 기기는 NOT_RUN
android/app/src/main/kotlin/com/hwani1103/shiftbell/ScheduleNotificationScheduler.kt,345,유지(기능 조건/원본 데이터/진단/측정/주석),print/debugPrint/Log 또는 내부 throw의 호출 위치. 제품 실패 표시에서는 외국어 localizedErrorDetail 사용. 기술 로그는 원인 보존.,정적 추적; 실제 기기는 NOT_RUN
android/app/src/main/kotlin/com/hwani1103/shiftbell/SleepDetectionReceiver.kt,82,유지(기능 조건/원본 데이터/진단/측정/주석),F01/F02/F04의 한국어 기능 진입·수신 조건에 종속하는 copy/엔진 데이터/내부 로그. 신규 외국어는 해당 UI를 생성하지 않음; KO 사용자 데이터·도메인 단어 유지.,정적 추적; 실제 기기는 NOT_RUN
android/app/src/main/kotlin/com/hwani1103/shiftbell/SleepDetectionReceiver.kt,94,유지(기능 조건/원본 데이터/진단/측정/주석),F01/F02/F04의 한국어 기능 진입·수신 조건에 종속하는 copy/엔진 데이터/내부 로그. 신규 외국어는 해당 UI를 생성하지 않음; KO 사용자 데이터·도메인 단어 유지.,정적 추적; 실제 기기는 NOT_RUN
android/app/src/main/kotlin/com/hwani1103/shiftbell/SleepDetectionReceiver.kt,159,유지(기능 조건/원본 데이터/진단/측정/주석),F01/F02/F04의 한국어 기능 진입·수신 조건에 종속하는 copy/엔진 데이터/내부 로그. 신규 외국어는 해당 UI를 생성하지 않음; KO 사용자 데이터·도메인 단어 유지.,정적 추적; 실제 기기는 NOT_RUN
android/app/src/main/kotlin/com/hwani1103/shiftbell/SleepDetectionReceiver.kt,172,유지(기능 조건/원본 데이터/진단/측정/주석),F01/F02/F04의 한국어 기능 진입·수신 조건에 종속하는 copy/엔진 데이터/내부 로그. 신규 외국어는 해당 UI를 생성하지 않음; KO 사용자 데이터·도메인 단어 유지.,정적 추적; 실제 기기는 NOT_RUN
android/app/src/main/kotlin/com/hwani1103/shiftbell/SleepDetectionReceiver.kt,192,유지(기능 조건/원본 데이터/진단/측정/주석),F01/F02/F04의 한국어 기능 진입·수신 조건에 종속하는 copy/엔진 데이터/내부 로그. 신규 외국어는 해당 UI를 생성하지 않음; KO 사용자 데이터·도메인 단어 유지.,정적 추적; 실제 기기는 NOT_RUN
android/app/src/main/kotlin/com/hwani1103/shiftbell/SleepDetectionReceiver.kt,212,유지(기능 조건/원본 데이터/진단/측정/주석),F01/F02/F04의 한국어 기능 진입·수신 조건에 종속하는 copy/엔진 데이터/내부 로그. 신규 외국어는 해당 UI를 생성하지 않음; KO 사용자 데이터·도메인 단어 유지.,정적 추적; 실제 기기는 NOT_RUN
android/app/src/main/kotlin/com/hwani1103/shiftbell/SleepDetectionReceiver.kt,219,유지(기능 조건/원본 데이터/진단/측정/주석),F01/F02/F04의 한국어 기능 진입·수신 조건에 종속하는 copy/엔진 데이터/내부 로그. 신규 외국어는 해당 UI를 생성하지 않음; KO 사용자 데이터·도메인 단어 유지.,정적 추적; 실제 기기는 NOT_RUN
android/app/src/main/kotlin/com/hwani1103/shiftbell/SleepDetectionReceiver.kt,252,유지(기능 조건/원본 데이터/진단/측정/주석),F01/F02/F04의 한국어 기능 진입·수신 조건에 종속하는 copy/엔진 데이터/내부 로그. 신규 외국어는 해당 UI를 생성하지 않음; KO 사용자 데이터·도메인 단어 유지.,정적 추적; 실제 기기는 NOT_RUN
android/app/src/main/kotlin/com/hwani1103/shiftbell/SleepDetectionReceiver.kt,259,유지(기능 조건/원본 데이터/진단/측정/주석),F01/F02/F04의 한국어 기능 진입·수신 조건에 종속하는 copy/엔진 데이터/내부 로그. 신규 외국어는 해당 UI를 생성하지 않음; KO 사용자 데이터·도메인 단어 유지.,정적 추적; 실제 기기는 NOT_RUN
android/app/src/main/kotlin/com/hwani1103/shiftbell/SleepDetectionReceiver.kt,275,유지(기능 조건/원본 데이터/진단/측정/주석),F01/F02/F04의 한국어 기능 진입·수신 조건에 종속하는 copy/엔진 데이터/내부 로그. 신규 외국어는 해당 UI를 생성하지 않음; KO 사용자 데이터·도메인 단어 유지.,정적 추적; 실제 기기는 NOT_RUN
android/app/src/main/kotlin/com/hwani1103/shiftbell/SleepDetectionReceiver.kt,290,유지(기능 조건/원본 데이터/진단/측정/주석),F01/F02/F04의 한국어 기능 진입·수신 조건에 종속하는 copy/엔진 데이터/내부 로그. 신규 외국어는 해당 UI를 생성하지 않음; KO 사용자 데이터·도메인 단어 유지.,정적 추적; 실제 기기는 NOT_RUN
android/app/src/main/kotlin/com/hwani1103/shiftbell/SleepDetectionReceiver.kt,306,유지(기능 조건/원본 데이터/진단/측정/주석),F01/F02/F04의 한국어 기능 진입·수신 조건에 종속하는 copy/엔진 데이터/내부 로그. 신규 외국어는 해당 UI를 생성하지 않음; KO 사용자 데이터·도메인 단어 유지.,정적 추적; 실제 기기는 NOT_RUN
android/app/src/main/kotlin/com/hwani1103/shiftbell/SleepDetectionReceiver.kt,319,유지(기능 조건/원본 데이터/진단/측정/주석),F01/F02/F04의 한국어 기능 진입·수신 조건에 종속하는 copy/엔진 데이터/내부 로그. 신규 외국어는 해당 UI를 생성하지 않음; KO 사용자 데이터·도메인 단어 유지.,정적 추적; 실제 기기는 NOT_RUN
android/app/src/main/kotlin/com/hwani1103/shiftbell/SleepDetectionReceiver.kt,339,유지(기능 조건/원본 데이터/진단/측정/주석),F01/F02/F04의 한국어 기능 진입·수신 조건에 종속하는 copy/엔진 데이터/내부 로그. 신규 외국어는 해당 UI를 생성하지 않음; KO 사용자 데이터·도메인 단어 유지.,정적 추적; 실제 기기는 NOT_RUN
android/app/src/main/kotlin/com/hwani1103/shiftbell/SleepDetectionReceiver.kt,356,유지(기능 조건/원본 데이터/진단/측정/주석),F01/F02/F04의 한국어 기능 진입·수신 조건에 종속하는 copy/엔진 데이터/내부 로그. 신규 외국어는 해당 UI를 생성하지 않음; KO 사용자 데이터·도메인 단어 유지.,정적 추적; 실제 기기는 NOT_RUN
android/app/src/main/kotlin/com/hwani1103/shiftbell/SleepDetectionReceiver.kt,370,유지(기능 조건/원본 데이터/진단/측정/주석),F01/F02/F04의 한국어 기능 진입·수신 조건에 종속하는 copy/엔진 데이터/내부 로그. 신규 외국어는 해당 UI를 생성하지 않음; KO 사용자 데이터·도메인 단어 유지.,정적 추적; 실제 기기는 NOT_RUN
android/app/src/main/kotlin/com/hwani1103/shiftbell/SleepDetectionReceiver.kt,385,유지(기능 조건/원본 데이터/진단/측정/주석),F01/F02/F04의 한국어 기능 진입·수신 조건에 종속하는 copy/엔진 데이터/내부 로그. 신규 외국어는 해당 UI를 생성하지 않음; KO 사용자 데이터·도메인 단어 유지.,정적 추적; 실제 기기는 NOT_RUN
android/app/src/main/kotlin/com/hwani1103/shiftbell/SleepDetectionScheduler.kt,27,유지(기능 조건/원본 데이터/진단/측정/주석),F01/F02/F04의 한국어 기능 진입·수신 조건에 종속하는 copy/엔진 데이터/내부 로그. 신규 외국어는 해당 UI를 생성하지 않음; KO 사용자 데이터·도메인 단어 유지.,정적 추적; 실제 기기는 NOT_RUN
android/app/src/main/kotlin/com/hwani1103/shiftbell/SleepDetectionScheduler.kt,75,유지(기능 조건/원본 데이터/진단/측정/주석),F01/F02/F04의 한국어 기능 진입·수신 조건에 종속하는 copy/엔진 데이터/내부 로그. 신규 외국어는 해당 UI를 생성하지 않음; KO 사용자 데이터·도메인 단어 유지.,정적 추적; 실제 기기는 NOT_RUN
android/app/src/main/kotlin/com/hwani1103/shiftbell/SleepDetectionScheduler.kt,95,유지(기능 조건/원본 데이터/진단/측정/주석),F01/F02/F04의 한국어 기능 진입·수신 조건에 종속하는 copy/엔진 데이터/내부 로그. 신규 외국어는 해당 UI를 생성하지 않음; KO 사용자 데이터·도메인 단어 유지.,정적 추적; 실제 기기는 NOT_RUN
android/app/src/main/kotlin/com/hwani1103/shiftbell/SleepScheduleResolver.kt,36,유지(기능 조건/원본 데이터/진단/측정/주석),F01/F02/F04의 한국어 기능 진입·수신 조건에 종속하는 copy/엔진 데이터/내부 로그. 신규 외국어는 해당 UI를 생성하지 않음; KO 사용자 데이터·도메인 단어 유지.,정적 추적; 실제 기기는 NOT_RUN
android/app/src/main/kotlin/com/hwani1103/shiftbell/SleepScheduleResolver.kt,73,유지(기능 조건/원본 데이터/진단/측정/주석),F01/F02/F04의 한국어 기능 진입·수신 조건에 종속하는 copy/엔진 데이터/내부 로그. 신규 외국어는 해당 UI를 생성하지 않음; KO 사용자 데이터·도메인 단어 유지.,정적 추적; 실제 기기는 NOT_RUN
android/app/src/main/kotlin/com/hwani1103/shiftbell/SleepScheduleResolver.kt,281,유지(기능 조건/원본 데이터/진단/측정/주석),F01/F02/F04의 한국어 기능 진입·수신 조건에 종속하는 copy/엔진 데이터/내부 로그. 신규 외국어는 해당 UI를 생성하지 않음; KO 사용자 데이터·도메인 단어 유지.,정적 추적; 실제 기기는 NOT_RUN
android/app/src/main/kotlin/com/hwani1103/shiftbell/SleepWidgetActionReceiver.kt,62,유지(기능 조건/원본 데이터/진단/측정/주석),F01/F02/F04의 한국어 기능 진입·수신 조건에 종속하는 copy/엔진 데이터/내부 로그. 신규 외국어는 해당 UI를 생성하지 않음; KO 사용자 데이터·도메인 단어 유지.,정적 추적; 실제 기기는 NOT_RUN
android/app/src/main/kotlin/com/hwani1103/shiftbell/SleepWidgetActionReceiver.kt,68,유지(기능 조건/원본 데이터/진단/측정/주석),F01/F02/F04의 한국어 기능 진입·수신 조건에 종속하는 copy/엔진 데이터/내부 로그. 신규 외국어는 해당 UI를 생성하지 않음; KO 사용자 데이터·도메인 단어 유지.,정적 추적; 실제 기기는 NOT_RUN
android/app/src/main/kotlin/com/hwani1103/shiftbell/SleepWidgetActionReceiver.kt,90,유지(기능 조건/원본 데이터/진단/측정/주석),F01/F02/F04의 한국어 기능 진입·수신 조건에 종속하는 copy/엔진 데이터/내부 로그. 신규 외국어는 해당 UI를 생성하지 않음; KO 사용자 데이터·도메인 단어 유지.,정적 추적; 실제 기기는 NOT_RUN
android/app/src/main/kotlin/com/hwani1103/shiftbell/SleepWidgetActionReceiver.kt,95,유지(기능 조건/원본 데이터/진단/측정/주석),F01/F02/F04의 한국어 기능 진입·수신 조건에 종속하는 copy/엔진 데이터/내부 로그. 신규 외국어는 해당 UI를 생성하지 않음; KO 사용자 데이터·도메인 단어 유지.,정적 추적; 실제 기기는 NOT_RUN
android/app/src/main/kotlin/com/hwani1103/shiftbell/SleepWidgetActionReceiver.kt,97,유지(기능 조건/원본 데이터/진단/측정/주석),F01/F02/F04의 한국어 기능 진입·수신 조건에 종속하는 copy/엔진 데이터/내부 로그. 신규 외국어는 해당 UI를 생성하지 않음; KO 사용자 데이터·도메인 단어 유지.,정적 추적; 실제 기기는 NOT_RUN
android/app/src/main/kotlin/com/hwani1103/shiftbell/SleepWidgetActionReceiver.kt,108,유지(기능 조건/원본 데이터/진단/측정/주석),F01/F02/F04의 한국어 기능 진입·수신 조건에 종속하는 copy/엔진 데이터/내부 로그. 신규 외국어는 해당 UI를 생성하지 않음; KO 사용자 데이터·도메인 단어 유지.,정적 추적; 실제 기기는 NOT_RUN
android/app/src/main/kotlin/com/hwani1103/shiftbell/SleepWidgetActionReceiver.kt,117,유지(기능 조건/원본 데이터/진단/측정/주석),F01/F02/F04의 한국어 기능 진입·수신 조건에 종속하는 copy/엔진 데이터/내부 로그. 신규 외국어는 해당 UI를 생성하지 않음; KO 사용자 데이터·도메인 단어 유지.,정적 추적; 실제 기기는 NOT_RUN
android/app/src/main/kotlin/com/hwani1103/shiftbell/SleepWidgetActionReceiver.kt,144,유지(기능 조건/원본 데이터/진단/측정/주석),F01/F02/F04의 한국어 기능 진입·수신 조건에 종속하는 copy/엔진 데이터/내부 로그. 신규 외국어는 해당 UI를 생성하지 않음; KO 사용자 데이터·도메인 단어 유지.,정적 추적; 실제 기기는 NOT_RUN
android/app/src/main/kotlin/com/hwani1103/shiftbell/SleepWidgetActionReceiver.kt,145,유지(기능 조건/원본 데이터/진단/측정/주석),F01/F02/F04의 한국어 기능 진입·수신 조건에 종속하는 copy/엔진 데이터/내부 로그. 신규 외국어는 해당 UI를 생성하지 않음; KO 사용자 데이터·도메인 단어 유지.,정적 추적; 실제 기기는 NOT_RUN
android/app/src/main/kotlin/com/hwani1103/shiftbell/SleepWidgetActionReceiver.kt,166,유지(기능 조건/원본 데이터/진단/측정/주석),F01/F02/F04의 한국어 기능 진입·수신 조건에 종속하는 copy/엔진 데이터/내부 로그. 신규 외국어는 해당 UI를 생성하지 않음; KO 사용자 데이터·도메인 단어 유지.,정적 추적; 실제 기기는 NOT_RUN
android/app/src/main/kotlin/com/hwani1103/shiftbell/SleepWidgetProvider.kt,43,유지(기능 조건/원본 데이터/진단/측정/주석),F01/F02/F04의 한국어 기능 진입·수신 조건에 종속하는 copy/엔진 데이터/내부 로그. 신규 외국어는 해당 UI를 생성하지 않음; KO 사용자 데이터·도메인 단어 유지.,정적 추적; 실제 기기는 NOT_RUN
android/app/src/main/kotlin/com/hwani1103/shiftbell/SleepWidgetProvider.kt,51,유지(기능 조건/원본 데이터/진단/측정/주석),F01/F02/F04의 한국어 기능 진입·수신 조건에 종속하는 copy/엔진 데이터/내부 로그. 신규 외국어는 해당 UI를 생성하지 않음; KO 사용자 데이터·도메인 단어 유지.,정적 추적; 실제 기기는 NOT_RUN
android/app/src/main/kotlin/com/hwani1103/shiftbell/SleepWidgetProvider.kt,77,유지(기능 조건/원본 데이터/진단/측정/주석),F01/F02/F04의 한국어 기능 진입·수신 조건에 종속하는 copy/엔진 데이터/내부 로그. 신규 외국어는 해당 UI를 생성하지 않음; KO 사용자 데이터·도메인 단어 유지.,정적 추적; 실제 기기는 NOT_RUN
android/app/src/main/kotlin/com/hwani1103/shiftbell/SleepWidgetProvider.kt,81,유지(기능 조건/원본 데이터/진단/측정/주석),F01/F02/F04의 한국어 기능 진입·수신 조건에 종속하는 copy/엔진 데이터/내부 로그. 신규 외국어는 해당 UI를 생성하지 않음; KO 사용자 데이터·도메인 단어 유지.,정적 추적; 실제 기기는 NOT_RUN
android/app/src/main/kotlin/com/hwani1103/shiftbell/SleepWidgetProvider.kt,210,유지(기능 조건/원본 데이터/진단/측정/주석),F01/F02/F04의 한국어 기능 진입·수신 조건에 종속하는 copy/엔진 데이터/내부 로그. 신규 외국어는 해당 UI를 생성하지 않음; KO 사용자 데이터·도메인 단어 유지.,정적 추적; 실제 기기는 NOT_RUN
android/app/src/main/kotlin/com/hwani1103/shiftbell/SleepWidgetProvider.kt,240,유지(기능 조건/원본 데이터/진단/측정/주석),F01/F02/F04의 한국어 기능 진입·수신 조건에 종속하는 copy/엔진 데이터/내부 로그. 신규 외국어는 해당 UI를 생성하지 않음; KO 사용자 데이터·도메인 단어 유지.,정적 추적; 실제 기기는 NOT_RUN
android/app/src/main/kotlin/com/hwani1103/shiftbell/SleepWidgetProvider.kt,375,유지(기능 조건/원본 데이터/진단/측정/주석),F01/F02/F04의 한국어 기능 진입·수신 조건에 종속하는 copy/엔진 데이터/내부 로그. 신규 외국어는 해당 UI를 생성하지 않음; KO 사용자 데이터·도메인 단어 유지.,정적 추적; 실제 기기는 NOT_RUN
android/app/src/main/kotlin/com/hwani1103/shiftbell/SleepWidgetProvider.kt,411,유지(기능 조건/원본 데이터/진단/측정/주석),F01/F02/F04의 한국어 기능 진입·수신 조건에 종속하는 copy/엔진 데이터/내부 로그. 신규 외국어는 해당 UI를 생성하지 않음; KO 사용자 데이터·도메인 단어 유지.,정적 추적; 실제 기기는 NOT_RUN
android/app/src/main/kotlin/com/hwani1103/shiftbell/SleepWidgetProvider.kt,430,유지(기능 조건/원본 데이터/진단/측정/주석),F01/F02/F04의 한국어 기능 진입·수신 조건에 종속하는 copy/엔진 데이터/내부 로그. 신규 외국어는 해당 UI를 생성하지 않음; KO 사용자 데이터·도메인 단어 유지.,정적 추적; 실제 기기는 NOT_RUN
android/app/src/main/AndroidManifest.xml,119,유지(기능 조건/원본 데이터/진단/측정/주석),values-ko 문구/전용 korean_only.xml 또는 XML 주석·국문 launcher 표시명. 기본 알람 layout 초기 주간은 common alarm_default_label로 교체. 수면 inflater는 F02 조건.,정적 추적; 실제 기기는 NOT_RUN
android/app/src/main/AndroidManifest.xml,120,유지(기능 조건/원본 데이터/진단/측정/주석),values-ko 문구/전용 korean_only.xml 또는 XML 주석·국문 launcher 표시명. 기본 알람 layout 초기 주간은 common alarm_default_label로 교체. 수면 inflater는 F02 조건.,정적 추적; 실제 기기는 NOT_RUN
android/app/src/main/AndroidManifest.xml,209,유지(기능 조건/원본 데이터/진단/측정/주석),values-ko 문구/전용 korean_only.xml 또는 XML 주석·국문 launcher 표시명. 기본 알람 layout 초기 주간은 common alarm_default_label로 교체. 수면 inflater는 F02 조건.,정적 추적; 실제 기기는 NOT_RUN
android/app/src/main/res/drawable/widget_memo_bg_dark.xml,5,유지(기능 조건/원본 데이터/진단/측정/주석),values-ko 문구/전용 korean_only.xml 또는 XML 주석·국문 launcher 표시명. 기본 알람 layout 초기 주간은 common alarm_default_label로 교체. 수면 inflater는 F02 조건.,정적 추적; 실제 기기는 NOT_RUN
android/app/src/main/res/drawable/widget_memo_bg_dark.xml,6,유지(기능 조건/원본 데이터/진단/측정/주석),values-ko 문구/전용 korean_only.xml 또는 XML 주석·국문 launcher 표시명. 기본 알람 layout 초기 주간은 common alarm_default_label로 교체. 수면 inflater는 F02 조건.,정적 추적; 실제 기기는 NOT_RUN
android/app/src/main/res/layout/calendar_widget.xml,3,유지(기능 조건/원본 데이터/진단/측정/주석),values-ko 문구/전용 korean_only.xml 또는 XML 주석·국문 launcher 표시명. 기본 알람 layout 초기 주간은 common alarm_default_label로 교체. 수면 inflater는 F02 조건.,정적 추적; 실제 기기는 NOT_RUN
android/app/src/main/res/layout/calendar_widget.xml,11,유지(기능 조건/원본 데이터/진단/측정/주석),values-ko 문구/전용 korean_only.xml 또는 XML 주석·국문 launcher 표시명. 기본 알람 layout 초기 주간은 common alarm_default_label로 교체. 수면 inflater는 F02 조건.,정적 추적; 실제 기기는 NOT_RUN
android/app/src/main/res/layout/calendar_widget.xml,18,유지(기능 조건/원본 데이터/진단/측정/주석),values-ko 문구/전용 korean_only.xml 또는 XML 주석·국문 launcher 표시명. 기본 알람 layout 초기 주간은 common alarm_default_label로 교체. 수면 inflater는 F02 조건.,정적 추적; 실제 기기는 NOT_RUN
android/app/src/main/res/layout/calendar_widget.xml,28,유지(기능 조건/원본 데이터/진단/측정/주석),values-ko 문구/전용 korean_only.xml 또는 XML 주석·국문 launcher 표시명. 기본 알람 layout 초기 주간은 common alarm_default_label로 교체. 수면 inflater는 F02 조건.,정적 추적; 실제 기기는 NOT_RUN
android/app/src/main/res/layout/calendar_widget.xml,29,유지(기능 조건/원본 데이터/진단/측정/주석),values-ko 문구/전용 korean_only.xml 또는 XML 주석·국문 launcher 표시명. 기본 알람 layout 초기 주간은 common alarm_default_label로 교체. 수면 inflater는 F02 조건.,정적 추적; 실제 기기는 NOT_RUN
android/app/src/main/res/layout/calendar_widget.xml,37,유지(기능 조건/원본 데이터/진단/측정/주석),values-ko 문구/전용 korean_only.xml 또는 XML 주석·국문 launcher 표시명. 기본 알람 layout 초기 주간은 common alarm_default_label로 교체. 수면 inflater는 F02 조건.,정적 추적; 실제 기기는 NOT_RUN
android/app/src/main/res/layout/calendar_widget_full.xml,3,유지(기능 조건/원본 데이터/진단/측정/주석),values-ko 문구/전용 korean_only.xml 또는 XML 주석·국문 launcher 표시명. 기본 알람 layout 초기 주간은 common alarm_default_label로 교체. 수면 inflater는 F02 조건.,정적 추적; 실제 기기는 NOT_RUN
android/app/src/main/res/layout/overlay_alarm.xml,12,유지(기능 조건/원본 데이터/진단/측정/주석),values-ko 문구/전용 korean_only.xml 또는 XML 주석·국문 launcher 표시명. 기본 알람 layout 초기 주간은 common alarm_default_label로 교체. 수면 inflater는 F02 조건.,정적 추적; 실제 기기는 NOT_RUN
android/app/src/main/res/values/attrs.xml,8,유지(기능 조건/원본 데이터/진단/측정/주석),values-ko 문구/전용 korean_only.xml 또는 XML 주석·국문 launcher 표시명. 기본 알람 layout 초기 주간은 common alarm_default_label로 교체. 수면 inflater는 F02 조건.,정적 추적; 실제 기기는 NOT_RUN
android/app/src/main/res/values/korean_only.xml,3,유지(기능 조건/원본 데이터/진단/측정/주석),values-ko 문구/전용 korean_only.xml 또는 XML 주석·국문 launcher 표시명. 기본 알람 layout 초기 주간은 common alarm_default_label로 교체. 수면 inflater는 F02 조건.,정적 추적; 실제 기기는 NOT_RUN
android/app/src/main/res/values/korean_only.xml,4,유지(기능 조건/원본 데이터/진단/측정/주석),values-ko 문구/전용 korean_only.xml 또는 XML 주석·국문 launcher 표시명. 기본 알람 layout 초기 주간은 common alarm_default_label로 교체. 수면 inflater는 F02 조건.,정적 추적; 실제 기기는 NOT_RUN
android/app/src/main/res/values/korean_only.xml,5,유지(기능 조건/원본 데이터/진단/측정/주석),values-ko 문구/전용 korean_only.xml 또는 XML 주석·국문 launcher 표시명. 기본 알람 layout 초기 주간은 common alarm_default_label로 교체. 수면 inflater는 F02 조건.,정적 추적; 실제 기기는 NOT_RUN
android/app/src/main/res/values/korean_only.xml,6,유지(기능 조건/원본 데이터/진단/측정/주석),values-ko 문구/전용 korean_only.xml 또는 XML 주석·국문 launcher 표시명. 기본 알람 layout 초기 주간은 common alarm_default_label로 교체. 수면 inflater는 F02 조건.,정적 추적; 실제 기기는 NOT_RUN
android/app/src/main/res/values/korean_only.xml,7,유지(기능 조건/원본 데이터/진단/측정/주석),values-ko 문구/전용 korean_only.xml 또는 XML 주석·국문 launcher 표시명. 기본 알람 layout 초기 주간은 common alarm_default_label로 교체. 수면 inflater는 F02 조건.,정적 추적; 실제 기기는 NOT_RUN
android/app/src/main/res/values/korean_only.xml,8,유지(기능 조건/원본 데이터/진단/측정/주석),values-ko 문구/전용 korean_only.xml 또는 XML 주석·국문 launcher 표시명. 기본 알람 layout 초기 주간은 common alarm_default_label로 교체. 수면 inflater는 F02 조건.,정적 추적; 실제 기기는 NOT_RUN
android/app/src/main/res/values/korean_only.xml,9,유지(기능 조건/원본 데이터/진단/측정/주석),values-ko 문구/전용 korean_only.xml 또는 XML 주석·국문 launcher 표시명. 기본 알람 layout 초기 주간은 common alarm_default_label로 교체. 수면 inflater는 F02 조건.,정적 추적; 실제 기기는 NOT_RUN
android/app/src/main/res/values/korean_only.xml,10,유지(기능 조건/원본 데이터/진단/측정/주석),values-ko 문구/전용 korean_only.xml 또는 XML 주석·국문 launcher 표시명. 기본 알람 layout 초기 주간은 common alarm_default_label로 교체. 수면 inflater는 F02 조건.,정적 추적; 실제 기기는 NOT_RUN
android/app/src/main/res/values/korean_only.xml,11,유지(기능 조건/원본 데이터/진단/측정/주석),values-ko 문구/전용 korean_only.xml 또는 XML 주석·국문 launcher 표시명. 기본 알람 layout 초기 주간은 common alarm_default_label로 교체. 수면 inflater는 F02 조건.,정적 추적; 실제 기기는 NOT_RUN
android/app/src/main/res/values/korean_only.xml,12,유지(기능 조건/원본 데이터/진단/측정/주석),values-ko 문구/전용 korean_only.xml 또는 XML 주석·국문 launcher 표시명. 기본 알람 layout 초기 주간은 common alarm_default_label로 교체. 수면 inflater는 F02 조건.,정적 추적; 실제 기기는 NOT_RUN
android/app/src/main/res/values/korean_only.xml,13,유지(기능 조건/원본 데이터/진단/측정/주석),values-ko 문구/전용 korean_only.xml 또는 XML 주석·국문 launcher 표시명. 기본 알람 layout 초기 주간은 common alarm_default_label로 교체. 수면 inflater는 F02 조건.,정적 추적; 실제 기기는 NOT_RUN
android/app/src/main/res/values-ko/strings.xml,3,유지(기능 조건/원본 데이터/진단/측정/주석),values-ko 문구/전용 korean_only.xml 또는 XML 주석·국문 launcher 표시명. 기본 알람 layout 초기 주간은 common alarm_default_label로 교체. 수면 inflater는 F02 조건.,정적 추적; 실제 기기는 NOT_RUN
android/app/src/main/res/values-ko/strings.xml,4,유지(기능 조건/원본 데이터/진단/측정/주석),values-ko 문구/전용 korean_only.xml 또는 XML 주석·국문 launcher 표시명. 기본 알람 layout 초기 주간은 common alarm_default_label로 교체. 수면 inflater는 F02 조건.,정적 추적; 실제 기기는 NOT_RUN
android/app/src/main/res/values-ko/strings.xml,5,유지(기능 조건/원본 데이터/진단/측정/주석),values-ko 문구/전용 korean_only.xml 또는 XML 주석·국문 launcher 표시명. 기본 알람 layout 초기 주간은 common alarm_default_label로 교체. 수면 inflater는 F02 조건.,정적 추적; 실제 기기는 NOT_RUN
android/app/src/main/res/values-ko/strings.xml,6,유지(기능 조건/원본 데이터/진단/측정/주석),values-ko 문구/전용 korean_only.xml 또는 XML 주석·국문 launcher 표시명. 기본 알람 layout 초기 주간은 common alarm_default_label로 교체. 수면 inflater는 F02 조건.,정적 추적; 실제 기기는 NOT_RUN
android/app/src/main/res/values-ko/strings.xml,8,유지(기능 조건/원본 데이터/진단/측정/주석),values-ko 문구/전용 korean_only.xml 또는 XML 주석·국문 launcher 표시명. 기본 알람 layout 초기 주간은 common alarm_default_label로 교체. 수면 inflater는 F02 조건.,정적 추적; 실제 기기는 NOT_RUN
android/app/src/main/res/values-ko/strings.xml,12,유지(기능 조건/원본 데이터/진단/측정/주석),values-ko 문구/전용 korean_only.xml 또는 XML 주석·국문 launcher 표시명. 기본 알람 layout 초기 주간은 common alarm_default_label로 교체. 수면 inflater는 F02 조건.,정적 추적; 실제 기기는 NOT_RUN
android/app/src/main/res/values-ko/strings.xml,15,유지(기능 조건/원본 데이터/진단/측정/주석),values-ko 문구/전용 korean_only.xml 또는 XML 주석·국문 launcher 표시명. 기본 알람 layout 초기 주간은 common alarm_default_label로 교체. 수면 inflater는 F02 조건.,정적 추적; 실제 기기는 NOT_RUN
android/app/src/main/res/values-ko/strings.xml,17,유지(기능 조건/원본 데이터/진단/측정/주석),values-ko 문구/전용 korean_only.xml 또는 XML 주석·국문 launcher 표시명. 기본 알람 layout 초기 주간은 common alarm_default_label로 교체. 수면 inflater는 F02 조건.,정적 추적; 실제 기기는 NOT_RUN
android/app/src/main/res/values-ko/strings.xml,18,유지(기능 조건/원본 데이터/진단/측정/주석),values-ko 문구/전용 korean_only.xml 또는 XML 주석·국문 launcher 표시명. 기본 알람 layout 초기 주간은 common alarm_default_label로 교체. 수면 inflater는 F02 조건.,정적 추적; 실제 기기는 NOT_RUN
android/app/src/main/res/values-ko/strings.xml,19,유지(기능 조건/원본 데이터/진단/측정/주석),values-ko 문구/전용 korean_only.xml 또는 XML 주석·국문 launcher 표시명. 기본 알람 layout 초기 주간은 common alarm_default_label로 교체. 수면 inflater는 F02 조건.,정적 추적; 실제 기기는 NOT_RUN
android/app/src/main/res/values-ko/strings.xml,22,유지(기능 조건/원본 데이터/진단/측정/주석),values-ko 문구/전용 korean_only.xml 또는 XML 주석·국문 launcher 표시명. 기본 알람 layout 초기 주간은 common alarm_default_label로 교체. 수면 inflater는 F02 조건.,정적 추적; 실제 기기는 NOT_RUN
android/app/src/main/res/values-ko/strings.xml,23,유지(기능 조건/원본 데이터/진단/측정/주석),values-ko 문구/전용 korean_only.xml 또는 XML 주석·국문 launcher 표시명. 기본 알람 layout 초기 주간은 common alarm_default_label로 교체. 수면 inflater는 F02 조건.,정적 추적; 실제 기기는 NOT_RUN
android/app/src/main/res/values-ko/strings.xml,24,유지(기능 조건/원본 데이터/진단/측정/주석),values-ko 문구/전용 korean_only.xml 또는 XML 주석·국문 launcher 표시명. 기본 알람 layout 초기 주간은 common alarm_default_label로 교체. 수면 inflater는 F02 조건.,정적 추적; 실제 기기는 NOT_RUN
android/app/src/main/res/values-ko/strings.xml,27,유지(기능 조건/원본 데이터/진단/측정/주석),values-ko 문구/전용 korean_only.xml 또는 XML 주석·국문 launcher 표시명. 기본 알람 layout 초기 주간은 common alarm_default_label로 교체. 수면 inflater는 F02 조건.,정적 추적; 실제 기기는 NOT_RUN
android/app/src/main/res/values-ko/strings.xml,28,유지(기능 조건/원본 데이터/진단/측정/주석),values-ko 문구/전용 korean_only.xml 또는 XML 주석·국문 launcher 표시명. 기본 알람 layout 초기 주간은 common alarm_default_label로 교체. 수면 inflater는 F02 조건.,정적 추적; 실제 기기는 NOT_RUN
android/app/src/main/res/values-ko/strings.xml,29,유지(기능 조건/원본 데이터/진단/측정/주석),values-ko 문구/전용 korean_only.xml 또는 XML 주석·국문 launcher 표시명. 기본 알람 layout 초기 주간은 common alarm_default_label로 교체. 수면 inflater는 F02 조건.,정적 추적; 실제 기기는 NOT_RUN
android/app/src/main/res/values-ko/strings.xml,31,유지(기능 조건/원본 데이터/진단/측정/주석),values-ko 문구/전용 korean_only.xml 또는 XML 주석·국문 launcher 표시명. 기본 알람 layout 초기 주간은 common alarm_default_label로 교체. 수면 inflater는 F02 조건.,정적 추적; 실제 기기는 NOT_RUN
android/app/src/main/res/values-ko/strings.xml,34,유지(기능 조건/원본 데이터/진단/측정/주석),values-ko 문구/전용 korean_only.xml 또는 XML 주석·국문 launcher 표시명. 기본 알람 layout 초기 주간은 common alarm_default_label로 교체. 수면 inflater는 F02 조건.,정적 추적; 실제 기기는 NOT_RUN
android/app/src/main/res/values-ko/strings.xml,37,유지(기능 조건/원본 데이터/진단/측정/주석),values-ko 문구/전용 korean_only.xml 또는 XML 주석·국문 launcher 표시명. 기본 알람 layout 초기 주간은 common alarm_default_label로 교체. 수면 inflater는 F02 조건.,정적 추적; 실제 기기는 NOT_RUN
android/app/src/main/res/values-ko/strings.xml,38,유지(기능 조건/원본 데이터/진단/측정/주석),values-ko 문구/전용 korean_only.xml 또는 XML 주석·국문 launcher 표시명. 기본 알람 layout 초기 주간은 common alarm_default_label로 교체. 수면 inflater는 F02 조건.,정적 추적; 실제 기기는 NOT_RUN
android/app/src/main/res/values-ko/strings.xml,41,유지(기능 조건/원본 데이터/진단/측정/주석),values-ko 문구/전용 korean_only.xml 또는 XML 주석·국문 launcher 표시명. 기본 알람 layout 초기 주간은 common alarm_default_label로 교체. 수면 inflater는 F02 조건.,정적 추적; 실제 기기는 NOT_RUN
android/app/src/main/res/values-ko/strings.xml,46,유지(기능 조건/원본 데이터/진단/측정/주석),values-ko 문구/전용 korean_only.xml 또는 XML 주석·국문 launcher 표시명. 기본 알람 layout 초기 주간은 common alarm_default_label로 교체. 수면 inflater는 F02 조건.,정적 추적; 실제 기기는 NOT_RUN
android/app/src/main/res/values-ko/strings.xml,47,유지(기능 조건/원본 데이터/진단/측정/주석),values-ko 문구/전용 korean_only.xml 또는 XML 주석·국문 launcher 표시명. 기본 알람 layout 초기 주간은 common alarm_default_label로 교체. 수면 inflater는 F02 조건.,정적 추적; 실제 기기는 NOT_RUN
android/app/src/main/res/values-ko/strings.xml,48,유지(기능 조건/원본 데이터/진단/측정/주석),values-ko 문구/전용 korean_only.xml 또는 XML 주석·국문 launcher 표시명. 기본 알람 layout 초기 주간은 common alarm_default_label로 교체. 수면 inflater는 F02 조건.,정적 추적; 실제 기기는 NOT_RUN
android/app/src/main/res/values-ko/strings.xml,49,유지(기능 조건/원본 데이터/진단/측정/주석),values-ko 문구/전용 korean_only.xml 또는 XML 주석·국문 launcher 표시명. 기본 알람 layout 초기 주간은 common alarm_default_label로 교체. 수면 inflater는 F02 조건.,정적 추적; 실제 기기는 NOT_RUN
android/app/src/main/res/values-ko/strings.xml,50,유지(기능 조건/원본 데이터/진단/측정/주석),values-ko 문구/전용 korean_only.xml 또는 XML 주석·국문 launcher 표시명. 기본 알람 layout 초기 주간은 common alarm_default_label로 교체. 수면 inflater는 F02 조건.,정적 추적; 실제 기기는 NOT_RUN
android/app/src/main/res/values-ko/strings.xml,51,유지(기능 조건/원본 데이터/진단/측정/주석),values-ko 문구/전용 korean_only.xml 또는 XML 주석·국문 launcher 표시명. 기본 알람 layout 초기 주간은 common alarm_default_label로 교체. 수면 inflater는 F02 조건.,정적 추적; 실제 기기는 NOT_RUN
android/app/src/main/res/values-ko/strings.xml,52,유지(기능 조건/원본 데이터/진단/측정/주석),values-ko 문구/전용 korean_only.xml 또는 XML 주석·국문 launcher 표시명. 기본 알람 layout 초기 주간은 common alarm_default_label로 교체. 수면 inflater는 F02 조건.,정적 추적; 실제 기기는 NOT_RUN
android/app/src/main/res/values-ko/strings.xml,53,유지(기능 조건/원본 데이터/진단/측정/주석),values-ko 문구/전용 korean_only.xml 또는 XML 주석·국문 launcher 표시명. 기본 알람 layout 초기 주간은 common alarm_default_label로 교체. 수면 inflater는 F02 조건.,정적 추적; 실제 기기는 NOT_RUN
android/app/src/main/res/values-ko/strings.xml,54,유지(기능 조건/원본 데이터/진단/측정/주석),values-ko 문구/전용 korean_only.xml 또는 XML 주석·국문 launcher 표시명. 기본 알람 layout 초기 주간은 common alarm_default_label로 교체. 수면 inflater는 F02 조건.,정적 추적; 실제 기기는 NOT_RUN
android/app/src/main/res/values-ko/strings.xml,55,유지(기능 조건/원본 데이터/진단/측정/주석),values-ko 문구/전용 korean_only.xml 또는 XML 주석·국문 launcher 표시명. 기본 알람 layout 초기 주간은 common alarm_default_label로 교체. 수면 inflater는 F02 조건.,정적 추적; 실제 기기는 NOT_RUN
android/app/src/main/res/values-ko/strings.xml,56,유지(기능 조건/원본 데이터/진단/측정/주석),values-ko 문구/전용 korean_only.xml 또는 XML 주석·국문 launcher 표시명. 기본 알람 layout 초기 주간은 common alarm_default_label로 교체. 수면 inflater는 F02 조건.,정적 추적; 실제 기기는 NOT_RUN
android/app/src/main/res/values-ko/strings.xml,57,유지(기능 조건/원본 데이터/진단/측정/주석),values-ko 문구/전용 korean_only.xml 또는 XML 주석·국문 launcher 표시명. 기본 알람 layout 초기 주간은 common alarm_default_label로 교체. 수면 inflater는 F02 조건.,정적 추적; 실제 기기는 NOT_RUN
android/app/src/main/res/values-ko/strings.xml,58,유지(기능 조건/원본 데이터/진단/측정/주석),values-ko 문구/전용 korean_only.xml 또는 XML 주석·국문 launcher 표시명. 기본 알람 layout 초기 주간은 common alarm_default_label로 교체. 수면 inflater는 F02 조건.,정적 추적; 실제 기기는 NOT_RUN
android/app/src/main/res/values-ko/strings.xml,59,유지(기능 조건/원본 데이터/진단/측정/주석),values-ko 문구/전용 korean_only.xml 또는 XML 주석·국문 launcher 표시명. 기본 알람 layout 초기 주간은 common alarm_default_label로 교체. 수면 inflater는 F02 조건.,정적 추적; 실제 기기는 NOT_RUN
android/app/src/main/res/values-ko/strings.xml,60,유지(기능 조건/원본 데이터/진단/측정/주석),values-ko 문구/전용 korean_only.xml 또는 XML 주석·국문 launcher 표시명. 기본 알람 layout 초기 주간은 common alarm_default_label로 교체. 수면 inflater는 F02 조건.,정적 추적; 실제 기기는 NOT_RUN
android/app/src/main/res/values-ko/strings.xml,61,유지(기능 조건/원본 데이터/진단/측정/주석),values-ko 문구/전용 korean_only.xml 또는 XML 주석·국문 launcher 표시명. 기본 알람 layout 초기 주간은 common alarm_default_label로 교체. 수면 inflater는 F02 조건.,정적 추적; 실제 기기는 NOT_RUN
android/app/src/main/res/values-ko/strings.xml,62,유지(기능 조건/원본 데이터/진단/측정/주석),values-ko 문구/전용 korean_only.xml 또는 XML 주석·국문 launcher 표시명. 기본 알람 layout 초기 주간은 common alarm_default_label로 교체. 수면 inflater는 F02 조건.,정적 추적; 실제 기기는 NOT_RUN
android/app/src/prod/res/values-ko/strings.xml,4,유지(기능 조건/원본 데이터/진단/측정/주석),values-ko 문구/전용 korean_only.xml 또는 XML 주석·국문 launcher 표시명. 기본 알람 layout 초기 주간은 common alarm_default_label로 교체. 수면 inflater는 F02 조건.,정적 추적; 실제 기기는 NOT_RUN
android/app/src/dev/res/values-ko/strings.xml,4,유지(기능 조건/원본 데이터/진단/측정/주석),values-ko 문구/전용 korean_only.xml 또는 XML 주석·국문 launcher 표시명. 기본 알람 layout 초기 주간은 common alarm_default_label로 교체. 수면 inflater는 F02 조건.,정적 추적; 실제 기기는 NOT_RUN
