파일,행,코드,분류·한계
lib/main.dart,116,'⚠️ 화면 표시 오류\n${details.exceptionAsString()}',한국어 전용 디버그 화면/비노출 데이터·설정 문자열. 공개 라우트 없음; 직접 build 언어 차단
lib/main.dart,173,"debugPrint('⚠️ 카테고리 분류 모델 미리 로드 실패 - 분류 시점에 다시 시도: $e'),",개발 로그/내부 예외. 사용자 노출 실패 설명은 localizedErrorDetail로 분리
lib/main.dart,186,"onError: (Object e) => debugPrint('⚠️ 폰트 미리 받기 실패 - 기본 폰트로 표시될 수 있음: $e'),",개발 로그/내부 예외. 사용자 노출 실패 설명은 localizedErrorDetail로 분리
lib/main.dart,219,debugPrint('⚠️ 시작 초기화 지연($name) - 기다리지 않고 앱 시작');,개발 로그/내부 예외. 사용자 노출 실패 설명은 localizedErrorDetail로 분리
lib/main.dart,221,debugPrint('⚠️ 시작 초기화 실패($name) - 이 기능 없이 앱 시작: $e');,개발 로그/내부 예외. 사용자 노출 실패 설명은 localizedErrorDetail로 분리
lib/main.dart,296,print('📱 앱 포그라운드 진입 - UI 새로고침');,개발 로그/내부 예외. 사용자 노출 실패 설명은 localizedErrorDetail로 분리
lib/main.dart,303,print('✅ AlarmNotifier 강제 갱신 완료');,개발 로그/내부 예외. 사용자 노출 실패 설명은 localizedErrorDetail로 분리
lib/main.dart,305,print('❌ AlarmNotifier 갱신 실패: $e');,개발 로그/내부 예외. 사용자 노출 실패 설명은 localizedErrorDetail로 분리
lib/main.dart,645,"onError: (Object e) => debugPrint('⚠️ 친구공유 $label 재시도 실패(무시): $e'),",개발 로그/내부 예외. 사용자 노출 실패 설명은 localizedErrorDetail로 분리
lib/main.dart,658,print('🔍 AlarmGuardReceiver 트리거');,개발 로그/내부 예외. 사용자 노출 실패 설명은 localizedErrorDetail로 분리
lib/main.dart,660,print('✅ AlarmGuardReceiver 완료 (20분 전 예약 포함)');,개발 로그/내부 예외. 사용자 노출 실패 설명은 localizedErrorDetail로 분리
lib/main.dart,662,print('❌ 감시 예약 실패: $e');,개발 로그/내부 예외. 사용자 노출 실패 설명은 localizedErrorDetail로 분리
lib/main.dart,675,print('🔔 일정 알림 탭 → 일정관리 탭 이동: date=$date startMinutes=$startMinutes');,개발 로그/내부 예외. 사용자 노출 실패 설명은 localizedErrorDetail로 분리
lib/main.dart,698,print('🔔 콜드스타트 유실 방지 - 대기 중이던 일정 알림 요청을 뒤늦게 적용');,개발 로그/내부 예외. 사용자 노출 실패 설명은 localizedErrorDetail로 분리
lib/main.dart,702,print('❌ consumePendingScheduleOpen 확인 실패: $e');,개발 로그/내부 예외. 사용자 노출 실패 설명은 localizedErrorDetail로 분리
lib/main.dart,708,print('📞 Method Call 수신: ${call.method}');,개발 로그/내부 예외. 사용자 노출 실패 설명은 localizedErrorDetail로 분리
lib/main.dart,714,print('🔄 Native 갱신 완료 신호 수신 - UI만 새로고침');,개발 로그/내부 예외. 사용자 노출 실패 설명은 localizedErrorDetail로 분리
lib/main.dart,720,print('✅ AlarmNotifier 새로고침 완료');,개발 로그/내부 예외. 사용자 노출 실패 설명은 localizedErrorDetail로 분리
lib/main.dart,723,print('❌ UI 새로고침 실패: $e');,개발 로그/내부 예외. 사용자 노출 실패 설명은 localizedErrorDetail로 분리
lib/main.dart,727,print('📱 탭 이동 요청: $tabIndex');,개발 로그/내부 예외. 사용자 노출 실패 설명은 localizedErrorDetail로 분리
lib/main.dart,792,? '수면·회복',한국어 전용 디버그 화면/비노출 데이터·설정 문자열. 공개 라우트 없음; 직접 build 언어 차단
lib/main.dart,915,"'loud': '🔊 시끄러운 알람',",한국어 전용 디버그 화면/비노출 데이터·설정 문자열. 공개 라우트 없음; 직접 build 언어 차단
lib/main.dart,916,"'soft': '🔉 조용한 알람',",한국어 전용 디버그 화면/비노출 데이터·설정 문자열. 공개 라우트 없음; 직접 build 언어 차단
lib/main.dart,917,"'vibrate': '📳 진동만',",한국어 전용 디버그 화면/비노출 데이터·설정 문자열. 공개 라우트 없음; 직접 build 언어 차단
lib/main.dart,918,"'silent': '🔕 무음',",한국어 전용 디버그 화면/비노출 데이터·설정 문자열. 공개 라우트 없음; 직접 build 언어 차단
lib/main.dart,950,"const SnackBar(content: Text('✅ 모든 권한 허용 완료')),",한국어 전용 디버그 화면/비노출 데이터·설정 문자열. 공개 라우트 없음; 직접 build 언어 차단
lib/main.dart,955,"content: Text('⚠️ ""다른 앱 위에 표시"" 권한이 필요합니다'),",한국어 전용 디버그 화면/비노출 데이터·설정 문자열. 공개 라우트 없음; 직접 build 언어 차단
lib/main.dart,962,"content: const Text('⚠️ 권한이 필요합니다'),",한국어 전용 디버그 화면/비노출 데이터·설정 문자열. 공개 라우트 없음; 직접 build 언어 차단
lib/main.dart,964,"label: '설정',",한국어 전용 디버그 화면/비노출 데이터·설정 문자열. 공개 라우트 없음; 직접 build 언어 차단
lib/main.dart,977,"content: Text('⏳ 권한 설정 후 뒤로가기를 눌러주세요'),",한국어 전용 디버그 화면/비노출 데이터·설정 문자열. 공개 라우트 없음; 직접 build 언어 차단
lib/main.dart,1017,"const SnackBar(content: Text('⚠️ 먼저 권한을 허용해주세요')),",한국어 전용 디버그 화면/비노출 데이터·설정 문자열. 공개 라우트 없음; 직접 build 언어 차단
lib/main.dart,1026,"label: '테스트 알람',",한국어 전용 디버그 화면/비노출 데이터·설정 문자열. 공개 라우트 없음; 직접 build 언어 차단
lib/main.dart,1032,"content: Text('✅ 알람 등록 완료!\n${_formatDateTime(selectedDateTime)}'),",한국어 전용 디버그 화면/비노출 데이터·설정 문자열. 공개 라우트 없음; 직접 build 언어 차단
lib/main.dart,1038,"SnackBar(content: Text('❌ 알람 등록 실패: $e')),",한국어 전용 디버그 화면/비노출 데이터·설정 문자열. 공개 라우트 없음; 직접 build 언어 차단
lib/main.dart,1046,"const SnackBar(content: Text('⚠️ 먼저 권한을 허용해주세요')),",한국어 전용 디버그 화면/비노출 데이터·설정 문자열. 공개 라우트 없음; 직접 build 언어 차단
lib/main.dart,1052,"label: '5초 테스트',",한국어 전용 디버그 화면/비노출 데이터·설정 문자열. 공개 라우트 없음; 직접 build 언어 차단
lib/main.dart,1059,? '🧪 5초 후 작은 팝업창이 뜹니다!',한국어 전용 디버그 화면/비노출 데이터·설정 문자열. 공개 라우트 없음; 직접 build 언어 차단
lib/main.dart,1060,": '🧪 5초 후 전체 화면이 뜹니다!\n(Overlay 권한 없음)'),",한국어 전용 디버그 화면/비노출 데이터·설정 문자열. 공개 라우트 없음; 직접 build 언어 차단
lib/main.dart,1069,"const SnackBar(content: Text('🗑️ 알람 취소됨')),",한국어 전용 디버그 화면/비노출 데이터·설정 문자열. 공개 라우트 없음; 직접 build 언어 차단
lib/main.dart,1074,"return '${dt.month}월 ${dt.day}일 ${dt.hour.toString().padLeft(2, '0')}:${dt.minute.toString().padLeft(2, '0')}';",한국어 전용 디버그 화면/비노출 데이터·설정 문자열. 공개 라우트 없음; 직접 build 언어 차단
lib/main.dart,1082,"title: const Text('🔔 교대종 알람 테스트'),",한국어 전용 디버그 화면/비노출 데이터·설정 문자열. 공개 라우트 없음; 직접 build 언어 차단
lib/main.dart,1110,? '모든 권한 허용됨',한국어 전용 디버그 화면/비노출 데이터·설정 문자열. 공개 라우트 없음; 직접 build 언어 차단
lib/main.dart,1111,": '권한 필요',",한국어 전용 디버그 화면/비노출 데이터·설정 문자열. 공개 라우트 없음; 직접 build 언어 차단
lib/main.dart,1119,"'알림: ${permissionsGranted ? ""✅"" : ""❌""}\n'",한국어 전용 디버그 화면/비노출 데이터·설정 문자열. 공개 라우트 없음; 직접 build 언어 차단
lib/main.dart,1120,"'다른 앱 위 표시: ${overlayPermissionGranted ? ""✅"" : ""❌""}',",한국어 전용 디버그 화면/비노출 데이터·설정 문자열. 공개 라우트 없음; 직접 build 언어 차단
lib/main.dart,1128,"child: const Text('기본 권한 요청'),",한국어 전용 디버그 화면/비노출 데이터·설정 문자열. 공개 라우트 없음; 직접 build 언어 차단
lib/main.dart,1135,"label: const Text('다른 앱 위에 표시 권한'),",한국어 전용 디버그 화면/비노출 데이터·설정 문자열. 공개 라우트 없음; 직접 build 언어 차단
lib/main.dart,1142,"'💡 작은 팝업창을 보려면 필수!',",한국어 전용 디버그 화면/비노출 데이터·설정 문자열. 공개 라우트 없음; 직접 build 언어 차단
lib/main.dart,1158,"'알람 시간',",한국어 전용 디버그 화면/비노출 데이터·설정 문자열. 공개 라우트 없음; 직접 build 언어 차단
lib/main.dart,1168,"subtitle: Text('탭하여 시간 변경', style: TextStyle(fontSize: 14.sp)),",한국어 전용 디버그 화면/비노출 데이터·설정 문자열. 공개 라우트 없음; 직접 build 언어 차단
lib/main.dart,1175,"'알람 타입',",한국어 전용 디버그 화면/비노출 데이터·설정 문자열. 공개 라우트 없음; 직접 build 언어 차단
lib/main.dart,1204,"label: const Text('알람 등록'),",한국어 전용 디버그 화면/비노출 데이터·설정 문자열. 공개 라우트 없음; 직접 build 언어 차단
lib/main.dart,1215,"label: const Text('5초 후 테스트'),",한국어 전용 디버그 화면/비노출 데이터·설정 문자열. 공개 라우트 없음; 직접 build 언어 차단
lib/main.dart,1224,"label: const Text('알람 취소'),",한국어 전용 디버그 화면/비노출 데이터·설정 문자열. 공개 라우트 없음; 직접 build 언어 차단
lib/web_main.dart,75,ua.contains('fban') || // Facebook 앱,내부 식별자/한글 원본·사용자 데이터 또는 설명 주석 후보; 이 행 자체는 노출/삭제 확정 근거가 아님
lib/web_main.dart,414,"final fragment = uri.fragment; // 예: ""/?code=SB2:xxxx""",내부 식별자/한글 원본·사용자 데이터 또는 설명 주석 후보; 이 행 자체는 노출/삭제 확정 근거가 아님
lib/models/alarm.dart,39,print('⚠️ 알람 날짜 파싱 실패: $value');,개발 로그/내부 예외. 사용자 노출 실패 설명은 localizedErrorDetail로 분리
lib/models/alarm_history.dart,39,print('⚠️ DateTime 파싱 실패: $value');,개발 로그/내부 예외. 사용자 노출 실패 설명은 localizedErrorDetail로 분리
lib/models/alarm_type.dart,75,"soundFile: 'default',  // 시스템 기본 알람음",내부 식별자/한글 원본·사용자 데이터 또는 설명 주석 후보; 이 행 자체는 노출/삭제 확정 근거가 아님
lib/models/calendar_theme.dart,145,"'주간',",내부 식별자/한글 원본·사용자 데이터 또는 설명 주석 후보; 이 행 자체는 노출/삭제 확정 근거가 아님
lib/models/calendar_theme.dart,146,"'야간',",내부 식별자/한글 원본·사용자 데이터 또는 설명 주석 후보; 이 행 자체는 노출/삭제 확정 근거가 아님
lib/models/calendar_theme.dart,147,"'오전',",내부 식별자/한글 원본·사용자 데이터 또는 설명 주석 후보; 이 행 자체는 노출/삭제 확정 근거가 아님
lib/models/calendar_theme.dart,148,"'오후',",내부 식별자/한글 원본·사용자 데이터 또는 설명 주석 후보; 이 행 자체는 노출/삭제 확정 근거가 아님
lib/models/calendar_theme.dart,149,"'휴무',",내부 식별자/한글 원본·사용자 데이터 또는 설명 주석 후보; 이 행 자체는 노출/삭제 확정 근거가 아님
lib/models/calendar_theme.dart,150,"'당직',",내부 식별자/한글 원본·사용자 데이터 또는 설명 주석 후보; 이 행 자체는 노출/삭제 확정 근거가 아님
lib/models/calendar_theme.dart,151,"'연장',",내부 식별자/한글 원본·사용자 데이터 또는 설명 주석 후보; 이 행 자체는 노출/삭제 확정 근거가 아님
lib/models/calendar_theme.dart,152,"'대기',",내부 식별자/한글 원본·사용자 데이터 또는 설명 주석 후보; 이 행 자체는 노출/삭제 확정 근거가 아님
lib/models/calendar_theme.dart,153,"'재택',",내부 식별자/한글 원본·사용자 데이터 또는 설명 주석 후보; 이 행 자체는 노출/삭제 확정 근거가 아님
lib/models/calendar_theme.dart,154,"'출장',",내부 식별자/한글 원본·사용자 데이터 또는 설명 주석 후보; 이 행 자체는 노출/삭제 확정 근거가 아님
lib/models/calendar_theme.dart,155,"'교육',",내부 식별자/한글 원본·사용자 데이터 또는 설명 주석 후보; 이 행 자체는 노출/삭제 확정 근거가 아님
lib/models/calendar_theme.dart,156,'특근',내부 식별자/한글 원본·사용자 데이터 또는 설명 주석 후보; 이 행 자체는 노출/삭제 확정 근거가 아님
lib/models/friend_schedule.dart,36,"final Map<String, String> assignedDates; // ""yyyy-MM-dd"" -> 근무명 (근무변경 예외)",내부 식별자/한글 원본·사용자 데이터 또는 설명 주석 후보; 이 행 자체는 노출/삭제 확정 근거가 아님
lib/models/shift_schedule.dart,22,const String kUnsetShiftSentinel = '미설정';,내부 식별자/한글 원본·사용자 데이터 또는 설명 주석 후보; 이 행 자체는 노출/삭제 확정 근거가 아님
lib/models/shift_schedule.dart,27,"const Set<String> kReservedShiftNames = {kUnsetShiftSentinel, '없음'};",내부 식별자/한글 원본·사용자 데이터 또는 설명 주석 후보; 이 행 자체는 노출/삭제 확정 근거가 아님
lib/models/shift_schedule.dart,192,"print('❌ startDate 파싱 실패: ${map['start_date']}, error: $e');",개발 로그/내부 예외. 사용자 노출 실패 설명은 localizedErrorDetail로 분리
lib/models/shift_schedule.dart,202,"print('❌ shiftColors 파싱 실패: ${map['shift_colors']}, error: $e');",개발 로그/내부 예외. 사용자 노출 실패 설명은 localizedErrorDetail로 분리
lib/models/shift_schedule.dart,212,"print('❌ customShiftColors 파싱 실패: ${map['custom_shift_colors']}, error: $e');",개발 로그/내부 예외. 사용자 노출 실패 설명은 localizedErrorDetail로 분리
lib/models/shift_schedule.dart,222,"print('❌ assignedDates 파싱 실패: ${map['assigned_dates']}, error: $e');",개발 로그/내부 예외. 사용자 노출 실패 설명은 localizedErrorDetail로 분리
lib/models/shift_schedule.dart,232,"print('❌ shiftDurations 파싱 실패: ${map['shift_durations']}, error: $e');",개발 로그/내부 예외. 사용자 노출 실패 설명은 localizedErrorDetail로 분리
lib/models/shift_schedule.dart,261,"'active_shift_types': activeShiftTypes?.join(','),  // ⭐ 추가",내부 식별자/한글 원본·사용자 데이터 또는 설명 주석 후보; 이 행 자체는 노출/삭제 확정 근거가 아님
lib/models/sleep_record.dart,105,final DateTime? end; // null = 진행 중(수동 '수면 중' 또는 자동 감지 후보 진행 중),한국어 전용 기능 또는 그 데이터/진단. F01/F02/F04 진입·수신 조건 추적; 한국어/사용자 데이터 보존
lib/providers/alarm_provider.dart,95,print('✅ AlarmGuardReceiver 트리거 완료');,개발 로그/내부 예외. 사용자 노출 실패 설명은 localizedErrorDetail로 분리
lib/providers/alarm_provider.dart,97,print('⚠️ AlarmGuardReceiver 트리거 실패: $e');,개발 로그/내부 예외. 사용자 노출 실패 설명은 localizedErrorDetail로 분리
lib/providers/alarm_provider.dart,101,print('✅ 알람 추가 완료 (ID: $dbId)');,개발 로그/내부 예외. 사용자 노출 실패 설명은 localizedErrorDetail로 분리
lib/providers/alarm_provider.dart,103,print('❌ 알람 추가 실패: $e');,개발 로그/내부 예외. 사용자 노출 실패 설명은 localizedErrorDetail로 분리
lib/providers/alarm_provider.dart,123,"print('📊 알람 상태: ${isRinging ? ""울림 중 → 울림 종료"" : ""울리기 전""}');",개발 로그/내부 예외. 사용자 노출 실패 설명은 localizedErrorDetail로 분리
lib/providers/alarm_provider.dart,125,print('⚠️ 알람 울림 확인/종료 실패: $e');,개발 로그/내부 예외. 사용자 노출 실패 설명은 localizedErrorDetail로 분리
lib/providers/alarm_provider.dart,141,print('⚠️ 삭제한 알람의 OS 예약 취소 실패: $e');,개발 로그/내부 예외. 사용자 노출 실패 설명은 localizedErrorDetail로 분리
lib/providers/alarm_provider.dart,161,print('⚠️ 원터치 삭제 뒤 고정 알람 예약 실패: $e');,개발 로그/내부 예외. 사용자 노출 실패 설명은 localizedErrorDetail로 분리
lib/providers/alarm_provider.dart,167,print('⚠️ 원터치 삭제 뒤 고정 알람 재계산 실패: $e');,개발 로그/내부 예외. 사용자 노출 실패 설명은 localizedErrorDetail로 분리
lib/providers/alarm_provider.dart,177,"print('✅ Notification 삭제 완료 (8888, 8889)');",개발 로그/내부 예외. 사용자 노출 실패 설명은 localizedErrorDetail로 분리
lib/providers/alarm_provider.dart,179,print('⚠️ Notification 삭제 실패: $e');,개발 로그/내부 예외. 사용자 노출 실패 설명은 localizedErrorDetail로 분리
lib/providers/alarm_provider.dart,185,print('✅ shownNotifications 정리 완료');,개발 로그/내부 예외. 사용자 노출 실패 설명은 localizedErrorDetail로 분리
lib/providers/alarm_provider.dart,187,print('⚠️ shownNotifications 정리 실패: $e');,개발 로그/내부 예외. 사용자 노출 실패 설명은 localizedErrorDetail로 분리
lib/providers/alarm_provider.dart,191,"print('✅ 알람 삭제 완료 (ID: $id, 울림 중: $isRinging)');",개발 로그/내부 예외. 사용자 노출 실패 설명은 localizedErrorDetail로 분리
lib/providers/alarm_provider.dart,195,print('❌ 알람 삭제 실패: $e');,개발 로그/내부 예외. 사용자 노출 실패 설명은 localizedErrorDetail로 분리
lib/providers/alarm_provider.dart,211,print('⚠️ 원터치 OS 예약 취소 실패: $e');,개발 로그/내부 예외. 사용자 노출 실패 설명은 localizedErrorDetail로 분리
lib/providers/alarm_provider.dart,228,print('⚠️ 설정 삭제 뒤 고정 알람 예약 실패: $e');,개발 로그/내부 예외. 사용자 노출 실패 설명은 localizedErrorDetail로 분리
lib/providers/alarm_provider.dart,234,print('⚠️ 설정 삭제 뒤 고정 알람 갱신 실패: $e');,개발 로그/내부 예외. 사용자 노출 실패 설명은 localizedErrorDetail로 분리
lib/providers/alarm_provider.dart,275,print('🔵 ${kAlarmRefreshWindowDays}일 창 밖 - 알람 재계산 스킵');,개발 로그/내부 예외. 사용자 노출 실패 설명은 localizedErrorDetail로 분리
lib/providers/alarm_provider.dart,290,print('⚠️ 네이티브 알람 취소 실패 (ID: $id): $e');,개발 로그/내부 예외. 사용자 노출 실패 설명은 localizedErrorDetail로 분리
lib/providers/alarm_provider.dart,302,print('⚠️ 네이티브 알람 등록 실패 (ID: ${s.id}): $e');,개발 로그/내부 예외. 사용자 노출 실패 설명은 localizedErrorDetail로 분리
lib/providers/alarm_provider.dart,308,"print('✅ 고정 알람 재생성 완료: 대상 ${targetDates.length}일 (삭제: ${result.cancelIds.length}, 생성: ${result.scheduled.length}, 실패: $failCount)');",개발 로그/내부 예외. 사용자 노출 실패 설명은 localizedErrorDetail로 분리
lib/providers/alarm_provider.dart,312,print('✅ AlarmProvider에서 AlarmGuardReceiver 트리거 완료');,개발 로그/내부 예외. 사용자 노출 실패 설명은 localizedErrorDetail로 분리
lib/providers/alarm_provider.dart,314,print('⚠️ AlarmProvider에서 AlarmGuardReceiver 트리거 실패: $e');,개발 로그/내부 예외. 사용자 노출 실패 설명은 localizedErrorDetail로 분리
lib/providers/alarm_provider.dart,330,print('❌ 고정 알람 재생성 실패: $e');,개발 로그/내부 예외. 사용자 노출 실패 설명은 localizedErrorDetail로 분리
lib/providers/alarm_provider.dart,350,print('✅ Native 알람 취소: DB ID $id');,개발 로그/내부 예외. 사용자 노출 실패 설명은 localizedErrorDetail로 분리
lib/providers/alarm_provider.dart,356,print('✅ 모든 Notification 삭제 완료');,개발 로그/내부 예외. 사용자 노출 실패 설명은 localizedErrorDetail로 분리
lib/providers/alarm_provider.dart,358,print('⚠️ Notification 삭제 실패: $e');,개발 로그/내부 예외. 사용자 노출 실패 설명은 localizedErrorDetail로 분리
lib/providers/alarm_provider.dart,364,print('✅ shownNotifications 정리 완료');,개발 로그/내부 예외. 사용자 노출 실패 설명은 localizedErrorDetail로 분리
lib/providers/alarm_provider.dart,366,print('⚠️ shownNotifications 정리 실패: $e');,개발 로그/내부 예외. 사용자 노출 실패 설명은 localizedErrorDetail로 분리
lib/providers/alarm_provider.dart,372,print('✅ AlarmGuardReceiver 취소 완료');,개발 로그/내부 예외. 사용자 노출 실패 설명은 localizedErrorDetail로 분리
lib/providers/alarm_provider.dart,374,print('⚠️ AlarmGuardReceiver 취소 실패: $e');,개발 로그/내부 예외. 사용자 노출 실패 설명은 localizedErrorDetail로 분리
lib/providers/alarm_provider.dart,378,print('🗑️🔥 모든 알람 완전 삭제 완료 (템플릿 포함)');,개발 로그/내부 예외. 사용자 노출 실패 설명은 localizedErrorDetail로 분리
lib/providers/alarm_provider.dart,380,print('❌ 알람 완전 삭제 실패: $e');,개발 로그/내부 예외. 사용자 노출 실패 설명은 localizedErrorDetail로 분리
lib/providers/alarm_provider.dart,393,print('✅ 알람 타입 변경 완료 (ID: $alarmId → 타입: $newTypeId)');,개발 로그/내부 예외. 사용자 노출 실패 설명은 localizedErrorDetail로 분리
lib/providers/alarm_provider.dart,395,print('❌ 알람 타입 변경 실패: $e');,개발 로그/내부 예외. 사용자 노출 실패 설명은 localizedErrorDetail로 분리
lib/providers/calendar_theme_provider.dart,25,print('❌ 달력 테마 저장 실패: $e');,개발 로그/내부 예외. 사용자 노출 실패 설명은 localizedErrorDetail로 분리
lib/providers/calendar_theme_provider.dart,42,print('❌ 달력 테마 로드 실패: $e');,개발 로그/내부 예외. 사용자 노출 실패 설명은 localizedErrorDetail로 분리
lib/providers/friend_provider.dart,55,print('⚠️ 친구 스케줄 캐시 형식 오류: $error');,개발 로그/내부 예외. 사용자 노출 실패 설명은 localizedErrorDetail로 분리
lib/providers/friend_provider.dart,109,print('⚠️ 친구 추가 실패: $e');,개발 로그/내부 예외. 사용자 노출 실패 설명은 localizedErrorDetail로 분리
lib/providers/memo_provider.dart,30,print('⚠️ 메모 내용이 비어있습니다.');,개발 로그/내부 예외. 사용자 노출 실패 설명은 localizedErrorDetail로 분리
lib/providers/memo_provider.dart,49,print('⚠️ 메모 내용이 비어있습니다.');,개발 로그/내부 예외. 사용자 노출 실패 설명은 localizedErrorDetail로 분리
lib/providers/schedule_provider.dart,49,"if (invalid.isNotEmpty) print('⚠️ 저장된 근무명 검증 실패(자동 변환 안 함, D6): $invalid');",개발 로그/내부 예외. 사용자 노출 실패 설명은 localizedErrorDetail로 분리
lib/providers/schedule_provider.dart,220,print('⚠️ 공유 중지 저장 실패; 스케줄 초기화는 계속 진행: $error');,개발 로그/내부 예외. 사용자 노출 실패 설명은 localizedErrorDetail로 분리
lib/providers/schedule_provider.dart,230,print('✅ Native 알람 취소: DB ID $id');,개발 로그/내부 예외. 사용자 노출 실패 설명은 localizedErrorDetail로 분리
lib/providers/schedule_provider.dart,237,print('✅ 모든 Notification 삭제 완료');,개발 로그/내부 예외. 사용자 노출 실패 설명은 localizedErrorDetail로 분리
lib/providers/schedule_provider.dart,239,print('⚠️ Notification 삭제 실패: $e');,개발 로그/내부 예외. 사용자 노출 실패 설명은 localizedErrorDetail로 분리
lib/providers/schedule_provider.dart,245,print('✅ shownNotifications 정리 완료');,개발 로그/내부 예외. 사용자 노출 실패 설명은 localizedErrorDetail로 분리
lib/providers/schedule_provider.dart,247,print('⚠️ shownNotifications 정리 실패: $e');,개발 로그/내부 예외. 사용자 노출 실패 설명은 localizedErrorDetail로 분리
lib/providers/schedule_provider.dart,253,print('✅ AlarmGuardReceiver 취소 완료');,개발 로그/내부 예외. 사용자 노출 실패 설명은 localizedErrorDetail로 분리
lib/providers/schedule_provider.dart,255,print('⚠️ AlarmGuardReceiver 취소 실패: $e');,개발 로그/내부 예외. 사용자 노출 실패 설명은 localizedErrorDetail로 분리
lib/providers/schedule_provider.dart,266,print('🗑️ 교대근무 초기화 완료');,개발 로그/내부 예외. 사용자 노출 실패 설명은 localizedErrorDetail로 분리
lib/providers/schedule_provider.dart,269,print('❌ 교대근무 초기화 실패: $e');,개발 로그/내부 예외. 사용자 노출 실패 설명은 localizedErrorDetail로 분리
lib/providers/schedule_provider.dart,286,print('❌ 스케줄 없음 또는 ID 없음');,개발 로그/내부 예외. 사용자 노출 실패 설명은 localizedErrorDetail로 분리
lib/providers/schedule_provider.dart,314,"print('🔵 날짜: $dateStr, 새 근무: $newShiftType');",개발 로그/내부 예외. 사용자 노출 실패 설명은 localizedErrorDetail로 분리
lib/providers/schedule_provider.dart,351,print('⚠️ 네이티브 알람 등록 실패 (ID: ${s.id}): $e');,개발 로그/내부 예외. 사용자 노출 실패 설명은 localizedErrorDetail로 분리
lib/providers/schedule_provider.dart,355,print('⚠️ 알람 등록 실패 $failCount/${result!.scheduled.length}');,개발 로그/내부 예외. 사용자 노출 실패 설명은 localizedErrorDetail로 분리
lib/providers/schedule_provider.dart,357,"print('🔵 알람 재계산: 대상 ${targetDates.length}일 (삭제: ${result!.cancelIds.length}, 생성: ${result!.scheduled.length})');",개발 로그/내부 예외. 사용자 노출 실패 설명은 localizedErrorDetail로 분리
lib/providers/schedule_provider.dart,359,print('🔵 ${kAlarmRefreshWindowDays}일 이후 날짜라서 알람은 생성하지 않음 (자정 갱신 시 자동 생성됨)');,개발 로그/내부 예외. 사용자 노출 실패 설명은 localizedErrorDetail로 분리
lib/providers/schedule_provider.dart,367,print('✅ 스케줄 + 알람 변경 완료');,개발 로그/내부 예외. 사용자 노출 실패 설명은 localizedErrorDetail로 분리
lib/providers/schedule_provider.dart,370,print('✅ Provider에서 AlarmGuardReceiver 트리거 완료');,개발 로그/내부 예외. 사용자 노출 실패 설명은 localizedErrorDetail로 분리
lib/providers/schedule_provider.dart,372,print('⚠️ Provider에서 AlarmGuardReceiver 트리거 실패: $e');,개발 로그/내부 예외. 사용자 노출 실패 설명은 localizedErrorDetail로 분리
lib/providers/sleep_record_provider.dart,33,debugPrint('⚠️ recordSleepAutoRejection 실패(무시): $e');,개발 로그/내부 예외. 사용자 노출 실패 설명은 localizedErrorDetail로 분리
lib/providers/tab_visibility_provider.dart,43,if (!synced) throw StateError('일정관리 탭 Native 동기화 실패');,개발 로그/내부 예외. 사용자 노출 실패 설명은 localizedErrorDetail로 분리
lib/providers/tab_visibility_provider.dart,51,throw StateError('탭 설정 저장 실패: $_prefsKey');,개발 로그/내부 예외. 사용자 노출 실패 설명은 localizedErrorDetail로 분리
lib/providers/work_hours_settings_provider.dart,109,return '$sy년 ${s.month}/${s.day} ~ ${e.month}/${e.day} 기준';,내부 식별자/한글 원본·사용자 데이터 또는 설명 주석 후보; 이 행 자체는 노출/삭제 확정 근거가 아님
lib/providers/work_hours_settings_provider.dart,111,return '$sy년 ${s.month}/${s.day} ~ $ey년 ${e.month}/${e.day} 기준';,내부 식별자/한글 원본·사용자 데이터 또는 설명 주석 후보; 이 행 자체는 노출/삭제 확정 근거가 아님
lib/screens/all_alarms_history_view.dart,153,print('❌ 데이터 로드 실패: $e');,개발 로그/내부 예외. 사용자 노출 실패 설명은 localizedErrorDetail로 분리
lib/screens/all_shifts_view.dart,50,"String _myTeam = ''; // ⭐ 2026-09-05 - 편집 화면 프리필용(""내 조"" 자동인식)",내부 식별자/한글 원본·사용자 데이터 또는 설명 주석 후보; 이 행 자체는 노출/삭제 확정 근거가 아님
lib/screens/all_teams_setup_screen.dart,81,"_RosterEntry? _pickedEntry; // 지금 ""집어든"" 조(탭-탭 배치용)",내부 식별자/한글 원본·사용자 데이터 또는 설명 주석 후보; 이 행 자체는 노출/삭제 확정 근거가 아님
lib/screens/calendar_tab.dart,196,if (shift == '미설정' || shift.isEmpty) return Colors.transparent;,내부 식별자/한글 원본·사용자 데이터 또는 설명 주석 후보; 이 행 자체는 노출/삭제 확정 근거가 아님
lib/screens/calendar_tab.dart,199,if (shift == '없음') {,내부 식별자/한글 원본·사용자 데이터 또는 설명 주석 후보; 이 행 자체는 노출/삭제 확정 근거가 아님
lib/screens/calendar_tab.dart,213,if (shift == '미설정' || shift.isEmpty) return Colors.transparent;,내부 식별자/한글 원본·사용자 데이터 또는 설명 주석 후보; 이 행 자체는 노출/삭제 확정 근거가 아님
lib/screens/calendar_tab.dart,216,if (shift == '없음') {,내부 식별자/한글 원본·사용자 데이터 또는 설명 주석 후보; 이 행 자체는 노출/삭제 확정 근거가 아님
lib/screens/calendar_tab.dart,357,"isKorean ? '$selectedYear년' : '$selectedYear',",내부 식별자/한글 원본·사용자 데이터 또는 설명 주석 후보; 이 행 자체는 노출/삭제 확정 근거가 아님
lib/screens/calendar_tab.dart,413,? '$month월',내부 식별자/한글 원본·사용자 데이터 또는 설명 주석 후보; 이 행 자체는 노출/삭제 확정 근거가 아님
lib/screens/calendar_tab.dart,1161,? '전체 조\n근무표',내부 식별자/한글 원본·사용자 데이터 또는 설명 주석 후보; 이 행 자체는 노출/삭제 확정 근거가 아님
lib/screens/calendar_tab.dart,2555,? '$y년 $m월',내부 식별자/한글 원본·사용자 데이터 또는 설명 주석 후보; 이 행 자체는 노출/삭제 확정 근거가 아님
lib/screens/calendar_tab.dart,2581,"isKorean ? '$y년 $m월' : DateFormat.yMMMM(Localizations.localeOf(context).toString()).format(_focusedDay),",내부 식별자/한글 원본·사용자 데이터 또는 설명 주석 후보; 이 행 자체는 노출/삭제 확정 근거가 아님
lib/screens/calendar_tab.dart,3615,"text: '가9', style: inheritedStyle.copyWith(fontSize: fontSize)),",내부 식별자/한글 원본·사용자 데이터 또는 설명 주석 후보; 이 행 자체는 노출/삭제 확정 근거가 아님
lib/screens/calendar_tab.dart,3798,final hasShift = shiftText.isNotEmpty && shiftText != '미설정';,내부 식별자/한글 원본·사용자 데이터 또는 설명 주석 후보; 이 행 자체는 노출/삭제 확정 근거가 아님
lib/screens/calendar_tab.dart,3853,"text: '가9',",내부 식별자/한글 원본·사용자 데이터 또는 설명 주석 후보; 이 행 자체는 노출/삭제 확정 근거가 아님
lib/screens/calendar_tab.dart,5035,shiftText != '미설정' &&,내부 식별자/한글 원본·사용자 데이터 또는 설명 주석 후보; 이 행 자체는 노출/삭제 확정 근거가 아님
lib/screens/calendar_tab.dart,5078,if (shiftText.isNotEmpty && shiftText != '미설정'),내부 식별자/한글 원본·사용자 데이터 또는 설명 주석 후보; 이 행 자체는 노출/삭제 확정 근거가 아님
lib/screens/calendar_tab.dart,5320,currentShift != '미설정' &&,내부 식별자/한글 원본·사용자 데이터 또는 설명 주석 후보; 이 행 자체는 노출/삭제 확정 근거가 아님
lib/screens/calendar_tab.dart,6060,"'🔍 알람 타입 선택 팝업 열림 - alarm.id: ${alarm.id}, alarmTypeId: ${alarm.alarmTypeId}');",내부 식별자/한글 원본·사용자 데이터 또는 설명 주석 후보; 이 행 자체는 노출/삭제 확정 근거가 아님
lib/screens/calendar_tab.dart,6064,print('🏗️ AlertDialog 빌드 시작');,개발 로그/내부 예외. 사용자 노출 실패 설명은 localizedErrorDetail로 분리
lib/screens/calendar_tab.dart,6238,print('⚠️ Notification 삭제 실패: $e');,개발 로그/내부 예외. 사용자 노출 실패 설명은 localizedErrorDetail로 분리
lib/screens/calendar_tab.dart,6245,print('⚠️ AlarmGuardReceiver 트리거 실패: $e');,개발 로그/내부 예외. 사용자 노출 실패 설명은 localizedErrorDetail로 분리
lib/screens/calendar_tab.dart,6256,print('❌ _deleteAlarm 실패: $e');,개발 로그/내부 예외. 사용자 노출 실패 설명은 localizedErrorDetail로 분리
lib/screens/calendar_tab.dart,6286,"print('🎨 빌드: typeId=$typeId, label=$label, isSelected=$isSelected');",개발 로그/내부 예외. 사용자 노출 실패 설명은 localizedErrorDetail로 분리
lib/screens/calendar_tab.dart,6377,"schedule.isRegular ? baseShifts : [...baseShifts, '없음'];",내부 식별자/한글 원본·사용자 데이터 또는 설명 주석 후보; 이 행 자체는 노출/삭제 확정 근거가 아님
lib/screens/calendar_tab.dart,6437,shiftType == '없음',내부 식별자/한글 원본·사용자 데이터 또는 설명 주석 후보; 이 행 자체는 노출/삭제 확정 근거가 아님
lib/screens/calendar_tab.dart,6470,final actualShiftType = shiftType == '없음' ? '미설정' : shiftType;,내부 식별자/한글 원본·사용자 데이터 또는 설명 주석 후보; 이 행 자체는 노출/삭제 확정 근거가 아님
lib/screens/calendar_tab.dart,6538,print('❌ _bulkAssignShift 실패: $e');,개발 로그/내부 예외. 사용자 노출 실패 설명은 localizedErrorDetail로 분리
lib/screens/calendar_tab.dart,6588,print('⚠️ 템플릿 조회 실패: $e');,개발 로그/내부 예외. 사용자 노출 실패 설명은 localizedErrorDetail로 분리
lib/screens/calendar_theme_lab_screen.dart,103,const _mockHolidayName = '광복절';,내부 식별자/한글 원본·사용자 데이터 또는 설명 주석 후보; 이 행 자체는 노출/삭제 확정 근거가 아님
lib/screens/condition_tab.dart,45,const String kSleepRecoveryTabLabel = '수면·회복';,한국어 전용 기능 또는 그 데이터/진단. F01/F02/F04 진입·수신 조건 추적; 한국어/사용자 데이터 보존
lib/screens/condition_tab.dart,71,"error: (e, st) => Center(child: Text('불러오지 못했습니다: $e')),",한국어 전용 기능 또는 그 데이터/진단. F01/F02/F04 진입·수신 조건 추적; 한국어/사용자 데이터 보존
lib/screens/condition_tab.dart,96,"'먼저 근무 스케줄을 설정해주세요.\n(달력 탭에서 설정할 수 있어요)',",한국어 전용 기능 또는 그 데이터/진단. F01/F02/F04 진입·수신 조건 추적; 한국어/사용자 데이터 보존
lib/screens/condition_tab.dart,179,"'$skipped건은 이미 기록된 수면과 겹쳐서 확인하지 않았어요. 남은 카드에서 ""기록하지 않기""나 ""수정""을 눌러 주세요.')));",한국어 전용 기능 또는 그 데이터/진단. F01/F02/F04 진입·수신 조건 추적; 한국어/사용자 데이터 보존
lib/screens/condition_tab.dart,183,"label: const Text('보이는 기록 모두 확인'),",한국어 전용 기능 또는 그 데이터/진단. F01/F02/F04 진입·수신 조건 추적; 한국어/사용자 데이터 보존
lib/screens/condition_tab.dart,192,"'확인을 기다리는 자동 기록이 ${pending.length - _kMaxPendingCards}건 더 있어요. 위 카드를 처리하면 이어서 보여드려요.',",한국어 전용 기능 또는 그 데이터/진단. F01/F02/F04 진입·수신 조건 추적; 한국어/사용자 데이터 보존
lib/screens/condition_tab.dart,245,"'오늘의 컨디션을 보려면 근무시간이 필요해요',",한국어 전용 기능 또는 그 데이터/진단. F01/F02/F04 진입·수신 조건 추적; 한국어/사용자 데이터 보존
lib/screens/condition_tab.dart,250,"'쓰고 있는 근무 중 하나 이상의 출퇴근 시각을 입력하면, 근무 사이 회복시간과 퇴근 후 실제 수면을 바탕으로 '",한국어 전용 기능 또는 그 데이터/진단. F01/F02/F04 진입·수신 조건 추적; 한국어/사용자 데이터 보존
lib/screens/condition_tab.dart,251,'몇 시까지 잠자리에 들지·카페인을 언제 끊을지 같은 오늘 챙길 일을 알려드려요.\n',한국어 전용 기능 또는 그 데이터/진단. F01/F02/F04 진입·수신 조건 추적; 한국어/사용자 데이터 보존
lib/screens/condition_tab.dart,252,"'수면 기록은 지금도 아래 ""최근 수면 기록""에서 남길 수 있어요.',",한국어 전용 기능 또는 그 데이터/진단. F01/F02/F04 진입·수신 조건 추적; 한국어/사용자 데이터 보존
lib/screens/condition_tab.dart,265,"label: const Text('근무시간 입력하기'),",한국어 전용 기능 또는 그 데이터/진단. F01/F02/F04 진입·수신 조건 추적; 한국어/사용자 데이터 보존
lib/screens/condition_tab.dart,314,"'오늘의 컨디션',",한국어 전용 기능 또는 그 데이터/진단. F01/F02/F04 진입·수신 조건 추적; 한국어/사용자 데이터 보존
lib/screens/condition_tab.dart,342,"const _SectionLabel('최근 근무·수면'),",한국어 전용 기능 또는 그 데이터/진단. F01/F02/F04 진입·수신 조건 추적; 한국어/사용자 데이터 보존
lib/screens/condition_tab.dart,345,"const Text('아직 살펴볼 내용이 없어요.',",한국어 전용 기능 또는 그 데이터/진단. F01/F02/F04 진입·수신 조건 추적; 한국어/사용자 데이터 보존
lib/screens/condition_tab.dart,350,"const _SectionLabel('추천 행동'),",한국어 전용 기능 또는 그 데이터/진단. F01/F02/F04 진입·수신 조건 추적; 한국어/사용자 데이터 보존
lib/screens/condition_tab.dart,354,"'지금 따로 챙길 행동은 없어요. 평소 수면 리듬을 유지하세요.',",한국어 전용 기능 또는 그 데이터/진단. F01/F02/F04 진입·수신 조건 추적; 한국어/사용자 데이터 보존
lib/screens/condition_tab.dart,377,"label: Text(_showEvidence ? '근거 접기' : '근거 보기',",한국어 전용 기능 또는 그 데이터/진단. F01/F02/F04 진입·수신 조건 추적; 한국어/사용자 데이터 보존
lib/screens/condition_tab.dart,399,"ConditionLevel.normal => ('근무 부담 보통', const Color(0xFF2E7D32)),",한국어 전용 기능 또는 그 데이터/진단. F01/F02/F04 진입·수신 조건 추적; 한국어/사용자 데이터 보존
lib/screens/condition_tab.dart,400,"ConditionLevel.attention => ('주의가 필요한 날', const Color(0xFFB26A00)),",한국어 전용 기능 또는 그 데이터/진단. F01/F02/F04 진입·수신 조건 추적; 한국어/사용자 데이터 보존
lib/screens/condition_tab.dart,401,"ConditionLevel.highLoad => ('회복 부담이 큰 날', const Color(0xFFC62828)),",한국어 전용 기능 또는 그 데이터/진단. F01/F02/F04 진입·수신 조건 추적; 한국어/사용자 데이터 보존
lib/screens/condition_tab.dart,514,"'수면·교대근무 연구를 참고한 일반적인 안내예요(의학적 진단이 아니에요).',",한국어 전용 기능 또는 그 데이터/진단. F01/F02/F04 진입·수신 조건 추적; 한국어/사용자 데이터 보존
lib/screens/condition_tab.dart,546,"const _SectionLabel('최근 수면'),",한국어 전용 기능 또는 그 데이터/진단. F01/F02/F04 진입·수신 조건 추적; 한국어/사용자 데이터 보존
lib/screens/condition_tab.dart,578,"Text('판단 범위',",한국어 전용 기능 또는 그 데이터/진단. F01/F02/F04 진입·수신 조건 추적; 한국어/사용자 데이터 보존
lib/screens/condition_tab.dart,636,"title: '수면 시각 수정',",한국어 전용 기능 또는 그 데이터/진단. F01/F02/F04 진입·수신 조건 추적; 한국어/사용자 데이터 보존
lib/screens/condition_tab.dart,661,: '진행 중';,한국어 전용 기능 또는 그 데이터/진단. F01/F02/F04 진입·수신 조건 추적; 한국어/사용자 데이터 보존
lib/screens/condition_tab.dart,676,"'이때 주무셨나요?',",한국어 전용 기능 또는 그 데이터/진단. F01/F02/F04 진입·수신 조건 추적; 한국어/사용자 데이터 보존
lib/screens/condition_tab.dart,686,"? '${fmtDateTime(record.start)} ~ ${fmtDateTime(end)}, 약 $durationText 동안 폰을 쓰지 않아 수면으로 추정했어요.'",한국어 전용 기능 또는 그 데이터/진단. F01/F02/F04 진입·수신 조건 추적; 한국어/사용자 데이터 보존
lib/screens/condition_tab.dart,687,": '${fmtDateTime(record.start)}부터 수면 중인 것으로 추정됩니다.\n(잠시 후 기상 시각이 추정되면 다시 표시돼요)',",한국어 전용 기능 또는 그 데이터/진단. F01/F02/F04 진입·수신 조건 추적; 한국어/사용자 데이터 보존
lib/screens/condition_tab.dart,693,"'확인한 기록만 오늘의 컨디션에 반영돼요. 수면이 아니었다면 ""기록하지 않기""를 눌러주세요(다음부터 덜 잡혀요).',",한국어 전용 기능 또는 그 데이터/진단. F01/F02/F04 진입·수신 조건 추적; 한국어/사용자 데이터 보존
lib/screens/condition_tab.dart,707,"child: const Text('기록하지 않기'),",한국어 전용 기능 또는 그 데이터/진단. F01/F02/F04 진입·수신 조건 추적; 한국어/사용자 데이터 보존
lib/screens/condition_tab.dart,711,"child: const Text('수정'),",한국어 전용 기능 또는 그 데이터/진단. F01/F02/F04 진입·수신 조건 추적; 한국어/사용자 데이터 보존
lib/screens/condition_tab.dart,720,"child: const Text('맞아요'),",한국어 전용 기능 또는 그 데이터/진단. F01/F02/F04 진입·수신 조건 추적; 한국어/사용자 데이터 보존
lib/screens/condition_tab.dart,765,"child: Text('최근 수면 기록',",한국어 전용 기능 또는 그 데이터/진단. F01/F02/F04 진입·수신 조건 추적; 한국어/사용자 데이터 보존
lib/screens/condition_tab.dart,775,"label: const Text('전체보기'),",한국어 전용 기능 또는 그 데이터/진단. F01/F02/F04 진입·수신 조건 추적; 한국어/사용자 데이터 보존
lib/screens/condition_tab.dart,782,"'칸을 눌러 수면을 기록·수정할 수 있어요. 옆으로 밀면 지난 날짜가 보여요 →',",한국어 전용 기능 또는 그 데이터/진단. F01/F02/F04 진입·수신 조건 추적; 한국어/사용자 데이터 보존
lib/screens/condition_tab.dart,852,"child: Text('내 근무별 수면 패턴',",한국어 전용 기능 또는 그 데이터/진단. F01/F02/F04 진입·수신 조건 추적; 한국어/사용자 데이터 보존
lib/screens/condition_tab.dart,860,"'최근 30일 중 수면 기록이 있는 날을 근무 유형별로 비교해요.',",한국어 전용 기능 또는 그 데이터/진단. F01/F02/F04 진입·수신 조건 추적; 한국어/사용자 데이터 보존
lib/screens/condition_tab.dart,884,"'아직 평균을 만드는 중이에요. 같은 근무 유형의 수면이 3일 쌓이면 주 수면과 낮잠을 나눠 보여드려요.',",한국어 전용 기능 또는 그 데이터/진단. F01/F02/F04 진입·수신 조건 추적; 한국어/사용자 데이터 보존
lib/screens/condition_tab.dart,894,"'평균 준비 중 · 유형별 3일 필요',",한국어 전용 기능 또는 그 데이터/진단. F01/F02/F04 진입·수신 조건 추적; 한국어/사용자 데이터 보존
lib/screens/condition_tab.dart,915,"'${_sleepCategoryRowLabel(category)} ${stats.samplesFor(category)}/$kMinSampleDaysForCategoryAverage일',",한국어 전용 기능 또는 그 데이터/진단. F01/F02/F04 진입·수신 조건 추적; 한국어/사용자 데이터 보존
lib/screens/condition_tab.dart,925,"'하루는 주 수면 1건과 낮잠 최대 2건만 합산해요. 빠진 기록이 있으면 평균이 낮게 보일 수 있어요.',",한국어 전용 기능 또는 그 데이터/진단. F01/F02/F04 진입·수신 조건 추적; 한국어/사용자 데이터 보존
lib/screens/condition_tab.dart,944,c == ShiftTimeCategory.off ? '휴무일' : '${c.label} 근무일';,한국어 전용 기능 또는 그 데이터/진단. F01/F02/F04 진입·수신 조건 추적; 한국어/사용자 데이터 보존
lib/screens/condition_tab.dart,958,"_item(_swatch(_kMainSleepBarColor), '주 수면'),",한국어 전용 기능 또는 그 데이터/진단. F01/F02/F04 진입·수신 조건 추적; 한국어/사용자 데이터 보존
lib/screens/condition_tab.dart,959,"_item(_swatch(_kNapBarColor), '낮잠'),",한국어 전용 기능 또는 그 데이터/진단. F01/F02/F04 진입·수신 조건 추적; 한국어/사용자 데이터 보존
lib/screens/condition_tab.dart,961,"Container(width: 1.5, height: 10, color: Colors.black38), '권장 7시간'),",한국어 전용 기능 또는 그 데이터/진단. F01/F02/F04 진입·수신 조건 추적; 한국어/사용자 데이터 보존
lib/screens/condition_tab.dart,1015,"'평균 ${fmtDuration(Duration(minutes: total))}',",한국어 전용 기능 또는 그 데이터/진단. F01/F02/F04 진입·수신 조건 추적; 한국어/사용자 데이터 보존
lib/screens/condition_tab.dart,1023,"Text('(${average.sampleDays}일)',",한국어 전용 기능 또는 그 데이터/진단. F01/F02/F04 진입·수신 조건 추적; 한국어/사용자 데이터 보존
lib/screens/condition_tab.dart,1038,? '주 수면 ${fmtDuration(Duration(minutes: average.averageMainMinutes))}',한국어 전용 기능 또는 그 데이터/진단. F01/F02/F04 진입·수신 조건 추적; 한국어/사용자 데이터 보존
lib/screens/condition_tab.dart,1039,' · 낮잠 ${fmtDuration(Duration(minutes: average.averageNapMinutes))}',한국어 전용 기능 또는 그 데이터/진단. F01/F02/F04 진입·수신 조건 추적; 한국어/사용자 데이터 보존
lib/screens/condition_tab.dart,1040,": '주 수면 ${fmtDuration(Duration(minutes: average.averageMainMinutes))}',",한국어 전용 기능 또는 그 데이터/진단. F01/F02/F04 진입·수신 조건 추적; 한국어/사용자 데이터 보존
lib/screens/condition_tab.dart,1224,"const Text('+ 기록',",한국어 전용 기능 또는 그 데이터/진단. F01/F02/F04 진입·수신 조건 추적; 한국어/사용자 데이터 보존
lib/screens/condition_tab.dart,1235,: '${fmtTimeOnly(r.start)}~ 진행중';,한국어 전용 기능 또는 그 데이터/진단. F01/F02/F04 진입·수신 조건 추적; 한국어/사용자 데이터 보존
lib/screens/memo_list_view.dart,77,if (isKorean) return '$year년 $month월';,내부 식별자/한글 원본·사용자 데이터 또는 설명 주석 후보; 이 행 자체는 노출/삭제 확정 근거가 아님
lib/screens/memo_list_view.dart,84,if (isKorean) return '${date.month}월 ${date.day}일 ($weekday)';,내부 식별자/한글 원본·사용자 데이터 또는 설명 주석 후보; 이 행 자체는 노출/삭제 확정 근거가 아님
lib/screens/next_alarm_tab.dart,97,print('⚠️ Notification 삭제 실패: $e');,개발 로그/내부 예외. 사용자 노출 실패 설명은 localizedErrorDetail로 분리
lib/screens/next_alarm_tab.dart,103,print('⚠️ AlarmGuardReceiver 트리거 실패: $e');,개발 로그/내부 예외. 사용자 노출 실패 설명은 localizedErrorDetail로 분리
lib/screens/next_alarm_tab.dart,548,"return const Duration(minutes: 30); // ""N일 후"" - 아주 가끔만 갱신",내부 식별자/한글 원본·사용자 데이터 또는 설명 주석 후보; 이 행 자체는 노출/삭제 확정 근거가 아님
lib/screens/onboarding_screen.dart,900,return '🔔'; // 소리+진동,내부 식별자/한글 원본·사용자 데이터 또는 설명 주석 후보; 이 행 자체는 노출/삭제 확정 근거가 아님
lib/screens/onboarding_screen.dart,902,return '📳'; // 진동,내부 식별자/한글 원본·사용자 데이터 또는 설명 주석 후보; 이 행 자체는 노출/삭제 확정 근거가 아님
lib/screens/onboarding_screen.dart,904,return '🔇'; // 무음,내부 식별자/한글 원본·사용자 데이터 또는 설명 주석 후보; 이 행 자체는 노출/삭제 확정 근거가 아님
lib/screens/onboarding_screen.dart,988,print('✅ 알람 템플릿 저장 완료');,개발 로그/내부 예외. 사용자 노출 실패 설명은 localizedErrorDetail로 분리
lib/screens/onboarding_screen.dart,1005,debugPrint('❌ 온보딩 저장 실패: $e');,개발 로그/내부 예외. 사용자 노출 실패 설명은 localizedErrorDetail로 분리
lib/screens/onboarding_screen.dart,1046,print('⚠️ 개별 알람 취소 실패 (ID: $id): $e');,개발 로그/내부 예외. 사용자 노출 실패 설명은 localizedErrorDetail로 분리
lib/screens/onboarding_screen.dart,1049,print('🗑️ 온보딩: 기존 알람 전체 삭제 완료');,개발 로그/내부 예외. 사용자 노출 실패 설명은 localizedErrorDetail로 분리
lib/screens/onboarding_screen.dart,1051,print('⚠️ 기존 알람 삭제 실패: $e');,개발 로그/내부 예외. 사용자 노출 실패 설명은 localizedErrorDetail로 분리
lib/screens/onboarding_screen.dart,1063,print('✅ 온보딩 완료 - AlarmNotifier 갱신 완료');,개발 로그/내부 예외. 사용자 노출 실패 설명은 localizedErrorDetail로 분리
lib/screens/onboarding_screen.dart,1065,print('❌ AlarmNotifier 갱신 실패: $e');,개발 로그/내부 예외. 사용자 노출 실패 설명은 localizedErrorDetail로 분리
lib/screens/onboarding_screen.dart,1092,print('🔄 10일치 알람 생성 시작...');,개발 로그/내부 예외. 사용자 노출 실패 설명은 localizedErrorDetail로 분리
lib/screens/onboarding_screen.dart,1152,print('✅ ${alarms.length}개 알람 생성 완료');,개발 로그/내부 예외. 사용자 노출 실패 설명은 localizedErrorDetail로 분리
lib/screens/restore_progress_screen.dart,57,debugPrint('🧯 [restore] 복원 시작 실패: $e');,개발 로그/내부 예외. 사용자 노출 실패 설명은 localizedErrorDetail로 분리
lib/screens/schedule_management_tab.dart,1710,debugPrint('❌ 일정 저장 실패: $e');,개발 로그/내부 예외. 사용자 노출 실패 설명은 localizedErrorDetail로 분리
lib/screens/schedule_management_tab.dart,1755,debugPrint('❌ 일정 삭제 실패: $e');,개발 로그/내부 예외. 사용자 노출 실패 설명은 localizedErrorDetail로 분리
lib/screens/schedule_management_tab.dart,1768,debugPrint('❌ 일정 수정 실패: $e');,개발 로그/내부 예외. 사용자 노출 실패 설명은 localizedErrorDetail로 분리
lib/screens/schedule_management_tab.dart,3081,"('work', '업무', 'assets/icons/memo_category/work.svg'),",한국어 전용 기능 또는 그 데이터/진단. F01/F02/F04 진입·수신 조건 추적; 한국어/사용자 데이터 보존
lib/screens/schedule_management_tab.dart,3082,"('study', '공부', 'assets/icons/memo_category/study.svg'),",한국어 전용 기능 또는 그 데이터/진단. F01/F02/F04 진입·수신 조건 추적; 한국어/사용자 데이터 보존
lib/screens/schedule_management_tab.dart,3083,"('exercise', '운동', 'assets/icons/memo_category/exercise.svg'),",한국어 전용 기능 또는 그 데이터/진단. F01/F02/F04 진입·수신 조건 추적; 한국어/사용자 데이터 보존
lib/screens/schedule_management_tab.dart,3084,"('health', '병원·건강관리', 'assets/icons/memo_category/health.svg'),",한국어 전용 기능 또는 그 데이터/진단. F01/F02/F04 진입·수신 조건 추적; 한국어/사용자 데이터 보존
lib/screens/schedule_management_tab.dart,3085,"('meal', '식사', 'assets/icons/memo_category/meal.svg'),",한국어 전용 기능 또는 그 데이터/진단. F01/F02/F04 진입·수신 조건 추적; 한국어/사용자 데이터 보존
lib/screens/schedule_management_tab.dart,3086,"('social', '약속/사교', 'assets/icons/memo_category/social.svg'),",한국어 전용 기능 또는 그 데이터/진단. F01/F02/F04 진입·수신 조건 추적; 한국어/사용자 데이터 보존
lib/screens/schedule_management_tab.dart,3087,"('family', '가족', 'assets/icons/memo_category/family.svg'),",한국어 전용 기능 또는 그 데이터/진단. F01/F02/F04 진입·수신 조건 추적; 한국어/사용자 데이터 보존
lib/screens/schedule_management_tab.dart,3088,"('shopping', '쇼핑', 'assets/icons/memo_category/shopping.svg'),",한국어 전용 기능 또는 그 데이터/진단. F01/F02/F04 진입·수신 조건 추적; 한국어/사용자 데이터 보존
lib/screens/schedule_management_tab.dart,3089,"('leisure', '여가/휴식', 'assets/icons/memo_category/leisure.svg'),",한국어 전용 기능 또는 그 데이터/진단. F01/F02/F04 진입·수신 조건 추적; 한국어/사용자 데이터 보존
lib/screens/schedule_management_tab.dart,3092,"('running', '달리기', 'assets/icons/memo_category/running.svg'),",한국어 전용 기능 또는 그 데이터/진단. F01/F02/F04 진입·수신 조건 추적; 한국어/사용자 데이터 보존
lib/screens/schedule_management_tab.dart,3093,"('swimming', '수영', 'assets/icons/memo_category/swimming.svg'),",한국어 전용 기능 또는 그 데이터/진단. F01/F02/F04 진입·수신 조건 추적; 한국어/사용자 데이터 보존
lib/screens/schedule_management_tab.dart,3094,"('hiking', '등산', 'assets/icons/memo_category/hiking.svg'),",한국어 전용 기능 또는 그 데이터/진단. F01/F02/F04 진입·수신 조건 추적; 한국어/사용자 데이터 보존
lib/screens/schedule_management_tab.dart,3095,"('culture', '문화생활', 'assets/icons/memo_category/culture.svg'),",한국어 전용 기능 또는 그 데이터/진단. F01/F02/F04 진입·수신 조건 추적; 한국어/사용자 데이터 보존
lib/screens/schedule_management_tab.dart,3096,"('finance', '금융', 'assets/icons/memo_category/finance.svg'),",한국어 전용 기능 또는 그 데이터/진단. F01/F02/F04 진입·수신 조건 추적; 한국어/사용자 데이터 보존
lib/screens/schedule_management_tab.dart,3097,"('housework', '집안일', 'assets/icons/memo_category/housework.svg'),",한국어 전용 기능 또는 그 데이터/진단. F01/F02/F04 진입·수신 조건 추적; 한국어/사용자 데이터 보존
lib/screens/schedule_management_tab.dart,3098,"('beauty', '미용', 'assets/icons/memo_category/beauty.svg'),",한국어 전용 기능 또는 그 데이터/진단. F01/F02/F04 진입·수신 조건 추적; 한국어/사용자 데이터 보존
lib/screens/schedule_management_tab.dart,3099,"('cycling', '자전거', 'assets/icons/memo_category/cycling.svg'),",한국어 전용 기능 또는 그 데이터/진단. F01/F02/F04 진입·수신 조건 추적; 한국어/사용자 데이터 보존
lib/screens/schedule_management_tab.dart,3100,"('yoga', '요가/필라테스', 'assets/icons/memo_category/yoga.svg'),",한국어 전용 기능 또는 그 데이터/진단. F01/F02/F04 진입·수신 조건 추적; 한국어/사용자 데이터 보존
lib/screens/schedule_management_tab.dart,3110,"('etc', '기타', 'assets/icons/memo_category/etc1.svg'),",한국어 전용 기능 또는 그 데이터/진단. F01/F02/F04 진입·수신 조건 추적; 한국어/사용자 데이터 보존
lib/screens/schedule_management_tab.dart,3111,"('etc', '기타', 'assets/icons/memo_category/etc2.svg'),",한국어 전용 기능 또는 그 데이터/진단. F01/F02/F04 진입·수신 조건 추적; 한국어/사용자 데이터 보존
lib/screens/schedule_management_tab.dart,3112,"('etc', '기타', 'assets/icons/memo_category/etc3.svg'),",한국어 전용 기능 또는 그 데이터/진단. F01/F02/F04 진입·수신 조건 추적; 한국어/사용자 데이터 보존
lib/screens/schedule_management_tab.dart,3113,"('etc', '기타', 'assets/icons/memo_category/etc4.svg'),",한국어 전용 기능 또는 그 데이터/진단. F01/F02/F04 진입·수신 조건 추적; 한국어/사용자 데이터 보존
lib/screens/schedule_management_tab.dart,3114,"('etc', '기타', 'assets/icons/memo_category/etc5.svg'),",한국어 전용 기능 또는 그 데이터/진단. F01/F02/F04 진입·수신 조건 추적; 한국어/사용자 데이터 보존
lib/screens/schedule_management_tab.dart,3115,"('etc', '기타', 'assets/icons/memo_category/etc6.svg'),",한국어 전용 기능 또는 그 데이터/진단. F01/F02/F04 진입·수신 조건 추적; 한국어/사용자 데이터 보존
lib/screens/schedule_management_tab.dart,3116,"('etc', '기타', 'assets/icons/memo_category/etc7.svg'),",한국어 전용 기능 또는 그 데이터/진단. F01/F02/F04 진입·수신 조건 추적; 한국어/사용자 데이터 보존
lib/screens/schedule_management_tab.dart,3117,"('etc', '기타', 'assets/icons/memo_category/etc8.svg'),",한국어 전용 기능 또는 그 데이터/진단. F01/F02/F04 진입·수신 조건 추적; 한국어/사용자 데이터 보존
lib/screens/schedule_management_tab.dart,3118,"('etc', '기타', 'assets/icons/memo_category/etc9.svg'),",한국어 전용 기능 또는 그 데이터/진단. F01/F02/F04 진입·수신 조건 추적; 한국어/사용자 데이터 보존
lib/screens/schedule_management_tab.dart,3119,"('etc', '기타', 'assets/icons/memo_category/etc10.svg'),",한국어 전용 기능 또는 그 데이터/진단. F01/F02/F04 진입·수신 조건 추적; 한국어/사용자 데이터 보존
lib/screens/schedule_management_tab.dart,3128,"('racket_sports', '라켓 스포츠', 'assets/icons/memo_category/racket_sports.svg'),",한국어 전용 기능 또는 그 데이터/진단. F01/F02/F04 진입·수신 조건 추적; 한국어/사용자 데이터 보존
lib/screens/schedule_management_tab.dart,3129,"('soccer', '축구', 'assets/icons/memo_category/soccer.svg'),",한국어 전용 기능 또는 그 데이터/진단. F01/F02/F04 진입·수신 조건 추적; 한국어/사용자 데이터 보존
lib/screens/schedule_management_tab.dart,3130,"('basketball', '농구', 'assets/icons/memo_category/basketball.svg'),",한국어 전용 기능 또는 그 데이터/진단. F01/F02/F04 진입·수신 조건 추적; 한국어/사용자 데이터 보존
lib/screens/schedule_management_tab.dart,3131,"('baseball', '야구', 'assets/icons/memo_category/baseball.svg'),",한국어 전용 기능 또는 그 데이터/진단. F01/F02/F04 진입·수신 조건 추적; 한국어/사용자 데이터 보존
lib/screens/schedule_management_tab.dart,3132,"('ball_sports', '구기종목', 'assets/icons/memo_category/ball_sports.svg'),",한국어 전용 기능 또는 그 데이터/진단. F01/F02/F04 진입·수신 조건 추적; 한국어/사용자 데이터 보존
lib/screens/schedule_management_tab.dart,3133,"('combat_sports', '입식 격투기', 'assets/icons/memo_category/combat_sports.svg'),",한국어 전용 기능 또는 그 데이터/진단. F01/F02/F04 진입·수신 조건 추적; 한국어/사용자 데이터 보존
lib/screens/schedule_management_tab.dart,3182,if (minutes < 60) return '$minutes분';,한국어 전용 기능 또는 그 데이터/진단. F01/F02/F04 진입·수신 조건 추적; 한국어/사용자 데이터 보존
lib/screens/schedule_management_tab.dart,3185,return m == 0 ? '$h시간' : '$h시간 $m분';,한국어 전용 기능 또는 그 데이터/진단. F01/F02/F04 진입·수신 조건 추적; 한국어/사용자 데이터 보존
lib/screens/schedule_management_tab.dart,3616,debugPrint('⚠️ 카테고리 자동분류 실패(기타 아이콘으로 저장): $e');,개발 로그/내부 예외. 사용자 노출 실패 설명은 localizedErrorDetail로 분리
lib/screens/schedule_management_tab.dart,3634,"date: '', // _openCreateSheet/_openEditSheet가 실제 날짜로 덮어씀",한국어 전용 기능 또는 그 데이터/진단. F01/F02/F04 진입·수신 조건 추적; 한국어/사용자 데이터 보존
lib/screens/schedule_management_tab.dart,3651,"createdAt: '', // 위와 동일 - 호출부가 덮어씀",한국어 전용 기능 또는 그 데이터/진단. F01/F02/F04 진입·수신 조건 추적; 한국어/사용자 데이터 보존
lib/screens/schedule_management_tab.dart,3833,"label: '5분',",한국어 전용 기능 또는 그 데이터/진단. F01/F02/F04 진입·수신 조건 추적; 한국어/사용자 데이터 보존
lib/screens/schedule_management_tab.dart,3844,"'30분',",한국어 전용 기능 또는 그 데이터/진단. F01/F02/F04 진입·수신 조건 추적; 한국어/사용자 데이터 보존
lib/screens/schedule_management_tab.dart,3849,"'1시간',",한국어 전용 기능 또는 그 데이터/진단. F01/F02/F04 진입·수신 조건 추적; 한국어/사용자 데이터 보존
lib/screens/schedule_management_tab.dart,4161,"'지속시간 없음',",한국어 전용 기능 또는 그 데이터/진단. F01/F02/F04 진입·수신 조건 추적; 한국어/사용자 데이터 보존
lib/screens/settings_tab.dart,632,"title: const Text('수면·회복 화면 사용하기'),",한국어 기능 재활성화 항목의 ko 조건 또는 로그/데이터. 메뉴·콜백 조건 별도 확인
lib/screens/settings_tab.dart,633,"subtitle: const Text('하단 탭에 수면·회복 화면을 다시 표시합니다'),",한국어 기능 재활성화 항목의 ko 조건 또는 로그/데이터. 메뉴·콜백 조건 별도 확인
lib/screens/settings_tab.dart,1158,print('❌ 근무명 변경 실패: $e');,개발 로그/내부 예외. 사용자 노출 실패 설명은 localizedErrorDetail로 분리
lib/screens/settings_tab.dart,1303,print('⚠️ Native 갱신 실패: $e');,개발 로그/내부 예외. 사용자 노출 실패 설명은 localizedErrorDetail로 분리
lib/screens/settings_tab.dart,1310,print('⚠️ Notification 삭제 실패: $e');,개발 로그/내부 예외. 사용자 노출 실패 설명은 localizedErrorDetail로 분리
lib/screens/settings_tab.dart,1320,print('⚠️ AlarmGuardReceiver 트리거 실패: $e');,개발 로그/내부 예외. 사용자 노출 실패 설명은 localizedErrorDetail로 분리
lib/screens/settings_tab.dart,1611,debugPrint('소리 재생 실패: $e');,개발 로그/내부 예외. 사용자 노출 실패 설명은 localizedErrorDetail로 분리
lib/screens/settings_tab.dart,1625,debugPrint('소리 정지 실패: $e');,개발 로그/내부 예외. 사용자 노출 실패 설명은 localizedErrorDetail로 분리
lib/screens/settings_tab.dart,1635,debugPrint('진동 테스트 실패: $e');,개발 로그/내부 예외. 사용자 노출 실패 설명은 localizedErrorDetail로 분리
lib/screens/settings_tab.dart,2307,debugPrint('❌ 고정 알람 저장 실패: $e');,개발 로그/내부 예외. 사용자 노출 실패 설명은 localizedErrorDetail로 분리
lib/screens/settings_tab.dart,2772,"_customColors[shift] = result; // ⭐ 사용자가 직접 고른 순간 이 근무는 ""고정""됨",한국어 기능 재활성화 항목의 ko 조건 또는 로그/데이터. 메뉴·콜백 조건 별도 확인
lib/screens/sleep_calendar_full_screen.dart,84,"title: const Text('수면 기록 전체보기'),",한국어 전용 기능 또는 그 데이터/진단. F01/F02/F04 진입·수신 조건 추적; 한국어/사용자 데이터 보존
lib/screens/sleep_calendar_full_screen.dart,115,"child: Text('이 달에는 표시할 날짜가 없어요.',",한국어 전용 기능 또는 그 데이터/진단. F01/F02/F04 진입·수신 조건 추적; 한국어/사용자 데이터 보존
lib/screens/sleep_calendar_full_screen.dart,151,"'${month.year}년 ${month.month}월',",한국어 전용 기능 또는 그 데이터/진단. F01/F02/F04 진입·수신 조건 추적; 한국어/사용자 데이터 보존
lib/screens/sleep_calendar_full_screen.dart,376,"const Text('+ 기록',",한국어 전용 기능 또는 그 데이터/진단. F01/F02/F04 진입·수신 조건 추적; 한국어/사용자 데이터 보존
lib/screens/sleep_calendar_full_screen.dart,389,: '${fmtTimeOnly(r.start)}~ 진행 중';,한국어 전용 기능 또는 그 데이터/진단. F01/F02/F04 진입·수신 조건 추적; 한국어/사용자 데이터 보존
lib/screens/startup_gate.dart,94,debugPrint('⚠️ 앱 시작 초기화가 ${widget.stallThreshold.inSeconds}초 넘게 끝나지 않음 - 다시 시도 허용');,개발 로그/내부 예외. 사용자 노출 실패 설명은 localizedErrorDetail로 분리
lib/screens/startup_gate.dart,109,debugPrint('❌ 앱 시작 초기화 실패: $error\n$stack');,개발 로그/내부 예외. 사용자 노출 실패 설명은 localizedErrorDetail로 분리
lib/screens/team_schedule_edit_screen.dart,169,"_ko ? 'A조 → C조, B조 → D조 등' : 'A → C, B → D'),",내부 식별자/한글 원본·사용자 데이터 또는 설명 주석 후보; 이 행 자체는 노출/삭제 확정 근거가 아님
lib/services/ad_consent_service.dart,59,debugPrint('⚠️ 광고 동의 폼 표시 실패: ${error.message}');,개발 로그/내부 예외. 사용자 노출 실패 설명은 localizedErrorDetail로 분리
lib/services/ad_consent_service.dart,63,debugPrint('⚠️ 광고 동의 폼 로드 실패: $e');,개발 로그/내부 예외. 사용자 노출 실패 설명은 localizedErrorDetail로 분리
lib/services/ad_consent_service.dart,68,debugPrint('⚠️ 광고 동의 정보 갱신 실패: ${error.message}');,개발 로그/내부 예외. 사용자 노출 실패 설명은 localizedErrorDetail로 분리
lib/services/ad_consent_service.dart,73,debugPrint('⚠️ 광고 동의 수집 시작 실패: $e');,개발 로그/내부 예외. 사용자 노출 실패 설명은 localizedErrorDetail로 분리
lib/services/ad_consent_service.dart,103,if (error != null) debugPrint('⚠️ 광고 개인정보 설정 폼 오류: ${error.message}');,개발 로그/내부 예외. 사용자 노출 실패 설명은 localizedErrorDetail로 분리
lib/services/ad_service.dart,59,debugPrint('배너 슬롯 측정: $width dp / $orientation -> ',개발 로그/내부 예외. 사용자 노출 실패 설명은 localizedErrorDetail로 분리
lib/services/ad_service.dart,63,"debugPrint('배너 크기 계산 실패 ($width, $orientation): $e');",개발 로그/내부 예외. 사용자 노출 실패 설명은 localizedErrorDetail로 분리
lib/services/ad_service.dart,81,debugPrint('⚠️ 광고 동의 수집 실패 - 계속 진행: $e');,개발 로그/내부 예외. 사용자 노출 실패 설명은 localizedErrorDetail로 분리
lib/services/ad_service.dart,88,debugPrint('⚠️ AdMob 초기화 실패 - 광고 없이 계속 진행: $e');,개발 로그/내부 예외. 사용자 노출 실패 설명은 localizedErrorDetail로 분리
lib/services/ad_service.dart,100,debugPrint('⚠️ 화면 정보를 못 읽음 - 배너 높이 fallback 사용');,개발 로그/내부 예외. 사용자 노출 실패 설명은 localizedErrorDetail로 분리
lib/services/ad_service.dart,110,debugPrint('⚠️ 화면 폭이 0 이하 - 배너 높이 fallback 사용');,개발 로그/내부 예외. 사용자 노출 실패 설명은 localizedErrorDetail로 분리
lib/services/ad_service.dart,133,'⚠️ 적응형 배너 크기 계산 실패 - fallback($kBannerAdFallbackHeight) 사용');,내부 식별자/한글 원본·사용자 데이터 또는 설명 주석 후보; 이 행 자체는 노출/삭제 확정 근거가 아님
lib/services/ad_service.dart,140,'✅ 배너 높이 확정: ${size.width}×${size.height} (화면 폭 ${widthDp}dp 기준)');,내부 식별자/한글 원본·사용자 데이터 또는 설명 주석 후보; 이 행 자체는 노출/삭제 확정 근거가 아님
lib/services/ad_service.dart,142,debugPrint('⚠️ 배너 높이 계산 실패 - fallback($kBannerAdFallbackHeight) 사용: $e');,개발 로그/내부 예외. 사용자 노출 실패 설명은 localizedErrorDetail로 분리
lib/services/alarm_refresh_service.dart,26,print('❌ 알람 갱신 트리거 실패: $e');,개발 로그/내부 예외. 사용자 노출 실패 설명은 localizedErrorDetail로 분리
lib/services/alarm_refresh_service.dart,35,print('❌ 알람 강제 갱신 트리거 실패: $e');,개발 로그/내부 예외. 사용자 노출 실패 설명은 localizedErrorDetail로 분리
lib/services/alarm_service.dart,33,print('✅ AlarmService 초기화 완료');,개발 로그/내부 예외. 사용자 노출 실패 설명은 localizedErrorDetail로 분리
lib/services/alarm_service.dart,52,print('✅ 알람 등록 완료: $label - ${dateTime.toString()}');,개발 로그/내부 예외. 사용자 노출 실패 설명은 localizedErrorDetail로 분리
lib/services/alarm_service.dart,53,"print('   ID: $id, 사운드: $soundType');",개발 로그/내부 예외. 사용자 노출 실패 설명은 localizedErrorDetail로 분리
lib/services/alarm_service.dart,55,print('❌ 알람 등록 실패: $e');,개발 로그/내부 예외. 사용자 노출 실패 설명은 localizedErrorDetail로 분리
lib/services/alarm_service.dart,64,print('✅ 알람 취소: ID $id');,개발 로그/내부 예외. 사용자 노출 실패 설명은 localizedErrorDetail로 분리
lib/services/alarm_service.dart,66,print('❌ 알람 취소 실패: $e');,개발 로그/내부 예외. 사용자 노출 실패 설명은 localizedErrorDetail로 분리
lib/services/alarm_service.dart,75,print('✅ 알람 중지');,개발 로그/내부 예외. 사용자 노출 실패 설명은 localizedErrorDetail로 분리
lib/services/alarm_service.dart,77,print('❌ 알람 중지 실패: $e');,개발 로그/내부 예외. 사용자 노출 실패 설명은 localizedErrorDetail로 분리
lib/services/alarm_service.dart,83,"String label = '테스트 알람',",내부 식별자/한글 원본·사용자 데이터 또는 설명 주석 후보; 이 행 자체는 노출/삭제 확정 근거가 아님
lib/services/alarm_service.dart,93,print('🧪 테스트 알람: 5초 후 울림');,개발 로그/내부 예외. 사용자 노출 실패 설명은 localizedErrorDetail로 분리
lib/services/alarm_service.dart,99,print('✅ Overlay 권한 요청');,개발 로그/내부 예외. 사용자 노출 실패 설명은 localizedErrorDetail로 분리
lib/services/alarm_service.dart,101,print('❌ Overlay 권한 요청 실패: $e');,개발 로그/내부 예외. 사용자 노출 실패 설명은 localizedErrorDetail로 분리
lib/services/alarm_service.dart,109,"print('🔍 Overlay 권한: ${hasPermission ? ""있음"" : ""없음""}');",개발 로그/내부 예외. 사용자 노출 실패 설명은 localizedErrorDetail로 분리
lib/services/alarm_service.dart,112,print('❌ Overlay 권한 체크 실패: $e');,개발 로그/내부 예외. 사용자 노출 실패 설명은 localizedErrorDetail로 분리
lib/services/app_analytics.dart,145,debugPrint('⚠️ Analytics 이벤트 기록 실패($name): $e');,개발 로그/내부 예외. 사용자 노출 실패 설명은 localizedErrorDetail로 분리
lib/services/app_analytics.dart,206,debugPrint('⚠️ 알람 사용량 집계 실패: $e');,개발 로그/내부 예외. 사용자 노출 실패 설명은 localizedErrorDetail로 분리
lib/services/backup_service.dart,66,print('⚠️ 백업용 앱 버전 조회 실패(백업은 계속 진행): $e');,개발 로그/내부 예외. 사용자 노출 실패 설명은 localizedErrorDetail로 분리
lib/services/backup_watcher.dart,114,debugPrint('🗄️ [backup] 스킵 - 백업 복원 진행 중/중단된 복원 작업 있음');,개발 로그/내부 예외. 사용자 노출 실패 설명은 localizedErrorDetail로 분리
lib/services/backup_watcher.dart,124,debugPrint('🗄️ [backup] 스킵 - shift_schedule 비어있음');,개발 로그/내부 예외. 사용자 노출 실패 설명은 localizedErrorDetail로 분리
lib/services/backup_watcher.dart,138,debugPrint('🗄️ [backup] 스킵 - 내용 변경 없음');,개발 로그/내부 예외. 사용자 노출 실패 설명은 localizedErrorDetail로 분리
lib/services/backup_watcher.dart,143,"debugPrint('🗄️ [backup] 쓰기 시작(${kind.channelArg}, 테이블 ${payload.tables.length}개, 행 ${payload.totalRowCount}개)');",개발 로그/내부 예외. 사용자 노출 실패 설명은 localizedErrorDetail로 분리
lib/services/backup_watcher.dart,145,debugPrint('🗄️ [backup] 쓰기 결과: $wrote');,개발 로그/내부 예외. 사용자 노출 실패 설명은 localizedErrorDetail로 분리
lib/services/backup_watcher.dart,163,debugPrint('🗄️ [backup] ❌ 예외로 실패: $e\n$st');,개발 로그/내부 예외. 사용자 노출 실패 설명은 localizedErrorDetail로 분리
lib/services/custom_alarm_service.dart,139,"await AlarmService().scheduleAlarm(id: id!, dateTime: ringAt, label: '원터치 알람');",한국어 전용 기능 또는 그 데이터/진단. F01/F02/F04 진입·수신 조건 추적; 한국어/사용자 데이터 보존
lib/services/database_service.dart,86,throw StateError('Device Protected DB 경로가 비어 있음 - 다른 경로로 대체하지 않음');,개발 로그/내부 예외. 사용자 노출 실패 설명은 localizedErrorDetail로 분리
lib/services/database_service.dart,89,print('✅ Device Protected DB 경로: $path');,개발 로그/내부 예외. 사용자 노출 실패 설명은 localizedErrorDetail로 분리
lib/services/database_service.dart,92,print('⚠️ Android가 아님 - 일반 DB 경로 사용: $path');,개발 로그/내부 예외. 사용자 노출 실패 설명은 localizedErrorDetail로 분리
lib/services/database_service.dart,109,throw DbMigrationException('DB 다운그레이드 금지: disk v$oldVersion > app v$newVersion');,개발 로그/내부 예외. 사용자 노출 실패 설명은 localizedErrorDetail로 분리
lib/services/database_service.dart,141,print('🛠️ 빠진 프리셋 알람 타입 다시 넣음: ${missing.map((t) => t.id).toList()}');,개발 로그/내부 예외. 사용자 노출 실패 설명은 localizedErrorDetail로 분리
lib/services/database_service.dart,382,print('✅ 데이터베이스 초기화 완료');,개발 로그/내부 예외. 사용자 노출 실패 설명은 localizedErrorDetail로 분리
lib/services/database_service.dart,552,"'dismiss_type': dismissType,  // ⭐ 파라미터 사용",내부 식별자/한글 원본·사용자 데이터 또는 설명 주석 후보; 이 행 자체는 노출/삭제 확정 근거가 아님
lib/services/database_service.dart,558,final historyText = dismissType == 'swiped' ? '알람 확인' : '알람 제거';,내부 식별자/한글 원본·사용자 데이터 또는 설명 주석 후보; 이 행 자체는 노출/삭제 확정 근거가 아님
lib/services/database_service.dart,559,"print('✅ alarm_history에 ""$historyText"" 기록 추가: ID=$id');",개발 로그/내부 예외. 사용자 노출 실패 설명은 localizedErrorDetail로 분리
lib/services/database_service.dart,563,print('⚠️ 알람 이력 기록 실패: $e');,개발 로그/내부 예외. 사용자 노출 실패 설명은 localizedErrorDetail로 분리
lib/services/database_service.dart,566,print('ℹ️ 알람 삭제 (이력 생성 안 함): ID=$id');,개발 로그/내부 예외. 사용자 노출 실패 설명은 localizedErrorDetail로 분리
lib/services/database_service.dart,738,print('✅ ${alarms.length}개 알람 일괄 등록 완료 (생성 이력 기록됨)');,개발 로그/내부 예외. 사용자 노출 실패 설명은 localizedErrorDetail로 분리
lib/services/database_service.dart,805,print('🗑️ 모든 알람 삭제 완료 (이력 기록 후 삭제)');,개발 로그/내부 예외. 사용자 노출 실패 설명은 localizedErrorDetail로 분리
lib/services/database_service.dart,839,"print('🗑️ 자동 생성 알람 삭제 완료 (스누즈 중인 알람 보호, 이력 유지)');",개발 로그/내부 예외. 사용자 노출 실패 설명은 localizedErrorDetail로 분리
lib/services/database_service.dart,850,print('🗑️ 모든 알람 템플릿 삭제 완료');,개발 로그/내부 예외. 사용자 노출 실패 설명은 localizedErrorDetail로 분리
lib/services/database_service.dart,941,if (issue != null) throw ArgumentError('근무명 형식 오류(${issue.name}): $newName');,개발 로그/내부 예외. 사용자 노출 실패 설명은 localizedErrorDetail로 분리
lib/services/database_service.dart,957,throw ArgumentError('근무명 변경 결과에 중복 이름이 있음: $finalNames');,개발 로그/내부 예외. 사용자 노출 실패 설명은 localizedErrorDetail로 분리
lib/services/database_service.dart,997,print('✅ 근무명 변경(원자적): ${entry.key} → ${entry.value}');,개발 로그/내부 예외. 사용자 노출 실패 설명은 localizedErrorDetail로 분리
lib/services/database_service.dart,1098,"conflictAlgorithm: ConflictAlgorithm.replace,  // UNIQUE 슬롯 키 - contracts §1.1 ""upsert(교체)""",내부 식별자/한글 원본·사용자 데이터 또는 설명 주석 후보; 이 행 자체는 노출/삭제 확정 근거가 아님
lib/services/database_service.dart,1274,print('⚠️ 메모는 하루에 최대 3개까지만 가능합니다.');,개발 로그/내부 예외. 사용자 노출 실패 설명은 localizedErrorDetail로 분리
lib/services/database_service.dart,1379,print('✅ 메모 삭제 및 재정렬 완료');,개발 로그/내부 예외. 사용자 노출 실패 설명은 localizedErrorDetail로 분리
lib/services/database_service.dart,1385,print('⚠️ 메모는 최대 3개까지만 가능합니다.');,개발 로그/내부 예외. 사용자 노출 실패 설명은 localizedErrorDetail로 분리
lib/services/database_service.dart,1401,print('✅ 메모 순서 변경 완료');,개발 로그/내부 예외. 사용자 노출 실패 설명은 localizedErrorDetail로 분리
lib/services/database_service.dart,1478,print('🗑️ 알람 이력 + 생성 로그 전체 삭제 완료 (설정 초기화)');,개발 로그/내부 예외. 사용자 노출 실패 설명은 localizedErrorDetail로 분리
lib/services/database_service.dart,1551,"assert(schedule.id != null, 'updateSchedule은 이미 저장된(id 있는) 일정만 받음');",내부 식별자/한글 원본·사용자 데이터 또는 설명 주석 후보; 이 행 자체는 노출/삭제 확정 근거가 아님
lib/services/database_service.dart,1687,"assert(record.id != null, 'updateSleepRecord은 이미 저장된(id 있는) 기록만 받음');",내부 식별자/한글 원본·사용자 데이터 또는 설명 주석 후보; 이 행 자체는 노출/삭제 확정 근거가 아님
lib/services/database_service.dart,1724,print('⚠️ 손상된 수면 기록 행 건너뜀(id=${row['id']}): $e');,개발 로그/내부 예외. 사용자 노출 실패 설명은 localizedErrorDetail로 분리
lib/services/db_migration_runner.dart,67,throw DbMigrationException('JSON 파싱 실패: ${e.message}');,개발 로그/내부 예외. 사용자 노출 실패 설명은 localizedErrorDetail로 분리
lib/services/db_migration_runner.dart,70,throw DbMigrationException('최상위가 객체가 아님');,개발 로그/내부 예외. 사용자 노출 실패 설명은 localizedErrorDetail로 분리
lib/services/db_migration_runner.dart,73,throw DbMigrationException('지원하지 않는 format: ${root['format']}');,개발 로그/내부 예외. 사용자 노출 실패 설명은 localizedErrorDetail로 분리
lib/services/db_migration_runner.dart,77,throw DbMigrationException('targetVersion이 2 이상의 정수가 아님: $target');,개발 로그/내부 예외. 사용자 노출 실패 설명은 localizedErrorDetail로 분리
lib/services/db_migration_runner.dart,82,throw DbMigrationException('migrations가 배열이 아님');,개발 로그/내부 예외. 사용자 노출 실패 설명은 localizedErrorDetail로 분리
lib/services/db_migration_runner.dart,87,throw DbMigrationException('migrations 항목이 객체가 아님: $entry');,개발 로그/내부 예외. 사용자 노출 실패 설명은 localizedErrorDetail로 분리
lib/services/db_migration_runner.dart,91,throw DbMigrationException('migrations 항목 version이 2..$target 범위 정수가 아님: $version');,개발 로그/내부 예외. 사용자 노출 실패 설명은 localizedErrorDetail로 분리
lib/services/db_migration_runner.dart,94,throw DbMigrationException('migrations에 v$version이 중복됨');,개발 로그/내부 예외. 사용자 노출 실패 설명은 localizedErrorDetail로 분리
lib/services/db_migration_runner.dart,98,throw DbMigrationException('v$version의 sql이 비어 있음');,개발 로그/내부 예외. 사용자 노출 실패 설명은 localizedErrorDetail로 분리
lib/services/db_migration_runner.dart,106,throw DbMigrationException('migrations에 v$v가 없음 (v2..v$target 전 구간이 필요)');,개발 로그/내부 예외. 사용자 노출 실패 설명은 localizedErrorDetail로 분리
lib/services/db_migration_runner.dart,112,throw DbMigrationException('repair가 배열이 아님');,개발 로그/내부 예외. 사용자 노출 실패 설명은 localizedErrorDetail로 분리
lib/services/db_migration_runner.dart,124,throw DbMigrationException('$where: SQL이 문자열이 아님: $value');,개발 로그/내부 예외. 사용자 노출 실패 설명은 localizedErrorDetail로 분리
lib/services/db_migration_runner.dart,128,throw DbMigrationException('$where: 빈 SQL');,개발 로그/내부 예외. 사용자 노출 실패 설명은 localizedErrorDetail로 분리
lib/services/db_migration_runner.dart,133,throw DbMigrationException('$where: 한 항목에 SQL 한 문장만 허용(; 금지): $sql');,개발 로그/내부 예외. 사용자 노출 실패 설명은 localizedErrorDetail로 분리
lib/services/db_migration_runner.dart,145,throw DbMigrationException('repair: CREATE TABLE은 인덱스/ALTER보다 앞에 있어야 함: $sql');,개발 로그/내부 예외. 사용자 노출 실패 설명은 localizedErrorDetail로 분리
lib/services/db_migration_runner.dart,155,"'repair에 허용되지 않은 SQL(CREATE TABLE/INDEX IF NOT EXISTS, ALTER TABLE ADD COLUMN만 허용): $sql');",내부 식별자/한글 원본·사용자 데이터 또는 설명 주석 후보; 이 행 자체는 노출/삭제 확정 근거가 아님
lib/services/db_migration_runner.dart,159,throw DbMigrationException('repair: 대상 테이블($targetTable)의 최종 형태 CREATE TABLE이 repair에 없음: $sql');,개발 로그/내부 예외. 사용자 노출 실패 설명은 localizedErrorDetail로 분리
lib/services/db_migration_runner.dart,178,throw DbMigrationException('목표 버전(v$toVersion)이 SQL 원본 targetVersion(v${script.targetVersion})과 다름');,개발 로그/내부 예외. 사용자 노출 실패 설명은 localizedErrorDetail로 분리
lib/services/db_migration_runner.dart,181,throw DbMigrationException('지원하지 않는 업그레이드 구간: v$fromVersion → v$toVersion');,개발 로그/내부 예외. 사용자 노출 실패 설명은 localizedErrorDetail로 분리
lib/services/db_migration_runner.dart,191,print('✅ DB 업그레이드 v${v - 1} → v$v');,개발 로그/내부 예외. 사용자 노출 실패 설명은 localizedErrorDetail로 분리
lib/services/db_migration_runner.dart,219,throw DbMigrationException('repair에 허용되지 않은 SQL: $sql');,개발 로그/내부 예외. 사용자 노출 실패 설명은 localizedErrorDetail로 분리
lib/services/db_migration_runner.dart,234,print('🛠️ DB 스키마 복구 ${pending.length}건 실행');,개발 로그/내부 예외. 사용자 노출 실패 설명은 localizedErrorDetail로 분리
lib/services/firebase_bootstrap.dart,42,print('✅ Firebase 초기화 완료 (시도 $attempt번째)');,개발 로그/내부 예외. 사용자 노출 실패 설명은 localizedErrorDetail로 분리
lib/services/firebase_bootstrap.dart,47,print('⚠️ Firebase 초기화 실패 - 친구공유(Firestore) 기능만 비활성화됨: $e');,개발 로그/내부 예외. 사용자 노출 실패 설명은 localizedErrorDetail로 분리
lib/services/firebase_bootstrap.dart,62,print('⚠️ Analytics 초기화 실패 - 친구공유는 계속 사용 가능: $e');,개발 로그/내부 예외. 사용자 노출 실패 설명은 localizedErrorDetail로 분리
lib/services/holiday_sync_service.dart,47,debugPrint('공휴일 캐시 읽기 실패(기본 목록 사용): $e');,개발 로그/내부 예외. 사용자 노출 실패 설명은 localizedErrorDetail로 분리
lib/services/holiday_sync_service.dart,92,debugPrint('공휴일 조회 실패(1~2일 뒤 재시도): $e');,개발 로그/내부 예외. 사용자 노출 실패 설명은 localizedErrorDetail로 분리
lib/services/holiday_sync_service.dart,95,debugPrint('공휴일 확인 일정 처리 실패: $e');,개발 로그/내부 예외. 사용자 노출 실패 설명은 localizedErrorDetail로 분리
lib/services/holiday_sync_service.dart,121,debugPrint('위젯 공휴일 반영 실패: $e');,개발 로그/내부 예외. 사용자 노출 실패 설명은 localizedErrorDetail로 분리
lib/services/memo_category_classifier.dart,34,"method; // 디버깅/로그용 - 'tier1_immediate_family', 'ml', 'ml_low_confidence_fallback' 등",내부 식별자/한글 원본·사용자 데이터 또는 설명 주석 후보; 이 행 자체는 노출/삭제 확정 근거가 아님
lib/services/memo_category_classifier.dart,115,'MemoCategoryClassifier.ensureLoaded()를 먼저 await할 것 (키워드 하드매핑에 안 걸려서 ML 모델이 필요함)');,내부 식별자/한글 원본·사용자 데이터 또는 설명 주석 후보; 이 행 자체는 노출/삭제 확정 근거가 아님
lib/services/memo_category_classifier.dart,214,"'가', '이', '은', '는', '을', '를', '의', '에게', '한테', '께',",내부 식별자/한글 원본·사용자 데이터 또는 설명 주석 후보; 이 행 자체는 노출/삭제 확정 근거가 아님
lib/services/memo_category_classifier.dart,215,"'랑', '이랑', '와', '과', '도', '만', '까지', '부터', '께서',",내부 식별자/한글 원본·사용자 데이터 또는 설명 주석 후보; 이 행 자체는 노출/삭제 확정 근거가 아님
lib/services/memo_category_classifier.dart,216,"'인데', '이고', '이지만', '라도', '이라도', '야', '아',",내부 식별자/한글 원본·사용자 데이터 또는 설명 주석 후보; 이 행 자체는 노출/삭제 확정 근거가 아님
lib/services/memo_category_classifier.dart,218,"'님', '어른', '댁',",내부 식별자/한글 원본·사용자 데이터 또는 설명 주석 후보; 이 행 자체는 노출/삭제 확정 근거가 아님
lib/services/memo_category_classifier.dart,221,"'나', '이나',",내부 식별자/한글 원본·사용자 데이터 또는 설명 주석 후보; 이 행 자체는 노출/삭제 확정 근거가 아님
lib/services/memo_category_classifier.dart,246,"'엄마',",내부 식별자/한글 원본·사용자 데이터 또는 설명 주석 후보; 이 행 자체는 노출/삭제 확정 근거가 아님
lib/services/memo_category_classifier.dart,247,"'어머니',",내부 식별자/한글 원본·사용자 데이터 또는 설명 주석 후보; 이 행 자체는 노출/삭제 확정 근거가 아님
lib/services/memo_category_classifier.dart,248,"'아빠',",내부 식별자/한글 원본·사용자 데이터 또는 설명 주석 후보; 이 행 자체는 노출/삭제 확정 근거가 아님
lib/services/memo_category_classifier.dart,249,"'아버지',",내부 식별자/한글 원본·사용자 데이터 또는 설명 주석 후보; 이 행 자체는 노출/삭제 확정 근거가 아님
lib/services/memo_category_classifier.dart,250,"'아들',",내부 식별자/한글 원본·사용자 데이터 또는 설명 주석 후보; 이 행 자체는 노출/삭제 확정 근거가 아님
lib/services/memo_category_classifier.dart,251,"'딸',",내부 식별자/한글 원본·사용자 데이터 또는 설명 주석 후보; 이 행 자체는 노출/삭제 확정 근거가 아님
lib/services/memo_category_classifier.dart,252,"'남편',",내부 식별자/한글 원본·사용자 데이터 또는 설명 주석 후보; 이 행 자체는 노출/삭제 확정 근거가 아님
lib/services/memo_category_classifier.dart,253,"'아내',",내부 식별자/한글 원본·사용자 데이터 또는 설명 주석 후보; 이 행 자체는 노출/삭제 확정 근거가 아님
lib/services/memo_category_classifier.dart,254,"'배우자',",내부 식별자/한글 원본·사용자 데이터 또는 설명 주석 후보; 이 행 자체는 노출/삭제 확정 근거가 아님
lib/services/memo_category_classifier.dart,255,"'할머니',",내부 식별자/한글 원본·사용자 데이터 또는 설명 주석 후보; 이 행 자체는 노출/삭제 확정 근거가 아님
lib/services/memo_category_classifier.dart,256,"'할아버지',",내부 식별자/한글 원본·사용자 데이터 또는 설명 주석 후보; 이 행 자체는 노출/삭제 확정 근거가 아님
lib/services/memo_category_classifier.dart,257,"'부모님',",내부 식별자/한글 원본·사용자 데이터 또는 설명 주석 후보; 이 행 자체는 노출/삭제 확정 근거가 아님
lib/services/memo_category_classifier.dart,258,"'친정엄마',",내부 식별자/한글 원본·사용자 데이터 또는 설명 주석 후보; 이 행 자체는 노출/삭제 확정 근거가 아님
lib/services/memo_category_classifier.dart,259,"'친정아빠',",내부 식별자/한글 원본·사용자 데이터 또는 설명 주석 후보; 이 행 자체는 노출/삭제 확정 근거가 아님
lib/services/memo_category_classifier.dart,260,"'아이',",내부 식별자/한글 원본·사용자 데이터 또는 설명 주석 후보; 이 행 자체는 노출/삭제 확정 근거가 아님
lib/services/memo_category_classifier.dart,266,"const List<String> _kImmediateFamilyContains = ['가족', '본가'];",내부 식별자/한글 원본·사용자 데이터 또는 설명 주석 후보; 이 행 자체는 노출/삭제 확정 근거가 아님
lib/services/memo_category_classifier.dart,271,"'며느리',",내부 식별자/한글 원본·사용자 데이터 또는 설명 주석 후보; 이 행 자체는 노출/삭제 확정 근거가 아님
lib/services/memo_category_classifier.dart,272,"'사위',",내부 식별자/한글 원본·사용자 데이터 또는 설명 주석 후보; 이 행 자체는 노출/삭제 확정 근거가 아님
lib/services/memo_category_classifier.dart,273,"'시댁',",내부 식별자/한글 원본·사용자 데이터 또는 설명 주석 후보; 이 행 자체는 노출/삭제 확정 근거가 아님
lib/services/memo_category_classifier.dart,274,"'처가',",내부 식별자/한글 원본·사용자 데이터 또는 설명 주석 후보; 이 행 자체는 노출/삭제 확정 근거가 아님
lib/services/memo_category_classifier.dart,275,"'장인',",내부 식별자/한글 원본·사용자 데이터 또는 설명 주석 후보; 이 행 자체는 노출/삭제 확정 근거가 아님
lib/services/memo_category_classifier.dart,276,"'장모',",내부 식별자/한글 원본·사용자 데이터 또는 설명 주석 후보; 이 행 자체는 노출/삭제 확정 근거가 아님
lib/services/memo_category_classifier.dart,277,"'처남',",내부 식별자/한글 원본·사용자 데이터 또는 설명 주석 후보; 이 행 자체는 노출/삭제 확정 근거가 아님
lib/services/memo_category_classifier.dart,278,"'처형',",내부 식별자/한글 원본·사용자 데이터 또는 설명 주석 후보; 이 행 자체는 노출/삭제 확정 근거가 아님
lib/services/memo_category_classifier.dart,279,"'처제',",내부 식별자/한글 원본·사용자 데이터 또는 설명 주석 후보; 이 행 자체는 노출/삭제 확정 근거가 아님
lib/services/memo_category_classifier.dart,280,"'매형',",내부 식별자/한글 원본·사용자 데이터 또는 설명 주석 후보; 이 행 자체는 노출/삭제 확정 근거가 아님
lib/services/memo_category_classifier.dart,281,"'매부',",내부 식별자/한글 원본·사용자 데이터 또는 설명 주석 후보; 이 행 자체는 노출/삭제 확정 근거가 아님
lib/services/memo_category_classifier.dart,282,"'동서',",내부 식별자/한글 원본·사용자 데이터 또는 설명 주석 후보; 이 행 자체는 노출/삭제 확정 근거가 아님
lib/services/memo_category_classifier.dart,283,"'시누이',",내부 식별자/한글 원본·사용자 데이터 또는 설명 주석 후보; 이 행 자체는 노출/삭제 확정 근거가 아님
lib/services/memo_category_classifier.dart,284,"'형수',",내부 식별자/한글 원본·사용자 데이터 또는 설명 주석 후보; 이 행 자체는 노출/삭제 확정 근거가 아님
lib/services/memo_category_classifier.dart,285,"'제수',",내부 식별자/한글 원본·사용자 데이터 또는 설명 주석 후보; 이 행 자체는 노출/삭제 확정 근거가 아님
lib/services/memo_category_classifier.dart,286,"'올케',",내부 식별자/한글 원본·사용자 데이터 또는 설명 주석 후보; 이 행 자체는 노출/삭제 확정 근거가 아님
lib/services/memo_category_classifier.dart,287,"'고모',",내부 식별자/한글 원본·사용자 데이터 또는 설명 주석 후보; 이 행 자체는 노출/삭제 확정 근거가 아님
lib/services/memo_category_classifier.dart,288,"'이모',",내부 식별자/한글 원본·사용자 데이터 또는 설명 주석 후보; 이 행 자체는 노출/삭제 확정 근거가 아님
lib/services/memo_category_classifier.dart,289,"'삼촌',",내부 식별자/한글 원본·사용자 데이터 또는 설명 주석 후보; 이 행 자체는 노출/삭제 확정 근거가 아님
lib/services/memo_category_classifier.dart,290,"'외삼촌',",내부 식별자/한글 원본·사용자 데이터 또는 설명 주석 후보; 이 행 자체는 노출/삭제 확정 근거가 아님
lib/services/memo_category_classifier.dart,291,"'조카',",내부 식별자/한글 원본·사용자 데이터 또는 설명 주석 후보; 이 행 자체는 노출/삭제 확정 근거가 아님
lib/services/memo_category_classifier.dart,292,"'사돈',",내부 식별자/한글 원본·사용자 데이터 또는 설명 주석 후보; 이 행 자체는 노출/삭제 확정 근거가 아님
lib/services/memo_category_classifier.dart,293,"'시아버지',",내부 식별자/한글 원본·사용자 데이터 또는 설명 주석 후보; 이 행 자체는 노출/삭제 확정 근거가 아님
lib/services/memo_category_classifier.dart,294,"'시어머니',",내부 식별자/한글 원본·사용자 데이터 또는 설명 주석 후보; 이 행 자체는 노출/삭제 확정 근거가 아님
lib/services/memo_category_classifier.dart,295,"'시부모님',",내부 식별자/한글 원본·사용자 데이터 또는 설명 주석 후보; 이 행 자체는 노출/삭제 확정 근거가 아님
lib/services/memo_category_classifier.dart,296,"'손자',",내부 식별자/한글 원본·사용자 데이터 또는 설명 주석 후보; 이 행 자체는 노출/삭제 확정 근거가 아님
lib/services/memo_category_classifier.dart,297,"'손녀',",내부 식별자/한글 원본·사용자 데이터 또는 설명 주석 후보; 이 행 자체는 노출/삭제 확정 근거가 아님
lib/services/memo_category_classifier.dart,298,"'사촌',",내부 식별자/한글 원본·사용자 데이터 또는 설명 주석 후보; 이 행 자체는 노출/삭제 확정 근거가 아님
lib/services/memo_category_classifier.dart,304,"'친구',",내부 식별자/한글 원본·사용자 데이터 또는 설명 주석 후보; 이 행 자체는 노출/삭제 확정 근거가 아님
lib/services/memo_category_classifier.dart,305,"'동료',",내부 식별자/한글 원본·사용자 데이터 또는 설명 주석 후보; 이 행 자체는 노출/삭제 확정 근거가 아님
lib/services/memo_category_classifier.dart,306,"'지인',",내부 식별자/한글 원본·사용자 데이터 또는 설명 주석 후보; 이 행 자체는 노출/삭제 확정 근거가 아님
lib/services/memo_category_classifier.dart,307,"'소개',",내부 식별자/한글 원본·사용자 데이터 또는 설명 주석 후보; 이 행 자체는 노출/삭제 확정 근거가 아님
lib/services/memo_category_classifier.dart,308,"'동창',",내부 식별자/한글 원본·사용자 데이터 또는 설명 주석 후보; 이 행 자체는 노출/삭제 확정 근거가 아님
lib/services/memo_category_classifier.dart,309,"'직장동료',",내부 식별자/한글 원본·사용자 데이터 또는 설명 주석 후보; 이 행 자체는 노출/삭제 확정 근거가 아님
lib/services/memo_category_classifier.dart,310,"'회사동료',",내부 식별자/한글 원본·사용자 데이터 또는 설명 주석 후보; 이 행 자체는 노출/삭제 확정 근거가 아님
lib/services/memo_category_classifier.dart,311,"'팀원',",내부 식별자/한글 원본·사용자 데이터 또는 설명 주석 후보; 이 행 자체는 노출/삭제 확정 근거가 아님
lib/services/memo_category_classifier.dart,315,"'친구',",내부 식별자/한글 원본·사용자 데이터 또는 설명 주석 후보; 이 행 자체는 노출/삭제 확정 근거가 아님
lib/services/memo_category_classifier.dart,316,"'동창',",내부 식별자/한글 원본·사용자 데이터 또는 설명 주석 후보; 이 행 자체는 노출/삭제 확정 근거가 아님
lib/services/memo_category_classifier.dart,317,"'동기',",내부 식별자/한글 원본·사용자 데이터 또는 설명 주석 후보; 이 행 자체는 노출/삭제 확정 근거가 아님
lib/services/memo_category_classifier.dart,318,"'선배',",내부 식별자/한글 원본·사용자 데이터 또는 설명 주석 후보; 이 행 자체는 노출/삭제 확정 근거가 아님
lib/services/memo_category_classifier.dart,319,"'후배',",내부 식별자/한글 원본·사용자 데이터 또는 설명 주석 후보; 이 행 자체는 노출/삭제 확정 근거가 아님
lib/services/memo_category_classifier.dart,320,"'동료',",내부 식별자/한글 원본·사용자 데이터 또는 설명 주석 후보; 이 행 자체는 노출/삭제 확정 근거가 아님
lib/services/memo_category_classifier.dart,321,"'지인',",내부 식별자/한글 원본·사용자 데이터 또는 설명 주석 후보; 이 행 자체는 노출/삭제 확정 근거가 아님
lib/services/memo_category_classifier.dart,322,"'정모',",내부 식별자/한글 원본·사용자 데이터 또는 설명 주석 후보; 이 행 자체는 노출/삭제 확정 근거가 아님
lib/services/memo_category_classifier.dart,323,"'동호회',",내부 식별자/한글 원본·사용자 데이터 또는 설명 주석 후보; 이 행 자체는 노출/삭제 확정 근거가 아님
lib/services/memo_category_classifier.dart,324,"'팀원',",내부 식별자/한글 원본·사용자 데이터 또는 설명 주석 후보; 이 행 자체는 노출/삭제 확정 근거가 아님
lib/services/memo_category_classifier.dart,337,"'골프',",내부 식별자/한글 원본·사용자 데이터 또는 설명 주석 후보; 이 행 자체는 노출/삭제 확정 근거가 아님
lib/services/memo_category_classifier.dart,338,"'라운딩',",내부 식별자/한글 원본·사용자 데이터 또는 설명 주석 후보; 이 행 자체는 노출/삭제 확정 근거가 아님
lib/services/memo_category_classifier.dart,339,"'클라이밍',",내부 식별자/한글 원본·사용자 데이터 또는 설명 주석 후보; 이 행 자체는 노출/삭제 확정 근거가 아님
lib/services/memo_category_classifier.dart,340,"'웨이트',",내부 식별자/한글 원본·사용자 데이터 또는 설명 주석 후보; 이 행 자체는 노출/삭제 확정 근거가 아님
lib/services/memo_category_classifier.dart,341,"'줄넘기',",내부 식별자/한글 원본·사용자 데이터 또는 설명 주석 후보; 이 행 자체는 노출/삭제 확정 근거가 아님
lib/services/memo_category_classifier.dart,342,"'크로스핏',",내부 식별자/한글 원본·사용자 데이터 또는 설명 주석 후보; 이 행 자체는 노출/삭제 확정 근거가 아님
lib/services/memo_category_classifier.dart,345,const List<String> _kSportsFalsePositives = ['골프공'];,내부 식별자/한글 원본·사용자 데이터 또는 설명 주석 후보; 이 행 자체는 노출/삭제 확정 근거가 아님
lib/services/memo_category_classifier.dart,359,"'받기',",내부 식별자/한글 원본·사용자 데이터 또는 설명 주석 후보; 이 행 자체는 노출/삭제 확정 근거가 아님
lib/services/memo_category_classifier.dart,360,"'받자',",내부 식별자/한글 원본·사용자 데이터 또는 설명 주석 후보; 이 행 자체는 노출/삭제 확정 근거가 아님
lib/services/memo_category_classifier.dart,361,"'받을',",내부 식별자/한글 원본·사용자 데이터 또는 설명 주석 후보; 이 행 자체는 노출/삭제 확정 근거가 아님
lib/services/memo_category_classifier.dart,362,"'받았',",내부 식별자/한글 원본·사용자 데이터 또는 설명 주석 후보; 이 행 자체는 노출/삭제 확정 근거가 아님
lib/services/memo_category_classifier.dart,363,"'등록',",내부 식별자/한글 원본·사용자 데이터 또는 설명 주석 후보; 이 행 자체는 노출/삭제 확정 근거가 아님
lib/services/memo_category_classifier.dart,364,"'수업',",내부 식별자/한글 원본·사용자 데이터 또는 설명 주석 후보; 이 행 자체는 노출/삭제 확정 근거가 아님
lib/services/memo_category_classifier.dart,365,"'예약',",내부 식별자/한글 원본·사용자 데이터 또는 설명 주석 후보; 이 행 자체는 노출/삭제 확정 근거가 아님
lib/services/memo_category_classifier.dart,366,"'트레이너',",내부 식별자/한글 원본·사용자 데이터 또는 설명 주석 후보; 이 행 자체는 노출/삭제 확정 근거가 아님
lib/services/memo_category_classifier.dart,367,"'헬스',",내부 식별자/한글 원본·사용자 데이터 또는 설명 주석 후보; 이 행 자체는 노출/삭제 확정 근거가 아님
lib/services/memo_category_classifier.dart,370,"'PT자료',",내부 식별자/한글 원본·사용자 데이터 또는 설명 주석 후보; 이 행 자체는 노출/삭제 확정 근거가 아님
lib/services/memo_category_classifier.dart,371,"'PT준비',",내부 식별자/한글 원본·사용자 데이터 또는 설명 주석 후보; 이 행 자체는 노출/삭제 확정 근거가 아님
lib/services/memo_category_classifier.dart,372,"'PT발표',",내부 식별자/한글 원본·사용자 데이터 또는 설명 주석 후보; 이 행 자체는 노출/삭제 확정 근거가 아님
lib/services/memo_category_classifier.dart,373,"'PT연습',",내부 식별자/한글 원본·사용자 데이터 또는 설명 주석 후보; 이 행 자체는 노출/삭제 확정 근거가 아님
lib/services/memo_category_classifier.dart,374,"'사업PT',",내부 식별자/한글 원본·사용자 데이터 또는 설명 주석 후보; 이 행 자체는 노출/삭제 확정 근거가 아님
lib/services/memo_category_classifier.dart,375,"'기업PT',",내부 식별자/한글 원본·사용자 데이터 또는 설명 주석 후보; 이 행 자체는 노출/삭제 확정 근거가 아님
lib/services/memo_category_classifier.dart,376,"'경쟁PT',",내부 식별자/한글 원본·사용자 데이터 또는 설명 주석 후보; 이 행 자체는 노출/삭제 확정 근거가 아님
lib/services/memo_category_classifier.dart,382,"const List<String> _kRacketSportsKeywords = ['테니스', '배드민턴', '탁구', '스쿼시'];",내부 식별자/한글 원본·사용자 데이터 또는 설명 주석 후보; 이 행 자체는 노출/삭제 확정 근거가 아님
lib/services/memo_category_classifier.dart,383,"const List<String> _kRacketSportsFalsePositives = ['테니스공', '탁구공'];",내부 식별자/한글 원본·사용자 데이터 또는 설명 주석 후보; 이 행 자체는 노출/삭제 확정 근거가 아님
lib/services/memo_category_classifier.dart,389,const List<String> _kSoccerKeywords = ['축구'];,내부 식별자/한글 원본·사용자 데이터 또는 설명 주석 후보; 이 행 자체는 노출/삭제 확정 근거가 아님
lib/services/memo_category_classifier.dart,390,const List<String> _kSoccerFalsePositives = ['축구공'];,내부 식별자/한글 원본·사용자 데이터 또는 설명 주석 후보; 이 행 자체는 노출/삭제 확정 근거가 아님
lib/services/memo_category_classifier.dart,391,const List<String> _kBasketballKeywords = ['농구'];,내부 식별자/한글 원본·사용자 데이터 또는 설명 주석 후보; 이 행 자체는 노출/삭제 확정 근거가 아님
lib/services/memo_category_classifier.dart,392,const List<String> _kBasketballFalsePositives = ['농구공'];,내부 식별자/한글 원본·사용자 데이터 또는 설명 주석 후보; 이 행 자체는 노출/삭제 확정 근거가 아님
lib/services/memo_category_classifier.dart,393,const List<String> _kBaseballKeywords = ['야구'];,내부 식별자/한글 원본·사용자 데이터 또는 설명 주석 후보; 이 행 자체는 노출/삭제 확정 근거가 아님
lib/services/memo_category_classifier.dart,394,const List<String> _kBaseballFalsePositives = ['야구공'];,내부 식별자/한글 원본·사용자 데이터 또는 설명 주석 후보; 이 행 자체는 노출/삭제 확정 근거가 아님
lib/services/memo_category_classifier.dart,395,const List<String> _kBallSportsKeywords = ['배구'];,내부 식별자/한글 원본·사용자 데이터 또는 설명 주석 후보; 이 행 자체는 노출/삭제 확정 근거가 아님
lib/services/memo_category_classifier.dart,400,"const List<String> _kCombatSportsKeywords = ['복싱', '킥복싱', '무에타이'];",내부 식별자/한글 원본·사용자 데이터 또는 설명 주석 후보; 이 행 자체는 노출/삭제 확정 근거가 아님
lib/services/memo_category_classifier.dart,404,"const List<String> _kRunningKeywords = ['러닝', '달리기', '조깅', '런닝', '마라톤'];",내부 식별자/한글 원본·사용자 데이터 또는 설명 주석 후보; 이 행 자체는 노출/삭제 확정 근거가 아님
lib/services/memo_category_classifier.dart,407,const List<String> _kRunningFalsePositives = ['닌텐도'];,내부 식별자/한글 원본·사용자 데이터 또는 설명 주석 후보; 이 행 자체는 노출/삭제 확정 근거가 아님
lib/services/memo_category_classifier.dart,408,const List<String> _kSwimmingKeywords = ['수영'];,내부 식별자/한글 원본·사용자 데이터 또는 설명 주석 후보; 이 행 자체는 노출/삭제 확정 근거가 아님
lib/services/memo_category_classifier.dart,409,"const List<String> _kHikingKeywords = ['등산', '트레킹', '산행', '둘레길', '등반'];",내부 식별자/한글 원본·사용자 데이터 또는 설명 주석 후보; 이 행 자체는 노출/삭제 확정 근거가 아님
lib/services/memo_category_classifier.dart,413,const List<String> _kHikingFalsePositives = ['암벽등반'];,내부 식별자/한글 원본·사용자 데이터 또는 설명 주석 후보; 이 행 자체는 노출/삭제 확정 근거가 아님
lib/services/memo_category_classifier.dart,416,"const List<String> _kCyclingKeywords = ['자전거', '따릉이'];",내부 식별자/한글 원본·사용자 데이터 또는 설명 주석 후보; 이 행 자체는 노출/삭제 확정 근거가 아님
lib/services/memo_category_classifier.dart,417,const List<String> _kCyclingFalsePositives = ['하늘자전거'];,내부 식별자/한글 원본·사용자 데이터 또는 설명 주석 후보; 이 행 자체는 노출/삭제 확정 근거가 아님
lib/services/memo_category_classifier.dart,418,"const List<String> _kYogaKeywordsAnywhere = ['필라테스', '스트레칭'];",내부 식별자/한글 원본·사용자 데이터 또는 설명 주석 후보; 이 행 자체는 노출/삭제 확정 근거가 아님
lib/services/memo_category_classifier.dart,421,const List<String> _kYogaKeywordsPrefixOnly = ['요가'];,내부 식별자/한글 원본·사용자 데이터 또는 설명 주석 후보; 이 행 자체는 노출/삭제 확정 근거가 아님
lib/services/memo_category_classifier.dart,423,"'사기',",내부 식별자/한글 원본·사용자 데이터 또는 설명 주석 후보; 이 행 자체는 노출/삭제 확정 근거가 아님
lib/services/memo_category_classifier.dart,424,"'사주기',",내부 식별자/한글 원본·사용자 데이터 또는 설명 주석 후보; 이 행 자체는 노출/삭제 확정 근거가 아님
lib/services/memo_category_classifier.dart,425,"'구매하기',",내부 식별자/한글 원본·사용자 데이터 또는 설명 주석 후보; 이 행 자체는 노출/삭제 확정 근거가 아님
lib/services/memo_category_classifier.dart,426,"'구입하기',",내부 식별자/한글 원본·사용자 데이터 또는 설명 주석 후보; 이 행 자체는 노출/삭제 확정 근거가 아님
lib/services/memo_category_classifier.dart,427,"'주문하기',",내부 식별자/한글 원본·사용자 데이터 또는 설명 주석 후보; 이 행 자체는 노출/삭제 확정 근거가 아님
lib/services/memo_category_classifier.dart,428,"'장만하기',",내부 식별자/한글 원본·사용자 데이터 또는 설명 주석 후보; 이 행 자체는 노출/삭제 확정 근거가 아님
lib/services/memo_category_classifier.dart,429,"'수리',",내부 식별자/한글 원본·사용자 데이터 또는 설명 주석 후보; 이 행 자체는 노출/삭제 확정 근거가 아님
lib/services/memo_category_classifier.dart,430,"'맡기러',",내부 식별자/한글 원본·사용자 데이터 또는 설명 주석 후보; 이 행 자체는 노출/삭제 확정 근거가 아님
lib/services/memo_category_classifier.dart,433,"'영화',",내부 식별자/한글 원본·사용자 데이터 또는 설명 주석 후보; 이 행 자체는 노출/삭제 확정 근거가 아님
lib/services/memo_category_classifier.dart,434,"'콘서트',",내부 식별자/한글 원본·사용자 데이터 또는 설명 주석 후보; 이 행 자체는 노출/삭제 확정 근거가 아님
lib/services/memo_category_classifier.dart,435,"'공연',",내부 식별자/한글 원본·사용자 데이터 또는 설명 주석 후보; 이 행 자체는 노출/삭제 확정 근거가 아님
lib/services/memo_category_classifier.dart,436,"'전시',",내부 식별자/한글 원본·사용자 데이터 또는 설명 주석 후보; 이 행 자체는 노출/삭제 확정 근거가 아님
lib/services/memo_category_classifier.dart,437,"'뮤지컬',",내부 식별자/한글 원본·사용자 데이터 또는 설명 주석 후보; 이 행 자체는 노출/삭제 확정 근거가 아님
lib/services/memo_category_classifier.dart,438,"'연극',",내부 식별자/한글 원본·사용자 데이터 또는 설명 주석 후보; 이 행 자체는 노출/삭제 확정 근거가 아님
lib/services/memo_category_classifier.dart,439,'페스티벌',내부 식별자/한글 원본·사용자 데이터 또는 설명 주석 후보; 이 행 자체는 노출/삭제 확정 근거가 아님
lib/services/memo_category_classifier.dart,441,"const List<String> _kFinanceKeywords = ['은행', '환전', '적금', '예금', '연말정산', '공과금'];",내부 식별자/한글 원본·사용자 데이터 또는 설명 주석 후보; 이 행 자체는 노출/삭제 확정 근거가 아님
lib/services/memo_category_classifier.dart,442,const List<String> _kFinanceFalsePositives = ['은행나무'];,내부 식별자/한글 원본·사용자 데이터 또는 설명 주석 후보; 이 행 자체는 노출/삭제 확정 근거가 아님
lib/services/memo_category_classifier.dart,443,"const List<String> _kChoreKeywords = ['청소', '빨래', '설거지', '분리수거'];",내부 식별자/한글 원본·사용자 데이터 또는 설명 주석 후보; 이 행 자체는 노출/삭제 확정 근거가 아님
lib/services/memo_category_classifier.dart,446,"const List<String> _kBeautyContainsKeywords = ['미용실', '네일', '왁싱', '염색', '속눈썹'];",내부 식별자/한글 원본·사용자 데이터 또는 설명 주석 후보; 이 행 자체는 노출/삭제 확정 근거가 아님
lib/services/memo_category_classifier.dart,447,"const List<String> _kBeautyPrefixKeywords = ['펌', '커트'];",내부 식별자/한글 원본·사용자 데이터 또는 설명 주석 후보; 이 행 자체는 노출/삭제 확정 근거가 아님
lib/services/memo_category_classifier.dart,460,"'study': ['공부', '독서', '인강', '강의', '코테'],",내부 식별자/한글 원본·사용자 데이터 또는 설명 주석 후보; 이 행 자체는 노출/삭제 확정 근거가 아님
lib/services/memo_category_classifier.dart,463,"'health': ['병원', '치과', '약국'],",내부 식별자/한글 원본·사용자 데이터 또는 설명 주석 후보; 이 행 자체는 노출/삭제 확정 근거가 아님
lib/services/memo_category_classifier.dart,464,"'work': ['출장'],",내부 식별자/한글 원본·사용자 데이터 또는 설명 주석 후보; 이 행 자체는 노출/삭제 확정 근거가 아님
lib/services/memo_category_classifier.dart,465,"'meal': ['식사', '외식'],",내부 식별자/한글 원본·사용자 데이터 또는 설명 주석 후보; 이 행 자체는 노출/삭제 확정 근거가 아님
lib/services/memo_category_classifier.dart,466,"'leisure': ['여가', '집콕', '방탈출'],",내부 식별자/한글 원본·사용자 데이터 또는 설명 주석 후보; 이 행 자체는 노출/삭제 확정 근거가 아님
lib/services/memo_category_classifier.dart,468,const List<String> _kHealthActivityFalsePositives = ['치과위생사'];,내부 식별자/한글 원본·사용자 데이터 또는 설명 주석 후보; 이 행 자체는 노출/삭제 확정 근거가 아님
lib/services/memo_category_classifier.dart,472,"'shopping': ['쇼핑'],",내부 식별자/한글 원본·사용자 데이터 또는 설명 주석 후보; 이 행 자체는 노출/삭제 확정 근거가 아님
lib/services/memo_category_classifier.dart,488,"const List<String> _kLeisureTravelKeywords = ['투어', '관광'];",내부 식별자/한글 원본·사용자 데이터 또는 설명 주석 후보; 이 행 자체는 노출/삭제 확정 근거가 아님
lib/services/memo_category_classifier.dart,499,"const List<String> _kEatingProposalKeywords = ['먹자', '먹을래', '먹으러'];",내부 식별자/한글 원본·사용자 데이터 또는 설명 주석 후보; 이 행 자체는 노출/삭제 확정 근거가 아님
lib/services/memo_category_classifier.dart,501,"'약',",내부 식별자/한글 원본·사용자 데이터 또는 설명 주석 후보; 이 행 자체는 노출/삭제 확정 근거가 아님
lib/services/memo_category_classifier.dart,502,"'영양제',",내부 식별자/한글 원본·사용자 데이터 또는 설명 주석 후보; 이 행 자체는 노출/삭제 확정 근거가 아님
lib/services/memo_category_classifier.dart,503,"'유산균',",내부 식별자/한글 원본·사용자 데이터 또는 설명 주석 후보; 이 행 자체는 노출/삭제 확정 근거가 아님
lib/services/memo_category_classifier.dart,504,"'비타민',",내부 식별자/한글 원본·사용자 데이터 또는 설명 주석 후보; 이 행 자체는 노출/삭제 확정 근거가 아님
lib/services/memo_category_classifier.dart,505,"'오메가',",내부 식별자/한글 원본·사용자 데이터 또는 설명 주석 후보; 이 행 자체는 노출/삭제 확정 근거가 아님
lib/services/memo_category_classifier.dart,506,"'프로폴리스',",내부 식별자/한글 원본·사용자 데이터 또는 설명 주석 후보; 이 행 자체는 노출/삭제 확정 근거가 아님
lib/services/memo_category_classifier.dart,507,"'한약',",내부 식별자/한글 원본·사용자 데이터 또는 설명 주석 후보; 이 행 자체는 노출/삭제 확정 근거가 아님
lib/services/memo_category_classifier.dart,512,const List<String> _kActivityDeferMarkers = ['모임'];,내부 식별자/한글 원본·사용자 데이터 또는 설명 주석 후보; 이 행 자체는 노출/삭제 확정 근거가 아님
lib/services/memo_category_classifier.dart,522,if (rest.startsWith('들')) {,내부 식별자/한글 원본·사용자 데이터 또는 설명 주석 후보; 이 행 자체는 노출/삭제 확정 근거가 아님
lib/services/memo_category_classifier.dart,581,"static const List<String> _kVerbStems = ['하', '해', '할', '했', '한'];",내부 식별자/한글 원본·사용자 데이터 또는 설명 주석 후보; 이 행 자체는 노출/삭제 확정 근거가 아님
lib/services/memo_category_classifier.dart,587,"'하',",내부 식별자/한글 원본·사용자 데이터 또는 설명 주석 후보; 이 행 자체는 노출/삭제 확정 근거가 아님
lib/services/memo_category_classifier.dart,588,"'해',",내부 식별자/한글 원본·사용자 데이터 또는 설명 주석 후보; 이 행 자체는 노출/삭제 확정 근거가 아님
lib/services/memo_category_classifier.dart,589,"'할',",내부 식별자/한글 원본·사용자 데이터 또는 설명 주석 후보; 이 행 자체는 노출/삭제 확정 근거가 아님
lib/services/memo_category_classifier.dart,590,"'했',",내부 식별자/한글 원본·사용자 데이터 또는 설명 주석 후보; 이 행 자체는 노출/삭제 확정 근거가 아님
lib/services/memo_category_classifier.dart,591,"'한',",내부 식별자/한글 원본·사용자 데이터 또는 설명 주석 후보; 이 행 자체는 노출/삭제 확정 근거가 아님
lib/services/memo_category_classifier.dart,592,"'타',",내부 식별자/한글 원본·사용자 데이터 또는 설명 주석 후보; 이 행 자체는 노출/삭제 확정 근거가 아님
lib/services/memo_category_classifier.dart,593,"'탄',",내부 식별자/한글 원본·사용자 데이터 또는 설명 주석 후보; 이 행 자체는 노출/삭제 확정 근거가 아님
lib/services/memo_category_classifier.dart,594,"'탈',",내부 식별자/한글 원본·사용자 데이터 또는 설명 주석 후보; 이 행 자체는 노출/삭제 확정 근거가 아님
lib/services/memo_category_classifier.dart,595,"'탔',",내부 식별자/한글 원본·사용자 데이터 또는 설명 주석 후보; 이 행 자체는 노출/삭제 확정 근거가 아님
lib/services/memo_category_classifier.dart,713,"text, ['클럽', '모임', '뒷풀이', '신년회', '송년회', '환영회', '정모', '산악회']);",내부 식별자/한글 원본·사용자 데이터 또는 설명 주석 후보; 이 행 자체는 노출/삭제 확정 근거가 아님
lib/services/memo_category_classifier.dart,717,"final certDefer = _anyContainsMatched(text, ['자격증']);",내부 식별자/한글 원본·사용자 데이터 또는 설명 주석 후보; 이 행 자체는 노출/삭제 확정 근거가 아님
lib/services/restore_coordinator.dart,136,debugPrint('🧯 [restore] 검증 실패: $issues');,개발 로그/내부 예외. 사용자 노출 실패 설명은 localizedErrorDetail로 분리
lib/services/restore_coordinator.dart,186,debugPrint('🧯 [restore] 작업 기록 손상: $e');,개발 로그/내부 예외. 사용자 노출 실패 설명은 localizedErrorDetail로 분리
lib/services/restore_coordinator.dart,233,debugPrint('🧯 [restore] 안전 종료 재조정 실패 - 작업 기록 유지: $e');,개발 로그/내부 예외. 사용자 노출 실패 설명은 localizedErrorDetail로 분리
lib/services/restore_coordinator.dart,274,debugPrint('🧯 [restore] 단계 실패(${job.phase.name} 이후): $e\n$st');,개발 로그/내부 예외. 사용자 노출 실패 설명은 localizedErrorDetail로 분리
lib/services/restore_coordinator.dart,278,debugPrint('🧯 [restore] 실패 후 재조정도 실패: $e2');,개발 로그/내부 예외. 사용자 노출 실패 설명은 localizedErrorDetail로 분리
lib/services/restore_coordinator.dart,330,debugPrint('🧯 [restore] DB 교체 준비 중 진행 중 알람이 바뀜 - 롤백 후 다시 준비(${attempt + 1}/$_maxCarryAttempts)');,개발 로그/내부 예외. 사용자 노출 실패 설명은 localizedErrorDetail로 분리
lib/services/restore_coordinator.dart,464,debugPrint('🧯 [restore] 재조정 중 개별 기상 알람 예약 실패 $failures건 - 재시도 목록으로 넘어감');,개발 로그/내부 예외. 사용자 노출 실패 설명은 localizedErrorDetail로 분리
lib/services/restore_coordinator.dart,473,debugPrint('🧯 [restore] Guard 재확인 실패: $e');,개발 로그/내부 예외. 사용자 노출 실패 설명은 localizedErrorDetail로 분리
lib/services/restore_coordinator.dart,482,debugPrint('🧯 [restore] 친구공유 복원 후 재시도 실패(무시): $e');,개발 로그/내부 예외. 사용자 노출 실패 설명은 localizedErrorDetail로 분리
lib/services/restore_coordinator.dart,522,debugPrint('🧯 [restore] 작업 정리 실패(다음 시작 때 다시 시도): $e');,개발 로그/내부 예외. 사용자 노출 실패 설명은 localizedErrorDetail로 분리
lib/services/restore_coordinator.dart,546,debugPrint('🧯 [restore] 잠금 해제 실패: $e');,개발 로그/내부 예외. 사용자 노출 실패 설명은 localizedErrorDetail로 분리
lib/services/schedule_notification_service.dart,73,debugPrint('⚠️ 일정 알림 예약 실패(id=$id): Native 결과 $scheduled');,개발 로그/내부 예외. 사용자 노출 실패 설명은 localizedErrorDetail로 분리
lib/services/schedule_notification_service.dart,78,debugPrint('⚠️ 일정 알림 예약 실패(id=$id): $e');,개발 로그/내부 예외. 사용자 노출 실패 설명은 localizedErrorDetail로 분리
lib/services/schedule_notification_service.dart,91,debugPrint('⚠️ 일정 알림 취소 실패(id=$id): $e');,개발 로그/내부 예외. 사용자 노출 실패 설명은 localizedErrorDetail로 분리
lib/services/schedule_notification_service.dart,103,debugPrint('⚠️ 일정 알림 일괄 취소 실패: $e');,개발 로그/내부 예외. 사용자 노출 실패 설명은 localizedErrorDetail로 분리
lib/services/schedule_notification_service.dart,114,debugPrint('⚠️ 일정 알림 일괄 복원 실패: $e');,개발 로그/내부 예외. 사용자 노출 실패 설명은 localizedErrorDetail로 분리
lib/services/schedule_notification_service.dart,125,debugPrint('⚠️ 일정관리 탭 설정 Native 동기화 실패: $e');,개발 로그/내부 예외. 사용자 노출 실패 설명은 localizedErrorDetail로 분리
lib/services/update_service.dart,67,debugPrint('릴리즈 노트 기준선 기록 실패: $e');,개발 로그/내부 예외. 사용자 노출 실패 설명은 localizedErrorDetail로 분리
lib/services/update_service.dart,95,debugPrint('릴리즈 노트 표시 실패: $e');,개발 로그/내부 예외. 사용자 노출 실패 설명은 localizedErrorDetail로 분리
lib/services/update_service.dart,223,debugPrint('Play 업데이트 확인 실패: $e');,개발 로그/내부 예외. 사용자 노출 실패 설명은 localizedErrorDetail로 분리
lib/services/widget_refresh_service.dart,29,print('⚠️ 캘린더 위젯 갱신 요청 실패 (무시): $e');,개발 로그/내부 예외. 사용자 노출 실패 설명은 localizedErrorDetail로 분리
lib/services/widget_refresh_service.dart,34,print('⚠️ 수면 위젯 갱신 요청 실패 (무시): $e');,개발 로그/내부 예외. 사용자 노출 실패 설명은 localizedErrorDetail로 분리
lib/services/work_hours_calculator.dart,28,if (shift != '미설정') {,내부 식별자/한글 원본·사용자 데이터 또는 설명 주석 후보; 이 행 자체는 노출/삭제 확정 근거가 아님
lib/services/work_hours_calculator.dart,89,if (shift != '미설정') {,내부 식별자/한글 원본·사용자 데이터 또는 설명 주석 후보; 이 행 자체는 노출/삭제 확정 근거가 아님
lib/services/condition/condition_rule_engine.dart,52,return '일반';,한국어 전용 기능 또는 그 데이터/진단. F01/F02/F04 진입·수신 조건 추적; 한국어/사용자 데이터 보존
lib/services/condition/condition_rule_engine.dart,54,return '주의가 필요한 날';,한국어 전용 기능 또는 그 데이터/진단. F01/F02/F04 진입·수신 조건 추적; 한국어/사용자 데이터 보존
lib/services/condition/condition_rule_engine.dart,56,return '회복 부담이 큰 날';,한국어 전용 기능 또는 그 데이터/진단. F01/F02/F04 진입·수신 조건 추적; 한국어/사용자 데이터 보존
lib/services/condition/condition_rule_engine.dart,164,"static const extendedStreakRequiredBreakMinutes = 48 * 60; // EVIDENCE-005 원문 숫자(""2일"", 12시간대)",한국어 전용 기능 또는 그 데이터/진단. F01/F02/F04 진입·수신 조건 추적; 한국어/사용자 데이터 보존
lib/services/condition/condition_rule_engine.dart,288,? '이 근무 패턴은 평균 주 ${_formatHours(baselineWeeklyMinutes)} 안팎이에요. 간호사 근무시간 권고 상한(주 60시간)과 ',한국어 전용 기능 또는 그 데이터/진단. F01/F02/F04 진입·수신 조건 추적; 한국어/사용자 데이터 보존
lib/services/condition/condition_rule_engine.dart,289,'EU 근로시간지침 기준(주 48시간)을 구조적으로 넘는 편이에요.',한국어 전용 기능 또는 그 데이터/진단. F01/F02/F04 진입·수신 조건 추적; 한국어/사용자 데이터 보존
lib/services/condition/condition_rule_engine.dart,290,: '이 근무 패턴은 평균 주 ${_formatHours(baselineWeeklyMinutes)} 안팎이에요. EU 근로시간지침 기준(주 48시간)을 ',한국어 전용 기능 또는 그 데이터/진단. F01/F02/F04 진입·수신 조건 추적; 한국어/사용자 데이터 보존
lib/services/condition/condition_rule_engine.dart,291,"'구조적으로 넘는 편이에요.',",한국어 전용 기능 또는 그 데이터/진단. F01/F02/F04 진입·수신 조건 추적; 한국어/사용자 데이터 보존
lib/services/condition/condition_rule_engine.dart,310,"ConditionFinding(message: '근무 일정이 아직 설정되지 않았습니다.', evidenceIds: []),",한국어 전용 기능 또는 그 데이터/진단. F01/F02/F04 진입·수신 조건 추적; 한국어/사용자 데이터 보존
lib/services/condition/condition_rule_engine.dart,427,"message: '다음 근무까지 회복시간이 ${_formatHours(recoveryMinutes)}로, '",한국어 전용 기능 또는 그 데이터/진단. F01/F02/F04 진입·수신 조건 추적; 한국어/사용자 데이터 보존
lib/services/condition/condition_rule_engine.dart,428,"'권장 최소 기준(11시간)보다 짧습니다.',",한국어 전용 기능 또는 그 데이터/진단. F01/F02/F04 진입·수신 조건 추적; 한국어/사용자 데이터 보존
lib/services/condition/condition_rule_engine.dart,439,"? '최근 7일간 실제 근무시간이 총 ${_formatHours(weeklyTotalMinutes)}으로, 평소(주 '",한국어 전용 기능 또는 그 데이터/진단. F01/F02/F04 진입·수신 조건 추적; 한국어/사용자 데이터 보존
lib/services/condition/condition_rule_engine.dart,440,'${_formatHours(baseline)} 안팎)보다 ${_formatHours(extra)} 더 많습니다. 평소보다 근무가 많이 ',한국어 전용 기능 또는 그 데이터/진단. F01/F02/F04 진입·수신 조건 추적; 한국어/사용자 데이터 보존
lib/services/condition/condition_rule_engine.dart,441,'누적되면 피로가 커질 수 있습니다(정확한 증가 폭 기준은 특정 연구 수치가 아니라 이 앱이 ',한국어 전용 기능 또는 그 데이터/진단. F01/F02/F04 진입·수신 조건 추적; 한국어/사용자 데이터 보존
lib/services/condition/condition_rule_engine.dart,442,'보수적으로 정한 값입니다).',한국어 전용 기능 또는 그 데이터/진단. F01/F02/F04 진입·수신 조건 추적; 한국어/사용자 데이터 보존
lib/services/condition/condition_rule_engine.dart,443,": '최근 7일간 실제 근무시간이 총 ${_formatHours(weeklyTotalMinutes)}으로, 평소(주 '",한국어 전용 기능 또는 그 데이터/진단. F01/F02/F04 진입·수신 조건 추적; 한국어/사용자 데이터 보존
lib/services/condition/condition_rule_engine.dart,444,'${_formatHours(baseline)} 안팎)보다 ${_formatHours(extra)} 더 많습니다. 평소보다 근무가 ',한국어 전용 기능 또는 그 데이터/진단. F01/F02/F04 진입·수신 조건 추적; 한국어/사용자 데이터 보존
lib/services/condition/condition_rule_engine.dart,445,"'누적되면 피로가 커질 수 있습니다(정확한 증가 폭 기준은 이 앱의 판단입니다).',",한국어 전용 기능 또는 그 데이터/진단. F01/F02/F04 진입·수신 조건 추적; 한국어/사용자 데이터 보존
lib/services/condition/condition_rule_engine.dart,455,? '오늘로 연속 근무 $days일째입니다. 하루 근무시간과 무관하게 쉬는 날 ',한국어 전용 기능 또는 그 데이터/진단. F01/F02/F04 진입·수신 조건 추적; 한국어/사용자 데이터 보존
lib/services/condition/condition_rule_engine.dart,456,'없이 근무가 길게 이어지는 것 자체가 피로 누적으로 이어질 수 있습니다 ',한국어 전용 기능 또는 그 데이터/진단. F01/F02/F04 진입·수신 조건 추적; 한국어/사용자 데이터 보존
lib/services/condition/condition_rule_engine.dart,457,'(정확한 일수 기준은 특정 연구 수치가 아니라 이 앱이 보수적으로 정한 값입니다).',한국어 전용 기능 또는 그 데이터/진단. F01/F02/F04 진입·수신 조건 추적; 한국어/사용자 데이터 보존
lib/services/condition/condition_rule_engine.dart,458,: '오늘로 연속 근무 $days일째입니다. 하루 근무시간과 무관하게 쉬는 날 없이 ',한국어 전용 기능 또는 그 데이터/진단. F01/F02/F04 진입·수신 조건 추적; 한국어/사용자 데이터 보존
lib/services/condition/condition_rule_engine.dart,459,"'근무가 이어지면 피로가 쌓일 수 있습니다(정확한 일수 기준은 이 앱의 판단입니다).',",한국어 전용 기능 또는 그 데이터/진단. F01/F02/F04 진입·수신 조건 추적; 한국어/사용자 데이터 보존
lib/services/condition/condition_rule_engine.dart,460,capped: '휴무 없이 매우 오랜 기간 근무가 이어지고 있습니다. 하루 근무시간과 무관하게 ',한국어 전용 기능 또는 그 데이터/진단. F01/F02/F04 진입·수신 조건 추적; 한국어/사용자 데이터 보존
lib/services/condition/condition_rule_engine.dart,461,'쉬는 날 없이 근무가 길게 이어지는 것 자체가 피로 누적으로 이어질 수 있습니다 ',한국어 전용 기능 또는 그 데이터/진단. F01/F02/F04 진입·수신 조건 추적; 한국어/사용자 데이터 보존
lib/services/condition/condition_rule_engine.dart,462,"'(정확한 일수 기준은 특정 연구 수치가 아니라 이 앱이 보수적으로 정한 값입니다).',",한국어 전용 기능 또는 그 데이터/진단. F01/F02/F04 진입·수신 조건 추적; 한국어/사용자 데이터 보존
lib/services/condition/condition_rule_engine.dart,470,message: '오늘은 역방향 교대 전환에 해당합니다. 일부 연구에서는 역방향이 ',한국어 전용 기능 또는 그 데이터/진단. F01/F02/F04 진입·수신 조건 추적; 한국어/사용자 데이터 보존
lib/services/condition/condition_rule_engine.dart,471,"'정방향보다 적응에 상대적으로 불리한 경향으로 보고돼, 다른 부담과 '",한국어 전용 기능 또는 그 데이터/진단. F01/F02/F04 진입·수신 조건 추적; 한국어/사용자 데이터 보존
lib/services/condition/condition_rule_engine.dart,472,"'겹치면 회복이 더 어려울 수 있습니다.',",한국어 전용 기능 또는 그 데이터/진단. F01/F02/F04 진입·수신 조건 추적; 한국어/사용자 데이터 보존
lib/services/condition/condition_rule_engine.dart,482,? '연속 야간근무가 $days일째로 접어들었습니다. 관련 연구는 ',한국어 전용 기능 또는 그 데이터/진단. F01/F02/F04 진입·수신 조건 추적; 한국어/사용자 데이터 보존
lib/services/condition/condition_rule_engine.dart,483,"'이 시점부터 사고·실수 위험이 뚜렷하게 가속화된다고 보고하며, 일부 '",한국어 전용 기능 또는 그 데이터/진단. F01/F02/F04 진입·수신 조건 추적; 한국어/사용자 데이터 보존
lib/services/condition/condition_rule_engine.dart,484,'안전 최우선 산업의 근무 규정은 연속 야간근무를 보통 4일로 상한선을 ',한국어 전용 기능 또는 그 데이터/진단. F01/F02/F04 진입·수신 조건 추적; 한국어/사용자 데이터 보존
lib/services/condition/condition_rule_engine.dart,485,'둡니다.',한국어 전용 기능 또는 그 데이터/진단. F01/F02/F04 진입·수신 조건 추적; 한국어/사용자 데이터 보존
lib/services/condition/condition_rule_engine.dart,486,: '연속 야간근무 $days일째입니다. 관련 연구는 야간근무가 ',한국어 전용 기능 또는 그 데이터/진단. F01/F02/F04 진입·수신 조건 추적; 한국어/사용자 데이터 보존
lib/services/condition/condition_rule_engine.dart,487,'연속될수록(특히 낮·오후근무 연속보다 더 가파르게) 사고·실수 위험이 ',한국어 전용 기능 또는 그 데이터/진단. F01/F02/F04 진입·수신 조건 추적; 한국어/사용자 데이터 보존
lib/services/condition/condition_rule_engine.dart,488,"'누적된다고 보고합니다.',",한국어 전용 기능 또는 그 데이터/진단. F01/F02/F04 진입·수신 조건 추적; 한국어/사용자 데이터 보존
lib/services/condition/condition_rule_engine.dart,489,capped: '연속 야간근무가 휴무 없이 매우 오래 이어지고 있습니다. 관련 연구는 ',한국어 전용 기능 또는 그 데이터/진단. F01/F02/F04 진입·수신 조건 추적; 한국어/사용자 데이터 보존
lib/services/condition/condition_rule_engine.dart,490,"'이 시점부터 사고·실수 위험이 뚜렷하게 가속화된다고 보고하며, 일부 '",한국어 전용 기능 또는 그 데이터/진단. F01/F02/F04 진입·수신 조건 추적; 한국어/사용자 데이터 보존
lib/services/condition/condition_rule_engine.dart,491,"'안전 최우선 산업의 근무 규정은 연속 야간근무를 보통 4일로 상한선을 둡니다.',",한국어 전용 기능 또는 그 데이터/진단. F01/F02/F04 진입·수신 조건 추적; 한국어/사용자 데이터 보존
lib/services/condition/condition_rule_engine.dart,500,"if (shortRecovery) '회복시간 부족',",한국어 전용 기능 또는 그 데이터/진단. F01/F02/F04 진입·수신 조건 추적; 한국어/사용자 데이터 보존
lib/services/condition/condition_rule_engine.dart,501,"if (heavyLoad) '평소보다 근무 누적',",한국어 전용 기능 또는 그 데이터/진단. F01/F02/F04 진입·수신 조건 추적; 한국어/사용자 데이터 보존
lib/services/condition/condition_rule_engine.dart,502,"if (isBackward) '역방향 교대 전환',",한국어 전용 기능 또는 그 데이터/진단. F01/F02/F04 진입·수신 조건 추적; 한국어/사용자 데이터 보존
lib/services/condition/condition_rule_engine.dart,503,"if (nightStreakAttention) '연속 야간근무',",한국어 전용 기능 또는 그 데이터/진단. F01/F02/F04 진입·수신 조건 추적; 한국어/사용자 데이터 보존
lib/services/condition/condition_rule_engine.dart,504,"if (workStreakAttention) '연속근무일수 누적',",한국어 전용 기능 또는 그 데이터/진단. F01/F02/F04 진입·수신 조건 추적; 한국어/사용자 데이터 보존
lib/services/condition/condition_rule_engine.dart,515,message: '${compoundLabels.join(' + ')}이 오늘 함께 겹쳐 회복 부담이 큰 ',한국어 전용 기능 또는 그 데이터/진단. F01/F02/F04 진입·수신 조건 추적; 한국어/사용자 데이터 보존
lib/services/condition/condition_rule_engine.dart,516,'날로 판단됩니다. (여러 부담이 겹치면 누적된다고 보는 것은 이 앱의 ',한국어 전용 기능 또는 그 데이터/진단. F01/F02/F04 진입·수신 조건 추적; 한국어/사용자 데이터 보존
lib/services/condition/condition_rule_engine.dart,517,"'판단이며, 개별 요인 각각의 근거는 위 항목을 참고하세요.)',",한국어 전용 기능 또는 그 데이터/진단. F01/F02/F04 진입·수신 조건 추적; 한국어/사용자 데이터 보존
lib/services/condition/condition_rule_engine.dart,545,normal: (days) => '$floorHours시간 이상 근무가 $days일 연속 이어졌습니다. 관련 훈련자료는 ',한국어 전용 기능 또는 그 데이터/진단. F01/F02/F04 진입·수신 조건 추적; 한국어/사용자 데이터 보존
lib/services/condition/condition_rule_engine.dart,546,"'이런 경우 최소 $breakDays일의 휴식을 고려할 것을 제안합니다.',",한국어 전용 기능 또는 그 데이터/진단. F01/F02/F04 진입·수신 조건 추적; 한국어/사용자 데이터 보존
lib/services/condition/condition_rule_engine.dart,547,capped: '$floorHours시간 이상 근무가 휴무 없이 매우 오래 이어지고 있습니다. 관련 ',한국어 전용 기능 또는 그 데이터/진단. F01/F02/F04 진입·수신 조건 추적; 한국어/사용자 데이터 보존
lib/services/condition/condition_rule_engine.dart,548,"'훈련자료는 이런 경우 최소 $breakDays일의 휴식을 고려할 것을 제안합니다.',",한국어 전용 기능 또는 그 데이터/진단. F01/F02/F04 진입·수신 조건 추적; 한국어/사용자 데이터 보존
lib/services/condition/condition_rule_engine.dart,571,"message: '오늘로 연속 야간근무 ${consecutiveNight.days}일째입니다.',",한국어 전용 기능 또는 그 데이터/진단. F01/F02/F04 진입·수신 조건 추적; 한국어/사용자 데이터 보존
lib/services/condition/condition_rule_engine.dart,582,normal: (days) => '어제까지 이어진 야간근무($days일) 이후의 휴무입니다. 회복을 위한 ',한국어 전용 기능 또는 그 데이터/진단. F01/F02/F04 진입·수신 조건 추적; 한국어/사용자 데이터 보존
lib/services/condition/condition_rule_engine.dart,583,"'수면·휴식 구간으로 활용해보세요.',",한국어 전용 기능 또는 그 데이터/진단. F01/F02/F04 진입·수신 조건 추적; 한국어/사용자 데이터 보존
lib/services/condition/condition_rule_engine.dart,584,capped: '휴무 없이 매우 오래 이어진 야간근무 이후의 휴무입니다. 회복을 위한 ',한국어 전용 기능 또는 그 데이터/진단. F01/F02/F04 진입·수신 조건 추적; 한국어/사용자 데이터 보존
lib/services/condition/condition_rule_engine.dart,585,"'수면·휴식 구간으로 활용해보세요.',",한국어 전용 기능 또는 그 데이터/진단. F01/F02/F04 진입·수신 조건 추적; 한국어/사용자 데이터 보존
lib/services/condition/condition_rule_engine.dart,598,message: '현재 교대는 정방향(주간→오후→야간)으로 진행됩니다. 일부 교대근무 ',한국어 전용 기능 또는 그 데이터/진단. F01/F02/F04 진입·수신 조건 추적; 한국어/사용자 데이터 보존
lib/services/condition/condition_rule_engine.dart,599,'연구에서는 정방향이 역방향보다 적응에 상대적으로 유리한 것으로 ',한국어 전용 기능 또는 그 데이터/진단. F01/F02/F04 진입·수신 조건 추적; 한국어/사용자 데이터 보존
lib/services/condition/condition_rule_engine.dart,600,"'보고됩니다.',",한국어 전용 기능 또는 그 데이터/진단. F01/F02/F04 진입·수신 조건 추적; 한국어/사용자 데이터 보존
lib/services/condition/condition_rule_engine.dart,624,"title: '수면',",한국어 전용 기능 또는 그 데이터/진단. F01/F02/F04 진입·수신 조건 추적; 한국어/사용자 데이터 보존
lib/services/condition/condition_rule_engine.dart,625,message: '${_formatTime(sleepStart)} ~ ${_formatTime(sleepEnd)} 사이에 수면을 ',한국어 전용 기능 또는 그 데이터/진단. F01/F02/F04 진입·수신 조건 추적; 한국어/사용자 데이터 보존
lib/services/condition/condition_rule_engine.dart,626,'확보하기 좋은 시간대입니다. (목표 수면 7~9시간 기준)',한국어 전용 기능 또는 그 데이터/진단. F01/F02/F04 진입·수신 조건 추적; 한국어/사용자 데이터 보존
lib/services/condition/condition_rule_engine.dart,627,"'${sleepShorterThanRecommended ? "" 다만 오늘은 가용 시간이 권장 범위보다 짧습니다."" : """"}',",한국어 전용 기능 또는 그 데이터/진단. F01/F02/F04 진입·수신 조건 추적; 한국어/사용자 데이터 보존
lib/services/condition/condition_rule_engine.dart,636,"title: '카페인',",한국어 전용 기능 또는 그 데이터/진단. F01/F02/F04 진입·수신 조건 추적; 한국어/사용자 데이터 보존
lib/services/condition/condition_rule_engine.dart,637,message: '취침 목표 시각(${_formatTime(sleepStart)}) 6시간 전인 ',한국어 전용 기능 또는 그 데이터/진단. F01/F02/F04 진입·수신 조건 추적; 한국어/사용자 데이터 보존
lib/services/condition/condition_rule_engine.dart,638,"'${_formatTime(cutoff)} 이후부터는 카페인 섭취를 줄이는 것이 좋습니다.',",한국어 전용 기능 또는 그 데이터/진단. F01/F02/F04 진입·수신 조건 추적; 한국어/사용자 데이터 보존
lib/services/condition/condition_rule_engine.dart,643,message: '다음 근무까지 회복시간이 매우 짧아 별도의 수면 시간대를 제안하기 ',한국어 전용 기능 또는 그 데이터/진단. F01/F02/F04 진입·수신 조건 추적; 한국어/사용자 데이터 보존
lib/services/condition/condition_rule_engine.dart,644,"'어렵습니다.',",한국어 전용 기능 또는 그 데이터/진단. F01/F02/F04 진입·수신 조건 추적; 한국어/사용자 데이터 보존
lib/services/condition/condition_rule_engine.dart,655,"title: '식사',",한국어 전용 기능 또는 그 데이터/진단. F01/F02/F04 진입·수신 조건 추적; 한국어/사용자 데이터 보존
lib/services/condition/condition_rule_engine.dart,656,"message: '야간근무 중에는 과식이나 기름지고 자극적인 음식을 피하고, 가벼운 '",한국어 전용 기능 또는 그 데이터/진단. F01/F02/F04 진입·수신 조건 추적; 한국어/사용자 데이터 보존
lib/services/condition/condition_rule_engine.dart,657,"'식사 위주로 하는 것이 좋습니다.',",한국어 전용 기능 또는 그 데이터/진단. F01/F02/F04 진입·수신 조건 추적; 한국어/사용자 데이터 보존
lib/services/condition/condition_rule_engine.dart,664,"title: '빛 노출',",한국어 전용 기능 또는 그 데이터/진단. F01/F02/F04 진입·수신 조건 추적; 한국어/사용자 데이터 보존
lib/services/condition/condition_rule_engine.dart,665,message: '야간근무 후 귀가길에 강한 햇빛 노출을 줄이면(선글라스 등) 이후 ',한국어 전용 기능 또는 그 데이터/진단. F01/F02/F04 진입·수신 조건 추적; 한국어/사용자 데이터 보존
lib/services/condition/condition_rule_engine.dart,666,"'수면에 도움이 될 수 있습니다. 단, 많이 졸린 상태라면 안전을 우선하고 '",한국어 전용 기능 또는 그 데이터/진단. F01/F02/F04 진입·수신 조건 추적; 한국어/사용자 데이터 보존
lib/services/condition/condition_rule_engine.dart,667,"'가능하면 다른 사람이 운전하게 하세요.',",한국어 전용 기능 또는 그 데이터/진단. F01/F02/F04 진입·수신 조건 추적; 한국어/사용자 데이터 보존
lib/services/condition/condition_rule_engine.dart,674,"title: '낮잠',",한국어 전용 기능 또는 그 데이터/진단. F01/F02/F04 진입·수신 조건 추적; 한국어/사용자 데이터 보존
lib/services/condition/condition_rule_engine.dart,675,message: '야간근무 전 짧은 낮잠이 졸림을 줄이는 데 도움이 될 수 있다고 ',한국어 전용 기능 또는 그 데이터/진단. F01/F02/F04 진입·수신 조건 추적; 한국어/사용자 데이터 보존
lib/services/condition/condition_rule_engine.dart,676,'보고됩니다(근거 수준은 높지 않음). 낮잠 직후엔 잠시 몽롱할 수 있으니 ',한국어 전용 기능 또는 그 데이터/진단. F01/F02/F04 진입·수신 조건 추적; 한국어/사용자 데이터 보존
lib/services/condition/condition_rule_engine.dart,677,"'운전 등은 피하세요.',",한국어 전용 기능 또는 그 데이터/진단. F01/F02/F04 진입·수신 조건 추적; 한국어/사용자 데이터 보존
lib/services/condition/condition_rule_engine.dart,719,if (m == 0) return '$h시간';,한국어 전용 기능 또는 그 데이터/진단. F01/F02/F04 진입·수신 조건 추적; 한국어/사용자 데이터 보존
lib/services/condition/condition_rule_engine.dart,720,return '$h시간 $m분';,한국어 전용 기능 또는 그 데이터/진단. F01/F02/F04 진입·수신 조건 추적; 한국어/사용자 데이터 보존
lib/services/condition/evidence_database.dart,35,"topic: '교대 방향(정방향/역방향)',",한국어 전용 기능 또는 그 데이터/진단. F01/F02/F04 진입·수신 조건 추적; 한국어/사용자 데이터 보존
lib/services/condition/evidence_database.dart,36,finding: '정방향 교대(주간→오후→야간)가 역방향보다 적응하기 쉽다고 보고됨. ',한국어 전용 기능 또는 그 데이터/진단. F01/F02/F04 진입·수신 조건 추적; 한국어/사용자 데이터 보존
lib/services/condition/evidence_database.dart,37,"'회전 속도가 빠를수록, 주 단위 회전일수록 더 힘든 경향.',",한국어 전용 기능 또는 그 데이터/진단. F01/F02/F04 진입·수신 조건 추적; 한국어/사용자 데이터 보존
lib/services/condition/evidence_database.dart,38,"evidenceLevel: '정부기관 종합 훈련자료(다수 생체리듬 연구를 정리한 전문가 합의 수준)',",한국어 전용 기능 또는 그 데이터/진단. F01/F02/F04 진입·수신 조건 추적; 한국어/사용자 데이터 보존
lib/services/condition/evidence_database.dart,39,"appUsage: '""일부 연구에서는 정방향이 역방향보다 적응에 유리한 것으로 보고됩니다"" '",한국어 전용 기능 또는 그 데이터/진단. F01/F02/F04 진입·수신 조건 추적; 한국어/사용자 데이터 보존
lib/services/condition/evidence_database.dart,40,"'수준의 정보 제공. ""정방향=건강에 좋음"" 같은 단정 금지.',",한국어 전용 기능 또는 그 데이터/진단. F01/F02/F04 진입·수신 조건 추적; 한국어/사용자 데이터 보존
lib/services/condition/evidence_database.dart,45,"source: 'Knauth & Hornberger (NIOSH Module 5 인용)',",한국어 전용 기능 또는 그 데이터/진단. F01/F02/F04 진입·수신 조건 추적; 한국어/사용자 데이터 보존
lib/services/condition/evidence_database.dart,46,"topic: '근무 사이 최소 회복시간',",한국어 전용 기능 또는 그 데이터/진단. F01/F02/F04 진입·수신 조건 추적; 한국어/사용자 데이터 보존
lib/services/condition/evidence_database.dart,47,"finding: '두 근무 사이 최소 11시간의 회복시간을 둘 것을 권장.',",한국어 전용 기능 또는 그 데이터/진단. F01/F02/F04 진입·수신 조건 추적; 한국어/사용자 데이터 보존
lib/services/condition/evidence_database.dart,48,"evidenceLevel: '학술 권고(정부기관 훈련자료에 인용)',",한국어 전용 기능 또는 그 데이터/진단. F01/F02/F04 진입·수신 조건 추적; 한국어/사용자 데이터 보존
lib/services/condition/evidence_database.dart,49,"appUsage: '회복시간이 11시간보다 짧을 때 ""짧습니다""라는 사실만 서술.',",한국어 전용 기능 또는 그 데이터/진단. F01/F02/F04 진입·수신 조건 추적; 한국어/사용자 데이터 보존
lib/services/condition/evidence_database.dart,54,"source: 'EU Directive 2003/88/EC (Working Time Directive) 제3조',",한국어 전용 기능 또는 그 데이터/진단. F01/F02/F04 진입·수신 조건 추적; 한국어/사용자 데이터 보존
lib/services/condition/evidence_database.dart,55,"topic: '근무 사이 최소 회복시간(법제 기준)',",한국어 전용 기능 또는 그 데이터/진단. F01/F02/F04 진입·수신 조건 추적; 한국어/사용자 데이터 보존
lib/services/condition/evidence_database.dart,56,"finding: '모든 근로자는 24시간마다 최소 11시간의 연속 휴식을 보장받아야 함.',",한국어 전용 기능 또는 그 데이터/진단. F01/F02/F04 진입·수신 조건 추적; 한국어/사용자 데이터 보존
lib/services/condition/evidence_database.dart,57,"evidenceLevel: '법제/정부 가이드라인(널리 채택된 최소 기준)',",한국어 전용 기능 또는 그 데이터/진단. F01/F02/F04 진입·수신 조건 추적; 한국어/사용자 데이터 보존
lib/services/condition/evidence_database.dart,58,"appUsage: 'EVIDENCE-002와 함께 11시간 임계값의 근거로 사용.',",한국어 전용 기능 또는 그 데이터/진단. F01/F02/F04 진입·수신 조건 추적; 한국어/사용자 데이터 보존
lib/services/condition/evidence_database.dart,64,"topic: '장시간 근무와 사고/부상 상대위험',",한국어 전용 기능 또는 그 데이터/진단. F01/F02/F04 진입·수신 조건 추적; 한국어/사용자 데이터 보존
lib/services/condition/evidence_database.dart,65,"finding: '8시간 근무 대비 10시간 근무는 상대위험 약 +13%, 12시간 근무는 약 '",한국어 전용 기능 또는 그 데이터/진단. F01/F02/F04 진입·수신 조건 추적; 한국어/사용자 데이터 보존
lib/services/condition/evidence_database.dart,66,"'+27% 증가하는 것으로 모델링됨.',",한국어 전용 기능 또는 그 데이터/진단. F01/F02/F04 진입·수신 조건 추적; 한국어/사용자 데이터 보존
lib/services/condition/evidence_database.dart,67,"evidenceLevel: '여러 연구를 종합한 메타분석적 모델링(Risk Index)',",한국어 전용 기능 또는 그 데이터/진단. F01/F02/F04 진입·수신 조건 추적; 한국어/사용자 데이터 보존
lib/services/condition/evidence_database.dart,68,"appUsage: '오늘 근무가 12시간 이상일 때 ""근무시간이 길수록 피로·사고 위험이 '",한국어 전용 기능 또는 그 데이터/진단. F01/F02/F04 진입·수신 조건 추적; 한국어/사용자 데이터 보존
lib/services/condition/evidence_database.dart,69,"'상대적으로 높아지는 경향이 보고됩니다"" 수준으로만 서술. 개인 위험도를 '",한국어 전용 기능 또는 그 데이터/진단. F01/F02/F04 진입·수신 조건 추적; 한국어/사용자 데이터 보존
lib/services/condition/evidence_database.dart,70,"'%로 제시하지 않음.',",한국어 전용 기능 또는 그 데이터/진단. F01/F02/F04 진입·수신 조건 추적; 한국어/사용자 데이터 보존
lib/services/condition/evidence_database.dart,76,"topic: '연속 근무 후 휴식일(근무시간대별 일반화)',",한국어 전용 기능 또는 그 데이터/진단. F01/F02/F04 진입·수신 조건 추적; 한국어/사용자 데이터 보존
lib/services/condition/evidence_database.dart,77,"finding: '""연속 8시간 근무 5일 또는 10시간 근무 4일 후에는 1~2일의 완전한 휴식을, '",한국어 전용 기능 또는 그 데이터/진단. F01/F02/F04 진입·수신 조건 추적; 한국어/사용자 데이터 보존
lib/services/condition/evidence_database.dart,78,"'연속 12시간 근무 3일 후에는 2일의 휴식을 계획할 것""을 권고. 또한 ""며칠 몰아서 '",한국어 전용 기능 또는 그 데이터/진단. F01/F02/F04 진입·수신 조건 추적; 한국어/사용자 데이터 보존
lib/services/condition/evidence_database.dart,79,"'일하고 4~7일을 몰아 쉬는"" 압축 패턴은 전문가들이 피할 것을 권고한다고 명시(2026-09-17 '",한국어 전용 기능 또는 그 데이터/진단. F01/F02/F04 진입·수신 조건 추적; 한국어/사용자 데이터 보존
lib/services/condition/evidence_database.dart,80,"'재조사로 근무시간대별 일반화된 수치 확인 - 기존엔 12시간 근무 축만 반영했음).',",한국어 전용 기능 또는 그 데이터/진단. F01/F02/F04 진입·수신 조건 추적; 한국어/사용자 데이터 보존
lib/services/condition/evidence_database.dart,81,"evidenceLevel: '정부기관 종합 훈련자료의 정성적 권고(정량적 ""위험 시작 일수""는 아님)',",한국어 전용 기능 또는 그 데이터/진단. F01/F02/F04 진입·수신 조건 추적; 한국어/사용자 데이터 보존
lib/services/condition/evidence_database.dart,82,appUsage: '근무시간이 8시간대/10시간대/12시간대인지에 따라 각각 5일/4일/3일 연속 뒤 ',한국어 전용 기능 또는 그 데이터/진단. F01/F02/F04 진입·수신 조건 추적; 한국어/사용자 데이터 보존
lib/services/condition/evidence_database.dart,83,"'회복시간이 부족(24~48시간 미만)하면 ""높은 부담"" 판정에 사용 - 원문 숫자를 그대로 '",한국어 전용 기능 또는 그 데이터/진단. F01/F02/F04 진입·수신 조건 추적; 한국어/사용자 데이터 보존
lib/services/condition/evidence_database.dart,84,"'씀, 임의로 만든 임계값이 아님. 8시간 미만 근무의 연속일수는 이 근거가 다루지 않아 '",한국어 전용 기능 또는 그 데이터/진단. F01/F02/F04 진입·수신 조건 추적; 한국어/사용자 데이터 보존
lib/services/condition/evidence_database.dart,85,"'레벨 판정에 안 씀(RULE_CONSECUTIVE_WORKDAYS 참고 - ""며칠 몰아서 일하는 압축 패턴을 '",한국어 전용 기능 또는 그 데이터/진단. F01/F02/F04 진입·수신 조건 추적; 한국어/사용자 데이터 보존
lib/services/condition/evidence_database.dart,86,"'피하라""는 이 자료의 일반 원칙만 빌리고, 정확한 일수 기준 자체는 이 앱의 판단).',",한국어 전용 기능 또는 그 데이터/진단. F01/F02/F04 진입·수신 조건 추적; 한국어/사용자 데이터 보존
lib/services/condition/evidence_database.dart,92,"topic: '야간근무 후 수면',",한국어 전용 기능 또는 그 데이터/진단. F01/F02/F04 진입·수신 조건 추적; 한국어/사용자 데이터 보존
lib/services/condition/evidence_database.dart,93,"finding: '야간근무 후에는 수면을 확보하는 것을 우선할 것을 권고.',",한국어 전용 기능 또는 그 데이터/진단. F01/F02/F04 진입·수신 조건 추적; 한국어/사용자 데이터 보존
lib/services/condition/evidence_database.dart,94,"evidenceLevel: '정부기관 종합 훈련자료',",한국어 전용 기능 또는 그 데이터/진단. F01/F02/F04 진입·수신 조건 추적; 한국어/사용자 데이터 보존
lib/services/condition/evidence_database.dart,95,"appUsage: '야간근무 다음 날이 휴무인 경우 ""회복을 위한 수면·휴식 구간""으로 '",한국어 전용 기능 또는 그 데이터/진단. F01/F02/F04 진입·수신 조건 추적; 한국어/사용자 데이터 보존
lib/services/condition/evidence_database.dart,96,"'맥락을 재구성(상태 판정에는 영향 없음, 순수 정보 제공).',",한국어 전용 기능 또는 그 데이터/진단. F01/F02/F04 진입·수신 조건 추적; 한국어/사용자 데이터 보존
lib/services/condition/evidence_database.dart,102,"topic: '야간근무 전 낮잠',",한국어 전용 기능 또는 그 데이터/진단. F01/F02/F04 진입·수신 조건 추적; 한국어/사용자 데이터 보존
lib/services/condition/evidence_database.dart,103,finding: '졸림을 겪는 교대근무 수면장애 성인에서 야간근무 전 낮잠을 조건부로 ',한국어 전용 기능 또는 그 데이터/진단. F01/F02/F04 진입·수신 조건 추적; 한국어/사용자 데이터 보존
lib/services/condition/evidence_database.dart,104,"'권장(단, 가이드라인 스스로 ""근거 수준 매우 낮음""이라고 명시). 낮잠 직후 '",한국어 전용 기능 또는 그 데이터/진단. F01/F02/F04 진입·수신 조건 추적; 한국어/사용자 데이터 보존
lib/services/condition/evidence_database.dart,105,'수면관성으로 일시적 졸림/인지저하가 있을 수 있어 운전 등 위험한 활동 전 ',한국어 전용 기능 또는 그 데이터/진단. F01/F02/F04 진입·수신 조건 추적; 한국어/사용자 데이터 보존
lib/services/condition/evidence_database.dart,106,"'시간을 둘 것을 권고.',",한국어 전용 기능 또는 그 데이터/진단. F01/F02/F04 진입·수신 조건 추적; 한국어/사용자 데이터 보존
lib/services/condition/evidence_database.dart,107,"evidenceLevel: '조건부 권고, 근거 수준 매우 낮음(가이드라인 원문 명시)',",한국어 전용 기능 또는 그 데이터/진단. F01/F02/F04 진입·수신 조건 추적; 한국어/사용자 데이터 보존
lib/services/condition/evidence_database.dart,108,"appUsage: '팁으로만 노출(""도움이 될 수 있다고 보고됩니다, 근거 수준은 높지 '",한국어 전용 기능 또는 그 데이터/진단. F01/F02/F04 진입·수신 조건 추적; 한국어/사용자 데이터 보존
lib/services/condition/evidence_database.dart,109,"'않습니다"" + 낮잠 직후 운전 주의). 상태 판정에는 절대 사용하지 않음.',",한국어 전용 기능 또는 그 데이터/진단. F01/F02/F04 진입·수신 조건 추적; 한국어/사용자 데이터 보존
lib/services/condition/evidence_database.dart,115,"topic: '카페인과 수면',",한국어 전용 기능 또는 그 데이터/진단. F01/F02/F04 진입·수신 조건 추적; 한국어/사용자 데이터 보존
lib/services/condition/evidence_database.dart,116,finding: '취침 6시간 전 카페인(400mg) 섭취도 총 수면시간을 1시간 이상 유의하게 ',한국어 전용 기능 또는 그 데이터/진단. F01/F02/F04 진입·수신 조건 추적; 한국어/사용자 데이터 보존
lib/services/condition/evidence_database.dart,117,"'감소시킴.',",한국어 전용 기능 또는 그 데이터/진단. F01/F02/F04 진입·수신 조건 추적; 한국어/사용자 데이터 보존
lib/services/condition/evidence_database.dart,118,"evidenceLevel: '무작위 대조 실험(반복 인용되는 기준 연구)',",한국어 전용 기능 또는 그 데이터/진단. F01/F02/F04 진입·수신 조건 추적; 한국어/사용자 데이터 보존
lib/services/condition/evidence_database.dart,119,appUsage: '추천 수면 시간대 시작 시각 기준 6시간 전부터 카페인 섭취를 줄이도록 ',한국어 전용 기능 또는 그 데이터/진단. F01/F02/F04 진입·수신 조건 추적; 한국어/사용자 데이터 보존
lib/services/condition/evidence_database.dart,120,"'안내.',",한국어 전용 기능 또는 그 데이터/진단. F01/F02/F04 진입·수신 조건 추적; 한국어/사용자 데이터 보존
lib/services/condition/evidence_database.dart,126,"topic: '야간근무 후 귀가길 빛 노출',",한국어 전용 기능 또는 그 데이터/진단. F01/F02/F04 진입·수신 조건 추적; 한국어/사용자 데이터 보존
lib/services/condition/evidence_database.dart,127,finding: '야간근무 후 귀가길에 선글라스 등으로 강한 빛 노출을 줄이면 이후 수면에 ',한국어 전용 기능 또는 그 데이터/진단. F01/F02/F04 진입·수신 조건 추적; 한국어/사용자 데이터 보존
lib/services/condition/evidence_database.dart,128,"'도움이 될 수 있음. 단, 매우 졸린 상태에서는 선글라스가 각성 효과를 줄여 '",한국어 전용 기능 또는 그 데이터/진단. F01/F02/F04 진입·수신 조건 추적; 한국어/사용자 데이터 보존
lib/services/condition/evidence_database.dart,129,"'졸음운전 위험을 높일 수 있다는 안전 경고가 함께 명시됨.',",한국어 전용 기능 또는 그 데이터/진단. F01/F02/F04 진입·수신 조건 추적; 한국어/사용자 데이터 보존
lib/services/condition/evidence_database.dart,130,"evidenceLevel: '정부기관 종합 훈련자료 + 생체리듬 연구 기반',",한국어 전용 기능 또는 그 데이터/진단. F01/F02/F04 진입·수신 조건 추적; 한국어/사용자 데이터 보존
lib/services/condition/evidence_database.dart,131,"appUsage: '야간근무가 끝나는 날 팁으로 노출하되, 졸음운전 안전 경고 문구를 '",한국어 전용 기능 또는 그 데이터/진단. F01/F02/F04 진입·수신 조건 추적; 한국어/사용자 데이터 보존
lib/services/condition/evidence_database.dart,132,"'반드시 함께 표시.',",한국어 전용 기능 또는 그 데이터/진단. F01/F02/F04 진입·수신 조건 추적; 한국어/사용자 데이터 보존
lib/services/condition/evidence_database.dart,138,"topic: '야간근무 중 식사',",한국어 전용 기능 또는 그 데이터/진단. F01/F02/F04 진입·수신 조건 추적; 한국어/사용자 데이터 보존
lib/services/condition/evidence_database.dart,139,"finding: '자정~새벽 6시 사이 식사량을 줄이고, 주 수면 전 1~2시간 내 과식을 '",한국어 전용 기능 또는 그 데이터/진단. F01/F02/F04 진입·수신 조건 추적; 한국어/사용자 데이터 보존
lib/services/condition/evidence_database.dart,140,"'피하며, 가벼운 음식 위주로 할 것을 권고. 기름지고 자극적인 음식·알코올· '",한국어 전용 기능 또는 그 데이터/진단. F01/F02/F04 진입·수신 조건 추적; 한국어/사용자 데이터 보존
lib/services/condition/evidence_database.dart,141,"'설탕 많은 음식은 자제.',",한국어 전용 기능 또는 그 데이터/진단. F01/F02/F04 진입·수신 조건 추적; 한국어/사용자 데이터 보존
lib/services/condition/evidence_database.dart,142,"evidenceLevel: '정부기관 종합 훈련자료',",한국어 전용 기능 또는 그 데이터/진단. F01/F02/F04 진입·수신 조건 추적; 한국어/사용자 데이터 보존
lib/services/condition/evidence_database.dart,143,"appUsage: '오늘이 야간근무일 때 ""과식·기름진 음식을 피하고 가벼운 식사 위주로"" '",한국어 전용 기능 또는 그 데이터/진단. F01/F02/F04 진입·수신 조건 추적; 한국어/사용자 데이터 보존
lib/services/condition/evidence_database.dart,144,"'팁 노출.',",한국어 전용 기능 또는 그 데이터/진단. F01/F02/F04 진입·수신 조건 추적; 한국어/사용자 데이터 보존
lib/services/condition/evidence_database.dart,149,"source: 'National Sleep Foundation, Sleep Health 저널(2015) — 다학제 전문가 패널 합의',",한국어 전용 기능 또는 그 데이터/진단. F01/F02/F04 진입·수신 조건 추적; 한국어/사용자 데이터 보존
lib/services/condition/evidence_database.dart,150,"topic: '성인 권장 수면시간',",한국어 전용 기능 또는 그 데이터/진단. F01/F02/F04 진입·수신 조건 추적; 한국어/사용자 데이터 보존
lib/services/condition/evidence_database.dart,151,"finding: '성인(만 18~64세) 권장 수면시간은 7~9시간(고령자 7~8시간).',",한국어 전용 기능 또는 그 데이터/진단. F01/F02/F04 진입·수신 조건 추적; 한국어/사용자 데이터 보존
lib/services/condition/evidence_database.dart,152,"evidenceLevel: '다학제 전문가 패널 합의(RAND/UCLA Appropriateness Method)',",한국어 전용 기능 또는 그 데이터/진단. F01/F02/F04 진입·수신 조건 추적; 한국어/사용자 데이터 보존
lib/services/condition/evidence_database.dart,153,"appUsage: '""오늘 목표 수면: 7~9시간""처럼 항상 범위로 표시. 특정 분·시간 단위로 '",한국어 전용 기능 또는 그 데이터/진단. F01/F02/F04 진입·수신 조건 추적; 한국어/사용자 데이터 보존
lib/services/condition/evidence_database.dart,154,"'정확히 표현하지 않음.',",한국어 전용 기능 또는 그 데이터/진단. F01/F02/F04 진입·수신 조건 추적; 한국어/사용자 데이터 보존
lib/services/condition/evidence_database.dart,159,"source: 'EU Directive 2003/88/EC (Working Time Directive) 제6조',",한국어 전용 기능 또는 그 데이터/진단. F01/F02/F04 진입·수신 조건 추적; 한국어/사용자 데이터 보존
lib/services/condition/evidence_database.dart,160,"topic: '주간 최대 근무시간(법제 기준)',",한국어 전용 기능 또는 그 데이터/진단. F01/F02/F04 진입·수신 조건 추적; 한국어/사용자 데이터 보존
lib/services/condition/evidence_database.dart,161,finding: '평균 주간 근무시간(연장근무 포함)이 기준기간 동안 48시간을 넘지 ',한국어 전용 기능 또는 그 데이터/진단. F01/F02/F04 진입·수신 조건 추적; 한국어/사용자 데이터 보존
lib/services/condition/evidence_database.dart,162,"'않아야 함.',",한국어 전용 기능 또는 그 데이터/진단. F01/F02/F04 진입·수신 조건 추적; 한국어/사용자 데이터 보존
lib/services/condition/evidence_database.dart,163,"evidenceLevel: '법제/정부 가이드라인(널리 채택된 최소 기준)',",한국어 전용 기능 또는 그 데이터/진단. F01/F02/F04 진입·수신 조건 추적; 한국어/사용자 데이터 보존
lib/services/condition/evidence_database.dart,164,appUsage: '2026-09-18 재설계 - ConditionRuleEngine.scheduleLoadProfileFor()에서 이 사람의 근무 패턴 ',한국어 전용 기능 또는 그 데이터/진단. F01/F02/F04 진입·수신 조건 추적; 한국어/사용자 데이터 보존
lib/services/condition/evidence_database.dart,165,'자체(개인 기준선)가 구조적으로 주 48시간을 넘는지 판단할 때만 절대값으로 씀(레벨과 무관한 ',한국어 전용 기능 또는 그 데이터/진단. F01/F02/F04 진입·수신 조건 추적; 한국어/사용자 데이터 보존
lib/services/condition/evidence_database.dart,166,"'배경 정보 한 줄, ""이 근무 패턴은 평균 주 N시간이에요""). RULE_WEEKLY_LOAD_INCREASE(최근 7일 '",한국어 전용 기능 또는 그 데이터/진단. F01/F02/F04 진입·수신 조건 추적; 한국어/사용자 데이터 보존
lib/services/condition/evidence_database.dart,167,'실근무시간이 평소보다 늘었는지)는 이 48시간을 더 이상 절대 기준으로 쓰지 않고 개인 기준선 ',한국어 전용 기능 또는 그 데이터/진단. F01/F02/F04 진입·수신 조건 추적; 한국어/사용자 데이터 보존
lib/services/condition/evidence_database.dart,168,"'대비 증가 폭만 보되, 같은 축의 배경 근거로 evidenceIds에 계속 인용함(절대 기준 위반을 '",한국어 전용 기능 또는 그 데이터/진단. F01/F02/F04 진입·수신 조건 추적; 한국어/사용자 데이터 보존
lib/services/condition/evidence_database.dart,169,'단정하는 문구는 안 씀 - 12시간 표준 근무자는 원래도 48시간을 구조적으로 넘기 때문). ',한국어 전용 기능 또는 그 데이터/진단. F01/F02/F04 진입·수신 조건 추적; 한국어/사용자 데이터 보존
lib/services/condition/evidence_database.dart,170,"'60시간 이상은 EVIDENCE-014와 함께 씀. 개인 위험도·질병 연관은 절대 언급하지 않음.',",한국어 전용 기능 또는 그 데이터/진단. F01/F02/F04 진입·수신 조건 추적; 한국어/사용자 데이터 보존
lib/services/condition/evidence_database.dart,183,"'evidence review에 재인용된 수치 기준)',",한국어 전용 기능 또는 그 데이터/진단. F01/F02/F04 진입·수신 조건 추적; 한국어/사용자 데이터 보존
lib/services/condition/evidence_database.dart,184,"topic: '연속 야간근무 횟수와 사고 위험',",한국어 전용 기능 또는 그 데이터/진단. F01/F02/F04 진입·수신 조건 추적; 한국어/사용자 데이터 보존
lib/services/condition/evidence_database.dart,185,finding: '야간근무가 연속될수록 사고·부상 상대위험이 누적됨(1일째 대비 2일째 ',한국어 전용 기능 또는 그 데이터/진단. F01/F02/F04 진입·수신 조건 추적; 한국어/사용자 데이터 보존
lib/services/condition/evidence_database.dart,186,"'약 +6%, 3일째 약 +17%, 4일째 약 +36% - 낮/오후근무의 연속보다 야간근무의 '",한국어 전용 기능 또는 그 데이터/진단. F01/F02/F04 진입·수신 조건 추적; 한국어/사용자 데이터 보존
lib/services/condition/evidence_database.dart,187,'연속에서 위험 증가가 더 가파름). 이 수치를 근거로 원자력 등 안전 최우선 ',한국어 전용 기능 또는 그 데이터/진단. F01/F02/F04 진입·수신 조건 추적; 한국어/사용자 데이터 보존
lib/services/condition/evidence_database.dart,188,"'산업의 근무 규정은 연속 야간근무를 보통 4일로 상한선을 둠.',",한국어 전용 기능 또는 그 데이터/진단. F01/F02/F04 진입·수신 조건 추적; 한국어/사용자 데이터 보존
lib/services/condition/evidence_database.dart,189,evidenceLevel: '동료심사 학술지 원 연구(다수 연구를 종합한 산업안전 지표) - ',한국어 전용 기능 또는 그 데이터/진단. F01/F02/F04 진입·수신 조건 추적; 한국어/사용자 데이터 보존
lib/services/condition/evidence_database.dart,190,"'2차 인용(Frontiers 2024 rapid evidence review)으로 수치 재확인',",한국어 전용 기능 또는 그 데이터/진단. F01/F02/F04 진입·수신 조건 추적; 한국어/사용자 데이터 보존
lib/services/condition/evidence_database.dart,191,"appUsage: '연속 야간근무 3일째부터 ""주의"" 신호로, 4일째부터는 그 자체로 '",한국어 전용 기능 또는 그 데이터/진단. F01/F02/F04 진입·수신 조건 추적; 한국어/사용자 데이터 보존
lib/services/condition/evidence_database.dart,192,"'""회복 부담이 큰 날""로 판정(가속화 구간이라는 원 연구 취지 반영). 개인별 '",한국어 전용 기능 또는 그 데이터/진단. F01/F02/F04 진입·수신 조건 추적; 한국어/사용자 데이터 보존
lib/services/condition/evidence_database.dart,193,"'%나 사고 확률은 표시하지 않고 ""위험이 누적/가속화되는 경향"" 수준으로만 '",한국어 전용 기능 또는 그 데이터/진단. F01/F02/F04 진입·수신 조건 추적; 한국어/사용자 데이터 보존
lib/services/condition/evidence_database.dart,194,"'서술.',",한국어 전용 기능 또는 그 데이터/진단. F01/F02/F04 진입·수신 조건 추적; 한국어/사용자 데이터 보존
lib/services/condition/evidence_database.dart,203,"source: 'Institute of Medicine, Keeping Patients Safe (2004); 2014년 체계적 검토 '",한국어 전용 기능 또는 그 데이터/진단. F01/F02/F04 진입·수신 조건 추적; 한국어/사용자 데이터 보존
lib/services/condition/evidence_database.dart,204,"'(둘 다 NIOSH Training for Nurses Module 5에 인용된 수치로 확인)',",한국어 전용 기능 또는 그 데이터/진단. F01/F02/F04 진입·수신 조건 추적; 한국어/사용자 데이터 보존
lib/services/condition/evidence_database.dart,205,"topic: '주간 누적 근무시간 상한',",한국어 전용 기능 또는 그 데이터/진단. F01/F02/F04 진입·수신 조건 추적; 한국어/사용자 데이터 보존
lib/services/condition/evidence_database.dart,206,"finding: '간호사 근무시간을 24시간 내 12시간, 7일 내 60시간을 넘지 않도록 제한할 '",한국어 전용 기능 또는 그 데이터/진단. F01/F02/F04 진입·수신 조건 추적; 한국어/사용자 데이터 보존
lib/services/condition/evidence_database.dart,207,'것을 권고(IOM 2004). 2014년 체계적 검토는 주 40시간을 넘는 근무가 환자안전 ',한국어 전용 기능 또는 그 데이터/진단. F01/F02/F04 진입·수신 조건 추적; 한국어/사용자 데이터 보존
lib/services/condition/evidence_database.dart,208,"'저하와 연관된다고 보고.',",한국어 전용 기능 또는 그 데이터/진단. F01/F02/F04 진입·수신 조건 추적; 한국어/사용자 데이터 보존
lib/services/condition/evidence_database.dart,209,evidenceLevel: '정부기관 종합 훈련자료에 인용된 위원회 보고서 + 체계적 검토(원문 ',한국어 전용 기능 또는 그 데이터/진단. F01/F02/F04 진입·수신 조건 추적; 한국어/사용자 데이터 보존
lib/services/condition/evidence_database.dart,210,"'직접 확인은 이번 조사에서 못 함 - 2차 인용 확인 수준)',",한국어 전용 기능 또는 그 데이터/진단. F01/F02/F04 진입·수신 조건 추적; 한국어/사용자 데이터 보존
lib/services/condition/evidence_database.dart,211,appUsage: '2026-09-18 재설계 - scheduleLoadProfileFor()에서 개인 기준선이 주 60시간 이상이면 ',한국어 전용 기능 또는 그 데이터/진단. F01/F02/F04 진입·수신 조건 추적; 한국어/사용자 데이터 보존
lib/services/condition/evidence_database.dart,212,"'EVIDENCE-012와 함께 배경 정보에 ""간호사 근무시간 권고 상한(주 60시간)"" 문구 추가. '",한국어 전용 기능 또는 그 데이터/진단. F01/F02/F04 진입·수신 조건 추적; 한국어/사용자 데이터 보존
lib/services/condition/evidence_database.dart,213,'RULE_WEEKLY_LOAD_INCREASE에서는 최근 7일 실근무시간이 평소보다 크게(기준선의 25% 이상 ',한국어 전용 기능 또는 그 데이터/진단. F01/F02/F04 진입·수신 조건 추적; 한국어/사용자 데이터 보존
lib/services/condition/evidence_database.dart,214,'또는 최소 12시간 이상) 늘었을 때 배경 근거로 evidenceIds에 인용(60시간 절대 위반을 ',한국어 전용 기능 또는 그 데이터/진단. F01/F02/F04 진입·수신 조건 추적; 한국어/사용자 데이터 보존
lib/services/condition/evidence_database.dart,215,'단정하지 않음 - 평소가 이미 60시간대인 사람도 있기 때문). 40시간 수치는 서술에서 참고만 ',한국어 전용 기능 또는 그 데이터/진단. F01/F02/F04 진입·수신 조건 추적; 한국어/사용자 데이터 보존
lib/services/condition/evidence_database.dart,216,'하고 별도 레벨 신호로는 쓰지 않음(EU 48시간 기준과 같은 축의 더 약한 근거를 이중으로 ',한국어 전용 기능 또는 그 데이터/진단. F01/F02/F04 진입·수신 조건 추적; 한국어/사용자 데이터 보존
lib/services/condition/evidence_database.dart,217,"'반영하지 않기 위함). 개인 위험도·질병 연관은 언급하지 않음.',",한국어 전용 기능 또는 그 데이터/진단. F01/F02/F04 진입·수신 조건 추적; 한국어/사용자 데이터 보존
lib/services/condition/recovery_briefing_engine.dart,163,"'퇴근길엔 선글라스 등으로 강한 햇빛을 줄이면 이후 잠들기 쉬워요. 많이 졸리면 운전하지 말고 대중교통이나 동승을 이용하세요.',",한국어 전용 기능 또는 그 데이터/진단. F01/F02/F04 진입·수신 조건 추적; 한국어/사용자 데이터 보존
lib/services/condition/recovery_briefing_engine.dart,168,"'출근 전에 짧게 눈을 붙이면 야간 졸림을 줄이는 데 도움이 될 수 있어요. 깬 직후엔 잠깐 멍할 수 있으니 바로 운전하지는 마세요.',",한국어 전용 기능 또는 그 데이터/진단. F01/F02/F04 진입·수신 조건 추적; 한국어/사용자 데이터 보존
lib/services/condition/recovery_briefing_engine.dart,173,"'자정~06시에는 식사량을 줄이고 가벼운 음식 위주로 드세요.',",한국어 전용 기능 또는 그 데이터/진단. F01/F02/F04 진입·수신 조건 추적; 한국어/사용자 데이터 보존
lib/services/condition/recovery_briefing_engine.dart,178,"'아래 ""최근 수면 기록""에 수면 시간을 남겨주세요. 기록이 쌓이면 실제로 잔 시간을 바탕으로 더 정확하게 알려드릴게요.',",한국어 전용 기능 또는 그 데이터/진단. F01/F02/F04 진입·수신 조건 추적; 한국어/사용자 데이터 보존
lib/services/condition/recovery_briefing_engine.dart,191,if (h == 0) return '$r분';,한국어 전용 기능 또는 그 데이터/진단. F01/F02/F04 진입·수신 조건 추적; 한국어/사용자 데이터 보존
lib/services/condition/recovery_briefing_engine.dart,192,if (r == 0) return '$h시간';,한국어 전용 기능 또는 그 데이터/진단. F01/F02/F04 진입·수신 조건 추적; 한국어/사용자 데이터 보존
lib/services/condition/recovery_briefing_engine.dart,193,return '$h시간 $r분';,한국어 전용 기능 또는 그 데이터/진단. F01/F02/F04 진입·수신 조건 추적; 한국어/사용자 데이터 보존
lib/services/condition/recovery_briefing_engine.dart,202,return '오늘 $hm';,한국어 전용 기능 또는 그 데이터/진단. F01/F02/F04 진입·수신 조건 추적; 한국어/사용자 데이터 보존
lib/services/condition/recovery_briefing_engine.dart,204,return '내일 $hm';,한국어 전용 기능 또는 그 데이터/진단. F01/F02/F04 진입·수신 조건 추적; 한국어/사용자 데이터 보존
lib/services/condition/recovery_briefing_engine.dart,206,return '어제 $hm';,한국어 전용 기능 또는 그 데이터/진단. F01/F02/F04 진입·수신 조건 추적; 한국어/사용자 데이터 보존
lib/services/condition/recovery_briefing_engine.dart,208,return '모레 $hm';,한국어 전용 기능 또는 그 데이터/진단. F01/F02/F04 진입·수신 조건 추적; 한국어/사용자 데이터 보존
lib/services/condition/recovery_briefing_engine.dart,341,? '다음 근무 ${next.shiftName} ${when(next.start!)}',한국어 전용 기능 또는 그 데이터/진단. F01/F02/F04 진입·수신 조건 추적; 한국어/사용자 데이터 보존
lib/services/condition/recovery_briefing_engine.dart,342,: (untimedNextName != null ? '다음 근무 $untimedNextName(시각 미입력)' : null);,한국어 전용 기능 또는 그 데이터/진단. F01/F02/F04 진입·수신 조건 추적; 한국어/사용자 데이터 보존
lib/services/condition/recovery_briefing_engine.dart,345,'지금 ${current!.shiftName} 근무 중 · ${when(current.end!)} 퇴근 ',한국어 전용 기능 또는 그 데이터/진단. F01/F02/F04 진입·수신 조건 추적; 한국어/사용자 데이터 보존
lib/services/condition/recovery_briefing_engine.dart,346,"'(${dur(current.end!.difference(now).inMinutes)} 남음)',",한국어 전용 기능 또는 그 데이터/진단. F01/F02/F04 진입·수신 조건 추적; 한국어/사용자 데이터 보존
lib/services/condition/recovery_briefing_engine.dart,348,"'곧 ${next!.shiftName} 출근 · ${when(next.start!)} (${dur(next.start!.difference(now).inMinutes)} 뒤)',",한국어 전용 기능 또는 그 데이터/진단. F01/F02/F04 진입·수신 조건 추적; 한국어/사용자 데이터 보존
lib/services/condition/recovery_briefing_engine.dart,350,'${last!.shiftName} 근무 마친 지 ${dur(now.difference(last.end!).inMinutes)}',한국어 전용 기능 또는 그 데이터/진단. F01/F02/F04 진입·수신 조건 추적; 한국어/사용자 데이터 보존
lib/services/condition/recovery_briefing_engine.dart,352,"BriefingPhase.offDay => '오늘은 휴무${nextText != null ? ' · $nextText' : ''}',",한국어 전용 기능 또는 그 데이터/진단. F01/F02/F04 진입·수신 조건 추적; 한국어/사용자 데이터 보존
lib/services/condition/recovery_briefing_engine.dart,354,"'오늘 ${next!.shiftName} 근무 · ${when(next.start!)} 출근 (${dur(next.start!.difference(now).inMinutes)} 뒤)',",한국어 전용 기능 또는 그 데이터/진단. F01/F02/F04 진입·수신 조건 추적; 한국어/사용자 데이터 보존
lib/services/condition/recovery_briefing_engine.dart,356,? '오늘은 근무 일정이 없는 날이에요',한국어 전용 기능 또는 그 데이터/진단. F01/F02/F04 진입·수신 조건 추적; 한국어/사용자 데이터 보존
lib/services/condition/recovery_briefing_engine.dart,357,": '오늘 ${todayInst.shiftName} 근무 (출퇴근 시각 미입력)',",한국어 전용 기능 또는 그 데이터/진단. F01/F02/F04 진입·수신 조건 추적; 한국어/사용자 데이터 보존
lib/services/condition/recovery_briefing_engine.dart,480,? ' (출근 전 ${dur(preShiftSleep)} 포함)',한국어 전용 기능 또는 그 데이터/진단. F01/F02/F04 진입·수신 조건 추적; 한국어/사용자 데이터 보존
lib/services/condition/recovery_briefing_engine.dart,483,"'지난 24시간 수면 ${dur(last24hSleep)}$preNote${enough ? '' : ', 권장 7시간보다 적어요'}',",한국어 전용 기능 또는 그 데이터/진단. F01/F02/F04 진입·수신 조건 추적; 한국어/사용자 데이터 보존
lib/services/condition/recovery_briefing_engine.dart,491,"facts.add(const BriefingFact('지난 24시간 수면 기록이 없어요',",한국어 전용 기능 또는 그 데이터/진단. F01/F02/F04 진입·수신 조건 추적; 한국어/사용자 데이터 보존
lib/services/condition/recovery_briefing_engine.dart,510,"'퇴근(${when(l.end!)}) 후 수면 ${dur(sleepSinceLast)}${cannotReach ? ', 다음 출근 전까지 7시간을 채우긴 어려워요' : ''}',",한국어 전용 기능 또는 그 데이터/진단. F01/F02/F04 진입·수신 조건 추적; 한국어/사용자 데이터 보존
lib/services/condition/recovery_briefing_engine.dart,518,facts.add(const BriefingFact('지금 수면 중으로 기록돼 있어요'));,한국어 전용 기능 또는 그 데이터/진단. F01/F02/F04 진입·수신 조건 추적; 한국어/사용자 데이터 보존
lib/services/condition/recovery_briefing_engine.dart,522,facts.add(BriefingFact('퇴근(${when(l.end!)}) 후 기록된 수면이 아직 없어요'));,한국어 전용 기능 또는 그 데이터/진단. F01/F02/F04 진입·수신 조건 추적; 한국어/사용자 데이터 보존
lib/services/condition/recovery_briefing_engine.dart,532,"'어제(${y.month}/${y.day}) 수면 ${dur(yesterdayTotal)}${enough ? '' : ', 권장 7시간보다 적어요'}',",한국어 전용 기능 또는 그 데이터/진단. F01/F02/F04 진입·수신 조건 추적; 한국어/사용자 데이터 보존
lib/services/condition/recovery_briefing_engine.dart,540,facts.add(BriefingFact('어제(${y.month}/${y.day}) 수면 기록이 없어요'));,한국어 전용 기능 또는 그 데이터/진단. F01/F02/F04 진입·수신 조건 추적; 한국어/사용자 데이터 보존
lib/services/condition/recovery_briefing_engine.dart,550,category == ShiftTimeCategory.off ? '휴무일' : '${category.label} 근무일';,한국어 전용 기능 또는 그 데이터/진단. F01/F02/F04 진입·수신 조건 추적; 한국어/사용자 데이터 보존
lib/services/condition/recovery_briefing_engine.dart,552,final dayLabel = age == 1 ? '어제' : '그제';,한국어 전용 기능 또는 그 데이터/진단. F01/F02/F04 진입·수신 조건 추적; 한국어/사용자 데이터 보존
lib/services/condition/recovery_briefing_engine.dart,554,"'$dayLabel $categoryLabel 수면 ${dur(comparison.actual)}, 개인 평균 '",한국어 전용 기능 또는 그 데이터/진단. F01/F02/F04 진입·수신 조건 추적; 한국어/사용자 데이터 보존
lib/services/condition/recovery_briefing_engine.dart,555,'${dur(comparison.average.averageMinutes)}보다 ${dur(comparison.deficit)} 적어요 ',한국어 전용 기능 또는 그 데이터/진단. F01/F02/F04 진입·수신 조건 추적; 한국어/사용자 데이터 보존
lib/services/condition/recovery_briefing_engine.dart,556,"'(최근 30일 ${comparison.average.sampleDays}일 기준)',",한국어 전용 기능 또는 그 데이터/진단. F01/F02/F04 진입·수신 조건 추적; 한국어/사용자 데이터 보존
lib/services/condition/recovery_briefing_engine.dart,567,"'최근 $categoryLabel 수면이 평소보다 적었어요. 다음 수면 기회에는 다른 일정보다 회복할 시간을 조금 더 넉넉히 잡아보세요.',",한국어 전용 기능 또는 그 데이터/진단. F01/F02/F04 진입·수신 조건 추적; 한국어/사용자 데이터 보존
lib/services/condition/recovery_briefing_engine.dart,591,'근무 사이 회복시간 ${dur(gap)} (${when(gapFrom.end!)} 퇴근 → ${when(gapTo.start!)} 출근)',한국어 전용 기능 또는 그 데이터/진단. F01/F02/F04 진입·수신 조건 추적; 한국어/사용자 데이터 보존
lib/services/condition/recovery_briefing_engine.dart,592,"'${short ? ', 권장 최소 11시간보다 짧아요' : ''}',",한국어 전용 기능 또는 그 데이터/진단. F01/F02/F04 진입·수신 조건 추적; 한국어/사용자 데이터 보존
lib/services/condition/recovery_briefing_engine.dart,624,? '야간 $days일 연속 근무 후',한국어 전용 기능 또는 그 데이터/진단. F01/F02/F04 진입·수신 조건 추적; 한국어/사용자 데이터 보존
lib/services/condition/recovery_briefing_engine.dart,625,": '연속 야간 $days일째',",한국어 전용 기능 또는 그 데이터/진단. F01/F02/F04 진입·수신 조건 추적; 한국어/사용자 데이터 보존
lib/services/condition/recovery_briefing_engine.dart,627,? '야간 근무가 휴무 없이 매우 오래 이어진 후',한국어 전용 기능 또는 그 데이터/진단. F01/F02/F04 진입·수신 조건 추적; 한국어/사용자 데이터 보존
lib/services/condition/recovery_briefing_engine.dart,628,": '연속 야간 근무가 휴무 없이 매우 오래 이어지고 있음',",한국어 전용 기능 또는 그 데이터/진단. F01/F02/F04 진입·수신 조건 추적; 한국어/사용자 데이터 보존
lib/services/condition/recovery_briefing_engine.dart,631,"severe ? '$text. 연속될수록 피로와 실수가 쌓이기 쉬워요' : text,",한국어 전용 기능 또는 그 데이터/진단. F01/F02/F04 진입·수신 조건 추적; 한국어/사용자 데이터 보존
lib/services/condition/recovery_briefing_engine.dart,674,? '(전체 연속근무는 ${workStreak.days}일째)',한국어 전용 기능 또는 그 데이터/진단. F01/F02/F04 진입·수신 조건 추적; 한국어/사용자 데이터 보존
lib/services/condition/recovery_briefing_engine.dart,679,"normal: (days) => '$floorHours시간 이상 근무 $days일 연속$totalNote',",한국어 전용 기능 또는 그 데이터/진단. F01/F02/F04 진입·수신 조건 추적; 한국어/사용자 데이터 보존
lib/services/condition/recovery_briefing_engine.dart,680,"capped: '$floorHours시간 이상 근무가 휴무 없이 매우 오래 이어지고 있어요',",한국어 전용 기능 또는 그 데이터/진단. F01/F02/F04 진입·수신 조건 추적; 한국어/사용자 데이터 보존
lib/services/condition/recovery_briefing_engine.dart,690,'$floorHours시간 근무가 ',한국어 전용 기능 또는 그 데이터/진단. F01/F02/F04 진입·수신 조건 추적; 한국어/사용자 데이터 보존
lib/services/condition/recovery_briefing_engine.dart,691,"'${ConditionRuleEngine.streakClause(bucketStreak, normal: (days) => '$days일', capped: '휴무 없이 매우 오래')} '",한국어 전용 기능 또는 그 데이터/진단. F01/F02/F04 진입·수신 조건 추적; 한국어/사용자 데이터 보존
lib/services/condition/recovery_briefing_engine.dart,692,"'이어졌어요. 근무 조정이 가능하다면 이어서 $breakDays일 정도는 쉬어보세요.',",한국어 전용 기능 또는 그 데이터/진단. F01/F02/F04 진입·수신 조건 추적; 한국어/사용자 데이터 보존
lib/services/condition/recovery_briefing_engine.dart,702,"normal: (days) => '$days일째 연속 근무 중이에요. 쉬는 날 없이 이어지면 피로가 쌓이기 쉬워요',",한국어 전용 기능 또는 그 데이터/진단. F01/F02/F04 진입·수신 조건 추적; 한국어/사용자 데이터 보존
lib/services/condition/recovery_briefing_engine.dart,703,"capped: '휴무 없이 매우 오래 근무가 이어지고 있어요. 쉬는 날 없이 이어지면 피로가 쌓이기 쉬워요',",한국어 전용 기능 또는 그 데이터/진단. F01/F02/F04 진입·수신 조건 추적; 한국어/사용자 데이터 보존
lib/services/condition/recovery_briefing_engine.dart,714,"'연속 근무가 길게 이어지고 있어요. 근무 조정이 가능하다면 하루라도 쉬는 날을 만들어보세요.',",한국어 전용 기능 또는 그 데이터/진단. F01/F02/F04 진입·수신 조건 추적; 한국어/사용자 데이터 보존
lib/services/condition/recovery_briefing_engine.dart,722,"normal: (days) => '$days일째 연속 근무',",한국어 전용 기능 또는 그 데이터/진단. F01/F02/F04 진입·수신 조건 추적; 한국어/사용자 데이터 보존
lib/services/condition/recovery_briefing_engine.dart,723,"capped: '휴무 없이 매우 오래 근무가 이어지고 있어요'),",한국어 전용 기능 또는 그 데이터/진단. F01/F02/F04 진입·수신 조건 추적; 한국어/사용자 데이터 보존
lib/services/condition/recovery_briefing_engine.dart,755,"'최근 7일 실근무시간 ${dur(weeklyTotal)}, 평소(주 ${dur(baseline)} 안팎)보다 ${dur(extra)} 많아요',",한국어 전용 기능 또는 그 데이터/진단. F01/F02/F04 진입·수신 조건 추적; 한국어/사용자 데이터 보존
lib/services/condition/recovery_briefing_engine.dart,765,? '최근 7일 근무시간이 평소보다 많이 쌓였어요. 가능하면 추가 근무를 줄이고 쉬는 시간부터 먼저 챙기세요.',한국어 전용 기능 또는 그 데이터/진단. F01/F02/F04 진입·수신 조건 추적; 한국어/사용자 데이터 보존
lib/services/condition/recovery_briefing_engine.dart,766,": '이번 주는 평소보다 근무가 좀 더 많아요. 가능하면 추가 근무를 줄이고 휴식을 챙겨보세요.',",한국어 전용 기능 또는 그 데이터/진단. F01/F02/F04 진입·수신 조건 추적; 한국어/사용자 데이터 보존
lib/services/condition/recovery_briefing_engine.dart,788,"'역방향 교대 전환(${prev.category.label} → ${ctx.category.label}). 정방향보다 몸이 적응하기 어려운 편이에요',",한국어 전용 기능 또는 그 데이터/진단. F01/F02/F04 진입·수신 조건 추적; 한국어/사용자 데이터 보존
lib/services/condition/recovery_briefing_engine.dart,802,"'${when(cutoff)} 이후엔 커피·에너지음료를 피하세요(잠드는 목표 ${when(bed)}).',",한국어 전용 기능 또는 그 데이터/진단. F01/F02/F04 진입·수신 조건 추적; 한국어/사용자 데이터 보존
lib/services/condition/recovery_briefing_engine.dart,807,"'잠드는 목표(${when(bed)})까지 6시간이 안 남았어요. 지금부터는 커피·에너지음료를 피하세요.',",한국어 전용 기능 또는 그 데이터/진단. F01/F02/F04 진입·수신 조건 추적; 한국어/사용자 데이터 보존
lib/services/condition/recovery_briefing_engine.dart,826,"'퇴근 후 다음 출근까지 잘 수 있는 시간이 거의 없어요. 가능하다면 근무 조정을 요청하거나 근무 중에라도 잠깐 쉴 수 있는지 알아보세요.',",한국어 전용 기능 또는 그 데이터/진단. F01/F02/F04 진입·수신 조건 추적; 한국어/사용자 데이터 보존
lib/services/condition/recovery_briefing_engine.dart,834,"'퇴근 후 잘 수 있는 시간은 ${when(bed)}~${when(wakeBy)}, 약 ${dur(available)}뿐이에요. 퇴근하면 다른 일정보다 수면을 먼저 챙기세요.',",한국어 전용 기능 또는 그 데이터/진단. F01/F02/F04 진입·수신 조건 추적; 한국어/사용자 데이터 보존
lib/services/condition/recovery_briefing_engine.dart,842,"'퇴근 후엔 수면을 먼저 챙기세요. ${when(bed)}쯤 잠들면 다음 출근 전까지 7시간 이상 잘 수 있어요.',",한국어 전용 기능 또는 그 데이터/진단. F01/F02/F04 진입·수신 조건 추적; 한국어/사용자 데이터 보존
lib/services/condition/recovery_briefing_engine.dart,850,"'sleep_after_shift', '퇴근 후엔 다른 일정보다 수면을 먼저 챙기세요.',",한국어 전용 기능 또는 그 데이터/진단. F01/F02/F04 진입·수신 조건 추적; 한국어/사용자 데이터 보존
lib/services/condition/recovery_briefing_engine.dart,871,"'지난 24시간 수면이 권장량보다 적어요. 이번 근무를 마치면(${when(bedAfter)}쯤) 다른 일정보다 수면을 먼저 챙기세요.',",한국어 전용 기능 또는 그 데이터/진단. F01/F02/F04 진입·수신 조건 추적; 한국어/사용자 데이터 보존
lib/services/condition/recovery_briefing_engine.dart,891,final prefix = afterNight ? '야간 근무 뒤에는 수면이 우선이에요. ' : '';,한국어 전용 기능 또는 그 데이터/진단. F01/F02/F04 진입·수신 조건 추적; 한국어/사용자 데이터 보존
lib/services/condition/recovery_briefing_engine.dart,897,final goal = sleepSinceLast > 0 ? '${dur(need)} 더 자려면' : '7시간을 자려면';,한국어 전용 기능 또는 그 데이터/진단. F01/F02/F04 진입·수신 조건 추적; 한국어/사용자 데이터 보존
lib/services/condition/recovery_briefing_engine.dart,902,"'$prefix다음 출근(${when(next.start!)}) 전에 $goal 늦어도 ${when(latestBed)}에는 잠자리에 드세요.',",한국어 전용 기능 또는 그 데이터/진단. F01/F02/F04 진입·수신 조건 추적; 한국어/사용자 데이터 보존
lib/services/condition/recovery_briefing_engine.dart,913,"'$prefix지금 바로 자도 출근 준비 전까지 최대 ${dur(available)}이에요. 다른 일정은 미루고 수면부터 챙기세요.',",한국어 전용 기능 또는 그 데이터/진단. F01/F02/F04 진입·수신 조건 추적; 한국어/사용자 데이터 보존
lib/services/condition/recovery_briefing_engine.dart,919,"'caffeine', '곧 잠들어야 해요. 지금부터는 커피·에너지음료를 피하세요.',",한국어 전용 기능 또는 그 데이터/진단. F01/F02/F04 진입·수신 조건 추적; 한국어/사용자 데이터 보존
lib/services/condition/recovery_briefing_engine.dart,929,? '야간 근무 뒤에는 다른 일정보다 수면을 먼저 챙기세요.',한국어 전용 기능 또는 그 데이터/진단. F01/F02/F04 진입·수신 조건 추적; 한국어/사용자 데이터 보존
lib/services/condition/recovery_briefing_engine.dart,930,": '오늘은 7시간 이상 자는 걸 목표로 하세요.',",한국어 전용 기능 또는 그 데이터/진단. F01/F02/F04 진입·수신 조건 추적; 한국어/사용자 데이터 보존
lib/services/condition/recovery_briefing_engine.dart,950,"normal: (days) => '어제까지 야간 $days일 연속 근무',",한국어 전용 기능 또는 그 데이터/진단. F01/F02/F04 진입·수신 조건 추적; 한국어/사용자 데이터 보존
lib/services/condition/recovery_briefing_engine.dart,951,"capped: '어제까지 야간 근무가 휴무 없이 매우 오래 이어짐',",한국어 전용 기능 또는 그 데이터/진단. F01/F02/F04 진입·수신 조건 추적; 한국어/사용자 데이터 보존
lib/services/condition/recovery_briefing_engine.dart,959,"'야간 근무 뒤 휴무예요. 약속이나 집안일보다 수면 회복을 먼저 챙기세요.',",한국어 전용 기능 또는 그 데이터/진단. F01/F02/F04 진입·수신 조건 추적; 한국어/사용자 데이터 보존
lib/services/condition/recovery_briefing_engine.dart,973,"'다음 근무(${next.shiftName}, ${when(next.start!)})에 맞춰 7시간을 자려면 늦어도 ${when(latestBed)}에는 잠자리에 드세요.',",한국어 전용 기능 또는 그 데이터/진단. F01/F02/F04 진입·수신 조건 추적; 한국어/사용자 데이터 보존
lib/services/condition/recovery_briefing_engine.dart,986,"'최근 수면이 권장량(7시간)보다 적었어요. 쉬는 날엔 수면 시간을 넉넉히 잡아보세요.',",한국어 전용 기능 또는 그 데이터/진단. F01/F02/F04 진입·수신 조건 추적; 한국어/사용자 데이터 보존
lib/services/condition/recovery_briefing_engine.dart,1002,"'최근 7일 평균 수면 ${dur(avgRecent)} (기록한 ${recordedDays.length}일 기준)${low ? ', 권장 7시간보다 적어요' : ''}',",한국어 전용 기능 또는 그 데이터/진단. F01/F02/F04 진입·수신 조건 추적; 한국어/사용자 데이터 보존
lib/services/condition/recovery_briefing_engine.dart,1014,? '연속 야간 근무가 휴무 없이 매우 오래 이어지고 있어요',한국어 전용 기능 또는 그 데이터/진단. F01/F02/F04 진입·수신 조건 추적; 한국어/사용자 데이터 보존
lib/services/condition/recovery_briefing_engine.dart,1015,: '연속 야간 $nightStreak일째예요';,한국어 전용 기능 또는 그 데이터/진단. F01/F02/F04 진입·수신 조건 추적; 한국어/사용자 데이터 보존
lib/services/condition/recovery_briefing_engine.dart,1020,"'$nightStreakLabel. 운전이나 위험한 작업은 특히 조심하세요.',",한국어 전용 기능 또는 그 데이터/진단. F01/F02/F04 진입·수신 조건 추적; 한국어/사용자 데이터 보존
lib/services/condition/recovery_briefing_engine.dart,1029,limitations.add('최근 2주 수면 기록이 없어 근무 일정만 보고 안내했어요.');,한국어 전용 기능 또는 그 데이터/진단. F01/F02/F04 진입·수신 조건 추적; 한국어/사용자 데이터 보존
lib/services/condition/recovery_briefing_engine.dart,1031,limitations.add('최근 7일 중 기록이 ${recordedDays.length}일뿐이라 평균 수면은 계산하지 않았어요.');,한국어 전용 기능 또는 그 데이터/진단. F01/F02/F04 진입·수신 조건 추적; 한국어/사용자 데이터 보존
lib/services/condition/recovery_briefing_engine.dart,1035,limitations.add('$names 근무는 출퇴근 시각이 없어 그날은 계산에서 빠졌어요. (설정 → 근무시간 및 OT 설정)');,한국어 전용 기능 또는 그 데이터/진단. F01/F02/F04 진입·수신 조건 추적; 한국어/사용자 데이터 보존
lib/services/condition/recovery_briefing_engine.dart,1038,limitations.add('확인하지 않은 자동 수면 기록 $pendingCount건은 반영하지 않았어요.');,한국어 전용 기능 또는 그 데이터/진단. F01/F02/F04 진입·수신 조건 추적; 한국어/사용자 데이터 보존
lib/services/condition/shift_pattern_analyzer.dart,21,"final DateTime date; // 근무가 ""배정된"" 달력 날짜(자정 0시 기준)",한국어 전용 기능 또는 그 데이터/진단. F01/F02/F04 진입·수신 조건 추적; 한국어/사용자 데이터 보존
lib/services/condition/shift_pattern_analyzer.dart,278,"return null; // 3종류가 다 있어야 ""정방향/역방향""이라는 개념이 성립",한국어 전용 기능 또는 그 데이터/진단. F01/F02/F04 진입·수신 조건 추적; 한국어/사용자 데이터 보존
lib/services/condition/shift_time_category.dart,30,return '주간';,한국어 전용 기능 또는 그 데이터/진단. F01/F02/F04 진입·수신 조건 추적; 한국어/사용자 데이터 보존
lib/services/condition/shift_time_category.dart,32,return '오후';,한국어 전용 기능 또는 그 데이터/진단. F01/F02/F04 진입·수신 조건 추적; 한국어/사용자 데이터 보존
lib/services/condition/shift_time_category.dart,34,return '야간';,한국어 전용 기능 또는 그 데이터/진단. F01/F02/F04 진입·수신 조건 추적; 한국어/사용자 데이터 보존
lib/services/condition/shift_time_category.dart,36,return '휴무';,한국어 전용 기능 또는 그 데이터/진단. F01/F02/F04 진입·수신 조건 추적; 한국어/사용자 데이터 보존
lib/services/condition/shift_time_category.dart,38,return '시각 미입력';,한국어 전용 기능 또는 그 데이터/진단. F01/F02/F04 진입·수신 조건 추적; 한국어/사용자 데이터 보존
lib/services/condition/sleep_day_slots.dart,47,String get label => this == SleepSlotCategory.main ? '주 수면' : '낮잠';,한국어 전용 기능 또는 그 데이터/진단. F01/F02/F04 진입·수신 조건 추적; 한국어/사용자 데이터 보존
lib/services/condition/sleep_day_slots.dart,231,"final DateTime date; // 자정 0시 기준 - ""귀속되는 날짜""(_attributedDay 참고)",한국어 전용 기능 또는 그 데이터/진단. F01/F02/F04 진입·수신 조건 추적; 한국어/사용자 데이터 보존
lib/services/condition/sleep_history.dart,243,"shiftDurationMinutes: 0, // ⭐ ""근무시간을 모르는 날"" 신호 - 실제 0분 근무라는 뜻이 아님(파일 상단 주석 참고)",한국어 전용 기능 또는 그 데이터/진단. F01/F02/F04 진입·수신 조건 추적; 한국어/사용자 데이터 보존
lib/services/condition/sleep_history.dart,245,"isWorkDay: inst.isWorkDay, // 휴무/미배정이면 false, ""근무일인데 시각만 미설정""이면 true",한국어 전용 기능 또는 그 데이터/진단. F01/F02/F04 진입·수신 조건 추적; 한국어/사용자 데이터 보존
lib/services/condition/sleep_shift_relation.dart,67,return '근무 중 수면';,한국어 전용 기능 또는 그 데이터/진단. F01/F02/F04 진입·수신 조건 추적; 한국어/사용자 데이터 보존
lib/services/condition/sleep_shift_relation.dart,69,return '주 수면';,한국어 전용 기능 또는 그 데이터/진단. F01/F02/F04 진입·수신 조건 추적; 한국어/사용자 데이터 보존
lib/services/condition/sleep_shift_relation.dart,71,return '낮잠';,한국어 전용 기능 또는 그 데이터/진단. F01/F02/F04 진입·수신 조건 추적; 한국어/사용자 데이터 보존
lib/utils/apply_schedule_change.dart,92,print('⚠️ Native 갱신 실패: $e');,개발 로그/내부 예외. 사용자 노출 실패 설명은 localizedErrorDetail로 분리
lib/utils/apply_schedule_change.dart,99,print('⚠️ Notification 삭제 실패: $e');,개발 로그/내부 예외. 사용자 노출 실패 설명은 localizedErrorDetail로 분리
lib/utils/apply_schedule_change.dart,110,print('⚠️ AlarmGuardReceiver 트리거 실패: $e');,개발 로그/내부 예외. 사용자 노출 실패 설명은 localizedErrorDetail로 분리
lib/utils/apply_schedule_change.dart,140,print('❌ 스케줄 변경 실패: $e');,개발 로그/내부 예외. 사용자 노출 실패 설명은 localizedErrorDetail로 분리
lib/utils/holiday_util.dart,9,"'01-01': '신정',",내부 식별자/한글 원본·사용자 데이터 또는 설명 주석 후보; 이 행 자체는 노출/삭제 확정 근거가 아님
lib/utils/holiday_util.dart,10,"'03-01': '삼일절',",내부 식별자/한글 원본·사용자 데이터 또는 설명 주석 후보; 이 행 자체는 노출/삭제 확정 근거가 아님
lib/utils/holiday_util.dart,11,"'05-05': '어린이날',",내부 식별자/한글 원본·사용자 데이터 또는 설명 주석 후보; 이 행 자체는 노출/삭제 확정 근거가 아님
lib/utils/holiday_util.dart,12,"'06-06': '현충일',",내부 식별자/한글 원본·사용자 데이터 또는 설명 주석 후보; 이 행 자체는 노출/삭제 확정 근거가 아님
lib/utils/holiday_util.dart,13,"'08-15': '광복절',",내부 식별자/한글 원본·사용자 데이터 또는 설명 주석 후보; 이 행 자체는 노출/삭제 확정 근거가 아님
lib/utils/holiday_util.dart,14,"'10-03': '개천절',",내부 식별자/한글 원본·사용자 데이터 또는 설명 주석 후보; 이 행 자체는 노출/삭제 확정 근거가 아님
lib/utils/holiday_util.dart,15,"'10-09': '한글날',",내부 식별자/한글 원본·사용자 데이터 또는 설명 주석 후보; 이 행 자체는 노출/삭제 확정 근거가 아님
lib/utils/holiday_util.dart,16,"'12-25': '크리스마스',",내부 식별자/한글 원본·사용자 데이터 또는 설명 주석 후보; 이 행 자체는 노출/삭제 확정 근거가 아님
lib/utils/holiday_util.dart,22,"'2025-01-27': '임시공휴일',",내부 식별자/한글 원본·사용자 데이터 또는 설명 주석 후보; 이 행 자체는 노출/삭제 확정 근거가 아님
lib/utils/holiday_util.dart,23,"'2025-01-28': '설날',",내부 식별자/한글 원본·사용자 데이터 또는 설명 주석 후보; 이 행 자체는 노출/삭제 확정 근거가 아님
lib/utils/holiday_util.dart,24,"'2025-01-29': '설날',",내부 식별자/한글 원본·사용자 데이터 또는 설명 주석 후보; 이 행 자체는 노출/삭제 확정 근거가 아님
lib/utils/holiday_util.dart,25,"'2025-01-30': '설날',",내부 식별자/한글 원본·사용자 데이터 또는 설명 주석 후보; 이 행 자체는 노출/삭제 확정 근거가 아님
lib/utils/holiday_util.dart,26,"'2025-03-03': '대체공휴일',",내부 식별자/한글 원본·사용자 데이터 또는 설명 주석 후보; 이 행 자체는 노출/삭제 확정 근거가 아님
lib/utils/holiday_util.dart,27,"'2025-05-06': '대체공휴일',",내부 식별자/한글 원본·사용자 데이터 또는 설명 주석 후보; 이 행 자체는 노출/삭제 확정 근거가 아님
lib/utils/holiday_util.dart,28,"'2025-06-03': '대통령선거',",내부 식별자/한글 원본·사용자 데이터 또는 설명 주석 후보; 이 행 자체는 노출/삭제 확정 근거가 아님
lib/utils/holiday_util.dart,29,"'2025-10-05': '추석',",내부 식별자/한글 원본·사용자 데이터 또는 설명 주석 후보; 이 행 자체는 노출/삭제 확정 근거가 아님
lib/utils/holiday_util.dart,30,"'2025-10-06': '추석',",내부 식별자/한글 원본·사용자 데이터 또는 설명 주석 후보; 이 행 자체는 노출/삭제 확정 근거가 아님
lib/utils/holiday_util.dart,31,"'2025-10-07': '추석',",내부 식별자/한글 원본·사용자 데이터 또는 설명 주석 후보; 이 행 자체는 노출/삭제 확정 근거가 아님
lib/utils/holiday_util.dart,32,"'2025-10-08': '대체공휴일',",내부 식별자/한글 원본·사용자 데이터 또는 설명 주석 후보; 이 행 자체는 노출/삭제 확정 근거가 아님
lib/utils/holiday_util.dart,35,"'2026-05-01': '노동절',",내부 식별자/한글 원본·사용자 데이터 또는 설명 주석 후보; 이 행 자체는 노출/삭제 확정 근거가 아님
lib/utils/holiday_util.dart,36,"'2026-07-17': '제헌절',",내부 식별자/한글 원본·사용자 데이터 또는 설명 주석 후보; 이 행 자체는 노출/삭제 확정 근거가 아님
lib/utils/holiday_util.dart,37,"'2026-02-16': '설날',",내부 식별자/한글 원본·사용자 데이터 또는 설명 주석 후보; 이 행 자체는 노출/삭제 확정 근거가 아님
lib/utils/holiday_util.dart,38,"'2026-02-17': '설날',",내부 식별자/한글 원본·사용자 데이터 또는 설명 주석 후보; 이 행 자체는 노출/삭제 확정 근거가 아님
lib/utils/holiday_util.dart,39,"'2026-02-18': '설날',",내부 식별자/한글 원본·사용자 데이터 또는 설명 주석 후보; 이 행 자체는 노출/삭제 확정 근거가 아님
lib/utils/holiday_util.dart,40,"'2026-03-02': '대체공휴일',",내부 식별자/한글 원본·사용자 데이터 또는 설명 주석 후보; 이 행 자체는 노출/삭제 확정 근거가 아님
lib/utils/holiday_util.dart,41,"'2026-05-24': '부처님오신날',",내부 식별자/한글 원본·사용자 데이터 또는 설명 주석 후보; 이 행 자체는 노출/삭제 확정 근거가 아님
lib/utils/holiday_util.dart,42,"'2026-05-25': '대체공휴일',",내부 식별자/한글 원본·사용자 데이터 또는 설명 주석 후보; 이 행 자체는 노출/삭제 확정 근거가 아님
lib/utils/holiday_util.dart,43,"'2026-06-03': '지방선거',",내부 식별자/한글 원본·사용자 데이터 또는 설명 주석 후보; 이 행 자체는 노출/삭제 확정 근거가 아님
lib/utils/holiday_util.dart,44,"'2026-08-17': '대체공휴일',",내부 식별자/한글 원본·사용자 데이터 또는 설명 주석 후보; 이 행 자체는 노출/삭제 확정 근거가 아님
lib/utils/holiday_util.dart,45,"'2026-09-24': '추석',",내부 식별자/한글 원본·사용자 데이터 또는 설명 주석 후보; 이 행 자체는 노출/삭제 확정 근거가 아님
lib/utils/holiday_util.dart,46,"'2026-09-25': '추석',",내부 식별자/한글 원본·사용자 데이터 또는 설명 주석 후보; 이 행 자체는 노출/삭제 확정 근거가 아님
lib/utils/holiday_util.dart,47,"'2026-09-26': '추석',",내부 식별자/한글 원본·사용자 데이터 또는 설명 주석 후보; 이 행 자체는 노출/삭제 확정 근거가 아님
lib/utils/holiday_util.dart,48,"'2026-10-05': '대체공휴일',",내부 식별자/한글 원본·사용자 데이터 또는 설명 주석 후보; 이 행 자체는 노출/삭제 확정 근거가 아님
lib/utils/holiday_util.dart,51,"'2027-05-01': '노동절',",내부 식별자/한글 원본·사용자 데이터 또는 설명 주석 후보; 이 행 자체는 노출/삭제 확정 근거가 아님
lib/utils/holiday_util.dart,52,"'2027-05-03': '대체공휴일',",내부 식별자/한글 원본·사용자 데이터 또는 설명 주석 후보; 이 행 자체는 노출/삭제 확정 근거가 아님
lib/utils/holiday_util.dart,53,"'2027-07-17': '제헌절',",내부 식별자/한글 원본·사용자 데이터 또는 설명 주석 후보; 이 행 자체는 노출/삭제 확정 근거가 아님
lib/utils/holiday_util.dart,54,"'2027-07-19': '대체공휴일',",내부 식별자/한글 원본·사용자 데이터 또는 설명 주석 후보; 이 행 자체는 노출/삭제 확정 근거가 아님
lib/utils/holiday_util.dart,55,"'2027-02-06': '설날',",내부 식별자/한글 원본·사용자 데이터 또는 설명 주석 후보; 이 행 자체는 노출/삭제 확정 근거가 아님
lib/utils/holiday_util.dart,56,"'2027-02-07': '설날',",내부 식별자/한글 원본·사용자 데이터 또는 설명 주석 후보; 이 행 자체는 노출/삭제 확정 근거가 아님
lib/utils/holiday_util.dart,57,"'2027-02-08': '설날',",내부 식별자/한글 원본·사용자 데이터 또는 설명 주석 후보; 이 행 자체는 노출/삭제 확정 근거가 아님
lib/utils/holiday_util.dart,58,"'2027-02-09': '대체공휴일',",내부 식별자/한글 원본·사용자 데이터 또는 설명 주석 후보; 이 행 자체는 노출/삭제 확정 근거가 아님
lib/utils/holiday_util.dart,59,"'2027-05-13': '부처님오신날',",내부 식별자/한글 원본·사용자 데이터 또는 설명 주석 후보; 이 행 자체는 노출/삭제 확정 근거가 아님
lib/utils/holiday_util.dart,60,"'2027-08-16': '대체공휴일',",내부 식별자/한글 원본·사용자 데이터 또는 설명 주석 후보; 이 행 자체는 노출/삭제 확정 근거가 아님
lib/utils/holiday_util.dart,61,"'2027-09-14': '추석',",내부 식별자/한글 원본·사용자 데이터 또는 설명 주석 후보; 이 행 자체는 노출/삭제 확정 근거가 아님
lib/utils/holiday_util.dart,62,"'2027-09-15': '추석',",내부 식별자/한글 원본·사용자 데이터 또는 설명 주석 후보; 이 행 자체는 노출/삭제 확정 근거가 아님
lib/utils/holiday_util.dart,63,"'2027-09-16': '추석',",내부 식별자/한글 원본·사용자 데이터 또는 설명 주석 후보; 이 행 자체는 노출/삭제 확정 근거가 아님
lib/utils/holiday_util.dart,64,"'2027-10-04': '대체공휴일',",내부 식별자/한글 원본·사용자 데이터 또는 설명 주석 후보; 이 행 자체는 노출/삭제 확정 근거가 아님
lib/utils/holiday_util.dart,65,"'2027-10-11': '대체공휴일',",내부 식별자/한글 원본·사용자 데이터 또는 설명 주석 후보; 이 행 자체는 노출/삭제 확정 근거가 아님
lib/utils/holiday_util.dart,66,"'2027-12-27': '대체공휴일',",내부 식별자/한글 원본·사용자 데이터 또는 설명 주석 후보; 이 행 자체는 노출/삭제 확정 근거가 아님
lib/utils/holiday_util.dart,68,"'2028-04-12': '국회의원선거',",내부 식별자/한글 원본·사용자 데이터 또는 설명 주석 후보; 이 행 자체는 노출/삭제 확정 근거가 아님
lib/utils/holiday_util.dart,69,"'2028-05-01': '노동절',",내부 식별자/한글 원본·사용자 데이터 또는 설명 주석 후보; 이 행 자체는 노출/삭제 확정 근거가 아님
lib/utils/holiday_util.dart,70,"'2028-07-17': '제헌절',",내부 식별자/한글 원본·사용자 데이터 또는 설명 주석 후보; 이 행 자체는 노출/삭제 확정 근거가 아님
lib/utils/holiday_util.dart,71,"'2028-01-26': '설날',",내부 식별자/한글 원본·사용자 데이터 또는 설명 주석 후보; 이 행 자체는 노출/삭제 확정 근거가 아님
lib/utils/holiday_util.dart,72,"'2028-01-27': '설날',",내부 식별자/한글 원본·사용자 데이터 또는 설명 주석 후보; 이 행 자체는 노출/삭제 확정 근거가 아님
lib/utils/holiday_util.dart,73,"'2028-01-28': '설날',",내부 식별자/한글 원본·사용자 데이터 또는 설명 주석 후보; 이 행 자체는 노출/삭제 확정 근거가 아님
lib/utils/holiday_util.dart,74,"'2028-05-02': '부처님오신날',",내부 식별자/한글 원본·사용자 데이터 또는 설명 주석 후보; 이 행 자체는 노출/삭제 확정 근거가 아님
lib/utils/holiday_util.dart,75,"'2028-10-02': '추석',",내부 식별자/한글 원본·사용자 데이터 또는 설명 주석 후보; 이 행 자체는 노출/삭제 확정 근거가 아님
lib/utils/holiday_util.dart,76,"'2028-10-03': '추석',",내부 식별자/한글 원본·사용자 데이터 또는 설명 주석 후보; 이 행 자체는 노출/삭제 확정 근거가 아님
lib/utils/holiday_util.dart,77,"'2028-10-04': '추석',",내부 식별자/한글 원본·사용자 데이터 또는 설명 주석 후보; 이 행 자체는 노출/삭제 확정 근거가 아님
lib/utils/holiday_util.dart,78,"'2028-10-05': '대체공휴일',",내부 식별자/한글 원본·사용자 데이터 또는 설명 주석 후보; 이 행 자체는 노출/삭제 확정 근거가 아님
lib/utils/holiday_util.dart,80,"'2029-05-01': '노동절',",내부 식별자/한글 원본·사용자 데이터 또는 설명 주석 후보; 이 행 자체는 노출/삭제 확정 근거가 아님
lib/utils/holiday_util.dart,81,"'2029-07-17': '제헌절',",내부 식별자/한글 원본·사용자 데이터 또는 설명 주석 후보; 이 행 자체는 노출/삭제 확정 근거가 아님
lib/utils/holiday_util.dart,82,"'2029-02-12': '설날',",내부 식별자/한글 원본·사용자 데이터 또는 설명 주석 후보; 이 행 자체는 노출/삭제 확정 근거가 아님
lib/utils/holiday_util.dart,83,"'2029-02-13': '설날',",내부 식별자/한글 원본·사용자 데이터 또는 설명 주석 후보; 이 행 자체는 노출/삭제 확정 근거가 아님
lib/utils/holiday_util.dart,84,"'2029-02-14': '설날',",내부 식별자/한글 원본·사용자 데이터 또는 설명 주석 후보; 이 행 자체는 노출/삭제 확정 근거가 아님
lib/utils/holiday_util.dart,85,"'2029-05-07': '대체공휴일',",내부 식별자/한글 원본·사용자 데이터 또는 설명 주석 후보; 이 행 자체는 노출/삭제 확정 근거가 아님
lib/utils/holiday_util.dart,86,"'2029-05-20': '부처님오신날',",내부 식별자/한글 원본·사용자 데이터 또는 설명 주석 후보; 이 행 자체는 노출/삭제 확정 근거가 아님
lib/utils/holiday_util.dart,87,"'2029-05-21': '대체공휴일',",내부 식별자/한글 원본·사용자 데이터 또는 설명 주석 후보; 이 행 자체는 노출/삭제 확정 근거가 아님
lib/utils/holiday_util.dart,88,"'2029-09-21': '추석',",내부 식별자/한글 원본·사용자 데이터 또는 설명 주석 후보; 이 행 자체는 노출/삭제 확정 근거가 아님
lib/utils/holiday_util.dart,89,"'2029-09-22': '추석',",내부 식별자/한글 원본·사용자 데이터 또는 설명 주석 후보; 이 행 자체는 노출/삭제 확정 근거가 아님
lib/utils/holiday_util.dart,90,"'2029-09-23': '추석',",내부 식별자/한글 원본·사용자 데이터 또는 설명 주석 후보; 이 행 자체는 노출/삭제 확정 근거가 아님
lib/utils/holiday_util.dart,91,"'2029-09-24': '대체공휴일',",내부 식별자/한글 원본·사용자 데이터 또는 설명 주석 후보; 이 행 자체는 노출/삭제 확정 근거가 아님
lib/utils/lunar_calendar_util.dart,49,final leapPrefix = lunar.isLeapMonth ? '윤' : '';,내부 식별자/한글 원본·사용자 데이터 또는 설명 주석 후보; 이 행 자체는 노출/삭제 확정 근거가 아님
lib/utils/lunar_calendar_util.dart,50,return '음력 $leapPrefix${lunar.month}.${lunar.day}';,내부 식별자/한글 원본·사용자 데이터 또는 설명 주석 후보; 이 행 자체는 노출/삭제 확정 근거가 아님
lib/utils/lunar_calendar_util.dart,55,final leapPrefix = lunar.isLeapMonth ? '윤' : '';,내부 식별자/한글 원본·사용자 데이터 또는 설명 주석 후보; 이 행 자체는 노출/삭제 확정 근거가 아님
lib/utils/shift_name_util.dart,11,if (name.contains('휴')) return true;,내부 식별자/한글 원본·사용자 데이터 또는 설명 주석 후보; 이 행 자체는 노출/삭제 확정 근거가 아님
lib/utils/sleep_format_util.dart,9,"const List<String> kWeekdayLabelsKo = ['월', '화', '수', '목', '금', '토', '일'];",한국어 전용 기능 또는 그 데이터/진단. F01/F02/F04 진입·수신 조건 추적; 한국어/사용자 데이터 보존
lib/utils/sleep_format_util.dart,27,if (h <= 0) return '$m분';,한국어 전용 기능 또는 그 데이터/진단. F01/F02/F04 진입·수신 조건 추적; 한국어/사용자 데이터 보존
lib/utils/sleep_format_util.dart,28,if (m == 0) return '$h시간';,한국어 전용 기능 또는 그 데이터/진단. F01/F02/F04 진입·수신 조건 추적; 한국어/사용자 데이터 보존
lib/utils/sleep_format_util.dart,29,return '$h시간 $m분';,한국어 전용 기능 또는 그 데이터/진단. F01/F02/F04 진입·수신 조건 추적; 한국어/사용자 데이터 보존
lib/utils/weekday_util.dart,25,"const List<String> kWeekdayKo = ['일', '월', '화', '수', '목', '금', '토'];",내부 식별자/한글 원본·사용자 데이터 또는 설명 주석 후보; 이 행 자체는 노출/삭제 확정 근거가 아님
lib/widgets/alarm_time_editor.dart,13,"final String shiftName; // ⭐ 제목 왼쪽에 ""{근무명} - 시간 선택""으로 표시",내부 식별자/한글 원본·사용자 데이터 또는 설명 주석 후보; 이 행 자체는 노출/삭제 확정 근거가 아님
lib/widgets/app_button.dart,63,"static const double _ringWidth = 3.0; // ⭐ 3.0→4.0, ""링을 아주 살짝만 더 두껍게""",내부 식별자/한글 원본·사용자 데이터 또는 설명 주석 후보; 이 행 자체는 노출/삭제 확정 근거가 아님
lib/widgets/banner_ad_slot.dart,70,debugPrint('⏭️ 배너 광고 생략(운영 광고 ID 미설정) - 자리만 확보함');,개발 로그/내부 예외. 사용자 노출 실패 설명은 localizedErrorDetail로 분리
lib/widgets/banner_ad_slot.dart,78,debugPrint('⏭️ 배너 광고 생략(크기 미확정 또는 SDK 미초기화) - 자리만 확보함');,개발 로그/내부 예외. 사용자 노출 실패 설명은 localizedErrorDetail로 분리
lib/widgets/banner_ad_slot.dart,87,debugPrint('⏭️ 배너 광고 생략(광고 동의 미확보) - 자리만 확보함');,개발 로그/내부 예외. 사용자 노출 실패 설명은 localizedErrorDetail로 분리
lib/widgets/banner_ad_slot.dart,102,debugPrint('⚠️ 배너 광고 로드 실패(자리는 그대로 유지됨): $error');,개발 로그/내부 예외. 사용자 노출 실패 설명은 localizedErrorDetail로 분리
lib/widgets/banner_ad_slot.dart,141,"'광고 영역 ${height.toStringAsFixed(0)}dp',",내부 식별자/한글 원본·사용자 데이터 또는 설명 주석 후보; 이 행 자체는 노출/삭제 확정 근거가 아님
lib/widgets/calendar_header_actions.dart,84,"Expanded(child: button(context.usesKoreanFeatures ? '전체 조\n근무표' : context.l10n.shiftFullSchedule, onAllShifts!)),",내부 식별자/한글 원본·사용자 데이터 또는 설명 주석 후보; 이 행 자체는 노출/삭제 확정 근거가 아님
lib/widgets/calendar_header_actions.dart,88,"Expanded(child: button('일정공유', onFriends!)),",내부 식별자/한글 원본·사용자 데이터 또는 설명 주석 후보; 이 행 자체는 노출/삭제 확정 근거가 아님
lib/widgets/custom_alarm_widgets.dart,43,? ('무음'),한국어 전용 기능 또는 그 데이터/진단. F01/F02/F04 진입·수신 조건 추적; 한국어/사용자 데이터 보존
lib/widgets/custom_alarm_widgets.dart,45,? ('진동'),한국어 전용 기능 또는 그 데이터/진단. F01/F02/F04 진입·수신 조건 추적; 한국어/사용자 데이터 보존
lib/widgets/custom_alarm_widgets.dart,46,: ('소리+진동');,한국어 전용 기능 또는 그 데이터/진단. F01/F02/F04 진입·수신 조건 추적; 한국어/사용자 데이터 보존
lib/widgets/custom_alarm_widgets.dart,47,return '${_hm(at)}에 $type 알람이 예약됐어요.';,한국어 전용 기능 또는 그 데이터/진단. F01/F02/F04 진입·수신 조건 추적; 한국어/사용자 데이터 보존
lib/widgets/custom_alarm_widgets.dart,54,? ('고정 알람'),한국어 전용 기능 또는 그 데이터/진단. F01/F02/F04 진입·수신 조건 추적; 한국어/사용자 데이터 보존
lib/widgets/custom_alarm_widgets.dart,56,? ('원터치 알람'),한국어 전용 기능 또는 그 데이터/진단. F01/F02/F04 진입·수신 조건 추적; 한국어/사용자 데이터 보존
lib/widgets/custom_alarm_widgets.dart,57,: ('알람');,한국어 전용 기능 또는 그 데이터/진단. F01/F02/F04 진입·수신 조건 추적; 한국어/사용자 데이터 보존
lib/widgets/custom_alarm_widgets.dart,58,return '${at.month}/${at.day} ${_hm(at)}에 이미 $source이 있어 원터치 알람을 추가하지 않았어요.';,한국어 전용 기능 또는 그 데이터/진단. F01/F02/F04 진입·수신 조건 추적; 한국어/사용자 데이터 보존
lib/widgets/custom_alarm_widgets.dart,60,return '이 원터치 알람은 해당 날짜에 이미 할당되어 있어요.';,한국어 전용 기능 또는 그 데이터/진단. F01/F02/F04 진입·수신 조건 추적; 한국어/사용자 데이터 보존
lib/widgets/custom_alarm_widgets.dart,89,"content: Text('이미 날짜에 추가한 알람이에요. 수정하려면 먼저 해당 알람을 삭제해 주세요.'),",한국어 전용 기능 또는 그 데이터/진단. F01/F02/F04 진입·수신 조건 추적; 한국어/사용자 데이터 보존
lib/widgets/custom_alarm_widgets.dart,102,"shiftName: '원터치 알람 설정',",한국어 전용 기능 또는 그 데이터/진단. F01/F02/F04 진입·수신 조건 추적; 한국어/사용자 데이터 보존
lib/widgets/custom_alarm_widgets.dart,103,"description: '시각과 울림 방식을 저장해 주세요. 저장한 원터치 알람은 오늘과 내일에만 추가할 수 있어요.\n(근무별 고정 알람과 같은 시각이면 알람은 하나만 저장돼요.)',",한국어 전용 기능 또는 그 데이터/진단. F01/F02/F04 진입·수신 조건 추적; 한국어/사용자 데이터 보존
lib/widgets/custom_alarm_widgets.dart,136,content: Text('$dates에 이미 할당되어 있어 수정할 수 없습니다.')));,한국어 전용 기능 또는 그 데이터/진단. F01/F02/F04 진입·수신 조건 추적; 한국어/사용자 데이터 보존
lib/widgets/custom_alarm_widgets.dart,153,'${fixed == null ? ('대체 알람 없음') : ('${fixed.shiftType} 고정 알람 재예약')}');,한국어 전용 기능 또는 그 데이터/진단. F01/F02/F04 진입·수신 조건 추적; 한국어/사용자 데이터 보존
lib/widgets/custom_alarm_widgets.dart,160,"'원터치 알람 설정 삭제'),",한국어 전용 기능 또는 그 데이터/진단. F01/F02/F04 진입·수신 조건 추적; 한국어/사용자 데이터 보존
lib/widgets/custom_alarm_widgets.dart,161,"content: Text('$dates에 원터치 알람이 등록되어 있습니다. 설정을 삭제하면 해당 날짜의 알람도 삭제됩니다.\n${replacementLines.join('\n')}'),",한국어 전용 기능 또는 그 데이터/진단. F01/F02/F04 진입·수신 조건 추적; 한국어/사용자 데이터 보존
lib/widgets/custom_alarm_widgets.dart,183,? ('원터치 알람 삭제 후 일부 고정 알람 예약에 실패했습니다. 갱신을 다시 시도합니다.'),한국어 전용 기능 또는 그 데이터/진단. F01/F02/F04 진입·수신 조건 추적; 한국어/사용자 데이터 보존
lib/widgets/custom_alarm_widgets.dart,184,: ('원터치 알람과 연결된 날짜를 삭제하고 고정 알람을 재계산했습니다.'))));,한국어 전용 기능 또는 그 데이터/진단. F01/F02/F04 진입·수신 조건 추적; 한국어/사용자 데이터 보존
lib/widgets/custom_alarm_widgets.dart,244,? ('삭제하면 이 시각에는 알람이 남지 않습니다.'),한국어 전용 기능 또는 그 데이터/진단. F01/F02/F04 진입·수신 조건 추적; 한국어/사용자 데이터 보존
lib/widgets/custom_alarm_widgets.dart,245,: ('삭제 후 ${preview.shiftType} 고정 알람을 다시 예약합니다.');,한국어 전용 기능 또는 그 데이터/진단. F01/F02/F04 진입·수신 조건 추적; 한국어/사용자 데이터 보존
lib/widgets/custom_alarm_widgets.dart,264,? ('원터치 알람은 삭제됐지만 고정 알람 예약에 실패했습니다. 갱신을 다시 시도합니다.'),한국어 전용 기능 또는 그 데이터/진단. F01/F02/F04 진입·수신 조건 추적; 한국어/사용자 데이터 보존
lib/widgets/custom_alarm_widgets.dart,266,? ('원터치 알람을 삭제하고 고정 알람을 예약했습니다.'),한국어 전용 기능 또는 그 데이터/진단. F01/F02/F04 진입·수신 조건 추적; 한국어/사용자 데이터 보존
lib/widgets/evidence_library_section.dart,48,"child: Text('근거 자료', style: TextStyle(fontSize: 16, fontWeight: FontWeight.w700)),",한국어 전용 기능 또는 그 데이터/진단. F01/F02/F04 진입·수신 조건 추적; 한국어/사용자 데이터 보존
lib/widgets/evidence_library_section.dart,86,"Text('근거 수준: ${evidence.evidenceLevel}', style: const TextStyle(fontSize: 11.5, color: Colors.black45)),",한국어 전용 기능 또는 그 데이터/진단. F01/F02/F04 진입·수신 조건 추적; 한국어/사용자 데이터 보존
lib/widgets/friend_web_calendar.dart,119,"math.max(20 * unit, height('가9', shiftStyle, width) + 4);",내부 식별자/한글 원본·사용자 데이터 또는 설명 주석 후보; 이 행 자체는 노출/삭제 확정 근거가 아님
lib/widgets/friend_web_calendar.dart,124,"height('가', holidayStyle, width, textScaler: TextScaler.noScaling);",내부 식별자/한글 원본·사용자 데이터 또는 설명 주석 후보; 이 행 자체는 노출/삭제 확정 근거가 아님
lib/widgets/friend_web_calendar.dart,131,"(compact ? 24 : 28) * unit, height('일', style(13), width) + 4);",내부 식별자/한글 원본·사용자 데이터 또는 설명 주석 후보; 이 행 자체는 노출/삭제 확정 근거가 아님
lib/widgets/friend_web_calendar.dart,140,"height('2026년 12월', style(17), width - 112) + 12);",내부 식별자/한글 원본·사용자 데이터 또는 설명 주석 후보; 이 행 자체는 노출/삭제 확정 근거가 아님
lib/widgets/onboarding_info_popups.dart,284,"title: '수면·회복 탭, 이렇게 써보세요',",내부 식별자/한글 원본·사용자 데이터 또는 설명 주석 후보; 이 행 자체는 노출/삭제 확정 근거가 아님
lib/widgets/onboarding_info_popups.dart,285,body: '1. 근무시간 설정\n',내부 식별자/한글 원본·사용자 데이터 또는 설명 주석 후보; 이 행 자체는 노출/삭제 확정 근거가 아님
lib/widgets/onboarding_info_popups.dart,286,"'설정 → 근무시간 및 OT 설정에서, 사용 중인 근무명 중 하나 이상의 '",내부 식별자/한글 원본·사용자 데이터 또는 설명 주석 후보; 이 행 자체는 노출/삭제 확정 근거가 아님
lib/widgets/onboarding_info_popups.dart,287,"'출퇴근 시각을 입력하면 ""오늘의 컨디션""이 나와요. 수면 기록은 입력 전에도 남길 수 있어요.\n\n'",내부 식별자/한글 원본·사용자 데이터 또는 설명 주석 후보; 이 행 자체는 노출/삭제 확정 근거가 아님
lib/widgets/onboarding_info_popups.dart,288,'2. 오늘의 컨디션\n',내부 식별자/한글 원본·사용자 데이터 또는 설명 주석 후보; 이 행 자체는 노출/삭제 확정 근거가 아님
lib/widgets/onboarding_info_popups.dart,289,"'지금 시각을 기준으로 근무 사이 회복시간·퇴근 후 실제 수면 같은 ""최근 근무·수면"" 정보와, '",내부 식별자/한글 원본·사용자 데이터 또는 설명 주석 후보; 이 행 자체는 노출/삭제 확정 근거가 아님
lib/widgets/onboarding_info_popups.dart,290,"'몇 시까지 잠자리에 들기·카페인 끊을 시각 같은 ""추천 행동""을 보여드려요. 평소 근무량보다 '",내부 식별자/한글 원본·사용자 데이터 또는 설명 주석 후보; 이 행 자체는 노출/삭제 확정 근거가 아님
lib/widgets/onboarding_info_popups.dart,291,"'이번 주가 유독 많을 때만 알려드리고, 기록이 부족하면 상태를 나쁘게 보지 않고 ""판단 범위""에 적어둬요.\n\n'",내부 식별자/한글 원본·사용자 데이터 또는 설명 주석 후보; 이 행 자체는 노출/삭제 확정 근거가 아님
lib/widgets/onboarding_info_popups.dart,292,'3. 근무별 수면 패턴\n',내부 식별자/한글 원본·사용자 데이터 또는 설명 주석 후보; 이 행 자체는 노출/삭제 확정 근거가 아님
lib/widgets/onboarding_info_popups.dart,293,"'야간, 주간, 휴무일처럼 근무 유형별 평균 수면을 주 수면과 낮잠으로 나눠 보여줘요. '",내부 식별자/한글 원본·사용자 데이터 또는 설명 주석 후보; 이 행 자체는 노출/삭제 확정 근거가 아님
lib/widgets/onboarding_info_popups.dart,294,"'유형마다 3일이 쌓이면 평균이 나오고, 그 전에는 준비 상황이 표시돼요.\n\n'",내부 식별자/한글 원본·사용자 데이터 또는 설명 주석 후보; 이 행 자체는 노출/삭제 확정 근거가 아님
lib/widgets/onboarding_info_popups.dart,295,'4. 수면 위젯\n',내부 식별자/한글 원본·사용자 데이터 또는 설명 주석 후보; 이 행 자체는 노출/삭제 확정 근거가 아님
lib/widgets/onboarding_info_popups.dart,296,"'홈 화면을 길게 눌러 위젯 추가 화면에서 ""교대시계 수면"" 위젯을 올려 두면, 앱을 열지 않고도 '",내부 식별자/한글 원본·사용자 데이터 또는 설명 주석 후보; 이 행 자체는 노출/삭제 확정 근거가 아님
lib/widgets/onboarding_info_popups.dart,297,"'자기 전에 ""수면"", 일어난 뒤에 ""기상"" 버튼으로 바로 기록할 수 있어요.\n\n'",내부 식별자/한글 원본·사용자 데이터 또는 설명 주석 후보; 이 행 자체는 노출/삭제 확정 근거가 아님
lib/widgets/onboarding_info_popups.dart,298,'5. 자동 기록\n',내부 식별자/한글 원본·사용자 데이터 또는 설명 주석 후보; 이 행 자체는 노출/삭제 확정 근거가 아님
lib/widgets/onboarding_info_popups.dart,299,"'위젯을 안 눌러도, 정해진 수면 시간대에 폰을 오래 안 만지면 앱이 수면으로 추정해 기록해요. '",내부 식별자/한글 원본·사용자 데이터 또는 설명 주석 후보; 이 행 자체는 노출/삭제 확정 근거가 아님
lib/widgets/onboarding_info_popups.dart,300,'야간 출근 전에 잔 낮잠도 찾아요. 추정이라 틀릴 수 있어서 탭 위쪽에 확인 카드가 떠요. ',내부 식별자/한글 원본·사용자 데이터 또는 설명 주석 후보; 이 행 자체는 노출/삭제 확정 근거가 아님
lib/widgets/onboarding_info_popups.dart,301,"'맞으면 ""맞아요"", 아니면 ""기록하지 않기""를 눌러 주세요(거부한 시간대는 다음부터 덜 잡혀요). '",내부 식별자/한글 원본·사용자 데이터 또는 설명 주석 후보; 이 행 자체는 노출/삭제 확정 근거가 아님
lib/widgets/onboarding_info_popups.dart,302,"'카드가 여러 개 쌓이면 ""보이는 기록 모두 확인""으로 한 번에 처리할 수도 있어요.\n\n'",내부 식별자/한글 원본·사용자 데이터 또는 설명 주석 후보; 이 행 자체는 노출/삭제 확정 근거가 아님
lib/widgets/onboarding_info_popups.dart,303,'6. 수동 입력/수정\n',내부 식별자/한글 원본·사용자 데이터 또는 설명 주석 후보; 이 행 자체는 노출/삭제 확정 근거가 아님
lib/widgets/onboarding_info_popups.dart,304,"'아래 ""최근 수면 기록"" 달력의 빈 칸을 탭하면 직접 기록을 추가하거나, '",내부 식별자/한글 원본·사용자 데이터 또는 설명 주석 후보; 이 행 자체는 노출/삭제 확정 근거가 아님
lib/widgets/onboarding_info_popups.dart,305,"'이미 있는 기록을 눌러 시각을 고치거나 지울 수 있어요.',",내부 식별자/한글 원본·사용자 데이터 또는 설명 주석 후보; 이 행 자체는 노출/삭제 확정 근거가 아님
lib/widgets/onboarding_info_popups.dart,306,"buttonLabel: '확인했어요',",내부 식별자/한글 원본·사용자 데이터 또는 설명 주석 후보; 이 행 자체는 노출/삭제 확정 근거가 아님
lib/widgets/onboarding_info_popups.dart,339,"title: '원터치 알람이 추가됐어요',",내부 식별자/한글 원본·사용자 데이터 또는 설명 주석 후보; 이 행 자체는 노출/삭제 확정 근거가 아님
lib/widgets/onboarding_info_popups.dart,340,"body: '자주 쓰는 시각과 울림 방식(소리·진동·무음)을 저장해 두세요. 필요할 때 오늘이나 내일에 빠르게 알람을 추가할 수 있어요.\n\n근무마다 반복되는 고정 알람 외에, 가끔 필요한 알람을 설정할 때 편리해요.\n\n같은 시각의 고정 알람이 있으면 중복으로 추가하지 않아요.',",내부 식별자/한글 원본·사용자 데이터 또는 설명 주석 후보; 이 행 자체는 노출/삭제 확정 근거가 아님
lib/widgets/shift_label_layout.dart,24,"final smallWidth = math.max(minWidth, measure('가나') + 14);",내부 식별자/한글 원본·사용자 데이터 또는 설명 주석 후보; 이 행 자체는 노출/삭제 확정 근거가 아님
lib/widgets/shift_label_layout.dart,25,final large = names.any((name) => RegExp(r'^[가-힣]+$').hasMatch(name),내부 식별자/한글 원본·사용자 데이터 또는 설명 주석 후보; 이 행 자체는 노출/삭제 확정 근거가 아님
lib/widgets/shift_label_layout.dart,52,if (RegExp(r'^[가-힣]+$').hasMatch(name)) {,내부 식별자/한글 원본·사용자 데이터 또는 설명 주석 후보; 이 행 자체는 노출/삭제 확정 근거가 아님
lib/widgets/sleep_edit_dialog.dart,45,"String title = '수면 시각 입력',",한국어 전용 기능 또는 그 데이터/진단. F01/F02/F04 진입·수신 조건 추적; 한국어/사용자 데이터 보존
lib/widgets/sleep_edit_dialog.dart,87,message = '기상 시각이 취침보다 빨라요';,한국어 전용 기능 또는 그 데이터/진단. F01/F02/F04 진입·수신 조건 추적; 한국어/사용자 데이터 보존
lib/widgets/sleep_edit_dialog.dart,89,message = '아직 지나지 않은 시각은 기록할 수 없어요';,한국어 전용 기능 또는 그 데이터/진단. F01/F02/F04 진입·수신 조건 추적; 한국어/사용자 데이터 보존
lib/widgets/sleep_edit_dialog.dart,91,message = '${fmtDuration(end.difference(start))} 수면';,한국어 전용 기능 또는 그 데이터/진단. F01/F02/F04 진입·수신 조건 추적; 한국어/사용자 데이터 보존
lib/widgets/sleep_edit_dialog.dart,131,"label: '취침',",한국어 전용 기능 또는 그 데이터/진단. F01/F02/F04 진입·수신 조건 추적; 한국어/사용자 데이터 보존
lib/widgets/sleep_edit_dialog.dart,140,"label: '기상',",한국어 전용 기능 또는 그 데이터/진단. F01/F02/F04 진입·수신 조건 추적; 한국어/사용자 데이터 보존
lib/widgets/sleep_edit_dialog.dart,204,"child: const Text('삭제'),",한국어 전용 기능 또는 그 데이터/진단. F01/F02/F04 진입·수신 조건 추적; 한국어/사용자 데이터 보존
lib/widgets/sleep_edit_dialog.dart,212,"child: const Text('취소'),",한국어 전용 기능 또는 그 데이터/진단. F01/F02/F04 진입·수신 조건 추적; 한국어/사용자 데이터 보존
lib/widgets/sleep_edit_dialog.dart,223,"child: const Text('저장'),",한국어 전용 기능 또는 그 데이터/진단. F01/F02/F04 진입·수신 조건 추적; 한국어/사용자 데이터 보존
lib/widgets/sleep_edit_dialog.dart,303,"title: record != null ? '${category.label} 수정' : '${category.label} 기록',",한국어 전용 기능 또는 그 데이터/진단. F01/F02/F04 진입·수신 조건 추적; 한국어/사용자 데이터 보존
lib/widgets/sleep_edit_dialog.dart,332,? '이미 기록된 수면(${fmtDateTime(conflict.start)}~${fmtTimeOnly(conflict.end!)})',한국어 전용 기능 또는 그 데이터/진단. F01/F02/F04 진입·수신 조건 추적; 한국어/사용자 데이터 보존
lib/widgets/sleep_edit_dialog.dart,333,: '진행 중인 수면(${fmtDateTime(conflict.start)}부터)';,한국어 전용 기능 또는 그 데이터/진단. F01/F02/F04 진입·수신 조건 추적; 한국어/사용자 데이터 보존
lib/widgets/sleep_edit_dialog.dart,334,return '$what과 시간이 겹쳐요. 시각을 고치거나 그 기록을 먼저 수정해 주세요.';,한국어 전용 기능 또는 그 데이터/진단. F01/F02/F04 진입·수신 조건 추적; 한국어/사용자 데이터 보존
lib/widgets/wide_calendar_cell.dart,118,"text: '가9',",내부 식별자/한글 원본·사용자 데이터 또는 설명 주석 후보; 이 행 자체는 노출/삭제 확정 근거가 아님
android/app/src/main/kotlin/com/hwani1103/shiftbell/AlarmActionHelper.kt,58,"Log.w(TAG, ""⚠️ dismiss: DB 파일 없음 - Native 알람 취소만 수행"")",개발 로그/내부 예외. 사용자 노출 실패 설명은 localizedErrorDetail로 분리
android/app/src/main/kotlin/com/hwani1103/shiftbell/AlarmActionHelper.kt,65,"Log.e(TAG, ""❌ dismiss: DB 없는 상태의 OS 예약 취소 실패 id=$alarmId"", e)",개발 로그/내부 예외. 사용자 노출 실패 설명은 localizedErrorDetail로 분리
android/app/src/main/kotlin/com/hwani1103/shiftbell/AlarmActionHelper.kt,89,"Log.d(TAG, ""⚠️ dismiss: DB에 알람 없음 (이미 삭제됨) id=$alarmId"")",개발 로그/내부 예외. 사용자 노출 실패 설명은 localizedErrorDetail로 분리
android/app/src/main/kotlin/com/hwani1103/shiftbell/AlarmActionHelper.kt,98,"Log.e(TAG, ""❌ dismiss 실패: alarmId=$alarmId"", e)",개발 로그/내부 예외. 사용자 노출 실패 설명은 localizedErrorDetail로 분리
android/app/src/main/kotlin/com/hwani1103/shiftbell/AlarmActionHelper.kt,130,"Log.e(TAG, ""❌ snooze: DB 파일 없음 id=$alarmId"")",개발 로그/내부 예외. 사용자 노출 실패 설명은 localizedErrorDetail로 분리
android/app/src/main/kotlin/com/hwani1103/shiftbell/AlarmActionHelper.kt,159,"Log.e(TAG, ""❌ snooze: 알람 정보 없음 id=$alarmId"")",개발 로그/내부 예외. 사용자 노출 실패 설명은 localizedErrorDetail로 분리
android/app/src/main/kotlin/com/hwani1103/shiftbell/AlarmActionHelper.kt,199,"put(""type"", ""snoozed"")  // 자동 갱신 diff 대상에서 제외되어 보호됨",내부 식별자/한글 원본·사용자 데이터 또는 설명 주석 후보; 이 행 자체는 노출/삭제 확정 근거가 아님
android/app/src/main/kotlin/com/hwani1103/shiftbell/AlarmActionHelper.kt,221,"Log.e(TAG, ""❌ 스누즈 OS 예약 실패(재시도 목록에 기록): alarmId=$alarmId"")",개발 로그/내부 예외. 사용자 노출 실패 설명은 localizedErrorDetail로 분리
android/app/src/main/kotlin/com/hwani1103/shiftbell/AlarmActionHelper.kt,224,"Log.e(TAG, ""❌ snooze 실패: alarmId=$alarmId"", e)",개발 로그/내부 예외. 사용자 노출 실패 설명은 localizedErrorDetail로 분리
android/app/src/main/kotlin/com/hwani1103/shiftbell/AlarmActionHelper.kt,266,"/** 회차를 모르는 ""지금 이 알람"" 요청용(앱에서 삭제·외부 오버레이 종료) - 활성 울림의 ID가 같을 때만 끝냄. */",내부 식별자/한글 원본·사용자 데이터 또는 설명 주석 후보; 이 행 자체는 노출/삭제 확정 근거가 아님
android/app/src/main/kotlin/com/hwani1103/shiftbell/AlarmActionHelper.kt,305,"Log.e(TAG, ""❌ 울림 화면 종료 신호 실패: id=$alarmId"", e)",개발 로그/내부 예외. 사용자 노출 실패 설명은 localizedErrorDetail로 분리
android/app/src/main/kotlin/com/hwani1103/shiftbell/AlarmActionHelper.kt,314,"Log.e(TAG, ""❌ 울림 알림 정리 실패: id=$alarmId"", e)",개발 로그/내부 예외. 사용자 노출 실패 설명은 localizedErrorDetail로 분리
android/app/src/main/kotlin/com/hwani1103/shiftbell/AlarmActionHelper.kt,326,"?: throw IllegalStateException(""PendingIntent 생성 실패"")",개발 로그/내부 예외. 사용자 노출 실패 설명은 localizedErrorDetail로 분리
android/app/src/main/kotlin/com/hwani1103/shiftbell/AlarmActionHelper.kt,335,"Log.w(TAG, ""⚠️ 정확한 종료 예약 불가 - 비정확 예약으로 대체"", e)",개발 로그/내부 예외. 사용자 노출 실패 설명은 localizedErrorDetail로 분리
android/app/src/main/kotlin/com/hwani1103/shiftbell/AlarmActionHelper.kt,342,"Log.d(TAG, ""⏱️ 울림 종료 예약: id=${ring.alarmId} 회차=${ring.round} ${minutes}분 후"")",개발 로그/내부 예외. 사용자 노출 실패 설명은 localizedErrorDetail로 분리
android/app/src/main/kotlin/com/hwani1103/shiftbell/AlarmActionHelper.kt,345,"Log.e(TAG, ""❌ 울림 종료 예약 실패: $ring"", e)",개발 로그/내부 예외. 사용자 노출 실패 설명은 localizedErrorDetail로 분리
android/app/src/main/kotlin/com/hwani1103/shiftbell/AlarmActionHelper.kt,355,"Log.e(TAG, ""❌ 울림 종료 예약 취소 실패: id=$alarmId 회차=$round"", e)",개발 로그/내부 예외. 사용자 노출 실패 설명은 localizedErrorDetail로 분리
android/app/src/main/kotlin/com/hwani1103/shiftbell/AlarmActionHelper.kt,415,"Log.e(TAG, ""Flutter 알림 실패"", e)",개발 로그/내부 예외. 사용자 노출 실패 설명은 localizedErrorDetail로 분리
android/app/src/main/kotlin/com/hwani1103/shiftbell/AlarmActionReceiver.kt,46,"Log.d(""AlarmAction"", ""🗑️ 8889 Notification 자동 삭제 (30초 경과)"")",개발 로그/내부 예외. 사용자 노출 실패 설명은 localizedErrorDetail로 분리
android/app/src/main/kotlin/com/hwani1103/shiftbell/AlarmActionReceiver.kt,50,"Log.d(""AlarmAction"", ""🔔 Notification에서 알람 끄기: ID=$alarmId 회차=$round"")",개발 로그/내부 예외. 사용자 노출 실패 설명은 localizedErrorDetail로 분리
android/app/src/main/kotlin/com/hwani1103/shiftbell/AlarmActionReceiver.kt,65,"Log.d(""AlarmAction"", ""✅ 알림에서 끄기 완료"")",개발 로그/내부 예외. 사용자 노출 실패 설명은 localizedErrorDetail로 분리
android/app/src/main/kotlin/com/hwani1103/shiftbell/AlarmActionReceiver.kt,69,"Log.d(""AlarmAction"", ""🔔 Notification에서 5분 후: ID=$alarmId 회차=$round"")",개발 로그/내부 예외. 사용자 노출 실패 설명은 localizedErrorDetail로 분리
android/app/src/main/kotlin/com/hwani1103/shiftbell/AlarmActionReceiver.kt,79,"Log.e(""AlarmAction"", ""❌ 알림에서 스누즈 실패(알람 정보 없음): ID=$alarmId"")",개발 로그/내부 예외. 사용자 노출 실패 설명은 localizedErrorDetail로 분리
android/app/src/main/kotlin/com/hwani1103/shiftbell/AlarmActionReceiver.kt,85,"Log.d(""AlarmAction"", ""⏰ 종료 예약 도착 - 이미 끝난 회차라 무시: ID=$alarmId 회차=$round"")",개발 로그/내부 예외. 사용자 노출 실패 설명은 localizedErrorDetail로 분리
android/app/src/main/kotlin/com/hwani1103/shiftbell/AlarmActionReceiver.kt,88,"Log.d(""AlarmAction"", ""⏰ 종료 예약 도착 - 자동 종료: ID=$alarmId 회차=$round"")",개발 로그/내부 예외. 사용자 노출 실패 설명은 localizedErrorDetail로 분리
android/app/src/main/kotlin/com/hwani1103/shiftbell/AlarmActivity.kt,44,"private var alarmTimeStr: String = """"  // 알람 시간 저장",내부 식별자/한글 원본·사용자 데이터 또는 설명 주석 후보; 이 행 자체는 노출/삭제 확정 근거가 아님
android/app/src/main/kotlin/com/hwani1103/shiftbell/AlarmActivity.kt,65,"Log.d(""AlarmActivity"", ""📡 종료 신호 수신 → Activity 종료"")",개발 로그/내부 예외. 사용자 노출 실패 설명은 localizedErrorDetail로 분리
android/app/src/main/kotlin/com/hwani1103/shiftbell/AlarmActivity.kt,75,"alarmDuration = intent.getIntExtra(""alarmDuration"", 3)  // 기본 3분",내부 식별자/한글 원본·사용자 데이터 또는 설명 주석 후보; 이 행 자체는 노출/삭제 확정 근거가 아님
android/app/src/main/kotlin/com/hwani1103/shiftbell/AlarmActivity.kt,84,"Log.w(""AlarmActivity"", ""⚠️ 지난 회차 화면 요청 - 표시 안 함: id=$alarmId 회차=$ringRound"")",개발 로그/내부 예외. 사용자 노출 실패 설명은 localizedErrorDetail로 분리
android/app/src/main/kotlin/com/hwani1103/shiftbell/AlarmActivity.kt,158,"Log.d(""AlarmActivity"", ""✅ 알람 정보 로드: time=$alarmTimeStr, label=$alarmLabel"")",개발 로그/내부 예외. 사용자 노출 실패 설명은 localizedErrorDetail로 분리
android/app/src/main/kotlin/com/hwani1103/shiftbell/AlarmActivity.kt,160,"Log.e(""AlarmActivity"", ""❌ 알람 정보 로드 실패"", e)",개발 로그/내부 예외. 사용자 노출 실패 설명은 localizedErrorDetail로 분리
android/app/src/main/kotlin/com/hwani1103/shiftbell/AlarmActivity.kt,172,"Log.d(""AlarmActivity"", ""⏰ 타임아웃: ${alarmDuration}분 경과"")",개발 로그/내부 예외. 사용자 노출 실패 설명은 localizedErrorDetail로 분리
android/app/src/main/kotlin/com/hwani1103/shiftbell/AlarmActivity.kt,179,"Log.d(""AlarmActivity"", ""⏱️ 타임아웃 타이머 시작: ${alarmDuration}분"")",개발 로그/내부 예외. 사용자 노출 실패 설명은 localizedErrorDetail로 분리
android/app/src/main/kotlin/com/hwani1103/shiftbell/AlarmActivity.kt,185,"Log.d(""AlarmActivity"", ""⏰ 알람 타임아웃 - 자동 종료"")",개발 로그/내부 예외. 사용자 노출 실패 설명은 localizedErrorDetail로 분리
android/app/src/main/kotlin/com/hwani1103/shiftbell/AlarmActivity.kt,214,"Log.d(""AlarmActivity"", ""🗑️ Notification 삭제 (alarmId, alarmId+100000, 7777, 8889)"")",개발 로그/내부 예외. 사용자 노출 실패 설명은 localizedErrorDetail로 분리
android/app/src/main/kotlin/com/hwani1103/shiftbell/AlarmActivity.kt,309,"Log.d(""AlarmActivity"", ""스와이프 감지: 알람 끄기"")",개발 로그/내부 예외. 사용자 노출 실패 설명은 localizedErrorDetail로 분리
android/app/src/main/kotlin/com/hwani1103/shiftbell/AlarmActivity.kt,347,"Log.d(""AlarmActivity"", ""🗑️ Notification 삭제 (alarmId, alarmId+100000, 7777, 8889)"")",개발 로그/내부 예외. 사용자 노출 실패 설명은 localizedErrorDetail로 분리
android/app/src/main/kotlin/com/hwani1103/shiftbell/AlarmActivity.kt,376,"Log.e(""AlarmActivity"", ""❌ 알람 정보 없음: ID=$alarmId"")",개발 로그/내부 예외. 사용자 노출 실패 설명은 localizedErrorDetail로 분리
android/app/src/main/kotlin/com/hwani1103/shiftbell/AlarmActivity.kt,402,"Log.d(""AlarmActivity"", ""✅ Overlay 서비스 종료 요청"")",개발 로그/내부 예외. 사용자 노출 실패 설명은 localizedErrorDetail로 분리
android/app/src/main/kotlin/com/hwani1103/shiftbell/AlarmActivity.kt,404,"Log.e(""AlarmActivity"", ""❌ Overlay 서비스 종료 실패"", e)",개발 로그/내부 예외. 사용자 노출 실패 설명은 localizedErrorDetail로 분리
android/app/src/main/kotlin/com/hwani1103/shiftbell/AlarmActivity.kt,412,"Log.d(""AlarmActivity"", ""👋 의도적 종료 중 → Notification 생성 안 함"")",개발 로그/내부 예외. 사용자 노출 실패 설명은 localizedErrorDetail로 분리
android/app/src/main/kotlin/com/hwani1103/shiftbell/AlarmActivity.kt,416,"Log.d(""AlarmActivity"", ""👋 이미 끝난 회차 → Notification 생성 안 함"")",개발 로그/내부 예외. 사용자 노출 실패 설명은 localizedErrorDetail로 분리
android/app/src/main/kotlin/com/hwani1103/shiftbell/AlarmActivity.kt,421,"Log.d(""AlarmActivity"", ""👋 홈 버튼 감지 → Notification 표시"")",개발 로그/내부 예외. 사용자 노출 실패 설명은 localizedErrorDetail로 분리
android/app/src/main/kotlin/com/hwani1103/shiftbell/AlarmActivity.kt,467,"Log.d(""AlarmActivity"", ""🗑️ onDestroy 호출됨 (Notification 삭제 안 함)"")",개발 로그/내부 예외. 사용자 노출 실패 설명은 localizedErrorDetail로 분리
android/app/src/main/kotlin/com/hwani1103/shiftbell/AlarmActivity.kt,473,"Log.e(""AlarmActivity"", ""리시버 해제 실패"", e)",개발 로그/내부 예외. 사용자 노출 실패 설명은 localizedErrorDetail로 분리
android/app/src/main/kotlin/com/hwani1103/shiftbell/AlarmActivity.kt,481,"Log.d(""AlarmActivity"", ""⏱️ 타임아웃 타이머 취소"")",개발 로그/내부 예외. 사용자 노출 실패 설명은 localizedErrorDetail로 분리
android/app/src/main/kotlin/com/hwani1103/shiftbell/AlarmGuardReceiver.kt,19,"private const val TWENTY_MIN_CHANNEL_ID = ""shiftbell_pre_v3""  // ⭐ 채널 ID 변경 + ""알람"" 키워드 제거",내부 식별자/한글 원본·사용자 데이터 또는 설명 주석 후보; 이 행 자체는 노출/삭제 확정 근거가 아님
android/app/src/main/kotlin/com/hwani1103/shiftbell/AlarmGuardReceiver.kt,24,"Log.d(""AlarmGuardReceiver"", ""🗑️ Notification 이력 제거: ID=$alarmId"")",개발 로그/내부 예외. 사용자 노출 실패 설명은 localizedErrorDetail로 분리
android/app/src/main/kotlin/com/hwani1103/shiftbell/AlarmGuardReceiver.kt,30,"Log.d(""AlarmGuardReceiver"", ""🗑️ shownNotifications 전체 초기화"")",개발 로그/내부 예외. 사용자 노출 실패 설명은 localizedErrorDetail로 분리
android/app/src/main/kotlin/com/hwani1103/shiftbell/AlarmGuardReceiver.kt,35,"Log.d(""AlarmGuardReceiver"", ""⏰ 직접 트리거"")",개발 로그/내부 예외. 사용자 노출 실패 설명은 localizedErrorDetail로 분리
android/app/src/main/kotlin/com/hwani1103/shiftbell/AlarmGuardReceiver.kt,79,"Log.d(""AlarmGuardReceiver"", ""⏰ Wakeup 수신 (action=${intent.action})"")",개발 로그/내부 예외. 사용자 노출 실패 설명은 localizedErrorDetail로 분리
android/app/src/main/kotlin/com/hwani1103/shiftbell/AlarmGuardReceiver.kt,95,"Log.d(""AlarmGuardReceiver"", ""🌐 시계/시간대 변경 감지 - 강제 전체 갱신"")",개발 로그/내부 예외. 사용자 노출 실패 설명은 localizedErrorDetail로 분리
android/app/src/main/kotlin/com/hwani1103/shiftbell/AlarmGuardReceiver.kt,134,"Log.d(""AlarmGuardReceiver"", ""⚠️ 알람 없음 - 자정 체크 예약: ${Date(midnight)}"")",개발 로그/내부 예외. 사용자 노출 실패 설명은 localizedErrorDetail로 분리
android/app/src/main/kotlin/com/hwani1103/shiftbell/AlarmGuardReceiver.kt,142,"Log.d(""AlarmGuardReceiver"", ""⚠️ 이미 20분 이내 - 5분 후 재체크"")",개발 로그/내부 예외. 사용자 노출 실패 설명은 localizedErrorDetail로 분리
android/app/src/main/kotlin/com/hwani1103/shiftbell/AlarmGuardReceiver.kt,145,"Log.d(""AlarmGuardReceiver"", ""⏰ 자정 체크 예약: ${Date(midnight)}"")",개발 로그/내부 예외. 사용자 노출 실패 설명은 localizedErrorDetail로 분리
android/app/src/main/kotlin/com/hwani1103/shiftbell/AlarmGuardReceiver.kt,148,"Log.d(""AlarmGuardReceiver"", ""⏰ 20분 전 예약: ${Date(wakeupTime)}"")",개발 로그/내부 예외. 사용자 노출 실패 설명은 localizedErrorDetail로 분리
android/app/src/main/kotlin/com/hwani1103/shiftbell/AlarmGuardReceiver.kt,182,"Log.d(""AlarmGuardReceiver"", ""✅ 다음 Wakeup 예약: ${Date(wakeupTime)}"")",개발 로그/내부 예외. 사용자 노출 실패 설명은 localizedErrorDetail로 분리
android/app/src/main/kotlin/com/hwani1103/shiftbell/AlarmGuardReceiver.kt,184,"Log.e(""AlarmGuardReceiver"", ""❌ 정확한 Wakeup 예약 실패 - 부정확 예약으로 폴백"", e)",개발 로그/내부 예외. 사용자 노출 실패 설명은 localizedErrorDetail로 분리
android/app/src/main/kotlin/com/hwani1103/shiftbell/AlarmGuardReceiver.kt,187,"Log.d(""AlarmGuardReceiver"", ""✅ 부정확 Wakeup 예약 성공: ${Date(wakeupTime)}"")",개발 로그/내부 예외. 사용자 노출 실패 설명은 localizedErrorDetail로 분리
android/app/src/main/kotlin/com/hwani1103/shiftbell/AlarmGuardReceiver.kt,189,"Log.e(""AlarmGuardReceiver"", ""❌ 부정확 Wakeup 예약마저 실패 - 하트비트 중단됨"", e2)",개발 로그/내부 예외. 사용자 노출 실패 설명은 localizedErrorDetail로 분리
android/app/src/main/kotlin/com/hwani1103/shiftbell/AlarmGuardReceiver.kt,219,"Log.d(""AlarmGuardReceiver"", ""🔍 알람 20분 이내: ${alarm.time} (${alarm.shiftType})"")",개발 로그/내부 예외. 사용자 노출 실패 설명은 localizedErrorDetail로 분리
android/app/src/main/kotlin/com/hwani1103/shiftbell/AlarmGuardReceiver.kt,227,"Log.d(""AlarmGuardReceiver"", ""⏭️ Notification 스킵 (이미 표시함)"")",개발 로그/내부 예외. 사용자 노출 실패 설명은 localizedErrorDetail로 분리
android/app/src/main/kotlin/com/hwani1103/shiftbell/AlarmGuardReceiver.kt,231,"Log.d(""AlarmGuardReceiver"", ""✅ Notification 표시 (ID: ${alarm.id})"")",개발 로그/내부 예외. 사용자 노출 실패 설명은 localizedErrorDetail로 분리
android/app/src/main/kotlin/com/hwani1103/shiftbell/AlarmGuardReceiver.kt,243,"Log.d(""AlarmGuardReceiver"", ""✅ 알람 재등록 확인: ID=${alarm.id} 결과=$outcome"")",개발 로그/내부 예외. 사용자 노출 실패 설명은 localizedErrorDetail로 분리
android/app/src/main/kotlin/com/hwani1103/shiftbell/AlarmGuardReceiver.kt,246,"Log.e(""AlarmGuardReceiver"", ""❌ 알람 재등록 실패"", e)",개발 로그/내부 예외. 사용자 노출 실패 설명은 localizedErrorDetail로 분리
android/app/src/main/kotlin/com/hwani1103/shiftbell/AlarmGuardReceiver.kt,278,".setGroup(""shiftbell_notifications"")  // ⭐ 그룹 설정 (삼성 시스템 스누즈 방지)",내부 식별자/한글 원본·사용자 데이터 또는 설명 주석 후보; 이 행 자체는 노출/삭제 확정 근거가 아님
android/app/src/main/kotlin/com/hwani1103/shiftbell/AlarmGuardReceiver.kt,287,"Log.d(""AlarmGuardReceiver"", ""📢 20분 전 알림 표시: ${alarm.time}"")",개발 로그/내부 예외. 사용자 노출 실패 설명은 localizedErrorDetail로 분리
android/app/src/main/kotlin/com/hwani1103/shiftbell/AlarmGuardReceiver.kt,297,"context.getString(R.string.channel_alarm_guard),  // ⭐ ""알람"" 키워드 제거 (삼성 시스템 스누즈 방지)",내부 식별자/한글 원본·사용자 데이터 또는 설명 주석 후보; 이 행 자체는 노출/삭제 확정 근거가 아님
android/app/src/main/kotlin/com/hwani1103/shiftbell/AlarmGuardReceiver.kt,354,"Log.e(""AlarmGuardReceiver"", ""DB 읽기 실패"", e)",개발 로그/내부 예외. 사용자 노출 실패 설명은 localizedErrorDetail로 분리
android/app/src/main/kotlin/com/hwani1103/shiftbell/AlarmOverlayService.kt,59,"private var alarmTimeStr: String = """"  // 알람 시간 저장",내부 식별자/한글 원본·사용자 데이터 또는 설명 주석 후보; 이 행 자체는 노출/삭제 확정 근거가 아님
android/app/src/main/kotlin/com/hwani1103/shiftbell/AlarmOverlayService.kt,77,"Log.d(""AlarmOverlay"", ""⚠️ 다른 알람 ID 무시: target=$targetAlarmId, current=$alarmId"")",개발 로그/내부 예외. 사용자 노출 실패 설명은 localizedErrorDetail로 분리
android/app/src/main/kotlin/com/hwani1103/shiftbell/AlarmOverlayService.kt,83,"Log.d(""AlarmOverlay"", ""📥 외부에서 DISMISS 신호 수신: ID=$alarmId"")",개발 로그/내부 예외. 사용자 노출 실패 설명은 localizedErrorDetail로 분리
android/app/src/main/kotlin/com/hwani1103/shiftbell/AlarmOverlayService.kt,87,"Log.d(""AlarmOverlay"", ""📥 외부에서 SNOOZE 신호 수신: ID=$alarmId"")",개발 로그/내부 예외. 사용자 노출 실패 설명은 localizedErrorDetail로 분리
android/app/src/main/kotlin/com/hwani1103/shiftbell/AlarmOverlayService.kt,106,"Log.e(""AlarmOverlayService"", ""Overlay 권한 없음!"")",개발 로그/내부 예외. 사용자 노출 실패 설명은 localizedErrorDetail로 분리
android/app/src/main/kotlin/com/hwani1103/shiftbell/AlarmOverlayService.kt,123,"Log.d(""AlarmOverlay"", ""📡 외부 신호 리시버 등록"")",개발 로그/내부 예외. 사용자 노출 실패 설명은 localizedErrorDetail로 분리
android/app/src/main/kotlin/com/hwani1103/shiftbell/AlarmOverlayService.kt,134,"Log.w(""AlarmOverlay"", ""⚠️ 지난 회차 표시 요청 무시: id=$newAlarmId 회차=$newRound"")",개발 로그/내부 예외. 사용자 노출 실패 설명은 localizedErrorDetail로 분리
android/app/src/main/kotlin/com/hwani1103/shiftbell/AlarmOverlayService.kt,147,"Log.d(""AlarmOverlay"", ""⏰ 다른 알람($alarmId) 표시 중에 새 알람($newAlarmId) 도착 - Overlay 새로 그림"")",개발 로그/내부 예외. 사용자 노출 실패 설명은 localizedErrorDetail로 분리
android/app/src/main/kotlin/com/hwani1103/shiftbell/AlarmOverlayService.kt,185,"Log.d(""AlarmOverlay"", ""✅ 외부 신호로 Overlay 종료"")",개발 로그/내부 예외. 사용자 노출 실패 설명은 localizedErrorDetail로 분리
android/app/src/main/kotlin/com/hwani1103/shiftbell/AlarmOverlayService.kt,199,"Log.d(""AlarmOverlay"", ""✅ 외부 신호로 Overlay 종료 (스누즈)"")",개발 로그/내부 예외. 사용자 노출 실패 설명은 localizedErrorDetail로 분리
android/app/src/main/kotlin/com/hwani1103/shiftbell/AlarmOverlayService.kt,229,"Log.d(""AlarmOverlay"", ""✅ 알람 정보 로드: time=$alarmTimeStr, label=$alarmLabel, duration=${alarmDuration}분"")",개발 로그/내부 예외. 사용자 노출 실패 설명은 localizedErrorDetail로 분리
android/app/src/main/kotlin/com/hwani1103/shiftbell/AlarmOverlayService.kt,231,"Log.e(""AlarmOverlay"", ""❌ 알람 정보 로드 실패"", e)",개발 로그/내부 예외. 사용자 노출 실패 설명은 localizedErrorDetail로 분리
android/app/src/main/kotlin/com/hwani1103/shiftbell/AlarmOverlayService.kt,249,"Log.d(""AlarmOverlay"", ""⏰ 타임아웃: ${alarmDuration}분 경과"")",개발 로그/내부 예외. 사용자 노출 실패 설명은 localizedErrorDetail로 분리
android/app/src/main/kotlin/com/hwani1103/shiftbell/AlarmOverlayService.kt,255,"Log.d(""AlarmOverlay"", ""⏱️ 타임아웃 타이머 시작: ${alarmDuration}분"")",개발 로그/내부 예외. 사용자 노출 실패 설명은 localizedErrorDetail로 분리
android/app/src/main/kotlin/com/hwani1103/shiftbell/AlarmOverlayService.kt,262,"Log.d(""AlarmOverlay"", ""⏱️ 타임아웃 타이머 취소"")",개발 로그/내부 예외. 사용자 노출 실패 설명은 localizedErrorDetail로 분리
android/app/src/main/kotlin/com/hwani1103/shiftbell/AlarmOverlayService.kt,266,"Log.d(""AlarmOverlay"", ""⏰ 알람 타임아웃 - 자동 종료"")",개발 로그/내부 예외. 사용자 노출 실패 설명은 localizedErrorDetail로 분리
android/app/src/main/kotlin/com/hwani1103/shiftbell/AlarmOverlayService.kt,287,"Log.d(""AlarmOverlay"", ""🗑️ Notification 삭제 (alarmId, alarmId+100000, 7777, 8889)"")",개발 로그/내부 예외. 사용자 노출 실패 설명은 localizedErrorDetail로 분리
android/app/src/main/kotlin/com/hwani1103/shiftbell/AlarmOverlayService.kt,306,"Log.d(""AlarmOverlay"", ""🔧 prepareOverlay() 호출: overlayView=${overlayView != null}"")",개발 로그/내부 예외. 사용자 노출 실패 설명은 localizedErrorDetail로 분리
android/app/src/main/kotlin/com/hwani1103/shiftbell/AlarmOverlayService.kt,309,"Log.d(""AlarmOverlay"", ""⚠️ overlayView 이미 존재 → 재사용"")",개발 로그/내부 예외. 사용자 노출 실패 설명은 localizedErrorDetail로 분리
android/app/src/main/kotlin/com/hwani1103/shiftbell/AlarmOverlayService.kt,329,"Log.d(""AlarmOverlay"", ""👆 끄기 버튼 클릭"")",개발 로그/내부 예외. 사용자 노출 실패 설명은 localizedErrorDetail로 분리
android/app/src/main/kotlin/com/hwani1103/shiftbell/AlarmOverlayService.kt,335,"Log.d(""AlarmOverlay"", ""👆 5분 후 버튼 클릭"")",개발 로그/내부 예외. 사용자 노출 실패 설명은 localizedErrorDetail로 분리
android/app/src/main/kotlin/com/hwani1103/shiftbell/AlarmOverlayService.kt,339,"Log.d(""AlarmOverlay"", ""✅ Overlay View 준비 완료 (미표시)"")",개발 로그/내부 예외. 사용자 노출 실패 설명은 localizedErrorDetail로 분리
android/app/src/main/kotlin/com/hwani1103/shiftbell/AlarmOverlayService.kt,341,"Log.e(""AlarmOverlay"", ""❌ Overlay View 준비 실패"", e)",개발 로그/내부 예외. 사용자 노출 실패 설명은 localizedErrorDetail로 분리
android/app/src/main/kotlin/com/hwani1103/shiftbell/AlarmOverlayService.kt,347,"Log.d(""AlarmOverlay"", ""🔔 showOverlayWindow() 호출: isOverlayVisible=$isOverlayVisible, overlayView=${overlayView != null}"")",개발 로그/내부 예외. 사용자 노출 실패 설명은 localizedErrorDetail로 분리
android/app/src/main/kotlin/com/hwani1103/shiftbell/AlarmOverlayService.kt,350,"Log.d(""AlarmOverlay"", ""⚠️ 이미 표시 중 → 스킵"")",개발 로그/내부 예외. 사용자 노출 실패 설명은 localizedErrorDetail로 분리
android/app/src/main/kotlin/com/hwani1103/shiftbell/AlarmOverlayService.kt,355,"Log.d(""AlarmOverlay"", ""🔧 overlayView가 null → prepareOverlay() 호출"")",개발 로그/내부 예외. 사용자 노출 실패 설명은 localizedErrorDetail로 분리
android/app/src/main/kotlin/com/hwani1103/shiftbell/AlarmOverlayService.kt,360,"Log.e(""AlarmOverlay"", ""❌ prepareOverlay() 후에도 overlayView가 null!"")",개발 로그/내부 예외. 사용자 노출 실패 설명은 localizedErrorDetail로 분리
android/app/src/main/kotlin/com/hwani1103/shiftbell/AlarmOverlayService.kt,402,"Log.d(""AlarmOverlay"", ""✅ Overlay Window 표시 완료!"")",개발 로그/내부 예외. 사용자 노출 실패 설명은 localizedErrorDetail로 분리
android/app/src/main/kotlin/com/hwani1103/shiftbell/AlarmOverlayService.kt,404,"Log.e(""AlarmOverlay"", ""❌ Overlay Window 표시 실패"", e)",개발 로그/내부 예외. 사용자 노출 실패 설명은 localizedErrorDetail로 분리
android/app/src/main/kotlin/com/hwani1103/shiftbell/AlarmOverlayService.kt,436,"Log.d(""AlarmOverlay"", ""🗑️ Notification 삭제 (alarmId, alarmId+100000, 7777, 8889)"")",개발 로그/내부 예외. 사용자 노출 실패 설명은 localizedErrorDetail로 분리
android/app/src/main/kotlin/com/hwani1103/shiftbell/AlarmOverlayService.kt,467,"Log.e(""AlarmOverlay"", ""❌ 알람 정보 없음: ID=$alarmId"")",개발 로그/내부 예외. 사용자 노출 실패 설명은 localizedErrorDetail로 분리
android/app/src/main/kotlin/com/hwani1103/shiftbell/AlarmOverlayService.kt,490,"Log.d(""AlarmOverlay"", ""✅ Overlay Window 제거"")",개발 로그/내부 예외. 사용자 노출 실패 설명은 localizedErrorDetail로 분리
android/app/src/main/kotlin/com/hwani1103/shiftbell/AlarmOverlayService.kt,494,"Log.d(""AlarmOverlay"", ""✅ Overlay View 정리 완료"")",개발 로그/내부 예외. 사용자 노출 실패 설명은 localizedErrorDetail로 분리
android/app/src/main/kotlin/com/hwani1103/shiftbell/AlarmOverlayService.kt,497,"Log.e(""AlarmOverlay"", ""❌ Overlay 제거 실패"", e)",개발 로그/내부 예외. 사용자 노출 실패 설명은 localizedErrorDetail로 분리
android/app/src/main/kotlin/com/hwani1103/shiftbell/AlarmOverlayService.kt,508,"Log.d(""AlarmOverlay"", ""📡 외부 신호 리시버 해제"")",개발 로그/내부 예외. 사용자 노출 실패 설명은 localizedErrorDetail로 분리
android/app/src/main/kotlin/com/hwani1103/shiftbell/AlarmOverlayService.kt,510,"Log.e(""AlarmOverlay"", ""외부 신호 리시버 해제 실패"", e)",개발 로그/내부 예외. 사용자 노출 실패 설명은 localizedErrorDetail로 분리
android/app/src/main/kotlin/com/hwani1103/shiftbell/AlarmPlayer.kt,40,"Log.d(""AlarmPlayer"", ""🔊 알람 재생 시작"")",개발 로그/내부 예외. 사용자 노출 실패 설명은 localizedErrorDetail로 분리
android/app/src/main/kotlin/com/hwani1103/shiftbell/AlarmPlayer.kt,54,"Log.e(""AlarmPlayer"", ""MediaPlayer 정리 실패"", e)",개발 로그/내부 예외. 사용자 노출 실패 설명은 localizedErrorDetail로 분리
android/app/src/main/kotlin/com/hwani1103/shiftbell/AlarmPlayer.kt,59,"Log.e(""AlarmPlayer"", ""이전 진동 정리 실패"", e)",개발 로그/내부 예외. 사용자 노출 실패 설명은 localizedErrorDetail로 분리
android/app/src/main/kotlin/com/hwani1103/shiftbell/AlarmPlayer.kt,67,"Log.d(""AlarmPlayer"", ""  타입: 기본 알람음 + 진동"")",개발 로그/내부 예외. 사용자 노출 실패 설명은 localizedErrorDetail로 분리
android/app/src/main/kotlin/com/hwani1103/shiftbell/AlarmPlayer.kt,73,"Log.d(""AlarmPlayer"", ""  타입: 커스텀 사운드($soundFile) + 진동"")",개발 로그/내부 예외. 사용자 노출 실패 설명은 localizedErrorDetail로 분리
android/app/src/main/kotlin/com/hwani1103/shiftbell/AlarmPlayer.kt,79,"Log.d(""AlarmPlayer"", ""  타입: $soundFile + 진동"")",개발 로그/내부 예외. 사용자 노출 실패 설명은 localizedErrorDetail로 분리
android/app/src/main/kotlin/com/hwani1103/shiftbell/AlarmPlayer.kt,84,"Log.d(""AlarmPlayer"", ""  타입: 진동만 (세기=$vibrationStrength)"")",개발 로그/내부 예외. 사용자 노출 실패 설명은 localizedErrorDetail로 분리
android/app/src/main/kotlin/com/hwani1103/shiftbell/AlarmPlayer.kt,88,"Log.d(""AlarmPlayer"", ""  타입: 무음 (아무것도 안 함)"")",개발 로그/내부 예외. 사용자 노출 실패 설명은 localizedErrorDetail로 분리
android/app/src/main/kotlin/com/hwani1103/shiftbell/AlarmPlayer.kt,91,"Log.e(""AlarmPlayer"", ""  ❌ 알 수 없는 soundFile: $soundFile"")",개발 로그/내부 예외. 사용자 노출 실패 설명은 localizedErrorDetail로 분리
android/app/src/main/kotlin/com/hwani1103/shiftbell/AlarmPlayer.kt,101,"Log.d(""AlarmPlayer"", ""복원 전 설정 스냅샷으로 재생: alarmId=$alarmId sound=${snap.soundFile}"")",개발 로그/내부 예외. 사용자 노출 실패 설명은 localizedErrorDetail로 분리
android/app/src/main/kotlin/com/hwani1103/shiftbell/AlarmPlayer.kt,114,"?: throw IllegalStateException(""DB 파일 없음"")",개발 로그/내부 예외. 사용자 노출 실패 설명은 localizedErrorDetail로 분리
android/app/src/main/kotlin/com/hwani1103/shiftbell/AlarmPlayer.kt,159,"Log.w(""AlarmPlayer"", ""⚠️ alarm_types에 id=$alarmTypeId 없음 - fail-safe 폴백(진동만) 사용. alarmId=$alarmId"")",개발 로그/내부 예외. 사용자 노출 실패 설명은 localizedErrorDetail로 분리
android/app/src/main/kotlin/com/hwani1103/shiftbell/AlarmPlayer.kt,161,"Log.d(""AlarmPlayer"", ""DB 설정: soundFile=$soundFile, volume=$volume, vibration=$vibrationStrength"")",개발 로그/내부 예외. 사용자 노출 실패 설명은 localizedErrorDetail로 분리
android/app/src/main/kotlin/com/hwani1103/shiftbell/AlarmPlayer.kt,165,"Log.e(""AlarmPlayer"", ""DB 설정 읽기 실패, fail-safe 폴백(진동만) 사용"", e)",개발 로그/내부 예외. 사용자 노출 실패 설명은 localizedErrorDetail로 분리
android/app/src/main/kotlin/com/hwani1103/shiftbell/AlarmPlayer.kt,182,"Log.e(""AlarmPlayer"", ""리소스 못 찾음: res/raw/$soundFile.mp3"")",개발 로그/내부 예외. 사용자 노출 실패 설명은 localizedErrorDetail로 분리
android/app/src/main/kotlin/com/hwani1103/shiftbell/AlarmPlayer.kt,193,"Log.d(""AlarmPlayer"", ""커스텀 사운드 로드: $soundUri"")",개발 로그/내부 예외. 사용자 노출 실패 설명은 localizedErrorDetail로 분리
android/app/src/main/kotlin/com/hwani1103/shiftbell/AlarmPlayer.kt,200,"Log.d(""AlarmPlayer"", ""커스텀 사운드 재생 시작: $soundFile, 음량 ${(volume * 100).toInt()}%"")",개발 로그/내부 예외. 사용자 노출 실패 설명은 localizedErrorDetail로 분리
android/app/src/main/kotlin/com/hwani1103/shiftbell/AlarmPlayer.kt,203,"Log.e(""AlarmPlayer"", ""커스텀 사운드 재생 실패, 기본 알람 사용: ${e.message}"", e)",개발 로그/내부 예외. 사용자 노출 실패 설명은 localizedErrorDetail로 분리
android/app/src/main/kotlin/com/hwani1103/shiftbell/AlarmPlayer.kt,223,"Log.d(""AlarmPlayer"", ""기본 알람 소리 재생 시작: 음량 ${(volume * 100).toInt()}%"")",개발 로그/내부 예외. 사용자 노출 실패 설명은 localizedErrorDetail로 분리
android/app/src/main/kotlin/com/hwani1103/shiftbell/AlarmPlayer.kt,226,"Log.e(""AlarmPlayer"", ""기본 알람 소리 재생 실패"", e)",개발 로그/내부 예외. 사용자 노출 실패 설명은 localizedErrorDetail로 분리
android/app/src/main/kotlin/com/hwani1103/shiftbell/AlarmPlayer.kt,259,"Log.e(""AlarmPlayer"", ""실패한 MediaPlayer 해제 실패"", releaseError)",개발 로그/내부 예외. 사용자 노출 실패 설명은 localizedErrorDetail로 분리
android/app/src/main/kotlin/com/hwani1103/shiftbell/AlarmPlayer.kt,273,"Log.d(""AlarmPlayer"", ""🔊 LoudnessEnhancer 적용: +${VolumeCalibration.boostMillibels(sliderVolume)}mB"")",개발 로그/내부 예외. 사용자 노출 실패 설명은 localizedErrorDetail로 분리
android/app/src/main/kotlin/com/hwani1103/shiftbell/AlarmPlayer.kt,276,"Log.w(""AlarmPlayer"", ""⚠️ LoudnessEnhancer 미지원/실패 (부스트 없이 재생)"", e)",개발 로그/내부 예외. 사용자 노출 실패 설명은 localizedErrorDetail로 분리
android/app/src/main/kotlin/com/hwani1103/shiftbell/AlarmPlayer.kt,284,"Log.e(""AlarmPlayer"", ""LoudnessEnhancer 해제 실패"", e)",개발 로그/내부 예외. 사용자 노출 실패 설명은 localizedErrorDetail로 분리
android/app/src/main/kotlin/com/hwani1103/shiftbell/AlarmPlayer.kt,292,"Log.d(""AlarmPlayer"", ""진동 비활성화"")",개발 로그/내부 예외. 사용자 노출 실패 설명은 localizedErrorDetail로 분리
android/app/src/main/kotlin/com/hwani1103/shiftbell/AlarmPlayer.kt,300,"Log.d(""AlarmPlayer"", ""기존 진동 취소됨"")",개발 로그/내부 예외. 사용자 노출 실패 설명은 localizedErrorDetail로 분리
android/app/src/main/kotlin/com/hwani1103/shiftbell/AlarmPlayer.kt,302,"Log.e(""AlarmPlayer"", ""진동 취소 실패 (무시)"", e)",개발 로그/내부 예외. 사용자 노출 실패 설명은 localizedErrorDetail로 분리
android/app/src/main/kotlin/com/hwani1103/shiftbell/AlarmPlayer.kt,316,"Log.d(""AlarmPlayer"", ""🔍 Vibrator 진단:"")",개발 로그/내부 예외. 사용자 노출 실패 설명은 localizedErrorDetail로 분리
android/app/src/main/kotlin/com/hwani1103/shiftbell/AlarmPlayer.kt,322,"Log.e(""AlarmPlayer"", ""❌ 기기에 진동 기능이 없음!"")",개발 로그/내부 예외. 사용자 노출 실패 설명은 localizedErrorDetail로 분리
android/app/src/main/kotlin/com/hwani1103/shiftbell/AlarmPlayer.kt,351,"Log.d(""AlarmPlayer"", ""✅ vibrate() 호출 완료 (API 33+ VibrationAttributes)"")",개발 로그/내부 예외. 사용자 노출 실패 설명은 localizedErrorDetail로 분리
android/app/src/main/kotlin/com/hwani1103/shiftbell/AlarmPlayer.kt,364,"Log.d(""AlarmPlayer"", ""✅ vibrate() 호출 완료 (API 26+ AudioAttributes)"")",개발 로그/내부 예외. 사용자 노출 실패 설명은 localizedErrorDetail로 분리
android/app/src/main/kotlin/com/hwani1103/shiftbell/AlarmPlayer.kt,370,"Log.d(""AlarmPlayer"", ""✅ vibrate() 호출 완료 (Legacy)"")",개발 로그/내부 예외. 사용자 노출 실패 설명은 localizedErrorDetail로 분리
android/app/src/main/kotlin/com/hwani1103/shiftbell/AlarmPlayer.kt,373,"Log.d(""AlarmPlayer"", ""진동 시작: 세기 $strength, 패턴=${pattern.contentToString()}"")",개발 로그/내부 예외. 사용자 노출 실패 설명은 localizedErrorDetail로 분리
android/app/src/main/kotlin/com/hwani1103/shiftbell/AlarmPlayer.kt,375,"Log.e(""AlarmPlayer"", ""❌ 진동 시작 실패"", e)",개발 로그/내부 예외. 사용자 노출 실패 설명은 localizedErrorDetail로 분리
android/app/src/main/kotlin/com/hwani1103/shiftbell/AlarmPlayer.kt,384,"Log.d(""AlarmPlayer"", ""알람 중지"")",개발 로그/내부 예외. 사용자 노출 실패 설명은 localizedErrorDetail로 분리
android/app/src/main/kotlin/com/hwani1103/shiftbell/AlarmPlayer.kt,390,"Log.d(""AlarmPlayer"", ""소리 중지됨"")",개발 로그/내부 예외. 사용자 노출 실패 설명은 localizedErrorDetail로 분리
android/app/src/main/kotlin/com/hwani1103/shiftbell/AlarmPlayer.kt,394,"Log.e(""AlarmPlayer"", ""MediaPlayer 중지 실패"", e)",개발 로그/내부 예외. 사용자 노출 실패 설명은 localizedErrorDetail로 분리
android/app/src/main/kotlin/com/hwani1103/shiftbell/AlarmPlayer.kt,400,"Log.e(""AlarmPlayer"", ""MediaPlayer release 실패"", e)",개발 로그/내부 예외. 사용자 노출 실패 설명은 localizedErrorDetail로 분리
android/app/src/main/kotlin/com/hwani1103/shiftbell/AlarmPlayer.kt,409,"Log.e(""AlarmPlayer"", ""진동 중지 실패"", e)",개발 로그/내부 예외. 사용자 노출 실패 설명은 localizedErrorDetail로 분리
android/app/src/main/kotlin/com/hwani1103/shiftbell/AlarmRefreshEngine.kt,119,"Log.d(TAG, ""⏭️ 다른 프로세스가 갱신 중 - 스킵"")",개발 로그/내부 예외. 사용자 노출 실패 설명은 localizedErrorDetail로 분리
android/app/src/main/kotlin/com/hwani1103/shiftbell/AlarmRefreshEngine.kt,127,"Log.e(TAG, ""❌ 갱신 실패"", e)",개발 로그/내부 예외. 사용자 노출 실패 설명은 localizedErrorDetail로 분리
android/app/src/main/kotlin/com/hwani1103/shiftbell/AlarmRefreshEngine.kt,167,"Log.d(TAG, ""⚠️ DB 파일 없음 - 갱신 중단"")",개발 로그/내부 예외. 사용자 노출 실패 설명은 localizedErrorDetail로 분리
android/app/src/main/kotlin/com/hwani1103/shiftbell/AlarmRefreshEngine.kt,186,"Log.d(TAG, ""⚠️ 스케줄 없음 - 갱신 중단"")",개발 로그/내부 예외. 사용자 노출 실패 설명은 localizedErrorDetail로 분리
android/app/src/main/kotlin/com/hwani1103/shiftbell/AlarmRefreshEngine.kt,284,"Log.e(TAG, ""⚠️ OS 반영 실패 ${failures}건 - '오늘 갱신 완료' 표시 안 함 (다음 트리거에 재시도)"")",개발 로그/내부 예외. 사용자 노출 실패 설명은 localizedErrorDetail로 분리
android/app/src/main/kotlin/com/hwani1103/shiftbell/AlarmRefreshEngine.kt,288,"Log.d(TAG, ""✅ diff 갱신 완료: +$addedCount -$removedCount 재등록=$rearmCount 실패=$failures 예외정리=$cleanedOverrides"")",개발 로그/내부 예외. 사용자 노출 실패 설명은 localizedErrorDetail로 분리
android/app/src/main/kotlin/com/hwani1103/shiftbell/AlarmRefreshEngine.kt,306,"Log.d(TAG, ""⚠️ Pattern/startDate null/empty - 불규칙 스케줄로 간주"")",개발 로그/내부 예외. 사용자 노출 실패 설명은 localizedErrorDetail로 분리
android/app/src/main/kotlin/com/hwani1103/shiftbell/AlarmRefreshEngine.kt,313,"Log.e(TAG, ""❌ startDate 파싱 실패: $startDateStr"", e)",개발 로그/내부 예외. 사용자 노출 실패 설명은 localizedErrorDetail로 분리
android/app/src/main/kotlin/com/hwani1103/shiftbell/AlarmRefreshEngine.kt,346,"Log.e(TAG, ""❌ assignedDates 파싱 실패 - 갱신 중단(기존 알람 유지)"", e)",개발 로그/내부 예외. 사용자 노출 실패 설명은 localizedErrorDetail로 분리
android/app/src/main/kotlin/com/hwani1103/shiftbell/AlarmRefreshEngine.kt,354,"val dayOffsetIdx = cursor.getColumnIndex(""day_offset"")  // ⭐ 구버전 DB엔 없을 수 있어 -1 체크",내부 식별자/한글 원본·사용자 데이터 또는 설명 주석 후보; 이 행 자체는 노출/삭제 확정 근거가 아님
android/app/src/main/kotlin/com/hwani1103/shiftbell/AlarmRefreshEngine.kt,436,"Log.e(TAG, ""❌ 저장된 날짜 파싱 실패: $dateStr"", e)",개발 로그/내부 예외. 사용자 노출 실패 설명은 localizedErrorDetail로 분리
android/app/src/main/kotlin/com/hwani1103/shiftbell/AlarmRefreshEngine.kt,446,"if (schedule.pattern.isEmpty()) return@run ""미설정""",내부 식별자/한글 원본·사용자 데이터 또는 설명 주석 후보; 이 행 자체는 노출/삭제 확정 근거가 아님
android/app/src/main/kotlin/com/hwani1103/shiftbell/AlarmRefreshEngine.kt,493,"val dayBeforeContributor = resolveShiftType(schedule, dateAt(targetDate, 1), dayKeyFormat)  // D+1의 ""전날"" 템플릿",내부 식별자/한글 원본·사용자 데이터 또는 설명 주석 후보; 이 행 자체는 노출/삭제 확정 근거가 아님
android/app/src/main/kotlin/com/hwani1103/shiftbell/AlarmRefreshEngine.kt,494,"val dayAfterContributor = resolveShiftType(schedule, dateAt(targetDate, -1), dayKeyFormat)  // D-1의 ""다음날"" 템플릿",내부 식별자/한글 원본·사용자 데이터 또는 설명 주석 후보; 이 행 자체는 노출/삭제 확정 근거가 아님
android/app/src/main/kotlin/com/hwani1103/shiftbell/AlarmRefreshEngine.kt,502,"if (shiftType == ""미설정"") return",내부 식별자/한글 원본·사용자 데이터 또는 설명 주석 후보; 이 행 자체는 노출/삭제 확정 근거가 아님
android/app/src/main/kotlin/com/hwani1103/shiftbell/AlarmRefreshEngine.kt,660,"Log.e(TAG, ""갱신 표시 실패"", e)",개발 로그/내부 예외. 사용자 노출 실패 설명은 localizedErrorDetail로 분리
android/app/src/main/kotlin/com/hwani1103/shiftbell/AlarmRefreshEngine.kt,669,"Log.e(TAG, ""Flutter 알림 실패"", e)",개발 로그/내부 예외. 사용자 노출 실패 설명은 localizedErrorDetail로 분리
android/app/src/main/kotlin/com/hwani1103/shiftbell/AlarmRefreshReceiver.kt,13,"Log.d(""AlarmRefresh"", ""========== 갱신 트리거 수신 =========="")",개발 로그/내부 예외. 사용자 노출 실패 설명은 localizedErrorDetail로 분리
android/app/src/main/kotlin/com/hwani1103/shiftbell/AlarmRefreshReceiver.kt,15,"Log.d(""AlarmRefresh"", ""========== 갱신 처리 완료 =========="")",개발 로그/내부 예외. 사용자 노출 실패 설명은 localizedErrorDetail로 분리
android/app/src/main/kotlin/com/hwani1103/shiftbell/AlarmRefreshUtil.kt,55,"Log.d(""AlarmRefreshUtil"", ""🔄 알람 생성 정책 변경 - 1회 강제 갱신"")",개발 로그/내부 예외. 사용자 노출 실패 설명은 localizedErrorDetail로 분리
android/app/src/main/kotlin/com/hwani1103/shiftbell/AlarmRefreshUtil.kt,58,"Log.d(""AlarmRefreshUtil"", ""🔄 재부팅 감지 - Native 갱신 실행"")",개발 로그/내부 예외. 사용자 노출 실패 설명은 localizedErrorDetail로 분리
android/app/src/main/kotlin/com/hwani1103/shiftbell/AlarmRefreshUtil.kt,62,"Log.d(""AlarmRefreshUtil"", ""🔄 날짜 변경 감지 - Native 갱신 실행"")",개발 로그/내부 예외. 사용자 노출 실패 설명은 localizedErrorDetail로 분리
android/app/src/main/kotlin/com/hwani1103/shiftbell/AlarmRefreshUtil.kt,63,"Log.d(""AlarmRefreshUtil"", ""   마지막: ${lastDate.get(Calendar.YEAR)}-${lastDate.get(Calendar.MONTH)+1}-${lastDate.get(Calendar.DAY_OF_MONTH)}"")",개발 로그/내부 예외. 사용자 노출 실패 설명은 localizedErrorDetail로 분리
android/app/src/main/kotlin/com/hwani1103/shiftbell/AlarmRefreshUtil.kt,64,"Log.d(""AlarmRefreshUtil"", ""   현재: ${today.get(Calendar.YEAR)}-${today.get(Calendar.MONTH)+1}-${today.get(Calendar.DAY_OF_MONTH)}"")",개발 로그/내부 예외. 사용자 노출 실패 설명은 localizedErrorDetail로 분리
android/app/src/main/kotlin/com/hwani1103/shiftbell/AlarmRefreshUtil.kt,98,"Log.d(""AlarmRefreshUtil"", ""✅ Native 갱신 트리거 완료 (완료 표시는 실제 갱신 성공 시에만)"")",개발 로그/내부 예외. 사용자 노출 실패 설명은 localizedErrorDetail로 분리
android/app/src/main/kotlin/com/hwani1103/shiftbell/AlarmRefreshUtil.kt,100,"Log.d(""AlarmRefreshUtil"", ""⏭️ 갱신 스킵 (재부팅 없음, 오늘 이미 갱신됨)"")",개발 로그/내부 예외. 사용자 노출 실패 설명은 localizedErrorDetail로 분리
android/app/src/main/kotlin/com/hwani1103/shiftbell/AlarmRefreshUtil.kt,103,"Log.e(""AlarmRefreshUtil"", ""❌ 갱신 체크 실패"", e)",개발 로그/내부 예외. 사용자 노출 실패 설명은 localizedErrorDetail로 분리
android/app/src/main/kotlin/com/hwani1103/shiftbell/AlarmStreamVolume.kt,32,"Log.d(TAG, ""📊 원래 시스템 알람 볼륨 저장: $originalVolume (by $holder)"")",개발 로그/내부 예외. 사용자 노출 실패 설명은 localizedErrorDetail로 분리
android/app/src/main/kotlin/com/hwani1103/shiftbell/AlarmStreamVolume.kt,34,"Log.d(TAG, ""📊 이미 저장된 원래 볼륨 유지: $originalVolume (보유=$holders, 추가=$holder)"")",개발 로그/내부 예외. 사용자 노출 실패 설명은 localizedErrorDetail로 분리
android/app/src/main/kotlin/com/hwani1103/shiftbell/AlarmStreamVolume.kt,41,"Log.d(TAG, ""🔊 시스템 알람 볼륨 임시 변경: $halfVolume (by $holder)"")",개발 로그/내부 예외. 사용자 노출 실패 설명은 localizedErrorDetail로 분리
android/app/src/main/kotlin/com/hwani1103/shiftbell/AlarmStreamVolume.kt,48,"Log.d(TAG, ""⏸️ $holder 해제 - 다른 사용 중($holders)이라 볼륨 유지"")",개발 로그/내부 예외. 사용자 노출 실패 설명은 localizedErrorDetail로 분리
android/app/src/main/kotlin/com/hwani1103/shiftbell/AlarmStreamVolume.kt,55,"Log.d(TAG, ""🔄 시스템 알람 볼륨 복원: $originalVolume (by $holder)"")",개발 로그/내부 예외. 사용자 노출 실패 설명은 localizedErrorDetail로 분리
android/app/src/main/kotlin/com/hwani1103/shiftbell/AlarmStreamVolume.kt,57,"Log.e(TAG, ""❌ 볼륨 복원 실패"", e)",개발 로그/내부 예외. 사용자 노출 실패 설명은 localizedErrorDetail로 분리
android/app/src/main/kotlin/com/hwani1103/shiftbell/AlarmWakeScheduler.kt,80,"Log.w(TAG, ""🧹 옛 재부팅 경로 중복 예약 제거: id=$id"")",개발 로그/내부 예외. 사용자 노출 실패 설명은 localizedErrorDetail로 분리
android/app/src/main/kotlin/com/hwani1103/shiftbell/AlarmWakeScheduler.kt,82,"Log.w(TAG, ""옛 중복 예약 확인 실패: id=$id"", e)",개발 로그/내부 예외. 사용자 노출 실패 설명은 localizedErrorDetail로 분리
android/app/src/main/kotlin/com/hwani1103/shiftbell/AlarmWakeScheduler.kt,110,"Log.w(TAG, ""⚠️ 정확한 예약 거부 - 비정확 예약으로 대체: id=$id"")",개발 로그/내부 예외. 사용자 노출 실패 설명은 localizedErrorDetail로 분리
android/app/src/main/kotlin/com/hwani1103/shiftbell/AlarmWakeScheduler.kt,112,"Log.e(TAG, ""❌ 비정확 대체 예약도 실패: id=$id"", fallbackError)",개발 로그/내부 예외. 사용자 노출 실패 설명은 localizedErrorDetail로 분리
android/app/src/main/kotlin/com/hwani1103/shiftbell/AlarmWakeScheduler.kt,132,"Log.e(TAG, ""❌ 알람 날짜 파싱 실패: $dateStr"", e)",개발 로그/내부 예외. 사용자 노출 실패 설명은 localizedErrorDetail로 분리
android/app/src/main/kotlin/com/hwani1103/shiftbell/AlarmWakeScheduler.kt,162,"Log.w(TAG, ""예약 전 행 확인 불가(DB 없음) - 우선 예약 후 재확인: id=$id"")",개발 로그/내부 예외. 사용자 노출 실패 설명은 localizedErrorDetail로 분리
android/app/src/main/kotlin/com/hwani1103/shiftbell/AlarmWakeScheduler.kt,168,"Log.e(TAG, ""예약 전 행 확인 실패 - 우선 예약 후 재확인: id=$id"", e)",개발 로그/내부 예외. 사용자 노출 실패 설명은 localizedErrorDetail로 분리
android/app/src/main/kotlin/com/hwani1103/shiftbell/AlarmWakeScheduler.kt,172,"Log.d(TAG, ""⏭️ 예약 버림(행 없음): id=$id"")",개발 로그/내부 예외. 사용자 노출 실패 설명은 localizedErrorDetail로 분리
android/app/src/main/kotlin/com/hwani1103/shiftbell/AlarmWakeScheduler.kt,179,"Log.e(TAG, ""예약 전 행 시각 확인 실패 - 우선 예약 후 재확인: id=$id"")",개발 로그/내부 예외. 사용자 노출 실패 설명은 localizedErrorDetail로 분리
android/app/src/main/kotlin/com/hwani1103/shiftbell/AlarmWakeScheduler.kt,183,"Log.d(TAG, ""⏭️ 예약 버림(DB 시각 변경됨): id=$id 작업=$timestamp DB=${row.timestamp}"")",개발 로그/내부 예외. 사용자 노출 실패 설명은 localizedErrorDetail로 분리
android/app/src/main/kotlin/com/hwani1103/shiftbell/AlarmWakeScheduler.kt,192,"Log.e(TAG, ""❌ 기상 알람 OS 예약 실패(재시도 목록에 기록): id=$id"", e)",개발 로그/내부 예외. 사용자 노출 실패 설명은 localizedErrorDetail로 분리
android/app/src/main/kotlin/com/hwani1103/shiftbell/AlarmWakeScheduler.kt,213,"Log.e(TAG, ""❌ 미확인 기상 알람 OS 예약 실패: id=$id"", e)",개발 로그/내부 예외. 사용자 노출 실패 설명은 localizedErrorDetail로 분리
android/app/src/main/kotlin/com/hwani1103/shiftbell/AlarmWakeScheduler.kt,226,"Log.e(TAG, ""취소 전 행 확인 불가(DB 없음): id=$id"")",개발 로그/내부 예외. 사용자 노출 실패 설명은 localizedErrorDetail로 분리
android/app/src/main/kotlin/com/hwani1103/shiftbell/AlarmWakeScheduler.kt,233,"Log.e(TAG, ""취소 전 행 확인 실패 - 현재 예약 보존: id=$id"", e)",개발 로그/내부 예외. 사용자 노출 실패 설명은 localizedErrorDetail로 분리
android/app/src/main/kotlin/com/hwani1103/shiftbell/AlarmWakeScheduler.kt,239,"Log.e(TAG, ""취소 전 행 시각 확인 실패 - 현재 예약 보존: id=$id"")",개발 로그/내부 예외. 사용자 노출 실패 설명은 localizedErrorDetail로 분리
android/app/src/main/kotlin/com/hwani1103/shiftbell/AlarmWakeScheduler.kt,244,"Log.d(TAG, ""🔁 취소 대상 행이 아직 유효 - 현재 예약을 DB 시각으로 교체: id=$id"")",개발 로그/내부 예외. 사용자 노출 실패 설명은 localizedErrorDetail로 분리
android/app/src/main/kotlin/com/hwani1103/shiftbell/AlarmWakeScheduler.kt,250,"Log.e(TAG, ""❌ 기상 알람 OS 취소 실패(재시도 목록에 기록): id=$id"", e)",개발 로그/내부 예외. 사용자 노출 실패 설명은 localizedErrorDetail로 분리
android/app/src/main/kotlin/com/hwani1103/shiftbell/AlarmWakeScheduler.kt,268,"Log.e(TAG, ""수신 판정 DB 열기 실패 - 울림"", e)",개발 로그/내부 예외. 사용자 노출 실패 설명은 localizedErrorDetail로 분리
android/app/src/main/kotlin/com/hwani1103/shiftbell/AlarmWakeScheduler.kt,274,"Log.e(TAG, ""수신 판정 행 조회 실패 - 울림: id=$id"", e)",개발 로그/내부 예외. 사용자 노출 실패 설명은 localizedErrorDetail로 분리
android/app/src/main/kotlin/com/hwani1103/shiftbell/AlarmWakeScheduler.kt,321,"Log.d(TAG, ""🔁 OS 반영 실패 재시도: $ids"")",개발 로그/내부 예외. 사용자 노출 실패 설명은 localizedErrorDetail로 분리
android/app/src/main/kotlin/com/hwani1103/shiftbell/AlarmWakeScheduler.kt,326,"Log.e(TAG, ""재시도 행 조회 실패: id=$id"", e)",개발 로그/내부 예외. 사용자 노출 실패 설명은 localizedErrorDetail로 분리
android/app/src/main/kotlin/com/hwani1103/shiftbell/BackupFileNaming.kt,25,"/** 채널 인자(""manual""/""auto"") → Kind. 알 수 없는 값은 자동 백업으로 취급(더 안전한 쪽 - 직접 백업 슬롯을 덮지 않음). */",내부 식별자/한글 원본·사용자 데이터 또는 설명 주석 후보; 이 행 자체는 노출/삭제 확정 근거가 아님
android/app/src/main/kotlin/com/hwani1103/shiftbell/BackupFileNaming.kt,31,"require(kind != Kind.LEGACY) { ""새 백업은 manual/auto로만 씀"" }",내부 식별자/한글 원본·사용자 데이터 또는 설명 주석 후보; 이 행 자체는 노출/삭제 확정 근거가 아님
android/app/src/main/kotlin/com/hwani1103/shiftbell/CalendarWidgetProvider.kt,81,"Log.e(TAG, ""❌ 위젯 갱신 요청 실패"", e)",개발 로그/내부 예외. 사용자 노출 실패 설명은 localizedErrorDetail로 분리
android/app/src/main/kotlin/com/hwani1103/shiftbell/CalendarWidgetProvider.kt,93,"Log.e(TAG, ""❌ 위젯($id) 렌더링 실패"", e)",개발 로그/내부 예외. 사용자 노출 실패 설명은 localizedErrorDetail로 분리
android/app/src/main/kotlin/com/hwani1103/shiftbell/CalendarWidgetProvider.kt,96,"Log.d(TAG, ""✅ 위젯 ${ids.size}개 갱신 완료"")",개발 로그/내부 예외. 사용자 노출 실패 설명은 localizedErrorDetail로 분리
android/app/src/main/kotlin/com/hwani1103/shiftbell/CalendarWidgetProvider.kt,110,"Log.d(TAG, ""📏 위젯($appWidgetId) minHeight=${minHeight}dp"")",개발 로그/내부 예외. 사용자 노출 실패 설명은 localizedErrorDetail로 분리
android/app/src/main/kotlin/com/hwani1103/shiftbell/CalendarWidgetProvider.kt,289,"Log.e(TAG, ""❌ 날짜별 근무 계산 실패"", e)",개발 로그/내부 예외. 사용자 노출 실패 설명은 localizedErrorDetail로 분리
android/app/src/main/kotlin/com/hwani1103/shiftbell/CalendarWidgetProvider.kt,290,"""미설정""",내부 식별자/한글 원본·사용자 데이터 또는 설명 주석 후보; 이 행 자체는 노출/삭제 확정 근거가 아님
android/app/src/main/kotlin/com/hwani1103/shiftbell/CalendarWidgetProvider.kt,293,"val hasShift = shiftType.isNotEmpty() && shiftType != ""미설정""",내부 식별자/한글 원본·사용자 데이터 또는 설명 주석 후보; 이 행 자체는 노출/삭제 확정 근거가 아님
android/app/src/main/kotlin/com/hwani1103/shiftbell/CalendarWidgetProvider.kt,296,"shiftType == ""없음"" -> noShiftColor",내부 식별자/한글 원본·사용자 데이터 또는 설명 주석 후보; 이 행 자체는 노출/삭제 확정 근거가 아님
android/app/src/main/kotlin/com/hwani1103/shiftbell/CalendarWidgetProvider.kt,303,"if (shiftType == ""없음"") context.getString(R.string.widget_no_shift) else shiftType)",내부 식별자/한글 원본·사용자 데이터 또는 설명 주석 후보; 이 행 자체는 노출/삭제 확정 근거가 아님
android/app/src/main/kotlin/com/hwani1103/shiftbell/CalendarWidgetProvider.kt,398,"Log.e(TAG, ""❌ onUpdate 실패"", e)",개발 로그/내부 예외. 사용자 노출 실패 설명은 localizedErrorDetail로 분리
android/app/src/main/kotlin/com/hwani1103/shiftbell/CalendarWidgetProvider.kt,416,"Log.e(TAG, ""❌ onAppWidgetOptionsChanged 실패"", e)",개발 로그/내부 예외. 사용자 노출 실패 설명은 localizedErrorDetail로 분리
android/app/src/main/kotlin/com/hwani1103/shiftbell/CalendarWidgetScheduleResolver.kt,39,"Log.e(TAG, ""❌ DB 열기 실패"", e)",개발 로그/내부 예외. 사용자 노출 실패 설명은 localizedErrorDetail로 분리
android/app/src/main/kotlin/com/hwani1103/shiftbell/CalendarWidgetScheduleResolver.kt,68,"Log.e(TAG, ""❌ startDate 파싱 실패: $startDateStr"", e)",개발 로그/내부 예외. 사용자 노출 실패 설명은 localizedErrorDetail로 분리
android/app/src/main/kotlin/com/hwani1103/shiftbell/CalendarWidgetScheduleResolver.kt,90,"Log.e(TAG, ""❌ 스케줄 읽기 실패"", e)",개발 로그/내부 예외. 사용자 노출 실패 설명은 localizedErrorDetail로 분리
android/app/src/main/kotlin/com/hwani1103/shiftbell/CalendarWidgetScheduleResolver.kt,103,"if (!schedule.isRegular || schedule.pattern.isEmpty()) return ""미설정""",내부 식별자/한글 원본·사용자 데이터 또는 설명 주석 후보; 이 행 자체는 노출/삭제 확정 근거가 아님
android/app/src/main/kotlin/com/hwani1103/shiftbell/CalendarWidgetScheduleResolver.kt,117,"Log.e(TAG, ""❌ DB 열기 실패(메모)"", e)",개발 로그/내부 예외. 사용자 노출 실패 설명은 localizedErrorDetail로 분리
android/app/src/main/kotlin/com/hwani1103/shiftbell/CalendarWidgetScheduleResolver.kt,135,"Log.e(TAG, ""❌ 메모 읽기 실패"", e)",개발 로그/내부 예외. 사용자 노출 실패 설명은 localizedErrorDetail로 분리
android/app/src/main/kotlin/com/hwani1103/shiftbell/CalendarWidgetScheduleResolver.kt,159,"Log.e(TAG, ""❌ JSON(String) 파싱 실패"", e)",개발 로그/내부 예외. 사용자 노출 실패 설명은 localizedErrorDetail로 분리
android/app/src/main/kotlin/com/hwani1103/shiftbell/CalendarWidgetScheduleResolver.kt,177,"Log.e(TAG, ""❌ JSON(Color) 파싱 실패"", e)",개발 로그/내부 예외. 사용자 노출 실패 설명은 localizedErrorDetail로 분리
android/app/src/main/kotlin/com/hwani1103/shiftbell/CustomAlarmReceiver.kt,26,"const val CHANNEL_ID = ""shiftbell_alarm_v3""  // ⭐ 채널 ID 변경 + ""알람"" 키워드 제거",한국어 전용 기능 또는 그 데이터/진단. F01/F02/F04 진입·수신 조건 추적; 한국어/사용자 데이터 보존
android/app/src/main/kotlin/com/hwani1103/shiftbell/CustomAlarmReceiver.kt,71,"Log.d(""CustomAlarmReceiver"", ""✅ DB duration: $duration 분"")",개발 로그/내부 예외. 사용자 노출 실패 설명은 localizedErrorDetail로 분리
android/app/src/main/kotlin/com/hwani1103/shiftbell/CustomAlarmReceiver.kt,74,"Log.e(""CustomAlarmReceiver"", ""❌ duration 조회 실패, 기본값 3분 사용"", e)",개발 로그/내부 예외. 사용자 노출 실패 설명은 localizedErrorDetail로 분리
android/app/src/main/kotlin/com/hwani1103/shiftbell/CustomAlarmReceiver.kt,87,"Log.e(""CustomAlarmReceiver"", ""========== 알람 수신! =========="")",개발 로그/내부 예외. 사용자 노출 실패 설명은 localizedErrorDetail로 분리
android/app/src/main/kotlin/com/hwani1103/shiftbell/CustomAlarmReceiver.kt,119,"Log.e(""CustomAlarmReceiver"", ""⚠️ DB에 없는 알람(id=$id) - 재생 건너뜀 (이미 취소/수정됨)"")",개발 로그/내부 예외. 사용자 노출 실패 설명은 localizedErrorDetail로 분리
android/app/src/main/kotlin/com/hwani1103/shiftbell/CustomAlarmReceiver.kt,123,"Log.e(""CustomAlarmReceiver"", ""⚠️ 옛 예약 도착(예정 시각 불일치, DB 시각은 미래) - 울리지 않고 DB 시각으로 재예약: id=$id"")",개발 로그/내부 예외. 사용자 노출 실패 설명은 localizedErrorDetail로 분리
android/app/src/main/kotlin/com/hwani1103/shiftbell/CustomAlarmReceiver.kt,149,"Log.e(""CustomAlarmReceiver"", ""⏰ 이전 알람($previousRingingId)이 아직 응답 전인데 새 알람($id) 도착 - 이전 알람 자동 마무리"")",개발 로그/내부 예외. 사용자 노출 실패 설명은 localizedErrorDetail로 분리
android/app/src/main/kotlin/com/hwani1103/shiftbell/CustomAlarmReceiver.kt,158,"Log.e(""CustomAlarmReceiver"", ""⚠️ 이전 알람 notification 정리 실패"", e)",개발 로그/내부 예외. 사용자 노출 실패 설명은 localizedErrorDetail로 분리
android/app/src/main/kotlin/com/hwani1103/shiftbell/CustomAlarmReceiver.kt,169,"Log.e(""CustomAlarmReceiver"", ""⚠️ 이전 알람 화면 종료 신호 실패"", e)",개발 로그/내부 예외. 사용자 노출 실패 설명은 localizedErrorDetail로 분리
android/app/src/main/kotlin/com/hwani1103/shiftbell/CustomAlarmReceiver.kt,193,"Log.e(""CustomAlarmReceiver"", ""⚠️ 이전 알람 오버레이 종료 신호 실패"", e)",개발 로그/내부 예외. 사용자 노출 실패 설명은 localizedErrorDetail로 분리
android/app/src/main/kotlin/com/hwani1103/shiftbell/CustomAlarmReceiver.kt,226,"Log.e(""CustomAlarmReceiver"", ""잠금 상태: ${if (isLocked) ""잠금"" else ""해제""}"")",개발 로그/내부 예외. 사용자 노출 실패 설명은 localizedErrorDetail로 분리
android/app/src/main/kotlin/com/hwani1103/shiftbell/CustomAlarmReceiver.kt,231,"Log.w(""CustomAlarmReceiver"", ""⚠️ 표시 전에 회차가 끝남 - 화면 생략: id=$id 회차=${ring.round}"")",개발 로그/내부 예외. 사용자 노출 실패 설명은 localizedErrorDetail로 분리
android/app/src/main/kotlin/com/hwani1103/shiftbell/CustomAlarmReceiver.kt,235,"Log.e(""CustomAlarmReceiver"", ""✅ 잠금 상태 - AlarmActivity 표시"")",개발 로그/내부 예외. 사용자 노출 실패 설명은 localizedErrorDetail로 분리
android/app/src/main/kotlin/com/hwani1103/shiftbell/CustomAlarmReceiver.kt,239,"Log.e(""CustomAlarmReceiver"", ""✅ 전체화면 알림으로 AlarmActivity 이미 표시됨"")",개발 로그/내부 예외. 사용자 노출 실패 설명은 localizedErrorDetail로 분리
android/app/src/main/kotlin/com/hwani1103/shiftbell/CustomAlarmReceiver.kt,247,"Log.e(""CustomAlarmReceiver"", ""✅ 잠금 해제 - Overlay 표시"")",개발 로그/내부 예외. 사용자 노출 실패 설명은 localizedErrorDetail로 분리
android/app/src/main/kotlin/com/hwani1103/shiftbell/CustomAlarmReceiver.kt,251,"Log.e(""CustomAlarmReceiver"", ""⚠️ Overlay 권한 없음 - 제어 알림(7777)으로 제어"")",개발 로그/내부 예외. 사용자 노출 실패 설명은 localizedErrorDetail로 분리
android/app/src/main/kotlin/com/hwani1103/shiftbell/CustomAlarmReceiver.kt,275,"Log.e(""CustomAlarmReceiver"", ""✅ 화면 깨움"")",개발 로그/내부 예외. 사용자 노출 실패 설명은 localizedErrorDetail로 분리
android/app/src/main/kotlin/com/hwani1103/shiftbell/CustomAlarmReceiver.kt,277,"Log.e(""CustomAlarmReceiver"", ""❌ 화면 깨우기 실패"", e)",개발 로그/내부 예외. 사용자 노출 실패 설명은 localizedErrorDetail로 분리
android/app/src/main/kotlin/com/hwani1103/shiftbell/CustomAlarmReceiver.kt,302,"Log.e(""CustomAlarmReceiver"", ""✅ AlarmActivity 시작 (duration=${duration}분)"")",개발 로그/내부 예외. 사용자 노출 실패 설명은 localizedErrorDetail로 분리
android/app/src/main/kotlin/com/hwani1103/shiftbell/CustomAlarmReceiver.kt,305,"Log.e(""CustomAlarmReceiver"", ""❌ AlarmActivity 시작 실패 - 제어 알림(7777)으로 제어"", e)",개발 로그/내부 예외. 사용자 노출 실패 설명은 localizedErrorDetail로 분리
android/app/src/main/kotlin/com/hwani1103/shiftbell/CustomAlarmReceiver.kt,313,"Log.e(""CustomAlarmReceiver"", ""✅ Overlay 표시 시작"")",개발 로그/내부 예외. 사용자 노출 실패 설명은 localizedErrorDetail로 분리
android/app/src/main/kotlin/com/hwani1103/shiftbell/DatabaseHelper.kt,129,"throw DbMigrationException(""Native는 DB를 새로 만들지 않음(user_version=0) - Flutter가 생성해야 함"")",개발 로그/내부 예외. 사용자 노출 실패 설명은 localizedErrorDetail로 분리
android/app/src/main/kotlin/com/hwani1103/shiftbell/DatabaseHelper.kt,143,"Log.i(TAG, ""⏭️ 잠금 획득 사이 이미 v${newVersion}으로 올라가 있음(Flutter가 먼저 실행) - 건너뜀"")",개발 로그/내부 예외. 사용자 노출 실패 설명은 localizedErrorDetail로 분리
android/app/src/main/kotlin/com/hwani1103/shiftbell/DatabaseHelper.kt,147,"throw DbMigrationException(""잠금 획득 후 확인한 버전(v$current)이 Native(v$newVersion)보다 높음 - 다운그레이드 금지"")",개발 로그/내부 예외. 사용자 노출 실패 설명은 localizedErrorDetail로 분리
android/app/src/main/kotlin/com/hwani1103/shiftbell/DatabaseHelper.kt,150,"Log.w(TAG, ""⚠️ 버전이 잠금 전후로 다름(v$oldVersion → v$current) - v$current 기준으로 진행"")",개발 로그/내부 예외. 사용자 노출 실패 설명은 localizedErrorDetail로 분리
android/app/src/main/kotlin/com/hwani1103/shiftbell/DatabaseHelper.kt,152,"Log.i(TAG, ""🔧 Native 마이그레이션 시작 v$current → v$newVersion"")",개발 로그/내부 예외. 사용자 노출 실패 설명은 localizedErrorDetail로 분리
android/app/src/main/kotlin/com/hwani1103/shiftbell/DatabaseHelper.kt,154,"Log.i(TAG, ""✅ Native 마이그레이션 완료 v$current → v$newVersion"")",개발 로그/내부 예외. 사용자 노출 실패 설명은 localizedErrorDetail로 분리
android/app/src/main/kotlin/com/hwani1103/shiftbell/DatabaseHelper.kt,160,"throw DbMigrationException(""DB 다운그레이드 금지: disk v$oldVersion > native v$newVersion"")",개발 로그/내부 예외. 사용자 노출 실패 설명은 localizedErrorDetail로 분리
android/app/src/main/kotlin/com/hwani1103/shiftbell/DatabaseHelper.kt,167,"Log.d(TAG, ""✅ WAL 모드 활성화"")",개발 로그/내부 예외. 사용자 노출 실패 설명은 localizedErrorDetail로 분리
android/app/src/main/kotlin/com/hwani1103/shiftbell/DatabaseHelper.kt,181,"Log.e(TAG, ""❌ SQL 원본을 못 읽어 스키마 복구 건너뜀: ${e.message}"")",개발 로그/내부 예외. 사용자 노출 실패 설명은 localizedErrorDetail로 분리
android/app/src/main/kotlin/com/hwani1103/shiftbell/DatabaseHelper.kt,219,"Log.w(TAG, ""⚠️ 디스크 DB 버전 확인 실패 - 최신으로 가정하지 않고 헬퍼 open에서 판단: ${e.message}"")",개발 로그/내부 예외. 사용자 노출 실패 설명은 localizedErrorDetail로 분리
android/app/src/main/kotlin/com/hwani1103/shiftbell/DatabaseHelper.kt,233,"Log.d(TAG, ""⏭️ DB 파일 아직 없음(Flutter가 아직 생성 전) - Native는 생성하지 않고 스킵"")",개발 로그/내부 예외. 사용자 노출 실패 설명은 localizedErrorDetail로 분리
android/app/src/main/kotlin/com/hwani1103/shiftbell/DatabaseHelper.kt,239,"Log.w(TAG, ""⏭️ DB user_version=0(Flutter 신규 생성 중이거나 비정상) - Native는 생성하지 않고 스킵"")",개발 로그/내부 예외. 사용자 노출 실패 설명은 localizedErrorDetail로 분리
android/app/src/main/kotlin/com/hwani1103/shiftbell/DatabaseHelper.kt,243,"Log.w(TAG, ""⏭️ 디스크 DB(v$disk)가 Native(v$DATABASE_VERSION)보다 높음 - 다운그레이드 방지로 스킵"")",개발 로그/내부 예외. 사용자 노출 실패 설명은 localizedErrorDetail로 분리
android/app/src/main/kotlin/com/hwani1103/shiftbell/DatabaseHelper.kt,247,"Log.i(TAG, ""🔧 디스크 DB v$disk < Native v$DATABASE_VERSION - 열면서 마이그레이션 진행"")",개발 로그/내부 예외. 사용자 노출 실패 설명은 localizedErrorDetail로 분리
android/app/src/main/kotlin/com/hwani1103/shiftbell/DatabaseHelper.kt,263,"Log.w(TAG, ""⚠️ DB 읽기 시도 $retries/$maxRetries 실패: ${e.message}"")",개발 로그/내부 예외. 사용자 노출 실패 설명은 localizedErrorDetail로 분리
android/app/src/main/kotlin/com/hwani1103/shiftbell/DatabaseHelper.kt,269,"Log.e(TAG, ""❌ DB 읽기 최종 실패"")",개발 로그/내부 예외. 사용자 노출 실패 설명은 localizedErrorDetail로 분리
android/app/src/main/kotlin/com/hwani1103/shiftbell/DatabaseHelper.kt,281,"Log.w(TAG, ""⚠️ DB 쓰기 시도 $retries/$maxRetries 실패: ${e.message}"")",개발 로그/내부 예외. 사용자 노출 실패 설명은 localizedErrorDetail로 분리
android/app/src/main/kotlin/com/hwani1103/shiftbell/DatabaseHelper.kt,287,"Log.e(TAG, ""❌ DB 쓰기 최종 실패"")",개발 로그/내부 예외. 사용자 노출 실패 설명은 localizedErrorDetail로 분리
android/app/src/main/kotlin/com/hwani1103/shiftbell/DatabaseHelper.kt,328,"Log.e(TAG, ""⚠️ 시간 충돌 체크 실패"", e)",개발 로그/내부 예외. 사용자 노출 실패 설명은 localizedErrorDetail로 분리
android/app/src/main/kotlin/com/hwani1103/shiftbell/DbMigrationRunner.kt,52,"throw DbMigrationException(""JSON 파싱 실패: ${e.message}"")",개발 로그/내부 예외. 사용자 노출 실패 설명은 localizedErrorDetail로 분리
android/app/src/main/kotlin/com/hwani1103/shiftbell/DbMigrationRunner.kt,55,"if (format != 1) throw DbMigrationException(""지원하지 않는 format: $format"")",개발 로그/내부 예외. 사용자 노출 실패 설명은 localizedErrorDetail로 분리
android/app/src/main/kotlin/com/hwani1103/shiftbell/DbMigrationRunner.kt,58,"throw DbMigrationException(""targetVersion이 2 이상의 정수가 아님: $target"")",개발 로그/내부 예외. 사용자 노출 실패 설명은 localizedErrorDetail로 분리
android/app/src/main/kotlin/com/hwani1103/shiftbell/DbMigrationRunner.kt,62,"?: throw DbMigrationException(""migrations가 배열이 아님"")",개발 로그/내부 예외. 사용자 노출 실패 설명은 localizedErrorDetail로 분리
android/app/src/main/kotlin/com/hwani1103/shiftbell/DbMigrationRunner.kt,66,"?: throw DbMigrationException(""migrations[$i]가 객체가 아님"")",개발 로그/내부 예외. 사용자 노출 실패 설명은 localizedErrorDetail로 분리
android/app/src/main/kotlin/com/hwani1103/shiftbell/DbMigrationRunner.kt,69,"throw DbMigrationException(""migrations 항목 version이 2..$target 범위 정수가 아님: $version"")",개발 로그/내부 예외. 사용자 노출 실패 설명은 localizedErrorDetail로 분리
android/app/src/main/kotlin/com/hwani1103/shiftbell/DbMigrationRunner.kt,72,"throw DbMigrationException(""migrations에 v${version}이 중복됨"")",개발 로그/내부 예외. 사용자 노출 실패 설명은 localizedErrorDetail로 분리
android/app/src/main/kotlin/com/hwani1103/shiftbell/DbMigrationRunner.kt,76,"throw DbMigrationException(""v${version}의 sql이 비어 있음"")",개발 로그/내부 예외. 사용자 노출 실패 설명은 localizedErrorDetail로 분리
android/app/src/main/kotlin/com/hwani1103/shiftbell/DbMigrationRunner.kt,82,"throw DbMigrationException(""migrations에 v${v}가 없음 (v2..v$target 전 구간이 필요)"")",개발 로그/내부 예외. 사용자 노출 실패 설명은 localizedErrorDetail로 분리
android/app/src/main/kotlin/com/hwani1103/shiftbell/DbMigrationRunner.kt,87,"?: throw DbMigrationException(""repair가 배열이 아님"")",개발 로그/내부 예외. 사용자 노출 실패 설명은 localizedErrorDetail로 분리
android/app/src/main/kotlin/com/hwani1103/shiftbell/DbMigrationRunner.kt,95,"if (value !is String) throw DbMigrationException(""$where: SQL이 문자열이 아님: $value"")",개발 로그/내부 예외. 사용자 노출 실패 설명은 localizedErrorDetail로 분리
android/app/src/main/kotlin/com/hwani1103/shiftbell/DbMigrationRunner.kt,97,"if (sql.isEmpty()) throw DbMigrationException(""$where: 빈 SQL"")",개발 로그/내부 예외. 사용자 노출 실패 설명은 localizedErrorDetail로 분리
android/app/src/main/kotlin/com/hwani1103/shiftbell/DbMigrationRunner.kt,99,"if (sql.contains(';')) throw DbMigrationException(""$where: 한 항목에 SQL 한 문장만 허용(; 금지): $sql"")",개발 로그/내부 예외. 사용자 노출 실패 설명은 localizedErrorDetail로 분리
android/app/src/main/kotlin/com/hwani1103/shiftbell/DbMigrationRunner.kt,119,"throw DbMigrationException(""목표 버전(v$toVersion)이 SQL 원본 targetVersion(v${script.targetVersion})과 다름"")",개발 로그/내부 예외. 사용자 노출 실패 설명은 localizedErrorDetail로 분리
android/app/src/main/kotlin/com/hwani1103/shiftbell/DbMigrationRunner.kt,122,"throw DbMigrationException(""지원하지 않는 업그레이드 구간: v$fromVersion → v$toVersion"")",개발 로그/내부 예외. 사용자 노출 실패 설명은 localizedErrorDetail로 분리
android/app/src/main/kotlin/com/hwani1103/shiftbell/DbMigrationRunner.kt,130,"Log.i(TAG, ""✅ DB 업그레이드 v${v - 1} → v$v"")",개발 로그/내부 예외. 사용자 노출 실패 설명은 localizedErrorDetail로 분리
android/app/src/main/kotlin/com/hwani1103/shiftbell/DbMigrationRunner.kt,157,"throw DbMigrationException(""repair에 허용되지 않은 SQL: $sql"")",개발 로그/내부 예외. 사용자 노출 실패 설명은 localizedErrorDetail로 분리
android/app/src/main/kotlin/com/hwani1103/shiftbell/DbMigrationRunner.kt,174,"Log.w(TAG, ""🛠️ DB 스키마 복구 ${pending.size}건 실행"")",개발 로그/내부 예외. 사용자 노출 실패 설명은 localizedErrorDetail로 분리
android/app/src/main/kotlin/com/hwani1103/shiftbell/DbMigrationRunner.kt,187,"throw DbMigrationException(""repair: CREATE TABLE은 인덱스/ALTER보다 앞에 있어야 함: $sql"")",개발 로그/내부 예외. 사용자 노출 실패 설명은 localizedErrorDetail로 분리
android/app/src/main/kotlin/com/hwani1103/shiftbell/DbMigrationRunner.kt,195,"""repair에 허용되지 않은 SQL(CREATE TABLE/INDEX IF NOT EXISTS, ALTER TABLE ADD COLUMN만 허용): $sql""",내부 식별자/한글 원본·사용자 데이터 또는 설명 주석 후보; 이 행 자체는 노출/삭제 확정 근거가 아님
android/app/src/main/kotlin/com/hwani1103/shiftbell/DbMigrationRunner.kt,199,"throw DbMigrationException(""repair: 대상 테이블($targetTable)의 최종 형태 CREATE TABLE이 repair에 없음: $sql"")",개발 로그/내부 예외. 사용자 노출 실패 설명은 localizedErrorDetail로 분리
android/app/src/main/kotlin/com/hwani1103/shiftbell/DiagLog.kt,70,"Log.w(TAG, ""진단 기록 실패(무시): $event"", e)",개발 로그/내부 예외. 사용자 노출 실패 설명은 localizedErrorDetail로 분리
android/app/src/main/kotlin/com/hwani1103/shiftbell/DiagLog.kt,81,"""(진단 기록을 읽지 못함: ${e.javaClass.simpleName})\n""",내부 식별자/한글 원본·사용자 데이터 또는 설명 주석 후보; 이 행 자체는 노출/삭제 확정 근거가 아님
android/app/src/main/kotlin/com/hwani1103/shiftbell/DiagReport.kt,53,"/** 스냅샷 본문(테스트·미리보기용으로 분리). 실패한 항목은 ""?""로 남기고 계속. */",내부 식별자/한글 원본·사용자 데이터 또는 설명 주석 후보; 이 행 자체는 노출/삭제 확정 근거가 아님
android/app/src/main/kotlin/com/hwani1103/shiftbell/DiagReport.kt,61,"sb.append(""=== ShiftBell 진단 파일 ===\n"")",내부 식별자/한글 원본·사용자 데이터 또는 설명 주석 후보; 이 행 자체는 노출/삭제 확정 근거가 아님
android/app/src/main/kotlin/com/hwani1103/shiftbell/DiagReport.kt,75,"sb.append(""\n--- 권한·제한 ---\n"")",내부 식별자/한글 원본·사용자 데이터 또는 설명 주석 후보; 이 행 자체는 노출/삭제 확정 근거가 아님
android/app/src/main/kotlin/com/hwani1103/shiftbell/DiagReport.kt,118,"sb.append(""\n--- 최근 프로세스 종료 사유(최신순, Android 11+) ---\n"")",내부 식별자/한글 원본·사용자 데이터 또는 설명 주석 후보; 이 행 자체는 노출/삭제 확정 근거가 아님
android/app/src/main/kotlin/com/hwani1103/shiftbell/DiagReport.kt,123,"if (reasons.isEmpty()) sb.append(""(없음)\n"")",내부 식별자/한글 원본·사용자 데이터 또는 설명 주석 후보; 이 행 자체는 노출/삭제 확정 근거가 아님
android/app/src/main/kotlin/com/hwani1103/shiftbell/DiagReport.kt,132,"sb.append(""\n--- 알람 상태 ---\n"")",내부 식별자/한글 원본·사용자 데이터 또는 설명 주석 후보; 이 행 자체는 노출/삭제 확정 근거가 아님
android/app/src/main/kotlin/com/hwani1103/shiftbell/DiagReport.kt,139,"sb.append(""다음 알람 10개 (id | 예정 시각 | type | 종류 | OS 등록 여부):\n"")",내부 식별자/한글 원본·사용자 데이터 또는 설명 주석 후보; 이 행 자체는 노출/삭제 확정 근거가 아님
android/app/src/main/kotlin/com/hwani1103/shiftbell/DiagReport.kt,141,"val db = DatabaseHelper.getInstance(context).getReadableDatabaseWithRetry() ?: throw IllegalStateException(""DB 없음"")",개발 로그/내부 예외. 사용자 노출 실패 설명은 localizedErrorDetail로 분리
android/app/src/main/kotlin/com/hwani1103/shiftbell/DiagReport.kt,145,"if (c.count == 0) sb.append(""(없음)\n"")",내부 식별자/한글 원본·사용자 데이터 또는 설명 주석 후보; 이 행 자체는 노출/삭제 확정 근거가 아님
android/app/src/main/kotlin/com/hwani1103/shiftbell/DiagReport.kt,152,"sb.append(""? DB 읽기 실패 (${e.javaClass.simpleName}: ${e.message})\n"")",내부 식별자/한글 원본·사용자 데이터 또는 설명 주석 후보; 이 행 자체는 노출/삭제 확정 근거가 아님
android/app/src/main/kotlin/com/hwani1103/shiftbell/DiagReport.kt,155,"sb.append(""\n--- 백업 ---\n"")",내부 식별자/한글 원본·사용자 데이터 또는 설명 주석 후보; 이 행 자체는 노출/삭제 확정 근거가 아님
android/app/src/main/kotlin/com/hwani1103/shiftbell/DiagReport.kt,198,"val content = buildSnapshot(context) + ""\n=== 기록(오래된 것 → 최근) ===\n"" + DiagLog.readAll(context)",개발 로그/내부 예외. 사용자 노출 실패 설명은 localizedErrorDetail로 분리
android/app/src/main/kotlin/com/hwani1103/shiftbell/DiagReport.kt,215,"Log.e(TAG, ""진단 파일 저장 실패"", e)",개발 로그/내부 예외. 사용자 노출 실패 설명은 localizedErrorDetail로 분리
android/app/src/main/kotlin/com/hwani1103/shiftbell/DiagReport.kt,235,"Log.w(TAG, ""이전 진단 파일 정리 실패(무시)"", e)",개발 로그/내부 예외. 사용자 노출 실패 설명은 localizedErrorDetail로 분리
android/app/src/main/kotlin/com/hwani1103/shiftbell/DirectBootReceiver.kt,31,"Log.d(""DirectBoot"", ""⏭️ 다른 액션: $action"")",개발 로그/내부 예외. 사용자 노출 실패 설명은 localizedErrorDetail로 분리
android/app/src/main/kotlin/com/hwani1103/shiftbell/DirectBootReceiver.kt,55,"Log.e(""DirectBoot"", ""✅ 긴급 알람 즉시 등록: ${nextAlarm.shiftType} ${nextAlarm.time}"")",개발 로그/내부 예외. 사용자 노출 실패 설명은 localizedErrorDetail로 분리
android/app/src/main/kotlin/com/hwani1103/shiftbell/DirectBootReceiver.kt,57,"Log.e(""DirectBoot"", ""⚠️ 등록할 알람 없음"")",개발 로그/내부 예외. 사용자 노출 실패 설명은 localizedErrorDetail로 분리
android/app/src/main/kotlin/com/hwani1103/shiftbell/DirectBootReceiver.kt,98,"Log.d(""DirectBoot"", ""⏭️ 정확한 알람 권한 상태 변경(허용 아님) - 재조정 안 함"")",개발 로그/내부 예외. 사용자 노출 실패 설명은 localizedErrorDetail로 분리
android/app/src/main/kotlin/com/hwani1103/shiftbell/DirectBootReceiver.kt,102,"Log.e(""DirectBoot"", ""🔄 $action - 알람·일정 알림 재조정"")",개발 로그/내부 예외. 사용자 노출 실패 설명은 localizedErrorDetail로 분리
android/app/src/main/kotlin/com/hwani1103/shiftbell/DirectBootReceiver.kt,108,"Log.e(""DirectBoot"", ""❌ 재조정 실패: $action"", e)",개발 로그/내부 예외. 사용자 노출 실패 설명은 localizedErrorDetail로 분리
android/app/src/main/kotlin/com/hwani1103/shiftbell/DirectBootReceiver.kt,117,".putLong(""last_alarm_refresh"", 0L)  // ⭐ 재부팅 시 갱신 플래그 리셋!",내부 식별자/한글 원본·사용자 데이터 또는 설명 주석 후보; 이 행 자체는 노출/삭제 확정 근거가 아님
android/app/src/main/kotlin/com/hwani1103/shiftbell/DirectBootReceiver.kt,120,"Log.d(""DirectBoot"", ""📝 부팅 시각 저장 & 갱신 플래그 리셋: ${Date(bootTime)}"")",개발 로그/내부 예외. 사용자 노출 실패 설명은 localizedErrorDetail로 분리
android/app/src/main/kotlin/com/hwani1103/shiftbell/DirectBootReceiver.kt,138,"Log.d(""DirectBoot"", ""현재 시각: $now"")",개발 로그/내부 예외. 사용자 노출 실패 설명은 localizedErrorDetail로 분리
android/app/src/main/kotlin/com/hwani1103/shiftbell/DirectBootReceiver.kt,165,"Log.d(""DirectBoot"", ""✅ 다음 알람 조회: $time ($shiftType)"")",개발 로그/내부 예외. 사용자 노출 실패 설명은 localizedErrorDetail로 분리
android/app/src/main/kotlin/com/hwani1103/shiftbell/DirectBootReceiver.kt,171,"Log.e(""DirectBoot"", ""DB 읽기 실패"", e)",개발 로그/내부 예외. 사용자 노출 실패 설명은 localizedErrorDetail로 분리
android/app/src/main/kotlin/com/hwani1103/shiftbell/DirectBootReceiver.kt,190,"Log.d(""DirectBoot"", ""✅ Native 알람 등록: ID=$id, timestamp=$timestamp"")",개발 로그/내부 예외. 사용자 노출 실패 설명은 localizedErrorDetail로 분리
android/app/src/main/kotlin/com/hwani1103/shiftbell/DirectBootReceiver.kt,193,"Log.e(""DirectBoot"", ""Native 알람 등록 실패: ID=$id"", e)",개발 로그/내부 예외. 사용자 노출 실패 설명은 localizedErrorDetail로 분리
android/app/src/main/kotlin/com/hwani1103/shiftbell/MainActivity.kt,136,"Log.d(""MainActivity"", ""📡 Flutter UI 갱신 요청"")",개발 로그/내부 예외. 사용자 노출 실패 설명은 localizedErrorDetail로 분리
android/app/src/main/kotlin/com/hwani1103/shiftbell/MainActivity.kt,156,"Log.d(""MainActivity"", ""✅ RefreshReceiver 등록 완료"")",개발 로그/내부 예외. 사용자 노출 실패 설명은 localizedErrorDetail로 분리
android/app/src/main/kotlin/com/hwani1103/shiftbell/MainActivity.kt,187,"Log.w(""MainActivity"", ""⚠️ 수동 선택한 파일이 백업 상한보다 큼(${size}바이트) - 읽지 않음"")",개발 로그/내부 예외. 사용자 노출 실패 설명은 localizedErrorDetail로 분리
android/app/src/main/kotlin/com/hwani1103/shiftbell/MainActivity.kt,192,"?: run { Log.w(""MainActivity"", ""⚠️ 수동 선택한 파일이 백업 상한을 넘음 - 읽지 않음""); null }",개발 로그/내부 예외. 사용자 노출 실패 설명은 localizedErrorDetail로 분리
android/app/src/main/kotlin/com/hwani1103/shiftbell/MainActivity.kt,196,"Log.e(""MainActivity"", ""❌ 수동 선택한 백업 파일 읽기 실패"", e)",개발 로그/내부 예외. 사용자 노출 실패 설명은 localizedErrorDetail로 분리
android/app/src/main/kotlin/com/hwani1103/shiftbell/MainActivity.kt,221,"Log.d(""MainActivity"", ""✅ RefreshReceiver 해제"")",개발 로그/내부 예외. 사용자 노출 실패 설명은 localizedErrorDetail로 분리
android/app/src/main/kotlin/com/hwani1103/shiftbell/MainActivity.kt,223,"Log.e(""MainActivity"", ""RefreshReceiver 해제 실패"", e)",개발 로그/내부 예외. 사용자 노출 실패 설명은 localizedErrorDetail로 분리
android/app/src/main/kotlin/com/hwani1103/shiftbell/MainActivity.kt,388,"Log.e(""MainActivity"", ""❌ 알람 등록 실패: ID=$id"", e)",개발 로그/내부 예외. 사용자 노출 실패 설명은 localizedErrorDetail로 분리
android/app/src/main/kotlin/com/hwani1103/shiftbell/MainActivity.kt,538,"Log.d(""MainActivity"", ""📢 Notification 삭제 (ID: 8889) + 8888 재계산"")",개발 로그/내부 예외. 사용자 노출 실패 설명은 localizedErrorDetail로 분리
android/app/src/main/kotlin/com/hwani1103/shiftbell/MainActivity.kt,545,"Log.d(""MainActivity"", ""🗑️ 모든 Notification 삭제 완료"")",개발 로그/내부 예외. 사용자 노출 실패 설명은 localizedErrorDetail로 분리
android/app/src/main/kotlin/com/hwani1103/shiftbell/MainActivity.kt,551,"Log.d(""MainActivity"", ""🗑️ shownNotifications 전체 초기화 완료"")",개발 로그/내부 예외. 사용자 노출 실패 설명은 localizedErrorDetail로 분리
android/app/src/main/kotlin/com/hwani1103/shiftbell/MainActivity.kt,566,"Log.d(""MainActivity"", ""🗑️ AlarmGuardReceiver 취소 완료"")",개발 로그/내부 예외. 사용자 노출 실패 설명은 localizedErrorDetail로 분리
android/app/src/main/kotlin/com/hwani1103/shiftbell/MainActivity.kt,577,"Log.d(""MainActivity"", ""📡 Overlay DISMISS 브로드캐스트 발송: ID=$alarmId"")",개발 로그/내부 예외. 사용자 노출 실패 설명은 localizedErrorDetail로 분리
android/app/src/main/kotlin/com/hwani1103/shiftbell/MainActivity.kt,588,"Log.d(""MainActivity"", ""📡 Overlay SNOOZE 브로드캐스트 발송: ID=$alarmId"")",개발 로그/내부 예외. 사용자 노출 실패 설명은 localizedErrorDetail로 분리
android/app/src/main/kotlin/com/hwani1103/shiftbell/MainActivity.kt,743,"Log.w(""MainActivity"", ""⏸️ 알람 울리는 중 - 재시작 요청 거절"")",개발 로그/내부 예외. 사용자 노출 실패 설명은 localizedErrorDetail로 분리
android/app/src/main/kotlin/com/hwani1103/shiftbell/MainActivity.kt,790,"Log.e(""MainActivity"", ""⚠️ 선택기 시작 폴더 지정 실패(기본 동작으로 진행)"", e)",개발 로그/내부 예외. 사용자 노출 실패 설명은 localizedErrorDetail로 분리
android/app/src/main/kotlin/com/hwani1103/shiftbell/MainActivity.kt,796,"Log.e(""MainActivity"", ""❌ 백업 파일 선택기 실행 실패"", e)",개발 로그/내부 예외. 사용자 노출 실패 설명은 localizedErrorDetail로 분리
android/app/src/main/kotlin/com/hwani1103/shiftbell/MainActivity.kt,855,"Log.d(""MainActivity"", ""✅ Native last_alarm_refresh 리셋 완료"")",개발 로그/내부 예외. 사용자 노출 실패 설명은 localizedErrorDetail로 분리
android/app/src/main/kotlin/com/hwani1103/shiftbell/MainActivity.kt,866,"Log.e(""MainActivity"", ""❌ 복원 단계 실패"", e)",개발 로그/내부 예외. 사용자 노출 실패 설명은 localizedErrorDetail로 분리
android/app/src/main/kotlin/com/hwani1103/shiftbell/MainActivity.kt,878,"Log.d(""MainActivity"", ""✅ Native 갱신 강제 실행 완료"")",개발 로그/내부 예외. 사용자 노출 실패 설명은 localizedErrorDetail로 분리
android/app/src/main/kotlin/com/hwani1103/shiftbell/MainActivity.kt,884,"Log.d(""MainActivity"", ""✅ AlarmGuardReceiver 직접 트리거"")",개발 로그/내부 예외. 사용자 노출 실패 설명은 localizedErrorDetail로 분리
android/app/src/main/kotlin/com/hwani1103/shiftbell/MainActivity.kt,921,"Log.w(""MainActivity"", ""⚠️ 백업 저장 스킵 - Android 10(Q) 미만"")",개발 로그/내부 예외. 사용자 노출 실패 설명은 localizedErrorDetail로 분리
android/app/src/main/kotlin/com/hwani1103/shiftbell/MainActivity.kt,928,"Log.d(""MainActivity"", ""💾 백업 저장 시도(kind=${kind.token}, content=${content.length}자, prevUri=$previousUriStr)"")",개발 로그/내부 예외. 사용자 노출 실패 설명은 localizedErrorDetail로 분리
android/app/src/main/kotlin/com/hwani1103/shiftbell/MainActivity.kt,932,"Log.e(""MainActivity"", ""❌ 백업 크기(${bytes.size}바이트)가 복원 읽기 상한을 넘음 - 기존 백업 유지"")",개발 로그/내부 예외. 사용자 노출 실패 설명은 localizedErrorDetail로 분리
android/app/src/main/kotlin/com/hwani1103/shiftbell/MainActivity.kt,949,"Log.w(""MainActivity"", ""❌ 백업 저장 실패 - insert()가 null 반환(name=$displayName)"")",개발 로그/내부 예외. 사용자 노출 실패 설명은 localizedErrorDetail로 분리
android/app/src/main/kotlin/com/hwani1103/shiftbell/MainActivity.kt,955,"?: throw IllegalStateException(""openOutputStream()이 null 반환(uri=$uri)"")",개발 로그/내부 예외. 사용자 노출 실패 설명은 localizedErrorDetail로 분리
android/app/src/main/kotlin/com/hwani1103/shiftbell/MainActivity.kt,962,"?: throw IllegalStateException(""다시 읽기 실패(uri=$uri)"")",개발 로그/내부 예외. 사용자 노출 실패 설명은 localizedErrorDetail로 분리
android/app/src/main/kotlin/com/hwani1103/shiftbell/MainActivity.kt,964,"throw IllegalStateException(""다시 읽은 백업이 원본과 다름(${readBack.length}/${content.length}자)"")",개발 로그/내부 예외. 사용자 노출 실패 설명은 localizedErrorDetail로 분리
android/app/src/main/kotlin/com/hwani1103/shiftbell/MainActivity.kt,969,"Log.e(""MainActivity"", ""❌ 백업 파일 쓰기/확인 실패 - 미완성 파일 삭제(옛 백업은 유지)"", e)",개발 로그/내부 예외. 사용자 노출 실패 설명은 localizedErrorDetail로 분리
android/app/src/main/kotlin/com/hwani1103/shiftbell/MainActivity.kt,976,"Log.e(""MainActivity"", ""⚠️ 미완성 백업 파일 삭제 실패"", e)",개발 로그/내부 예외. 사용자 노출 실패 설명은 localizedErrorDetail로 분리
android/app/src/main/kotlin/com/hwani1103/shiftbell/MainActivity.kt,986,"Log.e(""MainActivity"", ""❌ 새 백업 URI 저장 실패 - 옛 슬롯 유지"")",개발 로그/내부 예외. 사용자 노출 실패 설명은 localizedErrorDetail로 분리
android/app/src/main/kotlin/com/hwani1103/shiftbell/MainActivity.kt,992,"Log.d(""MainActivity"", ""✅ 백업 파일 저장 완료(${kind.token}): $uri ($displayName)"")",개발 로그/내부 예외. 사용자 노출 실패 설명은 localizedErrorDetail로 분리
android/app/src/main/kotlin/com/hwani1103/shiftbell/MainActivity.kt,996,"Log.e(""MainActivity"", ""❌ 백업 파일 저장 실패"", e)",개발 로그/내부 예외. 사용자 노출 실패 설명은 localizedErrorDetail로 분리
android/app/src/main/kotlin/com/hwani1103/shiftbell/MainActivity.kt,1037,"Log.d(""MainActivity"", ""🔍 Downloads 전체 ${totalCount}건 중 백업 후보 ${candidates.size}건"")",개발 로그/내부 예외. 사용자 노출 실패 설명은 localizedErrorDetail로 분리
android/app/src/main/kotlin/com/hwani1103/shiftbell/MainActivity.kt,1045,"Log.w(""MainActivity"", ""⚠️ 백업 후보 읽기 실패($name) - 다음 후보 확인"", e)",개발 로그/내부 예외. 사용자 노출 실패 설명은 localizedErrorDetail로 분리
android/app/src/main/kotlin/com/hwani1103/shiftbell/MainActivity.kt,1053,"Log.d(""MainActivity"", ""✅ 백업 파일 발견: $uri ($name)"")",개발 로그/내부 예외. 사용자 노출 실패 설명은 localizedErrorDetail로 분리
android/app/src/main/kotlin/com/hwani1103/shiftbell/MainActivity.kt,1056,"Log.w(""MainActivity"", ""⚠️ 불완전하거나 형식이 다른 백업 후보 건너뜀: $name"")",개발 로그/내부 예외. 사용자 노출 실패 설명은 localizedErrorDetail로 분리
android/app/src/main/kotlin/com/hwani1103/shiftbell/MainActivity.kt,1060,"Log.e(""MainActivity"", ""❌ 백업 파일 읽기 실패"", e)",개발 로그/내부 예외. 사용자 노출 실패 설명은 localizedErrorDetail로 분리
android/app/src/main/kotlin/com/hwani1103/shiftbell/MainActivity.kt,1112,"Log.e(""MainActivity"", ""⚠️ 같은 슬롯의 옛 백업 삭제 실패(무시 - 다음 백업 때 재시도됨)"", e)",개발 로그/내부 예외. 사용자 노출 실패 설명은 localizedErrorDetail로 분리
android/app/src/main/kotlin/com/hwani1103/shiftbell/MainActivity.kt,1123,"Log.w(""MainActivity"", ""⚠️ 옛 형식 백업 삭제 실패($key, 무시)"", e)",개발 로그/내부 예외. 사용자 노출 실패 설명은 localizedErrorDetail로 분리
android/app/src/main/kotlin/com/hwani1103/shiftbell/MainActivity.kt,1148,"Log.e(""MainActivity"", ""⚠️ 백업 파일 전체 스캔 정리 실패(무시)"", e)",개발 로그/내부 예외. 사용자 노출 실패 설명은 localizedErrorDetail로 분리
android/app/src/main/kotlin/com/hwani1103/shiftbell/MainActivity.kt,1151,"Log.d(""MainActivity"", ""🗑️ 옛 백업 파일 정리(${kind.token}): 총 ${deleted}개 삭제"")",개발 로그/내부 예외. 사용자 노출 실패 설명은 localizedErrorDetail로 분리
android/app/src/main/kotlin/com/hwani1103/shiftbell/MainActivity.kt,1194,"Log.e(""MainActivity"", ""❌ 정확한 알람 설정 화면 열기 실패"", e)",개발 로그/내부 예외. 사용자 노출 실패 설명은 localizedErrorDetail로 분리
android/app/src/main/kotlin/com/hwani1103/shiftbell/MainActivity.kt,1211,"Log.d(""MainActivity"", ""✅ 알람 등록 처리: ID=$id ($outcome, soundType=$soundType)"")",개발 로그/내부 예외. 사용자 노출 실패 설명은 localizedErrorDetail로 분리
android/app/src/main/kotlin/com/hwani1103/shiftbell/MainActivity.kt,1220,"Log.d(""MainActivity"", ""✅ 알람 취소 및 shownNotifications 제거: ID=$id"")",개발 로그/내부 예외. 사용자 노출 실패 설명은 localizedErrorDetail로 분리
android/app/src/main/kotlin/com/hwani1103/shiftbell/MainActivity.kt,1251,"Log.d(""MainActivity"", ""🔔 진동 테스트: 세기=$strength"")",개발 로그/내부 예외. 사용자 노출 실패 설명은 localizedErrorDetail로 분리
android/app/src/main/kotlin/com/hwani1103/shiftbell/MainActivity.kt,1265,"Log.w(""MainActivity"", ""⏸️ 재시작 직전에 알람 울림 시작 - 울림이 끝날 때까지 재시작 보류"")",개발 로그/내부 예외. 사용자 노출 실패 설명은 localizedErrorDetail로 분리
android/app/src/main/kotlin/com/hwani1103/shiftbell/MainActivity.kt,1291,"Log.e(""MainActivity"", ""리소스 못 찾음: res/raw/$soundFile.mp3"")",개발 로그/내부 예외. 사용자 노출 실패 설명은 localizedErrorDetail로 분리
android/app/src/main/kotlin/com/hwani1103/shiftbell/MainActivity.kt,1321,"Log.d(""MainActivity"", ""🔊 미리듣기 재생: $soundFile, 음량 ${(volume * 100).toInt()}%"")",개발 로그/내부 예외. 사용자 노출 실패 설명은 localizedErrorDetail로 분리
android/app/src/main/kotlin/com/hwani1103/shiftbell/MainActivity.kt,1324,"Log.e(""MainActivity"", ""❌ 미리듣기 재생 실패"", e)",개발 로그/내부 예외. 사용자 노출 실패 설명은 localizedErrorDetail로 분리
android/app/src/main/kotlin/com/hwani1103/shiftbell/MainActivity.kt,1337,"Log.w(""MainActivity"", ""⚠️ 미리듣기 LoudnessEnhancer 미지원/실패"", e)",개발 로그/내부 예외. 사용자 노출 실패 설명은 localizedErrorDetail로 분리
android/app/src/main/kotlin/com/hwani1103/shiftbell/MainActivity.kt,1353,"Log.e(""MainActivity"", ""미리듣기 LoudnessEnhancer 해제 실패"", e)",개발 로그/내부 예외. 사용자 노출 실패 설명은 localizedErrorDetail로 분리
android/app/src/main/kotlin/com/hwani1103/shiftbell/MainActivity.kt,1361,"Log.d(""MainActivity"", ""🔇 미리듣기 중지"")",개발 로그/내부 예외. 사용자 노출 실패 설명은 localizedErrorDetail로 분리
android/app/src/main/kotlin/com/hwani1103/shiftbell/MainActivity.kt,1369,"Log.d(""MainActivity"", ""🔊 미리듣기 볼륨 변경: ${(volume * 100).toInt()}%"")",개발 로그/내부 예외. 사용자 노출 실패 설명은 localizedErrorDetail로 분리
android/app/src/main/kotlin/com/hwani1103/shiftbell/NotificationHelper.kt,85,".setGroup(""shiftbell_notifications"")  // 삼성 시스템 스누즈 방지",내부 식별자/한글 원본·사용자 데이터 또는 설명 주석 후보; 이 행 자체는 노출/삭제 확정 근거가 아님
android/app/src/main/kotlin/com/hwani1103/shiftbell/NotificationHelper.kt,93,"Log.d(""NotificationHelper"", ""📢 8889 Notification 표시: $newTimeStr"")",개발 로그/내부 예외. 사용자 노출 실패 설명은 localizedErrorDetail로 분리
android/app/src/main/kotlin/com/hwani1103/shiftbell/NotificationHelper.kt,100,"Log.d(""NotificationHelper"", ""✅ AlarmGuardReceiver.triggerCheck() → 다음 알람 8888 표시"")",개발 로그/내부 예외. 사용자 노출 실패 설명은 localizedErrorDetail로 분리
android/app/src/main/kotlin/com/hwani1103/shiftbell/NotificationHelper.kt,127,"Log.w(TAG, ""⚠️ 알림 권한 꺼짐 - 제어 알림이 안 보임(끄기 수단은 화면·오버레이·자동 종료뿐)"")",개발 로그/내부 예외. 사용자 노출 실패 설명은 localizedErrorDetail로 분리
android/app/src/main/kotlin/com/hwani1103/shiftbell/NotificationHelper.kt,131,"Log.w(TAG, ""⚠️ 전체화면 알림 허용 안 됨 - 잠금 상태에서 알람 화면이 자동으로 안 뜰 수 있음"")",개발 로그/내부 예외. 사용자 노출 실패 설명은 localizedErrorDetail로 분리
android/app/src/main/kotlin/com/hwani1103/shiftbell/NotificationHelper.kt,134,"Log.w(TAG, ""알림 상태 점검 실패"", e)",개발 로그/내부 예외. 사용자 노출 실패 설명은 localizedErrorDetail로 분리
android/app/src/main/kotlin/com/hwani1103/shiftbell/NotificationHelper.kt,141,"""Shiftbell"",  // ⭐ ""알람"" 제거 (삼성 시스템 스누즈 방지)",내부 식별자/한글 원본·사용자 데이터 또는 설명 주석 후보; 이 행 자체는 노출/삭제 확정 근거가 아님
android/app/src/main/kotlin/com/hwani1103/shiftbell/NotificationHelper.kt,157,"Log.w(TAG, ""⚠️ 알람 알림 채널 차단됨 - 옛 제어 채널(alarm_control)로 제어 알림 게시"")",개발 로그/내부 예외. 사용자 노출 실패 설명은 localizedErrorDetail로 분리
android/app/src/main/kotlin/com/hwani1103/shiftbell/NotificationHelper.kt,159,"Log.w(TAG, ""⚠️ 알람 알림 채널이 사용자 설정으로 차단됨 - 제어 알림이 안 보임"")",개발 로그/내부 예외. 사용자 노출 실패 설명은 localizedErrorDetail로 분리
android/app/src/main/kotlin/com/hwani1103/shiftbell/NotificationHelper.kt,228,".setGroup(""shiftbell_notifications"")  // ⭐ 삼성 시스템 스누즈 방지",내부 식별자/한글 원본·사용자 데이터 또는 설명 주석 후보; 이 행 자체는 노출/삭제 확정 근거가 아님
android/app/src/main/kotlin/com/hwani1103/shiftbell/NotificationHelper.kt,238,"Log.d(TAG, ""✅ 제어 알림 게시: id=$alarmId 회차=$round"")",개발 로그/내부 예외. 사용자 노출 실패 설명은 localizedErrorDetail로 분리
android/app/src/main/kotlin/com/hwani1103/shiftbell/NotificationHelper.kt,241,"Log.e(TAG, ""❌ 제어 알림 게시 실패: id=$alarmId"", e)",개발 로그/내부 예외. 사용자 노출 실패 설명은 localizedErrorDetail로 분리
android/app/src/main/kotlin/com/hwani1103/shiftbell/NotificationHelper.kt,269,"Log.d(""NotificationHelper"", ""⏰ 30초 후 8889 삭제 예약"")",개발 로그/내부 예외. 사용자 노출 실패 설명은 localizedErrorDetail로 분리
android/app/src/main/kotlin/com/hwani1103/shiftbell/RefreshLockManager.kt,48,"Log.d(TAG, ""⏭️ 락 점유 중: owner=$currentOwner (만료 ${currentUntil - now}ms 후)"")",개발 로그/내부 예외. 사용자 노출 실패 설명은 localizedErrorDetail로 분리
android/app/src/main/kotlin/com/hwani1103/shiftbell/RefreshLockManager.kt,57,"Log.d(TAG, ""🔒 락 획득: owner=$owner (TTL ${ttlMs}ms)"")",개발 로그/내부 예외. 사용자 노출 실패 설명은 localizedErrorDetail로 분리
android/app/src/main/kotlin/com/hwani1103/shiftbell/RefreshLockManager.kt,66,"Log.d(TAG, ""⚠️ 락 해제 스킵: 본인($owner) ≠ 보유자($currentOwner)"")",개발 로그/내부 예외. 사용자 노출 실패 설명은 localizedErrorDetail로 분리
android/app/src/main/kotlin/com/hwani1103/shiftbell/RefreshLockManager.kt,73,"Log.d(TAG, ""🔓 락 해제: owner=$owner"")",개발 로그/내부 예외. 사용자 노출 실패 설명은 localizedErrorDetail로 분리
android/app/src/main/kotlin/com/hwani1103/shiftbell/RefreshLockManager.kt,83,"Log.d(TAG, ""🧹 락 강제 초기화"")",개발 로그/내부 예외. 사용자 노출 실패 설명은 localizedErrorDetail로 분리
android/app/src/main/kotlin/com/hwani1103/shiftbell/RestoreGate.kt,55,"Log.w(TAG, ""⛔ 이미 진행 중인 복원이 있음"")",개발 로그/내부 예외. 사용자 노출 실패 설명은 localizedErrorDetail로 분리
android/app/src/main/kotlin/com/hwani1103/shiftbell/RestoreGate.kt,59,"Log.e(TAG, ""❌ 복원 잠금 기록 실패"")",개발 로그/내부 예외. 사용자 노출 실패 설명은 localizedErrorDetail로 분리
android/app/src/main/kotlin/com/hwani1103/shiftbell/RestoreGate.kt,63,"Log.d(TAG, ""🔒 복원 잠금 획득"")",개발 로그/내부 예외. 사용자 노출 실패 설명은 localizedErrorDetail로 분리
android/app/src/main/kotlin/com/hwani1103/shiftbell/RestoreGate.kt,73,"Log.d(TAG, ""🔓 복원 잠금 해제(commit=$ok)"")",개발 로그/내부 예외. 사용자 노출 실패 설명은 localizedErrorDetail로 분리
android/app/src/main/kotlin/com/hwani1103/shiftbell/RestoreGate.kt,92,"Log.d(TAG, ""⏸️ 복원 중 - $writer 쓰기 연기"")",개발 로그/내부 예외. 사용자 노출 실패 설명은 localizedErrorDetail로 분리
android/app/src/main/kotlin/com/hwani1103/shiftbell/RestoreGate.kt,96,"Log.w(TAG, ""⚠️ 중단된 복원 잠금 발견($writer) - 잠금 해제, 현재 DB 기준으로 진행"")",개발 로그/내부 예외. 사용자 노출 실패 설명은 localizedErrorDetail로 분리
android/app/src/main/kotlin/com/hwani1103/shiftbell/RestoreGate.kt,141,"Log.e(TAG, ""복원 중단 알림 게시 실패"", e)",개발 로그/내부 예외. 사용자 노출 실패 설명은 localizedErrorDetail로 분리
android/app/src/main/kotlin/com/hwani1103/shiftbell/RestoreGate.kt,171,"Log.e(TAG, ""재생 설정 스냅샷 읽기 실패: id=$alarmId"", e)",개발 로그/내부 예외. 사용자 노출 실패 설명은 localizedErrorDetail로 분리
android/app/src/main/kotlin/com/hwani1103/shiftbell/RestoreGate.kt,189,"Log.d(TAG, ""🧹 재생 설정 스냅샷 정리: $stale"")",개발 로그/내부 예외. 사용자 노출 실패 설명은 localizedErrorDetail로 분리
android/app/src/main/kotlin/com/hwani1103/shiftbell/RestoreOs.kt,80,"Log.d(TAG, ""🧳 진행 중 알람 이월 대상: $carryIds (울림=$activeRingId, 종료 처리 중=${state.endingIds}, epoch=${state.epoch})"")",개발 로그/내부 예외. 사용자 노출 실패 설명은 localizedErrorDetail로 분리
android/app/src/main/kotlin/com/hwani1103/shiftbell/RestoreOs.kt,98,"Log.d(TAG, ""🧹 복원 전 OS 예약 취소: 기상 알람 ${cancelled}건(보존 $keepIds), 일정 알림 전체"")",개발 로그/내부 예외. 사용자 노출 실패 설명은 localizedErrorDetail로 분리
android/app/src/main/kotlin/com/hwani1103/shiftbell/RestoreOs.kt,114,"Log.w(TAG, ""⚠️ 복원 재조정 - 갱신 엔진 미완료(시도 $attempt/$REFRESH_ATTEMPTS)"")",개발 로그/내부 예외. 사용자 노출 실패 설명은 localizedErrorDetail로 분리
android/app/src/main/kotlin/com/hwani1103/shiftbell/RestoreOs.kt,139,"Log.d(TAG, ""✅ 복원 OS 재조정 완료: custom·snoozed ${scheduled}건(실패 ${failures}건), 일정 탭=$scheduleTabEnabled"")",개발 로그/내부 예외. 사용자 노출 실패 설명은 localizedErrorDetail로 분리
android/app/src/main/kotlin/com/hwani1103/shiftbell/RestoreOs.kt,153,"Log.e(TAG, ""재생 설정 스냅샷 정리 실패"", e)",개발 로그/내부 예외. 사용자 노출 실패 설명은 localizedErrorDetail로 분리
android/app/src/main/kotlin/com/hwani1103/shiftbell/RingingAlarmTracker.kt,109,"Log.e(TAG, ""울림 상태 저장 예외 (시도 ${attempt + 1})"", e)",개발 로그/내부 예외. 사용자 노출 실패 설명은 localizedErrorDetail로 분리
android/app/src/main/kotlin/com/hwani1103/shiftbell/RingingAlarmTracker.kt,114,"Log.e(TAG, ""❌ 울림 상태 저장 2회 실패 - 이 프로세스 동안 메모리 회차로 계속 판정: active=$active counter=$counter"")",개발 로그/내부 예외. 사용자 노출 실패 설명은 localizedErrorDetail로 분리
android/app/src/main/kotlin/com/hwani1103/shiftbell/RingingAlarmTracker.kt,151,"Log.w(TAG, ""⚠️ 지난 회차 종료 요청 무시: 요청=($alarmId, $round) 활성=$active"")",개발 로그/내부 예외. 사용자 노출 실패 설명은 localizedErrorDetail로 분리
android/app/src/main/kotlin/com/hwani1103/shiftbell/ScheduleNotificationReceiver.kt,66,"/** 시작만 있으면 ""HH:mm"", 지속시간까지 있으면 ""HH:mm - HH:mm"". */",내부 식별자/한글 원본·사용자 데이터 또는 설명 주석 후보; 이 행 자체는 노출/삭제 확정 근거가 아님
android/app/src/main/kotlin/com/hwani1103/shiftbell/ScheduleNotificationReceiver.kt,76,"Log.w(""ScheduleNotify"", ""⚠️ id 없는 일정 알림 무시"")",개발 로그/내부 예외. 사용자 노출 실패 설명은 localizedErrorDetail로 분리
android/app/src/main/kotlin/com/hwani1103/shiftbell/ScheduleNotificationReceiver.kt,112,"description = ""일정관리 탭에서 켠 일정 알림 - 소리/진동/무음은 이 채널 설정을 따름""",내부 식별자/한글 원본·사용자 데이터 또는 설명 주석 후보; 이 행 자체는 노출/삭제 확정 근거가 아님
android/app/src/main/kotlin/com/hwani1103/shiftbell/ScheduleNotificationReceiver.kt,146,"Log.d(""ScheduleNotify"", ""📅 일정 알림 표시: id=$id date=$date time=$timeHeadline content=${content.length}자"")",개발 로그/내부 예외. 사용자 노출 실패 설명은 localizedErrorDetail로 분리
android/app/src/main/kotlin/com/hwani1103/shiftbell/ScheduleNotificationScheduler.kt,97,"Log.d(TAG, ""⏭️ 일정관리 탭 숨김 - 일정 알림 예약 안 함: id=$id"")",개발 로그/내부 예외. 사용자 노출 실패 설명은 localizedErrorDetail로 분리
android/app/src/main/kotlin/com/hwani1103/shiftbell/ScheduleNotificationScheduler.kt,112,"Log.d(TAG, ""✅ 일정 알림 예약: id=$id trigger=$triggerAtMillis"")",개발 로그/내부 예외. 사용자 노출 실패 설명은 localizedErrorDetail로 분리
android/app/src/main/kotlin/com/hwani1103/shiftbell/ScheduleNotificationScheduler.kt,118,"Log.e(TAG, ""❌ 일정 알림 예약 실패: id=$id"", e)",개발 로그/내부 예외. 사용자 노출 실패 설명은 localizedErrorDetail로 분리
android/app/src/main/kotlin/com/hwani1103/shiftbell/ScheduleNotificationScheduler.kt,139,"Log.d(TAG, ""🗑️ 일정 알림 취소: id=$id"")",개발 로그/내부 예외. 사용자 노출 실패 설명은 localizedErrorDetail로 분리
android/app/src/main/kotlin/com/hwani1103/shiftbell/ScheduleNotificationScheduler.kt,141,"Log.e(TAG, ""❌ 일정 알림 취소 실패: id=$id"", e)",개발 로그/내부 예외. 사용자 노출 실패 설명은 localizedErrorDetail로 분리
android/app/src/main/kotlin/com/hwani1103/shiftbell/ScheduleNotificationScheduler.kt,157,"Log.d(TAG, ""⏭️ 일정관리 탭 숨김 - 재예약 대신 일괄 취소"")",개발 로그/내부 예외. 사용자 노출 실패 설명은 localizedErrorDetail로 분리
android/app/src/main/kotlin/com/hwani1103/shiftbell/ScheduleNotificationScheduler.kt,168,"Log.d(TAG, ""⏭️ DB 준비 안 됨 - 일정 알림 재예약 스킵"")",개발 로그/내부 예외. 사용자 노출 실패 설명은 localizedErrorDetail로 분리
android/app/src/main/kotlin/com/hwani1103/shiftbell/ScheduleNotificationScheduler.kt,209,"Log.d(TAG, ""✅ 재부팅 후 일정 알림 재예약 완료: ${count}건"")",개발 로그/내부 예외. 사용자 노출 실패 설명은 localizedErrorDetail로 분리
android/app/src/main/kotlin/com/hwani1103/shiftbell/ScheduleNotificationScheduler.kt,212,"Log.e(TAG, ""❌ 일정 알림 재예약 실패"", e)",개발 로그/내부 예외. 사용자 노출 실패 설명은 localizedErrorDetail로 분리
android/app/src/main/kotlin/com/hwani1103/shiftbell/ScheduleNotificationScheduler.kt,233,"Log.d(TAG, ""⏭️ DB 준비 안 됨 - 일정 알림 일괄 취소 스킵"")",개발 로그/내부 예외. 사용자 노출 실패 설명은 localizedErrorDetail로 분리
android/app/src/main/kotlin/com/hwani1103/shiftbell/ScheduleNotificationScheduler.kt,246,"Log.d(TAG, ""✅ 일정관리 탭 숨김 - 일정 알림 일괄 취소 완료: ${count}건"")",개발 로그/내부 예외. 사용자 노출 실패 설명은 localizedErrorDetail로 분리
android/app/src/main/kotlin/com/hwani1103/shiftbell/ScheduleNotificationScheduler.kt,248,"Log.e(TAG, ""❌ 일정 알림 일괄 취소 실패"", e)",개발 로그/내부 예외. 사용자 노출 실패 설명은 localizedErrorDetail로 분리
android/app/src/main/kotlin/com/hwani1103/shiftbell/ScheduleNotificationScheduler.kt,262,"Log.e(TAG, ""❌ 지난 일정 예약 취소 실패: id=$id"", e)",개발 로그/내부 예외. 사용자 노출 실패 설명은 localizedErrorDetail로 분리
android/app/src/main/kotlin/com/hwani1103/shiftbell/ScheduleNotificationScheduler.kt,283,"Log.d(TAG, ""⏭️ 일정관리 탭 숨김 - 일정 알림 표시 안 함: id=$id"")",개발 로그/내부 예외. 사용자 노출 실패 설명은 localizedErrorDetail로 분리
android/app/src/main/kotlin/com/hwani1103/shiftbell/ScheduleNotificationScheduler.kt,289,"Log.e(TAG, ""수신 판정 DB 열기 실패: id=$id"", e)",개발 로그/내부 예외. 사용자 노출 실패 설명은 localizedErrorDetail로 분리
android/app/src/main/kotlin/com/hwani1103/shiftbell/ScheduleNotificationScheduler.kt,298,"Log.d(TAG, ""⏭️ 삭제된 일정의 알림 - 표시 안 함: id=$id"")",개발 로그/내부 예외. 사용자 노출 실패 설명은 localizedErrorDetail로 분리
android/app/src/main/kotlin/com/hwani1103/shiftbell/ScheduleNotificationScheduler.kt,302,"Log.d(TAG, ""⏭️ 알림이 꺼진 일정 - 표시 안 함: id=$id"")",개발 로그/내부 예외. 사용자 노출 실패 설명은 localizedErrorDetail로 분리
android/app/src/main/kotlin/com/hwani1103/shiftbell/ScheduleNotificationScheduler.kt,314,"Log.w(TAG, ""⚠️ 옛 시각 예약 도착 - 표시 안 하고 DB 시각으로 재예약: id=$id"")",개발 로그/내부 예외. 사용자 노출 실패 설명은 localizedErrorDetail로 분리
android/app/src/main/kotlin/com/hwani1103/shiftbell/ScheduleNotificationScheduler.kt,317,"Log.w(TAG, ""⚠️ 예약 시각과 DB 시각 불일치(DB 시각은 지남) - 표시 안 함: id=$id"")",개발 로그/내부 예외. 사용자 노출 실패 설명은 localizedErrorDetail로 분리
android/app/src/main/kotlin/com/hwani1103/shiftbell/ScheduleNotificationScheduler.kt,345,"Log.e(TAG, ""❌ 트리거 시각 계산 실패: date=$date"", e)",개발 로그/내부 예외. 사용자 노출 실패 설명은 localizedErrorDetail로 분리
android/app/src/main/kotlin/com/hwani1103/shiftbell/SleepDetectionReceiver.kt,82,"/** Dart(sleep_record_provider.dart)가 AUTO_DETECTED 기록을 ""기록하지 않기""/삭제로",한국어 전용 기능 또는 그 데이터/진단. F01/F02/F04 진입·수신 조건 추적; 한국어/사용자 데이터 보존
android/app/src/main/kotlin/com/hwani1103/shiftbell/SleepDetectionReceiver.kt,94,"Log.d(TAG, ""🙅 자동감지 거부 학습(hour=$hour, count=${prevCount + 1})"")",개발 로그/내부 예외. 사용자 노출 실패 설명은 localizedErrorDetail로 분리
android/app/src/main/kotlin/com/hwani1103/shiftbell/SleepDetectionReceiver.kt,159,"/** 20분 알람 수신 시 + 화면 재개 등 ""지금 확인해도 되는"" 모든 트리거 지점에서 호출. */",한국어 전용 기능 또는 그 데이터/진단. F01/F02/F04 진입·수신 조건 추적; 한국어/사용자 데이터 보존
android/app/src/main/kotlin/com/hwani1103/shiftbell/SleepDetectionReceiver.kt,172,"Log.e(TAG, ""❌ 수면 감지 처리 실패"", e)",개발 로그/내부 예외. 사용자 노출 실패 설명은 localizedErrorDetail로 분리
android/app/src/main/kotlin/com/hwani1103/shiftbell/SleepDetectionReceiver.kt,192,"Log.d(TAG, ""⏭️ 수동 수면 진행 중 - 자동 감지 스킵"")",개발 로그/내부 예외. 사용자 노출 실패 설명은 localizedErrorDetail로 분리
android/app/src/main/kotlin/com/hwani1103/shiftbell/SleepDetectionReceiver.kt,212,"Log.d(TAG, ""⏳ 자동 수면 후보 9시간 종료(id=$id, 확인 대기 유지)"")",개발 로그/내부 예외. 사용자 노출 실패 설명은 localizedErrorDetail로 분리
android/app/src/main/kotlin/com/hwani1103/shiftbell/SleepDetectionReceiver.kt,219,"Log.d(TAG, ""💤 수면 후보 진행 중(id=${ongoing.first}) - 계속 대기"")",개발 로그/내부 예외. 사용자 노출 실패 설명은 localizedErrorDetail로 분리
android/app/src/main/kotlin/com/hwani1103/shiftbell/SleepDetectionReceiver.kt,252,"Log.d(TAG, ""⏭️ 이 수면 추적 창은 이미 기록이 있음 - 중복 추적 안 함"")",개발 로그/내부 예외. 사용자 노출 실패 설명은 localizedErrorDetail로 분리
android/app/src/main/kotlin/com/hwani1103/shiftbell/SleepDetectionReceiver.kt,259,"Log.d(TAG, ""🌙 첫 꺼짐 샘플 기록 - 다음 체크에서 계속 꺼져있으면 후보 생성"")",개발 로그/내부 예외. 사용자 노출 실패 설명은 localizedErrorDetail로 분리
android/app/src/main/kotlin/com/hwani1103/shiftbell/SleepDetectionReceiver.kt,275,"Log.d(TAG, ""⏭️ 반복 거부된 시간대(hour=${hourBucketOf(firstOffAt)}) - 자동 후보 생성 안 함"")",개발 로그/내부 예외. 사용자 노출 실패 설명은 localizedErrorDetail로 분리
android/app/src/main/kotlin/com/hwani1103/shiftbell/SleepDetectionReceiver.kt,290,"Log.d(TAG, ""🌙 수면 후보 생성(id=$id, start=${Date(firstOffAt)})"")",개발 로그/내부 예외. 사용자 노출 실패 설명은 localizedErrorDetail로 분리
android/app/src/main/kotlin/com/hwani1103/shiftbell/SleepDetectionReceiver.kt,306,"Log.d(TAG, ""🗑️ 최소 길이(${minMinutes}분) 미만(${durationMinutes}분) - 후보 폐기(id=$id)"")",개발 로그/내부 예외. 사용자 노출 실패 설명은 localizedErrorDetail로 분리
android/app/src/main/kotlin/com/hwani1103/shiftbell/SleepDetectionReceiver.kt,319,"Log.d(TAG, ""☀️ 수면 후보 종료(id=$id, ${durationMinutes}분, 신뢰도=$confidence)"")",개발 로그/내부 예외. 사용자 노출 실패 설명은 localizedErrorDetail로 분리
android/app/src/main/kotlin/com/hwani1103/shiftbell/SleepDetectionReceiver.kt,339,"Log.e(TAG, ""❌ 수동 진행 여부 확인 실패"", e)",개발 로그/내부 예외. 사용자 노출 실패 설명은 localizedErrorDetail로 분리
android/app/src/main/kotlin/com/hwani1103/shiftbell/SleepDetectionReceiver.kt,356,"Log.e(TAG, ""❌ 진행 중 자동 후보 조회 실패"", e)",개발 로그/내부 예외. 사용자 노출 실패 설명은 localizedErrorDetail로 분리
android/app/src/main/kotlin/com/hwani1103/shiftbell/SleepDetectionReceiver.kt,370,"Log.e(TAG, ""❌ 겹침 기록 확인 실패"", e)",개발 로그/내부 예외. 사용자 노출 실패 설명은 localizedErrorDetail로 분리
android/app/src/main/kotlin/com/hwani1103/shiftbell/SleepDetectionReceiver.kt,385,"Log.e(TAG, ""❌ 창 내 기존 기록 확인 실패"", e)",개발 로그/내부 예외. 사용자 노출 실패 설명은 localizedErrorDetail로 분리
android/app/src/main/kotlin/com/hwani1103/shiftbell/SleepDetectionScheduler.kt,27,"private const val REQUEST_CODE = 0x53_4C_45_50 // ""SLEP""의 대략적 hex, 다른 알람과 충돌 방지용 고유 코드",한국어 전용 기능 또는 그 데이터/진단. F01/F02/F04 진입·수신 조건 추적; 한국어/사용자 데이터 보존
android/app/src/main/kotlin/com/hwani1103/shiftbell/SleepDetectionScheduler.kt,75,"Log.e(TAG, ""❌ 수면 감지 예약 실패"", e)",개발 로그/내부 예외. 사용자 노출 실패 설명은 localizedErrorDetail로 분리
android/app/src/main/kotlin/com/hwani1103/shiftbell/SleepDetectionScheduler.kt,95,"Log.d(TAG, ""⏰ 수면 감지 다음 체크 예약: ${Date(atMillis)}"")",개발 로그/내부 예외. 사용자 노출 실패 설명은 localizedErrorDetail로 분리
android/app/src/main/kotlin/com/hwani1103/shiftbell/SleepScheduleResolver.kt,36,"private const val UNSET_SENTINEL = ""미설정""",한국어 전용 기능 또는 그 데이터/진단. F01/F02/F04 진입·수신 조건 추적; 한국어/사용자 데이터 보존
android/app/src/main/kotlin/com/hwani1103/shiftbell/SleepScheduleResolver.kt,73,"if (name.contains(""휴"")) return true",한국어 전용 기능 또는 그 데이터/진단. F01/F02/F04 진입·수신 조건 추적; 한국어/사용자 데이터 보존
android/app/src/main/kotlin/com/hwani1103/shiftbell/SleepScheduleResolver.kt,281,"Log.e(TAG, ""❌ condition_shift_times 읽기 실패"", e)",개발 로그/내부 예외. 사용자 노출 실패 설명은 localizedErrorDetail로 분리
android/app/src/main/kotlin/com/hwani1103/shiftbell/SleepWidgetActionReceiver.kt,62,"android.widget.Toast.makeText(context, ""백업 복원 중이에요. 잠시 후 다시 눌러주세요."", android.widget.Toast.LENGTH_SHORT).show()",한국어 전용 기능 또는 그 데이터/진단. F01/F02/F04 진입·수신 조건 추적; 한국어/사용자 데이터 보존
android/app/src/main/kotlin/com/hwani1103/shiftbell/SleepWidgetActionReceiver.kt,68,"Log.w(TAG, ""⚠️ DB 아직 준비 안 됨 - 버튼 입력 무시"")",개발 로그/내부 예외. 사용자 노출 실패 설명은 localizedErrorDetail로 분리
android/app/src/main/kotlin/com/hwani1103/shiftbell/SleepWidgetActionReceiver.kt,90,"else -> Log.d(TAG, ""⏭️ 진행 중인 수면이 없어 기상 무시"")",개발 로그/내부 예외. 사용자 노출 실패 설명은 localizedErrorDetail로 분리
android/app/src/main/kotlin/com/hwani1103/shiftbell/SleepWidgetActionReceiver.kt,95,"ongoingManual != null -> Log.d(TAG, ""⏭️ 이미 수면 중이라 취침 무시 (id=${ongoingManual.first})"")",개발 로그/내부 예외. 사용자 노출 실패 설명은 localizedErrorDetail로 분리
android/app/src/main/kotlin/com/hwani1103/shiftbell/SleepWidgetActionReceiver.kt,97,"ongoingAuto != null -> Log.d(TAG, ""⏭️ 이미 자동으로 수면 중 인식됨 - 취침 무시 (id=${ongoingAuto.first})"")",개발 로그/내부 예외. 사용자 노출 실패 설명은 localizedErrorDetail로 분리
android/app/src/main/kotlin/com/hwani1103/shiftbell/SleepWidgetActionReceiver.kt,108,"Log.d(TAG, ""😴 취침 기록 (id=$id)"")",개발 로그/내부 예외. 사용자 노출 실패 설명은 localizedErrorDetail로 분리
android/app/src/main/kotlin/com/hwani1103/shiftbell/SleepWidgetActionReceiver.kt,117,"Log.e(TAG, ""❌ 위젯 버튼 처리 실패"", e)",개발 로그/내부 예외. 사용자 노출 실패 설명은 localizedErrorDetail로 분리
android/app/src/main/kotlin/com/hwani1103/shiftbell/SleepWidgetActionReceiver.kt,144,"Log.d(TAG, ""🗑️ 너무 짧아서(${durationMinutes}분) 기록 버림 (id=$id, 확정시도=$promoteToConfirmed)"")",개발 로그/내부 예외. 사용자 노출 실패 설명은 localizedErrorDetail로 분리
android/app/src/main/kotlin/com/hwani1103/shiftbell/SleepWidgetActionReceiver.kt,145,"Toast.makeText(context, ""너무 짧아서 기록하지 않았어요"", Toast.LENGTH_SHORT).show()",한국어 전용 기능 또는 그 데이터/진단. F01/F02/F04 진입·수신 조건 추적; 한국어/사용자 데이터 보존
android/app/src/main/kotlin/com/hwani1103/shiftbell/SleepWidgetActionReceiver.kt,166,"Log.d(TAG, ""☀️ 기상 기록 (id=$id, 확정=$promoteToConfirmed)"")",개발 로그/내부 예외. 사용자 노출 실패 설명은 localizedErrorDetail로 분리
android/app/src/main/kotlin/com/hwani1103/shiftbell/SleepWidgetProvider.kt,43,"/** 지금 ""자고 있다고 볼 수 있는"" 근거가 무엇인지 - 위젯 문구/버튼 강조에 씀. */",한국어 전용 기능 또는 그 데이터/진단. F01/F02/F04 진입·수신 조건 추적; 한국어/사용자 데이터 보존
android/app/src/main/kotlin/com/hwani1103/shiftbell/SleepWidgetProvider.kt,51,"private const val UNSET_SENTINEL = ""미설정""",한국어 전용 기능 또는 그 데이터/진단. F01/F02/F04 진입·수신 조건 추적; 한국어/사용자 데이터 보존
android/app/src/main/kotlin/com/hwani1103/shiftbell/SleepWidgetProvider.kt,77,"Log.e(TAG, ""❌ 위젯($id) 렌더링 실패"", e)",개발 로그/내부 예외. 사용자 노출 실패 설명은 localizedErrorDetail로 분리
android/app/src/main/kotlin/com/hwani1103/shiftbell/SleepWidgetProvider.kt,81,"Log.e(TAG, ""❌ 위젯 갱신 요청 실패"", e)",개발 로그/내부 예외. 사용자 노출 실패 설명은 localizedErrorDetail로 분리
android/app/src/main/kotlin/com/hwani1103/shiftbell/SleepWidgetProvider.kt,210,"putExtra(""openTab"", -2) // kOpenConditionTabSentinel(Dart main.dart)과 반드시 같은 값",한국어 전용 기능 또는 그 데이터/진단. F01/F02/F04 진입·수신 조건 추적; 한국어/사용자 데이터 보존
android/app/src/main/kotlin/com/hwani1103/shiftbell/SleepWidgetProvider.kt,240,"Log.e(TAG, ""❌ 근무명 계산 실패"", e)",개발 로그/내부 예외. 사용자 노출 실패 설명은 localizedErrorDetail로 분리
android/app/src/main/kotlin/com/hwani1103/shiftbell/SleepWidgetProvider.kt,375,"Log.e(TAG, ""❌ 수면 중 여부 확인 실패"", e)",개발 로그/내부 예외. 사용자 노출 실패 설명은 localizedErrorDetail로 분리
android/app/src/main/kotlin/com/hwani1103/shiftbell/SleepWidgetProvider.kt,411,"Log.e(TAG, ""❌ 위젯($id) onUpdate 렌더링 실패"", e)",개발 로그/내부 예외. 사용자 노출 실패 설명은 localizedErrorDetail로 분리
android/app/src/main/kotlin/com/hwani1103/shiftbell/SleepWidgetProvider.kt,430,"Log.e(TAG, ""❌ 위젯($appWidgetId) 크기 변경 렌더링 실패"", e)",개발 로그/내부 예외. 사용자 노출 실패 설명은 localizedErrorDetail로 분리
android/app/src/main/AndroidManifest.xml,119,"exported=""false""여도 정상 수신됨 (서드파티 앱이 위조 불가). 시스템",한국어 전용 리소스/한국어 런처 이름 또는 XML 주석. 기본 알람 레이아웃의 주간 하드코딩은 공통 alarm_default_label로 교체
android/app/src/main/AndroidManifest.xml,120,"시계/시간대가 바뀌어도 이미 예약된 알람은 ""그 당시"" 계산된 절대 시각",한국어 전용 리소스/한국어 런처 이름 또는 XML 주석. 기본 알람 레이아웃의 주간 하드코딩은 공통 alarm_default_label로 교체
android/app/src/main/AndroidManifest.xml,209,"지금 값은 구글이 공개한 ""테스트 전용"" 앱 ID로, 계정 없이 쓸 수 있음.",한국어 전용 리소스/한국어 런처 이름 또는 XML 주석. 기본 알람 레이아웃의 주간 하드코딩은 공통 alarm_default_label로 교체
android/app/src/main/res/drawable/widget_memo_bg_dark.xml,5,"반투명 메모 배경이 바로 위 배지 색과 시각적으로 번져 보여 ""배지가 메모를",한국어 전용 리소스/한국어 런처 이름 또는 XML 주석. 기본 알람 레이아웃의 주간 하드코딩은 공통 alarm_default_label로 교체
android/app/src/main/res/drawable/widget_memo_bg_dark.xml,6,"가린다""는 느낌을 줌 (라이트 모드는 배지=남색, 메모=연회색이라 색이 확실히",한국어 전용 리소스/한국어 런처 이름 또는 XML 주석. 기본 알람 레이아웃의 주간 하드코딩은 공통 alarm_default_label로 교체
android/app/src/main/res/layout/calendar_widget.xml,3,"⭐ 홈 화면 캘린더 위젯 레이아웃 - ""컴팩트"" 버전 (기본 크기).",한국어 전용 리소스/한국어 런처 이름 또는 XML 주석. 기본 알람 레이아웃의 주간 하드코딩은 공통 alarm_default_label로 교체
android/app/src/main/res/layout/calendar_widget.xml,11,"쓰임(런처의 ""위젯 추가"" 미리보기 화면). previewLayout은 RemoteViews로 값을 채우지",한국어 전용 리소스/한국어 런처 이름 또는 XML 주석. 기본 알람 레이아웃의 주간 하드코딩은 공통 alarm_default_label로 교체
android/app/src/main/res/layout/calendar_widget.xml,18,"기존처럼 visibility=""gone"" 그대로 둬서 미리보기에도 메모 없는 버전으로 나옴.",한국어 전용 리소스/한국어 런처 이름 또는 XML 주석. 기본 알람 레이아웃의 주간 하드코딩은 공통 alarm_default_label로 교체
android/app/src/main/res/layout/calendar_widget.xml,28,"쓰는 검정(LIGHT_HEADER_TEXT/LIGHT_TEXT_NORMAL)으로 명시함 - ""실제 앱에서",한국어 전용 리소스/한국어 런처 이름 또는 XML 주석. 기본 알람 레이아웃의 주간 하드코딩은 공통 alarm_default_label로 교체
android/app/src/main/res/layout/calendar_widget.xml,29,"보일 색과 다른 미리보기""가 되지 않도록 전부 실제 상수값을 그대로 가져옴.",한국어 전용 리소스/한국어 런처 이름 또는 XML 주석. 기본 알람 레이아웃의 주간 하드코딩은 공통 alarm_default_label로 교체
android/app/src/main/res/layout/calendar_widget.xml,37,"""둥근 비트맵 뒤에 그대로 깔린 채"" 같이 보여서 모서리가 안 둥글어 보이고",한국어 전용 리소스/한국어 런처 이름 또는 XML 주석. 기본 알람 레이아웃의 주간 하드코딩은 공통 alarm_default_label로 교체
android/app/src/main/res/layout/calendar_widget_full.xml,3,"⭐ 홈 화면 캘린더 위젯 레이아웃 - ""큰"" 버전. calendar_widget.xml(3주)과 셀 구조/스타일은",한국어 전용 리소스/한국어 런처 이름 또는 XML 주석. 기본 알람 레이아웃의 주간 하드코딩은 공통 alarm_default_label로 교체
android/app/src/main/res/layout/overlay_alarm.xml,12,"⭐ 2026-09-13(사용자 요청 - ""카톡 메시지 온 것 같은 카드 형태로"") - 위쪽",한국어 전용 리소스/한국어 런처 이름 또는 XML 주석. 기본 알람 레이아웃의 주간 하드코딩은 공통 alarm_default_label로 교체
android/app/src/main/res/values/attrs.xml,8,"카드""처럼 4면 다 둥글게 만들기 위함, 사용자 요청). 잠금화면은",한국어 전용 리소스/한국어 런처 이름 또는 XML 주석. 기본 알람 레이아웃의 주간 하드코딩은 공통 alarm_default_label로 교체
android/app/src/main/res/values/korean_only.xml,3,"<string name=""app_widget_sleep_label"">교대시계 수면기록</string>",한국어 전용 리소스/한국어 런처 이름 또는 XML 주석. 기본 알람 레이아웃의 주간 하드코딩은 공통 alarm_default_label로 교체
android/app/src/main/res/values/korean_only.xml,4,"<string name=""channel_schedule_notify"">일정 알림</string>",한국어 전용 리소스/한국어 런처 이름 또는 XML 주석. 기본 알람 레이아웃의 주간 하드코딩은 공통 alarm_default_label로 교체
android/app/src/main/res/values/korean_only.xml,5,"<string name=""one_tap_alarm_label"">원터치 알람</string>",한국어 전용 리소스/한국어 런처 이름 또는 XML 주석. 기본 알람 레이아웃의 주간 하드코딩은 공통 alarm_default_label로 교체
android/app/src/main/res/values/korean_only.xml,6,"<string name=""sleep_widget_brand"">교대시계</string>",한국어 전용 리소스/한국어 런처 이름 또는 XML 주석. 기본 알람 레이아웃의 주간 하드코딩은 공통 alarm_default_label로 교체
android/app/src/main/res/values/korean_only.xml,7,"<string name=""sleep_widget_description"">버튼으로 취침/기상을 기록해요.</string>",한국어 전용 리소스/한국어 런처 이름 또는 XML 주석. 기본 알람 레이아웃의 주간 하드코딩은 공통 alarm_default_label로 교체
android/app/src/main/res/values/korean_only.xml,8,"<string name=""sleep_widget_no_shift"">근무없음</string>",한국어 전용 리소스/한국어 런처 이름 또는 XML 주석. 기본 알람 레이아웃의 주간 하드코딩은 공통 alarm_default_label로 교체
android/app/src/main/res/values/korean_only.xml,9,"<string name=""sleep_widget_not_set"">미설정</string>",한국어 전용 리소스/한국어 런처 이름 또는 XML 주석. 기본 알람 레이아웃의 주간 하드코딩은 공통 alarm_default_label로 교체
android/app/src/main/res/values/korean_only.xml,10,"<string name=""sleep_widget_sleep"">수면</string>",한국어 전용 리소스/한국어 런처 이름 또는 XML 주석. 기본 알람 레이아웃의 주간 하드코딩은 공통 alarm_default_label로 교체
android/app/src/main/res/values/korean_only.xml,11,"<string name=""sleep_widget_tab_off"">탭 꺼짐</string>",한국어 전용 리소스/한국어 런처 이름 또는 XML 주석. 기본 알람 레이아웃의 주간 하드코딩은 공통 alarm_default_label로 교체
android/app/src/main/res/values/korean_only.xml,12,"<string name=""sleep_widget_unknown"">정보 없음</string>",한국어 전용 리소스/한국어 런처 이름 또는 XML 주석. 기본 알람 레이아웃의 주간 하드코딩은 공통 alarm_default_label로 교체
android/app/src/main/res/values/korean_only.xml,13,"<string name=""sleep_widget_wake"">기상</string>",한국어 전용 리소스/한국어 런처 이름 또는 XML 주석. 기본 알람 레이아웃의 주간 하드코딩은 공통 alarm_default_label로 교체
android/app/src/main/res/values-ko/strings.xml,3,"<string name=""alarm_type_sound_vibration_short"">소리+진동</string>",한국어 전용 리소스/한국어 런처 이름 또는 XML 주석. 기본 알람 레이아웃의 주간 하드코딩은 공통 alarm_default_label로 교체
android/app/src/main/res/values-ko/strings.xml,4,"<string name=""alarm_type_vibration_short"">진동</string>",한국어 전용 리소스/한국어 런처 이름 또는 XML 주석. 기본 알람 레이아웃의 주간 하드코딩은 공통 alarm_default_label로 교체
android/app/src/main/res/values-ko/strings.xml,5,"<string name=""alarm_type_silent_short"">무음</string>",한국어 전용 리소스/한국어 런처 이름 또는 XML 주석. 기본 알람 레이아웃의 주간 하드코딩은 공통 alarm_default_label로 교체
android/app/src/main/res/values-ko/strings.xml,6,"<string name=""snooze_collision_message"">%1$s 알람(%2$s)이 있어 미루지 않고 종료했어요.</string>",한국어 전용 리소스/한국어 런처 이름 또는 XML 주석. 기본 알람 레이아웃의 주간 하드코딩은 공통 alarm_default_label로 교체
android/app/src/main/res/values-ko/strings.xml,8,"<string name=""calendar_widget_description"">전주/이번주/다음주 근무 일정을 홈 화면에서 바로 볼 수 있어요.</string>",한국어 전용 리소스/한국어 런처 이름 또는 XML 주석. 기본 알람 레이아웃의 주간 하드코딩은 공통 alarm_default_label로 교체
android/app/src/main/res/values-ko/strings.xml,12,"<string name=""app_widget_calendar_label"">교대시계 달력</string>",한국어 전용 리소스/한국어 런처 이름 또는 XML 주석. 기본 알람 레이아웃의 주간 하드코딩은 공통 alarm_default_label로 교체
android/app/src/main/res/values-ko/strings.xml,15,"""09:30""/""주간"" 같은 다른 TextView는 Kotlin이 실제 값으로 setText하는",한국어 전용 리소스/한국어 런처 이름 또는 XML 주석. 기본 알람 레이아웃의 주간 하드코딩은 공통 alarm_default_label로 교체
android/app/src/main/res/values-ko/strings.xml,17,"<string name=""alarm_swipe_hint"">위로 스와이프해서 끄기</string>",한국어 전용 리소스/한국어 런처 이름 또는 XML 주석. 기본 알람 레이아웃의 주간 하드코딩은 공통 alarm_default_label로 교체
android/app/src/main/res/values-ko/strings.xml,18,"<string name=""alarm_snooze_label"">5분 후</string>",한국어 전용 리소스/한국어 런처 이름 또는 XML 주석. 기본 알람 레이아웃의 주간 하드코딩은 공통 alarm_default_label로 교체
android/app/src/main/res/values-ko/strings.xml,19,"<string name=""alarm_dismiss_label"">끄기</string>",한국어 전용 리소스/한국어 런처 이름 또는 XML 주석. 기본 알람 레이아웃의 주간 하드코딩은 공통 alarm_default_label로 교체
android/app/src/main/res/values-ko/strings.xml,22,"<string name=""channel_alarm_result"">결과 알림</string>",한국어 전용 리소스/한국어 런처 이름 또는 XML 주석. 기본 알람 레이아웃의 주간 하드코딩은 공통 alarm_default_label로 교체
android/app/src/main/res/values-ko/strings.xml,23,"<string name=""channel_alarm_guard"">사전 알림</string>",한국어 전용 리소스/한국어 런처 이름 또는 XML 주석. 기본 알람 레이아웃의 주간 하드코딩은 공통 alarm_default_label로 교체
android/app/src/main/res/values-ko/strings.xml,24,"<string name=""channel_restore_notify"">백업 복원 안내</string>",한국어 전용 리소스/한국어 런처 이름 또는 XML 주석. 기본 알람 레이아웃의 주간 하드코딩은 공통 alarm_default_label로 교체
android/app/src/main/res/values-ko/strings.xml,27,"<string name=""notif_ringing_content"">알람 울림 중</string>",한국어 전용 리소스/한국어 런처 이름 또는 XML 주석. 기본 알람 레이아웃의 주간 하드코딩은 공통 alarm_default_label로 교체
android/app/src/main/res/values-ko/strings.xml,28,"<string name=""notif_action_snooze"">5분 후</string>",한국어 전용 리소스/한국어 런처 이름 또는 XML 주석. 기본 알람 레이아웃의 주간 하드코딩은 공통 alarm_default_label로 교체
android/app/src/main/res/values-ko/strings.xml,29,"<string name=""notif_action_dismiss"">알람 끄기</string>",한국어 전용 리소스/한국어 런처 이름 또는 XML 주석. 기본 알람 레이아웃의 주간 하드코딩은 공통 alarm_default_label로 교체
android/app/src/main/res/values-ko/strings.xml,31,"<string name=""notif_snoozed_title"">%1$s로 연장되었습니다</string>",한국어 전용 리소스/한국어 런처 이름 또는 XML 주석. 기본 알람 레이아웃의 주간 하드코딩은 공통 alarm_default_label로 교체
android/app/src/main/res/values-ko/strings.xml,34,"<string name=""notif_guard_title"">잠시 후 알람이 울립니다 (%1$s)</string>",한국어 전용 리소스/한국어 런처 이름 또는 XML 주석. 기본 알람 레이아웃의 주간 하드코딩은 공통 alarm_default_label로 교체
android/app/src/main/res/values-ko/strings.xml,37,"<string name=""notif_restore_title"">백업 복원이 완료되지 않았어요</string>",한국어 전용 리소스/한국어 런처 이름 또는 XML 주석. 기본 알람 레이아웃의 주간 하드코딩은 공통 alarm_default_label로 교체
android/app/src/main/res/values-ko/strings.xml,38,"<string name=""notif_restore_text"">알람은 지금 데이터 기준으로 동작해요. 앱을 열어 복원을 마무리해 주세요.</string>",한국어 전용 리소스/한국어 런처 이름 또는 XML 주석. 기본 알람 레이아웃의 주간 하드코딩은 공통 alarm_default_label로 교체
android/app/src/main/res/values-ko/strings.xml,41,"<string name=""widget_setup_schedule_first"">앱에서 근무 스케줄을 먼저 설정해주세요</string>",한국어 전용 리소스/한국어 런처 이름 또는 XML 주석. 기본 알람 레이아웃의 주간 하드코딩은 공통 alarm_default_label로 교체
android/app/src/main/res/values-ko/strings.xml,46,"<string name=""widget_no_shift"">없음</string>",한국어 전용 리소스/한국어 런처 이름 또는 XML 주석. 기본 알람 레이아웃의 주간 하드코딩은 공통 alarm_default_label로 교체
android/app/src/main/res/values-ko/strings.xml,47,"<string name=""alarm_default_label"">알람</string>",한국어 전용 리소스/한국어 런처 이름 또는 XML 주석. 기본 알람 레이아웃의 주간 하드코딩은 공통 alarm_default_label로 교체
android/app/src/main/res/values-ko/strings.xml,48,"<string name=""channel_guard_description"">20분 전 사전 알림</string>",한국어 전용 리소스/한국어 런처 이름 또는 XML 주석. 기본 알람 레이아웃의 주간 하드코딩은 공통 alarm_default_label로 교체
android/app/src/main/res/values-ko/strings.xml,49,"<string name=""channel_result_description"">스누즈/타임아웃 결과</string>",한국어 전용 리소스/한국어 런처 이름 또는 XML 주석. 기본 알람 레이아웃의 주간 하드코딩은 공통 alarm_default_label로 교체
android/app/src/main/res/values-ko/strings.xml,50,"<string name=""channel_ring_description"">근무 시간 알림</string>",한국어 전용 리소스/한국어 런처 이름 또는 XML 주석. 기본 알람 레이아웃의 주간 하드코딩은 공통 alarm_default_label로 교체
android/app/src/main/res/values-ko/strings.xml,51,"<string name=""widget_preview_day"">주간</string>",한국어 전용 리소스/한국어 런처 이름 또는 XML 주석. 기본 알람 레이아웃의 주간 하드코딩은 공통 alarm_default_label로 교체
android/app/src/main/res/values-ko/strings.xml,52,"<string name=""widget_preview_night"">야간</string>",한국어 전용 리소스/한국어 런처 이름 또는 XML 주석. 기본 알람 레이아웃의 주간 하드코딩은 공통 alarm_default_label로 교체
android/app/src/main/res/values-ko/strings.xml,53,"<string name=""widget_preview_off"">휴무</string>",한국어 전용 리소스/한국어 런처 이름 또는 XML 주석. 기본 알람 레이아웃의 주간 하드코딩은 공통 alarm_default_label로 교체
android/app/src/main/res/values-ko/strings.xml,54,"<string name=""widget_weekday_0"">일</string>",한국어 전용 리소스/한국어 런처 이름 또는 XML 주석. 기본 알람 레이아웃의 주간 하드코딩은 공통 alarm_default_label로 교체
android/app/src/main/res/values-ko/strings.xml,55,"<string name=""widget_weekday_1"">월</string>",한국어 전용 리소스/한국어 런처 이름 또는 XML 주석. 기본 알람 레이아웃의 주간 하드코딩은 공통 alarm_default_label로 교체
android/app/src/main/res/values-ko/strings.xml,56,"<string name=""widget_weekday_2"">화</string>",한국어 전용 리소스/한국어 런처 이름 또는 XML 주석. 기본 알람 레이아웃의 주간 하드코딩은 공통 alarm_default_label로 교체
android/app/src/main/res/values-ko/strings.xml,57,"<string name=""widget_weekday_3"">수</string>",한국어 전용 리소스/한국어 런처 이름 또는 XML 주석. 기본 알람 레이아웃의 주간 하드코딩은 공통 alarm_default_label로 교체
android/app/src/main/res/values-ko/strings.xml,58,"<string name=""widget_weekday_4"">목</string>",한국어 전용 리소스/한국어 런처 이름 또는 XML 주석. 기본 알람 레이아웃의 주간 하드코딩은 공통 alarm_default_label로 교체
android/app/src/main/res/values-ko/strings.xml,59,"<string name=""widget_weekday_5"">금</string>",한국어 전용 리소스/한국어 런처 이름 또는 XML 주석. 기본 알람 레이아웃의 주간 하드코딩은 공통 alarm_default_label로 교체
android/app/src/main/res/values-ko/strings.xml,60,"<string name=""widget_weekday_6"">토</string>",한국어 전용 리소스/한국어 런처 이름 또는 XML 주석. 기본 알람 레이아웃의 주간 하드코딩은 공통 alarm_default_label로 교체
android/app/src/main/res/values-ko/strings.xml,61,"<string name=""alarm_clock_first"">%1$s (첫 번째)</string>",한국어 전용 리소스/한국어 런처 이름 또는 XML 주석. 기본 알람 레이아웃의 주간 하드코딩은 공통 alarm_default_label로 교체
android/app/src/main/res/values-ko/strings.xml,62,"<string name=""alarm_clock_second"">%1$s (두 번째)</string>",한국어 전용 리소스/한국어 런처 이름 또는 XML 주석. 기본 알람 레이아웃의 주간 하드코딩은 공통 alarm_default_label로 교체
android/app/src/prod/res/values-ko/strings.xml,4,"<string name=""app_name"">교대시계</string>",한국어 전용 리소스/한국어 런처 이름 또는 XML 주석. 기본 알람 레이아웃의 주간 하드코딩은 공통 alarm_default_label로 교체
android/app/src/dev/res/values-ko/strings.xml,4,"<string name=""app_name"">교대시계 (테스트)</string>",한국어 전용 리소스/한국어 런처 이름 또는 XML 주석. 기본 알람 레이아웃의 주간 하드코딩은 공통 alarm_default_label로 교체
